order_id,payment_id,created_at,amount_inr,method,category,is_new_customer,past_orders,past_return_rate,order_hour,is_weekend,is_late_night,delivery_distance_km,checkout_time_sec,returned_or_chargeback
order_780e6d871a,pay_ad37c1ba85,2026-08-09 11:24:39.788603,991.68,upi,home,0,3,0.04335468134831891,11,1,0,26.1,86.8,0
order_9c0c0775b8,pay_b3e0401fbf,2026-08-17 05:29:42.788603,618.69,upi,apparel,0,6,0.05863716819321939,5,0,0,21.1,254.4,0
order_4591a624e1,pay_d822f814fa,2026-08-14 13:00:52.788603,865.3,netbanking,digital,1,0,0.0,13,0,0,3.4,25.5,0
order_ec6b68cb2f,pay_cb7d8d06ca,2026-08-14 03:35:21.788603,316.26,wallet,apparel,0,6,0.044575443854724915,3,0,1,18.7,15.0,0
order_e17bafcc77,pay_712f4a28c9,2026-08-24 02:31:35.788603,1987.04,netbanking,apparel,1,0,0.0,2,0,1,39.5,41.4,0
order_c394faa181,pay_6f1411947a,2026-08-01 03:52:38.788603,857.83,cod,apparel,0,1,0.07098465218926847,3,1,1,3.9,169.4,1
order_e9025f5c24,pay_c9ee2cd75b,2026-08-10 14:11:50.788603,1090.66,wallet,digital,1,0,0.0,14,0,0,11.2,19.2,0
order_7be83e1f57,pay_a3eafcdd03,2026-08-09 20:13:27.788603,183.53,upi,apparel,1,0,0.0,20,1,0,4.3,150.8,0
order_8014dfeea1,pay_db8efeb75c,2026-07-30 21:59:20.788603,823.55,cod,grocery,0,5,0.09402361722038662,21,0,0,31.6,93.4,0
order_f2ad743c8a,pay_c8811dbd83,2026-08-24 13:39:02.788603,1246.59,cod,grocery,0,7,0.07123709627699384,13,0,0,1.8,75.6,0
order_7412e04ed1,pay_e9b4dde294,2026-08-14 04:59:43.788603,9559.47,card,home,0,6,0.18480367516505972,4,0,1,8.8,31.4,0
order_a8ccc7d5c7,pay_441268a41e,2026-08-09 15:09:37.788603,2716.93,cod,home,0,5,0.1521875735868572,15,1,0,9.4,43.5,0
order_bac98412c0,pay_7c498005af,2026-08-02 08:03:12.788603,250.3,cod,grocery,0,4,0.05163502339930374,8,1,0,14.2,87.4,0
order_cd43536674,pay_6c3e85e223,2026-08-22 13:20:54.788603,478.08,cod,apparel,0,6,0.11432894803080798,13,1,0,25.7,85.4,1
order_f961995fbc,pay_ee8639897d,2026-07-31 05:47:30.788603,230.46,cod,electronics,0,5,0.05086320465353211,5,0,0,3.2,51.3,0
order_b70746caa4,pay_41973d4d0e,2026-08-08 10:36:45.788603,176.58,upi,home,0,5,0.01709541385852646,10,1,0,24.5,126.3,0
order_4de929eb52,pay_bef3422759,2026-08-16 08:45:43.788603,1027.96,upi,digital,0,6,0.2555759553438187,8,1,0,7.0,52.4,0
order_52e5b32e45,pay_756a3f3c47,2026-08-23 03:04:15.788603,2982.9,cod,electronics,0,7,0.07047700939205978,3,1,1,6.2,43.8,1
order_809258ea62,pay_c8c3c086e7,2026-08-03 22:28:44.788603,115.18,upi,grocery,1,0,0.0,22,0,0,23.3,148.9,1
order_1d6e70a6d2,pay_dfd9a905dd,2026-08-04 00:24:56.788603,705.77,cod,grocery,0,5,0.036187881383783246,0,0,1,84.7,13.4,0
order_66c5a02959,pay_083973b08a,2026-08-26 09:10:43.788603,1873.07,netbanking,grocery,0,3,0.09892264546119044,9,0,0,0.9,20.5,0
order_19ee25173f,pay_01c558f64d,2026-08-09 05:43:54.788603,1342.85,card,apparel,1,0,0.0,5,1,0,35.7,171.4,1
order_809b5b873b,pay_3b21a65500,2026-07-28 16:18:08.788603,2570.39,upi,grocery,1,0,0.0,16,0,0,15.3,44.1,0
order_816afb2541,pay_362ce84313,2026-08-11 14:20:53.788603,1296.81,netbanking,grocery,0,6,0.23129722033046834,14,0,0,18.6,120.7,0
order_404d107563,pay_c72bca2cf9,2026-08-04 00:43:01.788603,1534.9,upi,apparel,0,2,0.08643278626646717,0,0,1,68.9,48.9,0
order_cba55f4ea7,pay_e1cedf309a,2026-08-04 21:39:49.788603,219.63,cod,grocery,0,5,0.37955226049264373,21,0,0,0.1,36.8,0
order_25e004a75f,pay_b84f092eaa,2026-08-21 03:03:15.788603,1045.58,card,grocery,0,5,0.30079630696509774,3,0,1,34.8,32.1,0
order_ff802e0297,pay_3206faf310,2026-08-05 11:43:53.788603,5106.8,netbanking,home,0,3,0.20956473136244994,11,0,0,35.9,69.2,1
order_abe0efb67b,pay_68441955cc,2026-08-19 18:41:46.788603,2348.34,card,grocery,0,2,0.15513623575670854,18,0,0,11.4,20.0,1
order_db3368e548,pay_95c456d252,2026-08-21 18:41:16.788603,2485.19,cod,apparel,0,4,0.07520454686037086,18,0,0,7.5,206.8,0
order_4ef17d231f,pay_99b6ee1875,2026-07-31 06:51:51.788603,708.82,card,grocery,0,4,0.391964971511751,6,0,0,7.0,110.0,1
order_a92bf5ee12,pay_1e03614e46,2026-08-07 04:07:19.788603,2968.6,card,digital,1,0,0.0,4,0,1,23.6,20.0,0
order_5980d0faf4,pay_a6f9e30a00,2026-08-16 08:51:32.788603,5242.48,wallet,electronics,1,0,0.0,8,1,0,1.8,85.0,0
order_7255a83a1f,pay_b050ef9d2a,2026-07-31 00:43:55.788603,418.97,wallet,apparel,0,8,0.014180264728905845,0,0,1,12.8,30.5,0
order_c24b6834ec,pay_090472dabe,2026-08-10 17:57:50.788603,389.16,cod,apparel,0,3,0.10097438548315055,17,0,0,15.0,68.8,1
order_c5450844de,pay_6a0255cec0,2026-08-19 06:16:41.788603,123.64,upi,digital,1,0,0.0,6,0,0,0.3,30.5,0
order_6eb3778a34,pay_84191a25bf,2026-08-08 08:16:08.788603,8318.72,wallet,apparel,0,6,0.07552177424394406,8,1,0,18.7,22.6,0
order_af3aa7a584,pay_a673fa9aec,2026-08-16 05:47:07.788603,567.38,cod,electronics,0,5,0.07608539770406948,5,1,0,21.4,49.8,0
order_9eded377dc,pay_07bd959b95,2026-08-11 04:59:35.788603,861.7,card,grocery,1,0,0.0,4,0,1,9.8,29.0,1
order_e9293a74a2,pay_0b81e84be9,2026-08-22 10:12:03.788603,3360.74,upi,apparel,1,0,0.0,10,1,0,23.2,96.3,0
order_3d7373f21a,pay_65be841727,2026-08-06 03:09:02.788603,1181.73,upi,apparel,1,0,0.0,3,0,1,16.0,144.7,0
order_8c9ad2b2b5,pay_582410d5d9,2026-08-24 00:11:02.788603,90.35,upi,apparel,1,0,0.0,0,0,1,28.8,34.5,0
order_f607a9df69,pay_cac7c9a030,2026-07-31 12:23:26.788603,406.13,cod,apparel,0,3,0.18462803784255813,12,0,0,15.4,61.4,0
order_2de8d7f455,pay_1908d863f9,2026-08-10 22:33:14.788603,373.06,cod,home,0,6,0.009712801393105536,22,0,0,11.7,65.8,0
order_8ad13abe34,pay_429ba2be33,2026-08-06 19:51:08.788603,790.59,netbanking,apparel,0,3,0.689500313395615,19,0,0,21.1,23.5,1
order_c3fc369f54,pay_1060aa7bf0,2026-08-04 14:21:11.788603,404.08,upi,apparel,0,3,0.15445924017693513,14,0,0,48.0,198.2,0
order_0d1a759511,pay_f8a98f1a22,2026-08-18 04:56:05.788603,620.83,netbanking,electronics,0,7,0.07317940777110592,4,0,1,12.1,18.9,0
order_4ad54b454f,pay_25e69e1cac,2026-08-15 21:57:27.788603,2353.75,upi,digital,0,5,0.3527066586377916,21,1,0,15.0,50.1,0
order_ae56f66a67,pay_0e89c0de3b,2026-08-24 18:16:03.788603,1388.64,netbanking,digital,1,0,0.0,18,0,0,40.3,16.2,0
order_3bae80cb81,pay_3c0f2f6566,2026-08-13 20:23:40.788603,1868.73,card,grocery,0,4,0.09538472639028674,20,0,0,29.2,6.2,0
order_4b1856ee05,pay_d9ab4b2ac0,2026-07-29 08:04:17.788603,1423.37,upi,grocery,1,0,0.0,8,0,0,17.9,72.1,0
order_b47b8751fe,pay_8e583e9af0,2026-08-04 17:19:49.788603,858.31,upi,home,0,4,0.03676989304816009,17,0,0,15.4,25.4,0
order_99ca0bfbb4,pay_1111863f4c,2026-08-05 09:53:03.788603,1632.89,upi,digital,0,5,0.2247104943126044,9,0,0,10.2,143.9,0
order_27bf6f94db,pay_0e32252e93,2026-08-20 08:30:13.788603,134.91,cod,apparel,0,3,0.005503364803122877,8,0,0,5.4,43.9,0
order_63a027d66f,pay_f233d67eb0,2026-08-23 16:00:55.788603,1957.48,cod,electronics,0,6,0.008441727945346153,16,1,0,5.2,29.4,0
order_0014c63f32,pay_1f8885ee76,2026-07-29 17:40:05.788603,309.97,card,apparel,0,4,0.006668275229787329,17,0,0,24.9,21.6,0
order_c40a67fa07,pay_5a641e00bf,2026-08-12 23:26:52.788603,707.96,upi,electronics,0,3,0.4178464132697109,23,0,1,0.9,77.3,0
order_53c7e9f856,pay_2e4c5c95e6,2026-08-15 09:27:49.788603,396.01,netbanking,home,1,0,0.0,9,1,0,12.6,106.2,0
order_a7e3898b70,pay_261efbea33,2026-08-03 21:22:22.788603,937.52,upi,grocery,0,2,0.11147770048489233,21,0,0,1.8,59.7,0
order_e3942c22d0,pay_c4277424ec,2026-08-19 14:17:03.788603,1872.09,card,grocery,0,3,0.08420096447177797,14,0,0,20.5,66.2,0
order_678fa793e3,pay_4bd7eed5a2,2026-07-31 02:16:18.788603,468.78,cod,apparel,1,0,0.0,2,0,1,1.6,89.4,1
order_0dca4e3f64,pay_13fbe898f4,2026-08-03 00:33:23.788603,1862.81,card,apparel,1,0,0.0,0,0,1,2.1,109.7,0
order_fa1227899d,pay_7035eb5baa,2026-08-22 09:48:48.788603,770.47,upi,digital,1,0,0.0,9,1,0,35.3,63.4,0
order_d3c869fb42,pay_a0c0e6df88,2026-08-22 22:39:09.788603,478.45,card,digital,0,7,0.2129487281444125,22,1,0,11.2,134.0,0
order_583ef7b2f6,pay_f46c73148d,2026-08-13 16:13:16.788603,926.84,cod,apparel,0,5,0.20243880157740415,16,0,0,3.7,74.9,0
order_e39af49d25,pay_296dc87101,2026-08-23 05:09:30.788603,1071.97,card,home,1,0,0.0,5,1,0,26.8,74.7,0
order_4b114029b8,pay_a50a9c9079,2026-08-02 01:28:56.788603,732.2,upi,home,0,7,0.0422472575673354,1,1,1,98.3,8.5,0
order_a07a2ad984,pay_6b12ff31ba,2026-08-10 10:44:05.788603,2246.83,wallet,electronics,1,0,0.0,10,0,0,0.7,93.7,0
order_87e8f9b87a,pay_5673423a1d,2026-07-29 04:46:06.788603,2986.04,card,grocery,0,3,0.2588089657103021,4,0,1,38.0,20.3,0
order_47dac2451d,pay_f886826f52,2026-08-22 11:41:43.788603,1920.48,upi,apparel,0,3,0.0042508134097090575,11,1,0,29.4,63.5,0
order_a2d613ce07,pay_e79df0fe61,2026-08-16 02:09:00.788603,1044.26,wallet,grocery,1,0,0.0,2,1,1,27.8,200.6,0
order_2a1ca2edd0,pay_ba0a2b34ed,2026-08-01 07:39:46.788603,622.15,upi,grocery,1,0,0.0,7,1,0,9.1,80.2,0
order_f0d4260d5b,pay_0166f3b80d,2026-08-27 03:38:32.788603,746.21,upi,electronics,0,10,0.18285624682530588,3,0,1,15.0,28.3,0
order_1f9b6f45dd,pay_01664b7eba,2026-08-16 10:15:55.788603,736.26,cod,digital,1,0,0.0,10,1,0,3.9,57.2,0
order_ae6c7b1ce4,pay_90bde95168,2026-07-30 20:22:35.788603,121.41,cod,apparel,0,4,0.1364973561400283,20,0,0,5.3,44.7,0
order_d55dfa0fba,pay_325cf0c1a8,2026-08-04 08:13:58.788603,1958.07,card,grocery,1,0,0.0,8,0,0,1.4,32.9,0
order_9a1102ede7,pay_c4da11e557,2026-08-18 11:00:46.788603,2541.59,upi,grocery,0,4,0.17353611488130186,11,0,0,24.9,75.1,0
order_889b2ea2d7,pay_4b06071612,2026-08-23 19:56:06.788603,580.1,upi,home,1,0,0.0,19,1,0,44.3,91.3,0
order_976a842968,pay_f6fb7b7f2b,2026-08-20 10:10:19.788603,5311.75,upi,apparel,1,0,0.0,10,0,0,33.4,64.4,0
order_21588c1122,pay_dc3799e90b,2026-08-20 00:11:42.788603,430.34,wallet,home,1,0,0.0,0,0,1,67.1,196.3,1
order_7fa3b420d8,pay_e4d3fd4cd1,2026-08-09 05:21:22.788603,1029.38,card,home,0,2,0.0978695405158824,5,1,0,35.5,42.4,0
order_c819fed68f,pay_bfcd3775d5,2026-08-23 04:25:58.788603,5374.08,cod,digital,0,8,0.08520011299412154,4,1,1,4.4,45.4,0
order_0d9db30633,pay_257b0ee6f2,2026-08-14 12:23:34.788603,1245.5,netbanking,home,1,0,0.0,12,0,0,37.2,24.6,0
order_e78d29c7ff,pay_c2662598d0,2026-08-21 19:00:05.788603,813.55,upi,electronics,0,4,0.0258327305561772,19,0,0,12.1,84.2,0
order_0ee0bcfb0f,pay_e6398a2c9f,2026-08-09 02:42:56.788603,247.82,upi,apparel,0,10,0.02102619503417884,2,1,1,2.0,86.6,0
order_c5b9b5bd3f,pay_584fb1f856,2026-08-27 00:31:58.788603,653.3,upi,electronics,0,6,0.04556187143713485,0,0,1,17.9,45.2,0
order_7cefd4b77a,pay_09e880f120,2026-08-06 05:52:47.788603,521.39,cod,apparel,0,10,0.06553451464854143,5,0,0,81.7,60.1,1
order_7062f251d5,pay_103c4fc795,2026-08-11 02:57:00.788603,1807.06,upi,electronics,0,8,0.42351393982488456,2,0,1,1.1,116.6,0
order_d5ecc02871,pay_dc52c68c03,2026-08-26 14:21:06.788603,2972.91,upi,grocery,1,0,0.0,14,0,0,4.9,20.1,0
order_7df7f45508,pay_40b37202ab,2026-08-12 23:07:39.788603,1355.64,cod,electronics,0,6,0.11253017491076892,23,0,1,17.1,167.9,0
order_4b7859da92,pay_5c444d69a3,2026-08-12 07:52:35.788603,244.95,upi,electronics,1,0,0.0,7,0,0,5.4,83.0,0
order_1e13b76190,pay_56dfe6a8b8,2026-08-11 02:33:07.788603,821.62,upi,digital,0,3,0.31314297350184395,2,0,1,13.1,297.0,1
order_f721c35b2e,pay_17834de04e,2026-08-09 16:59:25.788603,1528.26,upi,grocery,0,5,0.05595357038966442,16,1,0,5.7,72.5,0
order_538db72e63,pay_b647b3d011,2026-08-15 14:16:37.788603,1735.68,upi,electronics,0,2,0.029871237054399993,14,1,0,4.6,116.3,0
order_809faa5898,pay_cd23af6405,2026-07-31 17:50:36.788603,543.11,upi,electronics,0,9,0.24809884205018362,17,0,0,6.1,64.5,0
order_33e523bf75,pay_661df04200,2026-08-19 04:05:47.788603,164.98,card,apparel,0,5,0.22646428632000934,4,0,1,8.0,50.3,0
order_87631854d9,pay_b0834f87cc,2026-08-08 11:16:17.788603,348.0,cod,grocery,0,8,0.09473077983297123,11,1,0,0.5,32.8,0
order_705ee536dd,pay_c36dd5a610,2026-08-04 22:51:02.788603,562.47,upi,electronics,1,0,0.0,22,0,0,0.5,81.5,0
order_cfa09a8484,pay_e57c197d26,2026-08-14 07:45:45.788603,709.15,upi,apparel,1,0,0.0,7,0,0,15.7,19.1,1
order_5b0aa46c09,pay_33aef8d48f,2026-08-12 06:13:09.788603,1649.68,upi,electronics,1,0,0.0,6,0,0,7.6,63.2,0
order_38a7cf8315,pay_b44a4d8410,2026-08-10 01:05:47.788603,1696.01,card,apparel,0,6,0.15611785717763285,1,0,1,11.9,42.3,0
order_53e5d6a6aa,pay_152e23237b,2026-08-11 22:22:42.788603,1712.59,upi,apparel,0,6,0.2544975417420281,22,0,0,33.1,469.4,0
order_72d78e9593,pay_069c7ddb5b,2026-08-25 21:38:58.788603,739.42,upi,electronics,1,0,0.0,21,0,0,0.1,56.0,0
order_937ea188cc,pay_1ad01a8b7c,2026-08-16 03:40:43.788603,700.87,upi,electronics,1,0,0.0,3,1,1,2.5,29.2,1
order_b79330a5a8,pay_86709f08f2,2026-08-10 13:50:02.788603,1951.57,upi,apparel,0,7,0.06550741707824984,13,0,0,1.9,28.5,0
order_2850514741,pay_2cf217d895,2026-08-14 18:33:08.788603,1289.22,netbanking,grocery,0,3,0.07572612824749539,18,0,0,23.6,40.5,0
order_0dbe96a046,pay_1ee3398fa7,2026-08-05 10:06:10.788603,1701.25,netbanking,digital,0,7,0.2001192598998207,10,0,0,0.4,61.1,0
order_c56fa34712,pay_824738232b,2026-08-05 05:18:39.788603,4980.55,cod,apparel,1,0,0.0,5,0,0,27.9,16.1,0
order_9a56f2af8b,pay_c2cc5a759b,2026-08-12 09:55:22.788603,167.37,cod,digital,0,5,0.2454613481886955,9,0,0,0.0,21.4,0
order_f6064dce20,pay_bb4d6eb401,2026-07-28 23:30:22.788603,1262.77,upi,apparel,1,0,0.0,23,0,1,25.9,27.2,0
order_41cd27e5b8,pay_2e8c785185,2026-07-28 15:05:21.788603,757.96,upi,electronics,0,3,0.07226974194893836,15,0,0,2.5,25.1,0
order_9b8eb48b1b,pay_d6fbd46186,2026-07-29 22:42:24.788603,1787.44,cod,digital,0,4,0.07898161987127814,22,0,0,29.3,16.6,0
order_942c59eff9,pay_a612769f6a,2026-08-24 10:08:19.788603,403.77,upi,apparel,0,7,0.3981688141941419,10,0,0,17.0,46.3,0
order_8720b79cdf,pay_7fb826dbf0,2026-08-18 18:22:50.788603,781.77,cod,grocery,0,5,0.4347973470892377,18,0,0,77.0,41.9,1
order_18638ebd5a,pay_f6914e1918,2026-08-03 13:36:12.788603,254.45,wallet,apparel,0,6,0.1874437237391574,13,0,0,5.5,104.8,0
order_7e30c55cf5,pay_a0fb00f473,2026-08-02 13:56:42.788603,941.68,card,digital,1,0,0.0,13,1,0,4.0,83.6,0
order_9769ef17ea,pay_3c44b2f4eb,2026-08-03 01:39:15.788603,674.23,card,digital,0,3,0.5895320965955735,1,0,1,10.2,107.9,0
order_4f97a291aa,pay_33995f8885,2026-08-16 12:40:08.788603,2286.67,upi,apparel,0,8,0.016862976133707085,12,1,0,11.8,44.1,0
order_a30353135e,pay_c29104c6ca,2026-08-22 15:01:17.788603,478.74,card,home,1,0,0.0,15,1,0,10.7,23.5,0
order_9b686c440b,pay_cb22bd6239,2026-07-30 13:37:36.788603,763.79,card,electronics,1,0,0.0,13,0,0,2.3,52.4,0
order_51fb0e0227,pay_b9c47beb2a,2026-08-24 22:29:32.788603,3950.26,wallet,grocery,1,0,0.0,22,0,0,5.8,132.0,0
order_2630f3de75,pay_3cbfdcc998,2026-08-24 06:46:09.788603,349.04,netbanking,electronics,0,7,0.020896206801110904,6,0,0,13.5,20.8,0
order_f76bb3c441,pay_9275e854df,2026-08-15 10:31:12.788603,2364.63,cod,grocery,1,0,0.0,10,1,0,2.2,47.3,0
order_1a921b0c5a,pay_7583eb489f,2026-08-06 18:23:44.788603,973.64,cod,apparel,0,8,0.035376900041880634,18,0,0,4.2,29.9,0
order_98f12e3321,pay_82929a8df8,2026-08-03 00:17:40.788603,693.66,netbanking,electronics,0,4,0.17429524617521303,0,0,1,5.4,98.5,0
order_f112ba1ec4,pay_1f9b54209e,2026-08-04 13:06:53.788603,508.94,card,grocery,0,1,0.30526133785123144,13,0,0,16.0,13.5,0
order_3d54e4a227,pay_f7fac235b0,2026-08-19 01:19:34.788603,490.96,upi,home,1,0,0.0,1,0,1,4.2,251.4,0
order_d89f32d94e,pay_ca262a97f9,2026-08-08 02:03:26.788603,661.57,netbanking,grocery,1,0,0.0,2,1,1,6.2,244.2,0
order_ea341d39df,pay_dba427ae9a,2026-08-15 13:00:45.788603,1339.66,netbanking,grocery,0,3,0.11941292851702191,13,1,0,53.3,31.7,0
order_eb102515f6,pay_6841eb2f37,2026-08-02 05:57:55.788603,2003.72,netbanking,digital,0,4,0.37652405117924004,5,1,0,103.4,65.0,0
order_a362287cd2,pay_41544b9cb8,2026-08-26 16:49:34.788603,548.1,upi,home,0,6,0.38619401991589986,16,0,0,40.7,21.8,0
order_df41a1981c,pay_406d5ea173,2026-08-12 11:32:13.788603,536.76,card,apparel,0,5,0.015107547951677675,11,0,0,0.0,117.2,1
order_8d054f4316,pay_81116e17bc,2026-07-29 20:06:02.788603,1851.29,netbanking,grocery,1,0,0.0,20,0,0,12.9,20.3,0
order_961616f451,pay_e8c934eb7d,2026-08-23 20:10:54.788603,212.03,wallet,apparel,0,2,0.06296187404002797,20,1,0,43.2,39.6,0
order_0833fce1dc,pay_bec49eef29,2026-07-28 18:23:51.788603,1117.74,upi,apparel,1,0,0.0,18,0,0,19.1,89.3,0
order_842f3663c6,pay_f243dbed8b,2026-07-28 10:16:38.788603,7197.19,card,grocery,0,5,0.27070002843370466,10,0,0,0.3,91.6,0
order_f399a8e629,pay_d3b372616e,2026-08-17 03:47:43.788603,270.69,upi,electronics,0,9,0.25805688726971754,3,0,1,6.1,131.0,0
order_23a3afa048,pay_d53f99a09e,2026-08-24 13:38:18.788603,490.07,card,electronics,0,8,0.19103030927401257,13,0,0,26.2,22.5,0
order_c789402c96,pay_1f7fdd94b9,2026-08-25 22:45:58.788603,980.59,netbanking,grocery,1,0,0.0,22,0,0,44.5,103.8,0
order_14e20f7a88,pay_13bce684e8,2026-08-20 14:59:55.788603,3938.34,card,electronics,0,7,0.3591823584389772,14,0,0,24.5,76.0,1
order_23aaaa6651,pay_a4228b4346,2026-07-28 17:46:22.788603,595.48,wallet,digital,0,3,0.16853531669871785,17,0,0,17.5,69.2,0
order_187d214134,pay_7c853f268d,2026-08-16 04:42:37.788603,1255.02,cod,electronics,0,5,0.3170887885365233,4,1,1,21.5,19.8,1
order_66814da116,pay_e17e7031dc,2026-08-19 22:48:26.788603,89.41,card,digital,0,4,0.2025294724082695,22,0,0,12.6,77.3,0
order_6dad9f9d33,pay_eb20f01524,2026-08-03 20:53:54.788603,347.22,upi,digital,1,0,0.0,20,0,0,6.0,102.2,0
order_f78256d488,pay_22ed6b60f6,2026-08-15 00:07:08.788603,281.28,cod,apparel,0,4,0.25819412392399477,0,1,1,4.1,30.3,0
order_3a02adcfa9,pay_830eb446ef,2026-07-29 19:01:29.788603,773.23,cod,apparel,0,4,0.007571960072827064,19,0,0,3.7,19.8,0
order_5b0fb38cbe,pay_0dac37a429,2026-08-18 04:42:51.788603,453.45,cod,apparel,0,4,0.07846136403493599,4,0,1,4.5,61.3,0
order_60d1edbfba,pay_de6d2d47f3,2026-08-11 13:49:50.788603,650.22,upi,digital,0,6,0.006230409645918571,13,0,0,2.8,167.8,0
order_9a26ab12e5,pay_f082b9b936,2026-08-14 17:47:15.788603,66.8,card,grocery,0,8,0.273398086530372,17,0,0,25.6,41.8,0
order_37b5ed2991,pay_7505a6c3f9,2026-08-17 00:38:41.788603,792.07,cod,digital,1,0,0.0,0,0,1,3.9,125.5,0
order_74b31403d6,pay_1697a41f3f,2026-07-28 10:46:24.788603,424.28,upi,digital,1,0,0.0,10,0,0,2.4,16.5,0
order_9af223b99c,pay_4a3c12fc0f,2026-08-22 13:40:52.788603,198.31,cod,grocery,1,0,0.0,13,1,0,20.9,54.3,0
order_76b537246a,pay_07abd16783,2026-08-04 19:50:39.788603,694.7,cod,apparel,0,3,0.11718428374033789,19,0,0,9.1,6.8,0
order_3656889811,pay_13f8e2531f,2026-08-11 09:50:01.788603,1135.48,upi,grocery,0,6,0.14153241199320327,9,0,0,12.6,199.7,0
order_ed9e39e5ca,pay_96db9cfd6c,2026-08-18 23:31:31.788603,2481.15,upi,electronics,1,0,0.0,23,0,1,9.7,71.2,0
order_83d2dffad7,pay_3e41386edc,2026-08-26 12:35:37.788603,282.08,cod,digital,0,5,0.27705698192499933,12,0,0,22.8,32.7,0
order_9b83ad9ce4,pay_59ddf1daaa,2026-08-07 04:28:40.788603,2311.49,cod,grocery,0,5,0.03256003065186996,4,0,1,8.8,63.2,0
order_9e4004ed7c,pay_baaee78945,2026-08-07 09:13:23.788603,401.73,upi,grocery,0,6,0.012921983787347713,9,0,0,2.4,71.5,0
order_1730aa391f,pay_411da9a278,2026-08-15 19:55:14.788603,992.75,card,apparel,1,0,0.0,19,1,0,5.2,224.1,0
order_651fa1aa68,pay_afb0259b70,2026-07-29 06:48:06.788603,1578.16,cod,apparel,1,0,0.0,6,0,0,8.2,6.7,1
order_f152f19571,pay_04deac623c,2026-08-09 23:32:06.788603,1056.94,upi,grocery,1,0,0.0,23,1,1,30.4,31.7,0
order_40e778058d,pay_0e2beadbe0,2026-08-16 23:15:42.788603,841.27,upi,apparel,1,0,0.0,23,1,1,3.4,15.3,0
order_582dc65f07,pay_83e62e0586,2026-08-20 06:53:00.788603,1137.74,cod,grocery,0,4,0.07262930314333457,6,0,0,6.8,127.6,0
order_1ff6c73e06,pay_bf37509b78,2026-08-15 16:46:18.788603,1266.58,upi,digital,1,0,0.0,16,1,0,0.5,83.5,0
order_69a8ab1444,pay_088181d589,2026-08-18 13:24:28.788603,2285.2,wallet,electronics,1,0,0.0,13,0,0,25.9,23.9,0
order_fe620dd4ba,pay_fbc9faed2a,2026-08-17 08:39:08.788603,594.39,upi,electronics,0,6,0.3957577797438998,8,0,0,17.0,15.3,0
order_a448be784f,pay_42652c90a3,2026-08-07 09:31:45.788603,569.32,card,grocery,1,0,0.0,9,0,0,40.2,12.0,0
order_292300f4e4,pay_be7d6a2d4f,2026-08-06 04:48:44.788603,389.39,netbanking,home,0,5,0.20208611682726105,4,0,1,7.3,60.6,0
order_be3d28c27a,pay_326adf28b8,2026-08-12 06:08:06.788603,5529.89,upi,apparel,1,0,0.0,6,0,0,11.3,26.1,0
order_6b5dd6b62f,pay_910d92a087,2026-08-14 17:37:44.788603,448.01,wallet,apparel,1,0,0.0,17,0,0,13.2,77.7,0
order_833c7a6c77,pay_9040ce194d,2026-08-09 03:41:02.788603,723.57,card,apparel,0,1,0.13548441523289456,3,1,1,7.1,107.0,0
order_3578cbe003,pay_3e468d3750,2026-07-30 05:05:44.788603,901.7,upi,apparel,0,8,0.14655133553487887,5,0,0,8.1,37.2,0
order_59dec7d9db,pay_6f767979ad,2026-08-15 13:44:12.788603,955.31,upi,grocery,1,0,0.0,13,1,0,8.8,170.2,0
order_0bdefa8cfd,pay_6c41add37f,2026-08-04 00:48:10.788603,350.35,upi,apparel,1,0,0.0,0,0,1,17.6,57.7,0
order_56f3c83cd0,pay_ca0bf8321b,2026-08-13 07:12:39.788603,4181.66,cod,electronics,0,7,0.23030656660196236,7,0,0,17.0,41.6,0
order_cb8a7f418a,pay_2f4a5745ee,2026-08-20 12:06:56.788603,689.65,upi,electronics,0,1,0.38971376701524585,12,0,0,9.4,99.0,0
order_2f4602006b,pay_873c9293a2,2026-08-07 07:24:53.788603,678.59,upi,electronics,1,0,0.0,7,0,0,24.5,35.7,0
order_59836cdc7d,pay_852f36c9b5,2026-08-24 04:33:18.788603,389.16,netbanking,apparel,0,4,0.26374398323231657,4,0,1,27.0,7.7,0
order_92315b6968,pay_315b85ca1f,2026-08-13 05:24:29.788603,375.4,upi,electronics,0,3,0.11012319224802372,5,0,0,20.5,291.6,0
order_64d749a106,pay_60927e0302,2026-08-23 14:13:56.788603,1437.77,card,electronics,0,2,0.006148303536446637,14,1,0,15.1,18.1,1
order_78ec58284d,pay_b33f190659,2026-08-21 14:17:47.788603,1558.96,card,home,0,5,0.2497904421606114,14,0,0,83.8,12.8,1
order_bbba868775,pay_8e00b8a8c5,2026-08-05 22:33:10.788603,305.43,cod,digital,0,5,0.2583694165292597,22,0,0,4.8,30.1,0
order_b876c2a468,pay_6f1f908c81,2026-07-29 10:54:12.788603,520.72,cod,grocery,0,6,0.037587180754741586,10,0,0,16.7,103.2,0
order_4dc721e3f8,pay_05703a94e2,2026-08-26 15:39:37.788603,2644.4,card,electronics,0,6,0.027838194434253376,15,0,0,8.1,187.1,0
order_758c2a55ce,pay_2f5c1bda40,2026-08-13 10:40:51.788603,2904.31,cod,apparel,1,0,0.0,10,0,0,2.3,37.6,0
order_b216d19b96,pay_47cabbc6e1,2026-08-10 12:15:04.788603,1135.89,cod,grocery,0,6,0.11750322094038737,12,0,0,13.2,167.0,1
order_0e95fcbb79,pay_6ca93ed870,2026-08-19 00:41:56.788603,263.94,cod,digital,0,7,0.1467144472547229,0,0,1,1.7,170.8,0
order_72b7cc277b,pay_5a9720a38b,2026-08-01 19:04:59.788603,86.37,cod,digital,1,0,0.0,19,1,0,63.8,109.0,1
order_7bcecdae16,pay_dc51018efe,2026-08-13 18:57:38.788603,765.87,upi,home,0,6,0.32052046241468435,18,0,0,8.5,72.7,0
order_dfdea831e9,pay_4f52273001,2026-08-24 05:02:06.788603,142.51,cod,apparel,0,9,0.08181665192414353,5,0,0,45.5,49.9,1
order_227fd8b57f,pay_d3ab987e22,2026-07-31 19:29:52.788603,511.43,upi,electronics,0,4,0.3237489076551377,19,0,0,12.1,210.9,0
order_8c2461b247,pay_3e5b0e9eab,2026-08-12 17:35:13.788603,3624.53,upi,grocery,1,0,0.0,17,0,0,59.4,21.8,0
order_e0cc547192,pay_cc3e841dfb,2026-07-29 14:40:01.788603,612.68,card,apparel,0,6,0.1139110832663264,14,0,0,1.3,43.0,1
order_d4a1a18c79,pay_fee26da712,2026-08-07 03:22:57.788603,865.83,cod,grocery,0,2,0.1358855737852321,3,0,1,0.2,29.5,0
order_16c120b525,pay_e902d47614,2026-08-23 00:53:15.788603,668.23,cod,apparel,1,0,0.0,0,1,1,4.3,37.6,0
order_2bd65bb3c3,pay_2499539147,2026-08-17 20:57:57.788603,1420.96,upi,electronics,0,6,0.05365200116451163,20,0,0,14.6,105.8,0
order_4be75626f2,pay_bf63bf7e35,2026-08-07 22:45:35.788603,1454.93,upi,electronics,0,0,0.5614452686609376,22,0,0,21.3,39.8,0
order_0b809f5faa,pay_97b5e6a8cd,2026-08-07 04:05:27.788603,6132.49,cod,apparel,1,0,0.0,4,0,1,6.8,121.2,0
order_ae2d5dfdc1,pay_b1ba19d75a,2026-08-04 04:42:26.788603,556.35,netbanking,grocery,0,5,0.2126239380747341,4,0,1,38.8,340.6,0
order_4ae9181327,pay_8891b03fcc,2026-08-08 19:00:02.788603,720.56,cod,apparel,0,3,0.013191506985729838,19,1,0,1.7,40.9,1
order_68749e68ec,pay_c5ca1309c3,2026-08-11 08:55:40.788603,421.82,upi,home,1,0,0.0,8,0,0,76.5,86.5,0
order_e7763ea5e0,pay_4bf25f79dc,2026-08-26 10:23:54.788603,50.0,cod,grocery,0,8,0.011894190701616382,10,0,0,10.4,134.3,0
order_07259272ce,pay_ce328df088,2026-08-06 01:29:27.788603,2871.2,card,digital,0,8,0.05503451224174802,1,0,1,18.0,24.5,0
order_e4c42febb9,pay_0458cdd337,2026-08-12 02:53:07.788603,1362.12,cod,home,0,4,0.22206860034416265,2,0,1,2.6,116.0,1
order_a182af6e37,pay_2dff0c3d23,2026-08-05 20:15:43.788603,1725.03,upi,apparel,1,0,0.0,20,0,0,31.7,54.9,0
order_320caf9def,pay_2d8b4c95bc,2026-07-30 11:00:35.788603,402.0,upi,grocery,0,8,0.04089875308343734,11,0,0,8.5,16.0,0
order_8fbf59fdff,pay_26f921bdc1,2026-08-24 14:55:24.788603,2212.89,card,apparel,0,4,0.3642175845152713,14,0,0,6.3,40.2,0
order_37a848ad80,pay_7d36a33dbb,2026-07-29 19:43:10.788603,1069.06,upi,electronics,1,0,0.0,19,0,0,24.6,18.0,1
order_cc3ca51cdf,pay_3863f23f43,2026-08-03 18:27:48.788603,665.61,upi,digital,0,6,0.2169240717000899,18,0,0,29.9,42.6,0
order_d1adbc02c2,pay_726ddaa0b8,2026-08-12 03:41:20.788603,890.94,upi,electronics,0,8,0.12467783727451597,3,0,1,20.3,102.8,1
order_02c1168390,pay_e50ddf8a73,2026-08-03 07:58:59.788603,271.3,card,electronics,1,0,0.0,7,0,0,38.6,13.4,0
order_af24387cde,pay_9c61b9d160,2026-08-20 10:42:09.788603,759.26,upi,digital,0,4,0.20844667796346475,10,0,0,3.4,38.2,0
order_bf07c75a02,pay_7095ecddcd,2026-07-28 22:09:01.788603,386.23,cod,grocery,1,0,0.0,22,0,0,28.4,38.4,0
order_0b19326e4c,pay_6b64d859ef,2026-07-29 08:30:55.788603,2645.76,wallet,digital,0,6,0.05969697833949852,8,0,0,0.4,80.3,0
order_2d367f1b7c,pay_65bf3b9508,2026-07-29 18:04:47.788603,62.42,wallet,apparel,0,8,0.12182498945540046,18,0,0,15.4,91.9,0
order_352aa3e6e1,pay_9dc2e3aac1,2026-08-16 02:29:58.788603,430.62,upi,home,0,7,0.028937671245030543,2,1,1,24.6,23.7,0
order_100c6a71c8,pay_a812849b75,2026-08-25 16:18:48.788603,547.69,cod,electronics,0,6,0.15908921793539088,16,0,0,40.3,118.8,0
order_d02caba22c,pay_d6697444d7,2026-08-19 14:10:06.788603,250.65,upi,apparel,0,4,0.48401715633046627,14,0,0,9.0,105.5,1
order_d2906da55f,pay_4f214137fe,2026-08-09 07:02:38.788603,2264.84,upi,grocery,1,0,0.0,7,1,0,5.2,83.3,0
order_36fc38aa61,pay_a51660b494,2026-08-14 16:29:57.788603,299.88,card,digital,0,5,0.06438408739625129,16,0,0,9.4,81.9,0
order_02ef67c6b9,pay_ed7eedde8a,2026-08-25 03:02:13.788603,2049.44,wallet,electronics,0,7,0.07536913653255094,3,0,1,2.2,185.5,0
order_58ca3c7974,pay_6368a29453,2026-08-17 23:39:45.788603,1301.66,cod,home,0,4,0.0434406608908381,23,0,1,1.1,154.7,0
order_6b1322b0de,pay_c578d1a8f0,2026-08-02 17:26:01.788603,365.95,card,grocery,0,2,0.19021504731210837,17,1,0,0.7,208.5,0
order_c0a37e00b6,pay_caa1220932,2026-08-03 11:27:31.788603,139.4,upi,apparel,0,7,0.2688343672072272,11,0,0,16.4,14.4,0
order_1b8362d0dd,pay_cf74f740a4,2026-08-15 13:20:06.788603,826.31,netbanking,grocery,0,7,0.4554871148949446,13,1,0,20.9,234.2,1
order_8c7cfa58c8,pay_ea6f7a5100,2026-08-13 19:11:14.788603,779.63,upi,apparel,0,4,0.13616431111790378,19,0,0,27.4,68.5,0
order_bd4e91cccd,pay_29ebdb5763,2026-08-05 09:35:41.788603,1250.4,upi,electronics,1,0,0.0,9,0,0,50.5,20.1,0
order_2b3121c5fa,pay_f0bec0c1e0,2026-07-30 07:12:00.788603,157.2,upi,home,1,0,0.0,7,0,0,33.5,141.2,0
order_372f752679,pay_5c689790d9,2026-08-04 04:26:32.788603,752.28,wallet,grocery,0,3,0.1728648431766623,4,0,1,4.4,98.3,0
order_0589422bd9,pay_07db2b82a3,2026-07-31 00:45:32.788603,679.73,card,grocery,0,3,0.12432577178462875,0,0,1,6.1,119.9,0
order_86fe712f04,pay_9324beb51e,2026-08-26 01:39:05.788603,2533.39,cod,home,0,5,0.004855887591316915,1,0,1,34.2,77.9,0
order_51f8189651,pay_bdd3746974,2026-08-22 23:20:19.788603,438.54,cod,apparel,1,0,0.0,23,1,1,45.1,15.8,1
order_af8e7ffec7,pay_9eca5f1721,2026-08-10 10:37:24.788603,6205.52,card,apparel,1,0,0.0,10,0,0,13.2,441.9,0
order_953ab2be0c,pay_963d8a71ff,2026-08-06 14:37:26.788603,971.64,upi,apparel,1,0,0.0,14,0,0,19.7,149.0,0
order_825b6af374,pay_ee56f70359,2026-08-14 02:22:47.788603,1027.94,netbanking,grocery,0,9,0.35742229657945607,2,0,1,3.1,177.5,0
order_89cab55c8b,pay_29c9089f31,2026-08-25 19:29:04.788603,616.3,card,digital,1,0,0.0,19,0,0,14.3,76.0,0
order_ad7e1c2246,pay_24b80bd7f1,2026-08-16 03:21:47.788603,8699.93,upi,digital,0,8,0.0012500050149218238,3,1,1,7.5,69.6,1
order_7742172be8,pay_eb9310d1e9,2026-08-15 09:49:35.788603,171.45,card,home,0,6,0.14183379193264853,9,1,0,6.3,18.4,0
order_0d1b8b860a,pay_0b999dd707,2026-08-13 05:49:28.788603,258.31,upi,apparel,0,5,0.021201481004715337,5,0,0,20.5,52.1,0
order_ed290c91e2,pay_9ace326e75,2026-08-13 06:45:16.788603,197.56,cod,electronics,0,5,0.33805975774221003,6,0,0,17.8,127.3,0
order_b13966645b,pay_0d434703f5,2026-08-20 09:36:04.788603,821.94,upi,electronics,1,0,0.0,9,0,0,3.8,53.8,0
order_fc85b52c30,pay_2f49d95fe6,2026-08-08 00:56:20.788603,822.74,upi,apparel,0,5,0.3289048717585709,0,1,1,20.4,41.0,0
order_c1097a899a,pay_3c11a30c14,2026-08-05 02:37:41.788603,155.77,cod,apparel,1,0,0.0,2,0,1,9.0,144.0,0
order_d030ed7a42,pay_cb199064ee,2026-08-25 20:58:38.788603,334.09,netbanking,apparel,0,1,0.36243098017813813,20,0,0,9.2,68.6,1
order_ca6b7a57b5,pay_f05d940a2e,2026-08-11 10:42:01.788603,147.94,cod,grocery,0,14,0.26651286514419903,10,0,0,56.2,130.1,0
order_c755ed306e,pay_5a888a03fc,2026-08-15 21:11:39.788603,546.41,cod,electronics,1,0,0.0,21,1,0,14.9,25.3,1
order_66f7b58379,pay_b4352d85bf,2026-08-15 00:35:34.788603,1730.11,netbanking,home,0,4,0.44050715549442904,0,1,1,24.9,54.2,0
order_58c5ec03fc,pay_7b0e1a9f7c,2026-07-31 05:12:32.788603,615.38,cod,home,0,4,0.16764540046730528,5,0,0,15.7,30.2,0
order_04e21d759c,pay_b3b5fedeeb,2026-07-30 13:44:34.788603,2922.25,upi,grocery,0,5,0.022825130762452704,13,0,0,23.9,55.6,0
order_5140859486,pay_4c7fdc0990,2026-08-05 17:27:33.788603,402.99,netbanking,electronics,1,0,0.0,17,0,0,1.0,70.8,0
order_3b417f0875,pay_9a103f9cc8,2026-07-31 15:31:52.788603,772.72,card,home,0,5,0.1641008817998614,15,0,0,95.7,22.0,0
order_c2a59a5687,pay_7f20e68424,2026-08-05 17:07:42.788603,1333.45,cod,home,1,0,0.0,17,0,0,9.5,128.9,0
order_38566661d1,pay_e8ea8fb620,2026-08-16 21:15:51.788603,4429.48,upi,home,0,4,0.3088794592825017,21,1,0,11.2,50.2,1
order_d876db602b,pay_3053a1551d,2026-08-08 05:33:38.788603,7377.75,upi,home,0,8,0.11142132701512494,5,1,0,8.4,11.9,0
order_7db1117b4e,pay_a226e4794b,2026-08-02 05:25:26.788603,68.38,card,grocery,1,0,0.0,5,1,0,20.5,157.7,0
order_b2734c5d1b,pay_3a12f932d3,2026-08-18 21:37:22.788603,617.74,upi,apparel,1,0,0.0,21,0,0,11.7,44.1,1
order_36eba83a3b,pay_76fe28c077,2026-08-19 17:06:02.788603,4334.56,card,grocery,0,7,0.06777932695865645,17,0,0,9.2,92.7,0
order_4c8641c222,pay_c69a353021,2026-08-14 06:31:26.788603,450.68,card,grocery,1,0,0.0,6,0,0,13.4,47.9,0
order_177b812f24,pay_c9ff6d909f,2026-08-20 12:54:20.788603,269.03,netbanking,home,1,0,0.0,12,0,0,9.1,18.4,0
order_8d3c182f9a,pay_49c324a6b9,2026-08-25 13:12:01.788603,1608.47,upi,apparel,1,0,0.0,13,0,0,106.7,55.6,0
order_b2c32d0f3d,pay_7c48139048,2026-08-11 09:33:03.788603,887.99,cod,apparel,0,6,0.18763717708310054,9,0,0,0.8,139.8,1
order_1e550f4ae4,pay_faeace4d63,2026-07-30 17:31:46.788603,800.36,netbanking,electronics,0,4,0.27222657469316613,17,0,0,41.5,27.7,0
order_08896e8471,pay_c06296ce85,2026-07-29 07:36:27.788603,2447.9,upi,digital,0,4,0.32384779622036997,7,0,0,12.2,434.7,0
order_7c3e88de33,pay_807ac49082,2026-08-01 12:15:00.788603,23286.22,upi,grocery,0,7,0.4890914833321231,12,1,0,27.9,10.9,0
order_781d41612a,pay_bf694255a1,2026-08-07 07:08:46.788603,1179.79,upi,home,0,6,0.0016640437015969835,7,0,0,5.5,29.9,0
order_cb41a523d7,pay_5fa3705802,2026-07-30 06:28:11.788603,1486.39,netbanking,apparel,0,5,0.011171740765031657,6,0,0,26.4,66.3,0
order_a0a029ec54,pay_013ea046ed,2026-08-19 12:46:48.788603,409.76,netbanking,apparel,0,3,0.32873960183118855,12,0,0,0.3,106.6,0
order_bd0878b931,pay_dc7bf58d9d,2026-08-02 12:46:02.788603,241.75,upi,electronics,0,4,0.014402301125882856,12,1,0,17.0,50.0,0
order_ec146f662c,pay_417d12b95e,2026-08-26 01:43:20.788603,595.25,upi,electronics,0,10,0.046596393456636624,1,0,1,3.9,112.7,0
order_6a51fa5203,pay_a2544addb9,2026-08-06 00:02:14.788603,751.49,upi,home,0,3,0.015119820605664979,0,0,1,27.4,52.7,0
order_9a8528a652,pay_652d07f652,2026-08-26 19:07:10.788603,292.59,upi,grocery,1,0,0.0,19,0,0,6.3,30.3,0
order_8e1d61ca67,pay_43b9deaa9b,2026-08-13 12:09:44.788603,1753.52,cod,digital,0,6,0.06889278024912299,12,0,0,8.5,55.9,0
order_35e2d20971,pay_8d84a70a1a,2026-08-20 20:46:06.788603,664.74,card,apparel,0,4,0.2575925806233469,20,0,0,88.6,96.0,1
order_4d7d0b2834,pay_4f65a62e39,2026-08-01 18:45:26.788603,778.3,netbanking,grocery,1,0,0.0,18,1,0,3.5,61.9,0
order_a91b95b298,pay_dbf25d0561,2026-08-15 03:25:21.788603,234.52,upi,grocery,0,3,0.18986957082533215,3,1,1,10.5,89.3,0
order_d29541f775,pay_d305d066bc,2026-08-14 18:39:58.788603,706.37,upi,home,0,7,0.015988308200248533,18,0,0,4.9,40.2,0
order_3f4682a330,pay_a93e8bf4aa,2026-07-29 21:17:17.788603,1401.07,upi,grocery,0,5,0.07883694779333195,21,0,0,15.1,29.4,0
order_cc480bfc75,pay_36400a4cd3,2026-08-25 22:16:08.788603,639.62,netbanking,grocery,0,4,0.0021515883033645204,22,0,0,7.5,46.8,0
order_c35bfa4c5d,pay_961978ca76,2026-08-11 16:27:41.788603,128.38,cod,grocery,0,3,0.20710889752792797,16,0,0,6.2,23.1,0
order_1928bd24c1,pay_2e28a8ccee,2026-08-04 20:50:40.788603,3232.22,cod,electronics,0,3,0.2091765803725875,20,0,0,16.5,48.9,0
order_b36b89d88d,pay_8d3de0dcd4,2026-08-20 02:47:53.788603,118.62,upi,grocery,0,5,0.24659748825726274,2,0,1,33.2,100.0,0
order_08b7e0f64e,pay_54bc25553f,2026-08-26 15:46:37.788603,436.26,cod,grocery,0,4,0.15867309734290425,15,0,0,3.2,21.7,0
order_45b822ce37,pay_a900f9b304,2026-08-13 09:03:12.788603,1492.35,cod,home,0,3,0.4637338416543144,9,0,0,1.3,66.1,0
order_5ed0f3aaf3,pay_093a91fb8b,2026-08-09 11:18:58.788603,1842.38,upi,home,0,7,0.22592710384016007,11,1,0,4.2,80.6,0
order_2306f8cd11,pay_df5ba06600,2026-08-17 06:43:00.788603,523.06,cod,home,0,5,0.04493657702527319,6,0,0,9.9,55.2,0
order_a87e3bf346,pay_529374ed7c,2026-08-24 08:45:47.788603,528.98,upi,electronics,1,0,0.0,8,0,0,1.7,30.3,0
order_d7525e0f9d,pay_a42c36163b,2026-08-15 05:04:20.788603,70.44,card,digital,0,6,0.2074421933307557,5,1,0,24.9,94.5,0
order_3f9b0bf875,pay_7e9f0304db,2026-08-04 15:51:06.788603,1410.25,upi,apparel,0,5,0.18574242639654928,15,0,0,72.9,23.9,0
order_2b853d43da,pay_d4a2576bc1,2026-08-26 13:39:13.788603,348.77,upi,home,0,4,0.3323234786287515,13,0,0,2.6,72.9,0
order_8dee768320,pay_163dc75d74,2026-08-13 22:44:32.788603,397.76,cod,electronics,0,1,0.5980574752634129,22,0,0,4.6,83.2,0
order_487db23ecb,pay_9d8416dcde,2026-08-16 13:33:09.788603,412.8,upi,digital,0,11,0.07615386342668173,13,1,0,0.1,32.9,0
order_41c87d7679,pay_1e0f3ef154,2026-08-06 18:09:07.788603,1113.25,upi,electronics,1,0,0.0,18,0,0,11.6,74.3,0
order_bf21feac30,pay_91aff25af4,2026-08-19 13:44:37.788603,1843.44,cod,home,0,6,0.42881278981184545,13,0,0,7.0,27.1,0
order_665bc35042,pay_0388822d47,2026-08-02 13:10:01.788603,225.59,upi,apparel,1,0,0.0,13,1,0,1.4,34.2,0
order_6da846bbce,pay_dec94c8d85,2026-07-31 22:39:00.788603,284.74,netbanking,grocery,0,3,0.1819927572600965,22,0,0,4.5,18.2,0
order_c4c3e9ce33,pay_79a2f5846c,2026-08-06 07:09:40.788603,724.24,cod,apparel,1,0,0.0,7,0,0,32.4,143.5,0
order_2c2300f421,pay_a8ee057c60,2026-07-30 02:39:51.788603,428.26,cod,digital,0,12,0.0022309574155689347,2,0,1,14.1,93.7,0
order_60fc4820b2,pay_980c251abc,2026-08-16 21:16:27.788603,198.21,netbanking,apparel,1,0,0.0,21,1,0,54.5,94.5,0
order_bb8c77b4de,pay_d9cae13d20,2026-08-09 15:57:25.788603,553.91,card,apparel,0,6,0.08494601947494973,15,1,0,3.6,89.3,0
order_b9622707f5,pay_79ec53a263,2026-08-05 22:22:16.788603,138.56,card,digital,0,3,0.0198330512099366,22,0,0,4.0,85.4,0
order_617cbb7447,pay_ea2e8563d9,2026-08-06 17:28:55.788603,604.69,upi,apparel,0,3,0.12191412670997737,17,0,0,2.0,377.6,0
order_5ce4771992,pay_3c6196c3d2,2026-08-03 04:11:56.788603,2549.09,card,grocery,1,0,0.0,4,0,1,22.1,79.1,0
order_ec0c6daea4,pay_5b9c086d5a,2026-08-23 05:36:32.788603,346.95,upi,grocery,1,0,0.0,5,1,0,4.7,48.7,1
order_3c970910af,pay_e802c5aa85,2026-08-01 09:25:01.788603,695.34,netbanking,digital,1,0,0.0,9,1,0,16.4,61.6,0
order_785d844433,pay_2669cb2f36,2026-07-31 19:48:32.788603,641.28,card,electronics,0,3,0.09254313357560805,19,0,0,3.9,79.4,0
order_192ebd667f,pay_457d9bc439,2026-08-19 10:52:50.788603,1361.18,upi,grocery,0,5,0.04787097575761815,10,0,0,6.0,19.2,0
order_35684fe15b,pay_d1def27ae6,2026-08-23 09:09:08.788603,541.21,upi,apparel,0,2,0.07222341194950203,9,1,0,3.6,14.7,0
order_bc1bfdbf7c,pay_384de19c05,2026-08-26 19:18:42.788603,1275.28,cod,apparel,0,7,0.5791494844844058,19,0,0,21.6,36.8,0
order_e530163606,pay_095a897e58,2026-08-13 03:34:48.788603,830.38,cod,grocery,0,11,0.06385111382537335,3,0,1,6.7,22.0,0
order_d7616d0712,pay_f3c68acc96,2026-08-11 21:25:24.788603,375.64,cod,apparel,1,0,0.0,21,0,0,1.4,25.8,1
order_5e3777d8f2,pay_58a2eb4267,2026-08-16 08:15:21.788603,977.85,wallet,electronics,0,8,0.06027423235436939,8,1,0,23.9,60.4,0
order_6b0af2c413,pay_2edbd4d5d3,2026-08-05 08:34:15.788603,142.58,netbanking,home,0,3,0.046527034838200455,8,0,0,12.4,134.8,0
order_577d7e1e85,pay_09ab983e42,2026-08-23 13:16:59.788603,2108.0,card,digital,0,5,0.38628171403052075,13,1,0,8.7,12.3,0
order_56b9896674,pay_a7b1df0411,2026-07-30 03:56:46.788603,372.76,upi,electronics,1,0,0.0,3,0,1,8.6,90.3,0
order_5a9c496166,pay_4d46ddad70,2026-07-29 19:51:43.788603,185.09,upi,electronics,0,5,0.07055198565650223,19,0,0,30.3,21.3,0
order_7150177fcc,pay_7294ec74bb,2026-08-01 23:16:40.788603,1490.6,upi,apparel,0,7,0.11458640962964953,23,1,1,11.1,90.1,0
order_9ebad82d01,pay_6c9540dcbe,2026-08-13 05:33:29.788603,1072.71,card,apparel,0,2,0.11473298633145503,5,0,0,8.3,79.2,0
order_2e01c7a7ee,pay_e3942f2f2f,2026-08-13 20:03:11.788603,313.97,card,digital,0,4,0.05133215837304943,20,0,0,11.3,65.6,1
order_f02c78e47b,pay_bfcd75f2f0,2026-08-17 08:00:45.788603,493.36,netbanking,digital,0,11,0.21509036705755397,8,0,0,29.8,54.1,0
order_9f97bd54b5,pay_5706d1adc7,2026-08-22 10:09:30.788603,2858.94,upi,apparel,0,4,0.4907272457287174,10,1,0,6.9,85.0,0
order_aa845c840e,pay_94a342df22,2026-08-03 01:36:56.788603,923.21,upi,grocery,1,0,0.0,1,0,1,6.8,135.4,0
order_f32ba9f5d4,pay_86338f8fdf,2026-08-14 16:08:18.788603,925.37,card,home,0,1,0.084030102401272,16,0,0,1.3,116.0,0
order_e814f3e384,pay_4c55e2bb68,2026-08-20 22:35:47.788603,55.23,upi,apparel,0,2,0.16616511177251142,22,0,0,21.2,54.2,0
order_1da2352aba,pay_7b3d5b2efd,2026-08-09 21:36:10.788603,889.84,cod,apparel,0,5,0.06749543344360846,21,1,0,9.8,48.7,0
order_0eb8257a35,pay_91a602c038,2026-08-12 12:03:32.788603,72.91,upi,home,1,0,0.0,12,0,0,51.0,149.0,0
order_677556a9b1,pay_7c0974f861,2026-08-04 05:21:07.788603,253.38,upi,electronics,0,5,0.1082045307670778,5,0,0,7.9,62.7,0
order_4837e794b9,pay_83c9782ab3,2026-08-05 03:17:32.788603,2337.15,cod,electronics,0,3,0.016003111906987864,3,0,1,8.7,66.2,0
order_5431c109af,pay_920690c18a,2026-08-08 12:02:57.788603,704.88,cod,digital,0,3,0.03549448830596586,12,1,0,5.5,72.0,0
order_0b3b450ea1,pay_77784d397b,2026-08-21 07:53:25.788603,394.8,wallet,digital,0,8,0.19128008923567474,7,0,0,1.3,103.9,0
order_f529efb207,pay_8ad663502b,2026-08-16 06:35:14.788603,729.5,netbanking,apparel,1,0,0.0,6,1,0,44.6,109.2,0
order_8fd42f4351,pay_6c9b1591cd,2026-08-23 10:38:07.788603,100.51,upi,grocery,0,4,0.0706160450865519,10,1,0,13.9,154.5,0
order_821fc54f2c,pay_f61f10b7e5,2026-08-21 19:59:38.788603,137.65,card,apparel,0,5,0.00926399788210588,19,0,0,5.0,59.4,0
order_bf399de4d5,pay_883aa0cf85,2026-08-13 06:00:09.788603,1714.31,cod,grocery,0,6,0.08129378807077264,6,0,0,1.6,9.5,0
order_1a4b6f98e2,pay_cd6cba1ed9,2026-08-23 02:00:24.788603,191.18,cod,digital,0,5,0.08020864711861266,2,1,1,9.8,97.1,0
order_a8bde3a288,pay_e0c3834e0f,2026-08-13 01:38:15.788603,439.39,upi,apparel,0,4,0.04840437120248649,1,0,1,10.3,152.3,0
order_22a29ad690,pay_dbd87955b5,2026-08-13 06:00:37.788603,489.4,cod,apparel,0,3,0.4626044105230298,6,0,0,0.8,54.7,1
order_c0b3521e76,pay_34366429c0,2026-08-19 16:49:17.788603,876.29,upi,digital,0,7,0.36368882573077355,16,0,0,0.1,37.3,0
order_16e8b04289,pay_1495ea6e74,2026-08-25 04:53:53.788603,120.58,upi,apparel,0,4,0.16091656909551327,4,0,1,12.7,132.1,0
order_0bc08d0578,pay_abeecfc937,2026-08-07 08:55:11.788603,1190.55,wallet,digital,0,5,0.07128979824604163,8,0,0,16.4,129.8,0
order_ceddfc87ee,pay_bf3368b60d,2026-08-18 03:21:08.788603,573.04,cod,grocery,0,3,0.048708010281009906,3,0,1,37.8,11.0,1
order_0d188c777e,pay_c4d9f5ce44,2026-08-24 13:01:46.788603,368.25,upi,apparel,1,0,0.0,13,0,0,1.7,44.9,0
order_461e94e789,pay_4a15632448,2026-08-06 16:28:08.788603,2620.6,upi,grocery,0,6,0.042022716191728364,16,0,0,9.2,183.0,1
order_3d6be0ccdd,pay_e53ee5e7bb,2026-08-21 00:02:22.788603,192.69,card,apparel,0,1,0.018724807973595284,0,0,1,10.5,52.8,0
order_c49fb40028,pay_84872cbd4d,2026-07-29 15:05:27.788603,507.84,upi,grocery,1,0,0.0,15,0,0,4.8,56.3,0
order_fd58a4a5fb,pay_ebc7ba04ab,2026-07-31 00:12:07.788603,1002.81,netbanking,electronics,0,5,0.007351494457519571,0,0,1,45.7,42.6,0
order_40b78de93a,pay_0ac5ed031a,2026-08-16 11:21:10.788603,379.33,upi,home,0,4,0.038870508402315304,11,1,0,7.2,79.0,0
order_6783c05fcc,pay_54633b0561,2026-08-15 08:42:25.788603,525.48,upi,digital,1,0,0.0,8,1,0,7.7,29.2,0
order_76bbd5b30b,pay_c60f7b813c,2026-08-10 08:08:28.788603,342.55,wallet,grocery,1,0,0.0,8,0,0,8.6,30.0,0
order_7389fc465f,pay_770479d3dd,2026-08-22 17:41:49.788603,446.86,upi,electronics,1,0,0.0,17,1,0,2.7,52.8,0
order_59922f2616,pay_37a226bcec,2026-08-24 08:55:01.788603,734.69,upi,apparel,0,9,0.22428282878547878,8,0,0,17.8,39.8,0
order_70d05443ef,pay_2c65f47943,2026-08-14 18:43:50.788603,610.47,upi,home,1,0,0.0,18,0,0,18.0,35.7,0
order_787dc93a90,pay_c537d2604e,2026-08-21 12:39:10.788603,2903.91,upi,apparel,0,5,0.07709064681822474,12,0,0,9.2,48.3,1
order_16e7f51b13,pay_9377b81d2b,2026-07-29 20:13:57.788603,146.18,upi,apparel,0,7,0.030345536965446826,20,0,0,7.7,67.8,0
order_4231022b1d,pay_103d527679,2026-08-20 14:43:00.788603,1107.89,upi,home,0,6,0.01241545645343944,14,0,0,49.0,20.9,0
order_5ef2f2b6a0,pay_003691f351,2026-08-08 12:03:58.788603,796.94,upi,apparel,0,8,0.06770106779903315,12,1,0,2.8,166.8,0
order_7e6c1e52dc,pay_6162653a5e,2026-08-02 05:44:40.788603,376.9,upi,home,0,5,0.12493613695025348,5,1,0,4.1,20.5,0
order_cf9fb36fbf,pay_45dafd16f7,2026-08-04 12:52:55.788603,1841.27,card,apparel,0,5,0.002174460435175302,12,0,0,15.9,35.6,0
order_ada241395b,pay_ed90617445,2026-08-19 17:41:34.788603,534.12,upi,grocery,1,0,0.0,17,0,0,2.7,41.4,0
order_2add168ca4,pay_93ae590a16,2026-08-07 03:44:46.788603,642.83,card,apparel,1,0,0.0,3,0,1,7.2,31.3,0
order_c689642d9d,pay_88a4afc6f1,2026-08-16 20:33:55.788603,735.65,upi,electronics,0,5,0.12914979750852462,20,1,0,76.4,37.4,0
order_fb5ce8d99d,pay_e7f26c1c87,2026-08-23 04:58:21.788603,8933.09,netbanking,electronics,0,6,0.30710861666231565,4,1,1,11.3,7.9,0
order_e53a666ee0,pay_587d3d2b2f,2026-08-06 19:44:43.788603,410.03,upi,apparel,0,1,0.009306001489863346,19,0,0,9.3,44.0,0
order_2f65c8335e,pay_65292010be,2026-07-31 21:33:52.788603,232.4,card,apparel,0,6,0.02320368966692373,21,0,0,8.1,70.1,0
order_72a95688bb,pay_a332f4f5c2,2026-08-15 12:16:04.788603,324.83,card,digital,1,0,0.0,12,1,0,36.6,97.7,0
order_d9974d829b,pay_44bfd37a54,2026-08-15 11:39:24.788603,86.79,cod,home,0,3,0.0017832671826552605,11,1,0,38.8,198.5,0
order_39e9cdc0f8,pay_d5e0d8735e,2026-08-18 08:22:17.788603,577.28,upi,apparel,0,6,0.07254204891558194,8,0,0,1.9,46.1,0
order_5bf6742671,pay_60a950fae5,2026-08-20 07:22:05.788603,2120.13,upi,apparel,1,0,0.0,7,0,0,41.9,11.1,0
order_78e7a4a84e,pay_f50f02cad9,2026-08-23 12:16:01.788603,845.37,upi,digital,0,5,0.0003894228195204374,12,1,0,26.4,9.6,0
order_b50618b455,pay_3a3fb71d04,2026-08-03 13:21:17.788603,449.2,cod,apparel,1,0,0.0,13,0,0,40.8,25.5,1
order_064be5ab05,pay_9c69b52da5,2026-08-12 09:09:21.788603,4024.19,upi,electronics,1,0,0.0,9,0,0,57.2,109.0,0
order_49604257d0,pay_c8c922d6d4,2026-08-06 23:03:29.788603,286.87,card,digital,0,3,0.3607804693152682,23,0,1,32.0,44.4,0
order_118f499e6f,pay_e8138d4058,2026-08-15 00:19:07.788603,705.27,upi,grocery,0,5,0.265478466631348,0,1,1,14.1,37.0,0
order_66576aec22,pay_da6dbbe985,2026-07-29 10:15:14.788603,666.41,card,electronics,0,6,0.25761199615717084,10,0,0,6.7,99.7,0
order_9735650bf1,pay_fa4d67e430,2026-08-02 19:37:37.788603,189.74,cod,apparel,0,9,0.09953551237519004,19,1,0,16.3,82.9,0
order_71c4d8efdc,pay_b1c3029b35,2026-08-01 23:04:36.788603,697.2,upi,electronics,0,6,0.20982031592522626,23,1,1,1.0,13.0,1
order_02d586a697,pay_40587a5ae1,2026-08-02 10:34:29.788603,757.68,card,apparel,0,4,0.16703646687026222,10,1,0,2.0,52.9,0
order_c23fcba30a,pay_2dd0430236,2026-08-25 08:57:52.788603,53.46,upi,digital,0,2,0.06965674873393804,8,0,0,31.6,143.3,0
order_96ea57376a,pay_591ceeab72,2026-08-25 06:41:16.788603,769.6,upi,electronics,1,0,0.0,6,0,0,23.1,35.7,0
order_d1d5958fa3,pay_d74ff8fa2b,2026-08-04 06:30:32.788603,1204.04,card,apparel,0,4,0.04659118599403656,6,0,0,0.2,18.0,0
order_a2a8428c34,pay_7aacf04621,2026-08-25 02:19:25.788603,1471.71,wallet,electronics,1,0,0.0,2,0,1,9.6,24.4,0
order_a4a7240c4a,pay_19b2300d9d,2026-08-27 07:43:47.788603,459.98,netbanking,electronics,0,5,0.007758445588567866,7,0,0,5.3,89.7,0
order_b041e878f4,pay_d7140b92e5,2026-08-02 06:20:08.788603,698.46,netbanking,grocery,0,9,0.006417069048269855,6,1,0,2.1,166.2,0
order_2826d28bcd,pay_7710c5fb6a,2026-08-21 22:38:39.788603,4481.93,upi,apparel,0,5,0.004329713543589778,22,0,0,7.8,103.4,0
order_532e12cd0a,pay_242a115022,2026-08-01 20:03:18.788603,931.68,card,apparel,0,10,0.01024275502797033,20,1,0,7.8,122.4,0
order_924533b8d7,pay_b5af521a0e,2026-08-02 17:32:20.788603,171.68,card,home,1,0,0.0,17,1,0,24.6,243.4,0
order_4e1953dfa4,pay_25f1384c78,2026-08-14 22:51:36.788603,829.79,wallet,apparel,1,0,0.0,22,0,0,2.0,27.1,0
order_0a9ab4c2fe,pay_200f551323,2026-08-14 14:18:42.788603,2746.85,netbanking,home,0,7,0.22462727754995354,14,0,0,2.4,23.6,0
order_d9fc36df15,pay_a36e7f7ae1,2026-08-15 07:41:15.788603,86.57,cod,grocery,0,5,0.027838071239931404,7,1,0,18.0,19.8,0
order_faf92621b6,pay_c7ae21e258,2026-08-24 19:09:14.788603,163.03,cod,digital,0,4,0.15773364225121345,19,0,0,6.3,34.5,0
order_c6ef4930ef,pay_a5488c78fc,2026-08-02 16:55:44.788603,1744.83,card,home,0,2,0.2235179053673676,16,1,0,36.4,38.9,0
order_0309f5e1ad,pay_195f3e2ce8,2026-08-03 03:36:44.788603,841.58,cod,apparel,0,9,0.22540968378670964,3,0,1,36.8,103.7,0
order_607931253d,pay_c7eb60bc93,2026-08-02 22:54:12.788603,478.52,netbanking,grocery,1,0,0.0,22,1,0,36.6,81.2,0
order_da7ae572ee,pay_4d822b5321,2026-08-17 06:09:05.788603,668.04,upi,apparel,0,3,0.16190677887573493,6,0,0,2.1,25.0,0
order_dddb96fce5,pay_8bd17681a7,2026-07-30 20:27:56.788603,193.47,cod,grocery,1,0,0.0,20,0,0,10.6,82.8,0
order_02e3518022,pay_a57b656cec,2026-08-12 20:22:05.788603,151.14,cod,grocery,1,0,0.0,20,0,0,0.5,219.8,0
order_2566f9d9a0,pay_6a6136d655,2026-07-28 22:41:43.788603,3277.88,cod,apparel,0,4,0.30622039124776035,22,0,0,19.7,119.1,1
order_4ee5735e54,pay_7fc3336534,2026-08-03 07:23:36.788603,582.46,upi,grocery,0,7,0.1141552098879426,7,0,0,18.1,158.5,0
order_b202ecd1c1,pay_1ece3c3226,2026-07-29 07:35:29.788603,2343.37,upi,grocery,1,0,0.0,7,0,0,9.2,42.5,0
order_9c33f04f29,pay_f102717676,2026-08-07 11:42:48.788603,351.66,wallet,electronics,0,6,0.026319370831130735,11,0,0,3.6,22.4,0
order_1de2f75e4b,pay_a45ebeb8dd,2026-08-17 21:04:52.788603,210.17,upi,apparel,0,7,0.1331678204383165,21,0,0,36.1,95.1,0
order_1b85ab0177,pay_d64ad05808,2026-08-04 12:43:03.788603,1916.26,wallet,apparel,0,5,0.27014859043803974,12,0,0,4.3,25.7,0
order_01b0abf0fd,pay_d99417ab6d,2026-08-27 00:17:05.788603,314.02,upi,grocery,1,0,0.0,0,0,1,17.0,66.5,0
order_3b9170121f,pay_8920371f50,2026-08-10 03:20:13.788603,457.23,cod,apparel,0,7,0.12527141626034366,3,0,1,27.5,49.0,0
order_389cccd247,pay_ee5a91236a,2026-07-29 16:13:21.788603,1219.29,cod,apparel,0,5,0.05194723919046622,16,0,0,0.2,109.2,0
order_0744015831,pay_164aba449b,2026-08-18 01:36:02.788603,116.79,upi,apparel,0,8,0.2336193977343513,1,0,1,59.4,23.6,0
order_4d58103a0f,pay_fd30535684,2026-07-29 04:44:09.788603,261.92,upi,electronics,0,7,0.11194606002109914,4,0,1,14.5,14.0,0
order_e7523eb456,pay_1e5dd6357a,2026-08-13 03:47:51.788603,821.85,card,apparel,1,0,0.0,3,0,1,10.2,41.6,1
order_8da2349b92,pay_9b2578d56f,2026-08-24 09:37:37.788603,1809.24,card,digital,1,0,0.0,9,0,0,18.6,24.8,0
order_39832bcca9,pay_9b34d5cb74,2026-08-10 11:56:51.788603,418.95,upi,electronics,0,5,0.2229246910522847,11,0,0,5.9,54.7,0
order_a844cadb23,pay_30095e38e9,2026-08-02 13:00:37.788603,907.18,wallet,home,0,5,0.32525557170228586,13,1,0,26.3,27.0,1
order_6b06cfa9ef,pay_0c79354aca,2026-08-03 06:46:39.788603,159.36,upi,digital,1,0,0.0,6,0,0,2.0,104.4,0
order_9365c3c301,pay_a5ce368928,2026-08-21 15:26:15.788603,1021.59,netbanking,apparel,0,4,0.10548619951037742,15,0,0,5.2,6.8,0
order_bddadecbf5,pay_364396065d,2026-07-31 09:46:33.788603,978.48,card,home,0,6,0.38931541962304356,9,0,0,5.4,98.8,0
order_38744d13f4,pay_5fad20f8f0,2026-08-16 21:29:57.788603,50.0,upi,grocery,1,0,0.0,21,1,0,11.2,9.3,0
order_31bbdf3304,pay_1fb003443d,2026-08-02 18:31:57.788603,1891.85,card,grocery,1,0,0.0,18,1,0,12.0,30.9,0
order_c66ac00336,pay_fc38f4eeb6,2026-08-02 19:16:11.788603,1629.92,cod,grocery,0,3,0.07333412714403435,19,1,0,3.8,104.1,0
order_d2a26e00c9,pay_9624bdfcde,2026-08-01 16:51:02.788603,1095.41,card,grocery,0,5,0.003246784228341173,16,1,0,31.6,398.3,0
order_95ce9d196c,pay_d05854f20d,2026-08-03 16:44:32.788603,101.15,card,apparel,1,0,0.0,16,0,0,34.3,117.2,0
order_3784d2b816,pay_ffdc3488a9,2026-08-07 05:40:22.788603,2312.78,upi,apparel,0,5,0.10131476361976265,5,0,0,60.4,27.1,0
order_3ed35c1f4b,pay_7cb16e5879,2026-08-13 00:30:36.788603,2301.23,cod,electronics,0,6,0.5441353619678269,0,0,1,28.1,28.3,1
order_741986cf50,pay_9d49e86f9a,2026-08-16 01:46:11.788603,725.43,card,digital,0,9,0.14824186163350414,1,1,1,1.9,55.8,0
order_8f538a1501,pay_4bd3c37e28,2026-08-15 11:05:19.788603,1021.61,upi,electronics,0,10,0.41702359150001944,11,1,0,36.9,35.2,0
order_553eadb0b7,pay_53e1f07ee0,2026-07-28 09:52:43.788603,2242.69,cod,home,0,8,0.4651395358745746,9,0,0,23.6,98.6,1
order_ec925a2ccc,pay_ca5f5a59ae,2026-08-26 02:34:29.788603,328.02,upi,digital,0,3,0.02219559341715928,2,0,1,1.3,35.2,0
order_c3b6f6b8a5,pay_5729392308,2026-08-14 10:33:44.788603,873.29,upi,home,0,5,0.11102298533257816,10,0,0,38.3,32.4,0
order_daa77f38b4,pay_87e193ff6b,2026-08-07 08:03:45.788603,1415.39,netbanking,grocery,1,0,0.0,8,0,0,16.1,16.1,1
order_d97b1ca208,pay_a93a2d7b39,2026-08-19 05:15:23.788603,1964.93,upi,electronics,1,0,0.0,5,0,0,22.4,38.3,0
order_d8b876fffd,pay_e43c8f37dd,2026-08-10 16:15:33.788603,171.27,cod,digital,0,2,0.5708558475513337,16,0,0,11.2,201.8,0
order_98951a12d0,pay_52319d675a,2026-08-12 05:09:00.788603,1540.06,card,home,0,3,0.32053247210262337,5,0,0,18.8,157.9,0
order_9deb429a6b,pay_a31fd21ba1,2026-07-30 20:56:53.788603,453.73,card,apparel,0,6,0.007510037108787286,20,0,0,31.8,184.4,0
order_b7030e9c7f,pay_d5fa63ad00,2026-08-03 01:34:21.788603,1095.93,cod,home,0,4,0.35452726625956754,1,0,1,3.3,70.5,0
order_47a5d091ff,pay_58a3bd2b0c,2026-07-29 06:47:44.788603,825.75,upi,electronics,0,3,0.04548967351323097,6,0,0,79.8,43.3,0
order_6845dd2187,pay_ea81d5cad1,2026-08-18 16:59:20.788603,2961.57,netbanking,electronics,0,7,0.0774704914363597,16,0,0,8.9,49.4,0
order_4b3647f4ad,pay_c24c8adee6,2026-08-16 21:31:35.788603,496.7,cod,electronics,1,0,0.0,21,1,0,12.9,81.3,0
order_3f2163fe29,pay_ffc0dca926,2026-08-20 15:50:52.788603,389.54,upi,home,0,7,0.1935297706159573,15,0,0,34.8,23.6,1
order_8ba433b2c5,pay_c1a50c664b,2026-08-01 20:27:09.788603,723.7,upi,electronics,0,7,0.09926523448070831,20,1,0,4.1,17.5,0
order_5bd3e353db,pay_07c8ef7f0c,2026-08-10 23:01:45.788603,2193.03,upi,apparel,0,6,0.0017335127599119365,23,0,1,27.7,158.3,0
order_529f22de57,pay_be2dc8800f,2026-08-11 07:17:19.788603,577.04,card,electronics,0,6,0.15068327842925056,7,0,0,33.0,62.3,0
order_5356aa22b6,pay_69214ac224,2026-08-01 22:57:00.788603,797.59,card,grocery,0,4,0.2411706228834268,22,1,0,12.8,108.7,0
order_e157932375,pay_edf5eecd46,2026-08-08 21:30:22.788603,346.23,upi,electronics,1,0,0.0,21,1,0,7.2,53.2,0
order_b6d8ca3586,pay_49bdf9ff75,2026-08-16 15:11:41.788603,2044.47,netbanking,electronics,0,5,0.37147309246899246,15,1,0,17.3,15.9,1
order_3ba404ed7d,pay_d3dda7e994,2026-08-07 21:37:05.788603,342.91,cod,electronics,0,5,0.16953852185698873,21,0,0,25.4,44.7,1
order_d2312d8ae8,pay_5574ee4260,2026-08-11 12:37:31.788603,585.66,netbanking,grocery,1,0,0.0,12,0,0,8.6,11.5,0
order_1df6a03f2d,pay_3a111b8def,2026-08-09 13:25:39.788603,801.12,upi,home,0,9,0.27195614957602715,13,1,0,19.1,37.3,0
order_c07bee5c7e,pay_663e22da27,2026-08-23 16:18:29.788603,321.98,upi,apparel,0,8,0.011811706914811065,16,1,0,18.3,21.3,0
order_1943b7e26c,pay_7bcedca1ce,2026-08-05 20:55:45.788603,358.64,card,home,0,3,0.051625387680814476,20,0,0,14.8,14.6,0
order_092e08f1a8,pay_1a29d5c5ce,2026-08-14 10:52:26.788603,8402.05,cod,electronics,1,0,0.0,10,0,0,12.2,29.5,0
order_5d0a168ba9,pay_169a0f3a1e,2026-07-30 19:05:49.788603,375.42,cod,grocery,1,0,0.0,19,0,0,1.4,36.2,1
order_654ee062ad,pay_57833df3b1,2026-08-05 17:27:27.788603,533.57,cod,digital,0,4,0.28063280790685935,17,0,0,21.0,121.1,0
order_1f2a6452e4,pay_d6649d12b8,2026-08-03 00:50:45.788603,672.46,cod,apparel,0,7,0.16951620119434552,0,0,1,13.6,91.6,1
order_3d37a9e391,pay_06bc945f93,2026-08-12 08:17:36.788603,222.28,cod,digital,0,2,0.003488433637228395,8,0,0,7.0,11.3,0
order_0d222f0097,pay_83ea5c3496,2026-08-22 10:50:13.788603,1789.05,netbanking,apparel,0,3,0.07690004760539824,10,1,0,6.0,257.3,0
order_95fedaf67f,pay_ff1c99ebb3,2026-08-25 00:03:41.788603,482.22,wallet,electronics,1,0,0.0,0,0,1,18.8,89.4,0
order_452a036e58,pay_63b6c20936,2026-08-23 16:07:24.788603,6339.38,upi,grocery,1,0,0.0,16,1,0,5.2,62.1,0
order_0fab6f8ec6,pay_5cc68168ab,2026-08-13 00:07:33.788603,1321.95,upi,electronics,1,0,0.0,0,0,1,10.4,333.8,0
order_177c199abd,pay_736d1a71e5,2026-08-02 01:35:27.788603,291.69,netbanking,home,0,5,0.4175734903083293,1,1,1,15.2,77.8,1
order_fa7970cbee,pay_030bccaa73,2026-08-01 11:31:00.788603,293.8,cod,electronics,0,4,0.21287785833761505,11,1,0,5.0,39.3,1
order_41df04dabc,pay_fa35e71cf2,2026-07-30 22:03:49.788603,1024.24,upi,electronics,1,0,0.0,22,0,0,0.0,77.6,0
order_865fe4e619,pay_6562c6abce,2026-08-15 23:21:28.788603,1113.42,cod,grocery,0,7,0.1896613896712814,23,1,1,10.3,37.5,1
order_53b1df8865,pay_db3a1a467e,2026-08-19 12:21:23.788603,833.02,cod,home,1,0,0.0,12,0,0,21.0,82.8,0
order_8ba875377f,pay_7ed3e3d189,2026-08-25 03:54:12.788603,80.08,cod,grocery,1,0,0.0,3,0,1,1.3,113.3,0
order_99e37db4c9,pay_48370d88b2,2026-08-07 10:30:42.788603,165.76,upi,digital,0,3,0.11748446429784103,10,0,0,6.0,27.8,0
order_a210d1490b,pay_d3803e04f5,2026-07-28 15:31:39.788603,602.17,upi,electronics,0,4,0.036634908310580035,15,0,0,6.3,133.3,1
order_562a987603,pay_238568e548,2026-08-06 16:23:21.788603,415.3,card,apparel,0,5,0.029148107989310865,16,0,0,17.9,63.1,0
order_a900009111,pay_1a310b1515,2026-08-24 02:32:54.788603,955.07,upi,digital,0,6,0.11677444298605283,2,0,1,28.8,47.2,0
order_93da1b2eef,pay_a8f7114ff6,2026-08-26 12:09:25.788603,1427.88,wallet,grocery,0,1,0.33710436565914087,12,0,0,13.4,72.3,0
order_30ea69d5af,pay_99ddaca191,2026-08-02 13:20:23.788603,3127.49,upi,electronics,0,6,0.1764922846891825,13,1,0,23.6,9.7,0
order_aba997c8a1,pay_263a28913a,2026-07-28 18:15:31.788603,1147.39,card,apparel,0,7,0.07608394148029862,18,0,0,0.6,141.2,1
order_4f78e517fe,pay_679ab7cfa6,2026-08-18 07:08:34.788603,252.07,card,home,1,0,0.0,7,0,0,3.0,20.0,0
order_4d38a2babb,pay_4c082ac314,2026-08-12 14:16:29.788603,284.38,upi,grocery,1,0,0.0,14,0,0,12.8,32.8,0
order_bbf742b573,pay_cb3b3e2f9a,2026-08-18 11:53:16.788603,777.94,card,digital,0,4,0.3962074562125321,11,0,0,20.3,56.2,0
order_65b299cd9c,pay_1a1d131aa8,2026-08-24 17:01:45.788603,436.72,cod,grocery,0,4,0.3082564284393873,17,0,0,9.7,27.6,0
order_c55b343137,pay_3d2bd53be7,2026-08-08 02:18:10.788603,147.49,wallet,home,0,6,0.13133995641936663,2,1,1,23.7,43.2,0
order_fd18ed4d34,pay_819d5447d4,2026-08-25 01:50:23.788603,1923.88,cod,grocery,0,6,0.44287030452972476,1,0,1,2.8,17.9,0
order_b514384aaf,pay_ca8501734d,2026-08-26 14:50:34.788603,873.55,netbanking,home,0,7,0.22950444419590604,14,0,0,6.2,53.4,0
order_f1db63a4c8,pay_7a0c21f6ee,2026-08-24 12:56:10.788603,279.51,cod,electronics,0,2,0.43996829330081977,12,0,0,2.1,95.7,0
order_38ab239d2c,pay_89460c3094,2026-08-15 18:58:44.788603,627.94,cod,grocery,0,3,0.12059977192025202,18,1,0,30.8,143.0,0
order_e1d07041ff,pay_42c1a12c72,2026-07-31 20:25:36.788603,544.53,cod,home,0,2,0.07378516099036064,20,0,0,5.9,121.1,0
order_1114fc3c67,pay_0d61ce2be6,2026-08-09 20:46:27.788603,1114.71,netbanking,grocery,0,4,0.18583919765541915,20,1,0,8.6,30.9,0
order_2c355d7459,pay_9df0b990ef,2026-08-24 22:25:53.788603,429.14,upi,home,1,0,0.0,22,0,0,49.1,97.0,0
order_23fb68a50b,pay_cb67e98562,2026-08-09 05:43:46.788603,1564.84,card,home,1,0,0.0,5,1,0,5.3,14.5,1
order_a79979583d,pay_28e48daf00,2026-08-22 08:16:31.788603,910.85,upi,apparel,1,0,0.0,8,1,0,19.3,30.2,0
order_545e02988b,pay_cc32295aba,2026-07-29 17:58:58.788603,343.56,netbanking,apparel,0,5,0.020772695804156274,17,0,0,16.8,53.2,0
order_bae89f6bbf,pay_525d9a5b11,2026-07-31 13:33:15.788603,478.02,cod,home,1,0,0.0,13,0,0,9.8,48.7,0
order_a258c87302,pay_3990c21aec,2026-08-23 21:30:27.788603,793.99,card,grocery,0,5,0.09117483226989274,21,1,0,9.8,26.4,0
order_0323ac1bd5,pay_e2cba7f3c9,2026-08-12 15:12:54.788603,813.66,card,home,1,0,0.0,15,0,0,5.2,37.1,0
order_e21affe492,pay_02c0d0be6b,2026-08-12 18:16:34.788603,3357.77,cod,home,0,9,0.05103082463515725,18,0,0,40.3,13.6,0
order_bbf55b2eb7,pay_2020a91fde,2026-08-01 10:12:23.788603,1134.84,upi,home,1,0,0.0,10,1,0,3.4,12.1,0
order_482c9f3722,pay_e720a76110,2026-08-03 05:48:43.788603,702.35,netbanking,grocery,1,0,0.0,5,0,0,7.1,24.8,0
order_3525def9a6,pay_cf8d65fe01,2026-08-13 08:47:16.788603,595.76,upi,electronics,0,6,0.08789844121640376,8,0,0,1.8,32.6,0
order_d026e0b790,pay_7692d8ebcb,2026-08-11 05:02:30.788603,73.58,upi,grocery,0,4,0.059711170422500744,5,0,0,12.6,70.6,0
order_840d48ae94,pay_f703335ac1,2026-08-08 16:14:56.788603,1356.63,cod,electronics,0,5,0.14495960296067895,16,1,0,1.3,40.3,0
order_6e017c211a,pay_e2f9b279ed,2026-08-15 10:28:08.788603,332.9,upi,home,1,0,0.0,10,1,0,3.9,34.2,0
order_893adaeba0,pay_5e5283a428,2026-07-28 19:19:17.788603,4715.71,card,grocery,1,0,0.0,19,0,0,13.4,30.2,0
order_0077aec641,pay_dc86237839,2026-08-22 04:35:58.788603,911.03,card,apparel,1,0,0.0,4,1,1,2.2,72.2,0
order_e39b3bb94e,pay_7d99241d32,2026-08-26 12:59:29.788603,474.1,wallet,electronics,1,0,0.0,12,0,0,10.5,34.3,0
order_2558a6f184,pay_483aaa77c0,2026-08-15 03:58:03.788603,595.27,cod,grocery,0,5,0.16450080826817834,3,1,1,1.0,24.5,1
order_d17db76829,pay_fafd63bcd5,2026-08-23 06:32:33.788603,299.08,upi,apparel,1,0,0.0,6,1,0,16.4,237.4,0
order_6c80fab93b,pay_bd99953019,2026-07-30 11:20:47.788603,529.99,cod,apparel,0,8,0.21092153228491045,11,0,0,5.8,42.2,0
order_7d155beeb8,pay_60914cc30c,2026-08-11 17:06:16.788603,760.4,upi,grocery,0,6,0.26016399981630395,17,0,0,32.3,43.8,1
order_da382f6f68,pay_397992d341,2026-08-24 21:03:33.788603,920.56,cod,grocery,1,0,0.0,21,0,0,2.3,37.8,0
order_969dc49783,pay_106b6c19df,2026-08-14 23:09:15.788603,1162.28,cod,grocery,0,5,0.4689726460656263,23,0,1,11.0,49.5,1
order_beab5ba6d9,pay_ef76ea2683,2026-07-31 05:43:10.788603,225.41,wallet,electronics,0,7,0.026163909153489123,5,0,0,7.5,155.2,0
order_f27bbcb637,pay_3828ba74c4,2026-08-10 03:31:53.788603,3472.45,upi,apparel,1,0,0.0,3,0,1,10.7,85.7,0
order_c41ef0ae17,pay_2e0952b404,2026-08-09 12:46:59.788603,1630.09,cod,grocery,0,4,0.14080137076848842,12,1,0,3.1,96.3,1
order_d5e42d49dc,pay_a67e05c792,2026-08-15 07:45:31.788603,347.47,cod,apparel,0,7,0.24645500632404319,7,1,0,29.6,172.1,0
order_7e6d7e1bb7,pay_a2b8908150,2026-08-21 01:04:29.788603,729.12,card,digital,1,0,0.0,1,0,1,60.5,150.8,0
order_ee8fcef3c8,pay_766dc28e0f,2026-08-19 05:46:49.788603,1214.93,upi,electronics,0,4,0.11007453550878142,5,0,0,13.3,161.5,0
order_1a452b7a1b,pay_2db9f6a901,2026-08-26 19:54:43.788603,416.06,card,apparel,0,3,0.09307602011933494,19,0,0,28.5,55.6,0
order_d558d347a5,pay_d8bd6d0d3c,2026-08-23 22:03:02.788603,133.26,cod,apparel,0,5,0.07670898863128153,22,1,0,9.4,60.6,0
order_ed69e10377,pay_ed31a0e8da,2026-07-30 10:35:44.788603,283.31,card,electronics,1,0,0.0,10,0,0,33.4,46.9,0
order_06e97f876e,pay_0aeb2342b1,2026-08-03 21:30:11.788603,133.84,cod,grocery,0,4,0.03710603011182005,21,0,0,36.1,21.0,0
order_26a29cdbfe,pay_c51a20441b,2026-08-23 08:12:07.788603,1775.61,upi,home,0,2,0.3569204958210708,8,1,0,37.2,56.6,0
order_1356adc31d,pay_8822c5e692,2026-08-12 02:18:36.788603,643.1,cod,home,1,0,0.0,2,0,1,8.0,11.7,0
order_a9ba0bda50,pay_96dabcbd64,2026-08-11 03:18:53.788603,2577.15,cod,apparel,0,4,0.15489625954895744,3,0,1,30.1,24.3,0
order_b999b09f64,pay_c3de4f26e9,2026-08-01 07:12:33.788603,519.85,card,digital,0,4,0.4576083281506244,7,1,0,27.2,39.9,0
order_cc82e6d215,pay_5b13499929,2026-08-01 21:56:40.788603,375.64,upi,apparel,0,7,0.3142775354907015,21,1,0,37.2,40.0,0
order_23c1c0189b,pay_76dc47da76,2026-08-10 18:54:24.788603,96.82,upi,apparel,0,4,0.015033548403938616,18,0,0,4.2,52.1,0
order_fa33b7aeb6,pay_0e16112d6d,2026-08-20 12:40:43.788603,736.53,cod,grocery,0,4,0.031759302934667034,12,0,0,6.4,112.5,0
order_15ca3d4a35,pay_fe390b244b,2026-07-31 21:17:33.788603,146.48,upi,digital,1,0,0.0,21,0,0,15.3,47.5,0
order_3bf3aba2ce,pay_6b48c6a1b9,2026-08-13 13:20:42.788603,336.63,card,apparel,0,8,0.6101024242433757,13,0,0,0.2,148.7,1
order_8ac603934b,pay_2522ffbae2,2026-08-13 03:15:53.788603,384.9,upi,apparel,1,0,0.0,3,0,1,4.4,24.1,0
order_5b1f3338c5,pay_b49c3bc9e8,2026-08-16 02:40:42.788603,233.0,card,apparel,1,0,0.0,2,1,1,25.5,84.7,0
order_f321e769e2,pay_7cecef7eb0,2026-08-09 17:42:49.788603,752.88,card,apparel,0,7,0.30467290904043204,17,1,0,11.0,19.3,1
order_bacf9c51b8,pay_0af73b64f9,2026-08-14 07:32:57.788603,3696.96,wallet,apparel,1,0,0.0,7,0,0,4.0,71.7,0
order_495e54f12e,pay_01a0050ffa,2026-08-26 20:29:15.788603,203.77,card,digital,0,5,0.21900066905843316,20,0,0,73.0,279.1,0
order_c5ac35489f,pay_58d4754cfb,2026-08-24 21:55:20.788603,1273.88,upi,grocery,0,0,0.66224208806806,21,0,0,7.3,24.9,0
order_27c88828fc,pay_0a1bb14cff,2026-08-17 13:24:05.788603,644.3,netbanking,electronics,1,0,0.0,13,0,0,11.1,147.6,1
order_9a650cbde9,pay_f20dc44729,2026-08-16 23:39:34.788603,4446.8,cod,digital,1,0,0.0,23,1,1,46.5,61.2,0
order_6e27ddd6c5,pay_11c5eb9688,2026-08-17 07:13:40.788603,82.93,upi,digital,0,4,0.6060457708401829,7,0,0,15.2,20.7,0
order_5512f9ac90,pay_ba11f0d54f,2026-08-04 07:31:04.788603,1013.51,upi,apparel,0,4,0.08210259123169171,7,0,0,25.2,49.1,1
order_65d4134a81,pay_aeebc6c345,2026-07-30 02:07:14.788603,488.59,card,apparel,0,4,0.3670215953727728,2,0,1,2.2,27.8,1
order_5b61044b9e,pay_662153cea8,2026-08-20 13:27:17.788603,2518.93,card,digital,0,5,0.03833468082328073,13,0,0,8.6,18.8,0
order_ef254870a3,pay_b3c78e83f6,2026-08-01 01:46:34.788603,367.78,netbanking,apparel,0,7,0.058227428212678144,1,1,1,3.1,84.6,0
order_038408a1a0,pay_5b1ceff8e0,2026-08-09 07:18:21.788603,472.99,upi,apparel,0,3,0.37180370142748365,7,1,0,4.8,34.3,1
order_1afb59cf39,pay_a9ba7dfb84,2026-08-24 00:22:10.788603,1480.53,cod,electronics,1,0,0.0,0,0,1,2.5,46.1,0
order_38836eb0c6,pay_b8441e2466,2026-08-06 23:50:37.788603,2547.0,cod,home,0,8,0.34604661010709165,23,0,1,9.2,108.1,1
order_f18c05c7bf,pay_c09a939956,2026-08-02 07:12:58.788603,410.22,card,digital,0,4,0.011779553599108376,7,1,0,24.1,12.0,1
order_4a5ff16939,pay_ed931ec6a5,2026-08-21 15:43:54.788603,1057.39,card,electronics,1,0,0.0,15,0,0,2.7,14.6,0
order_f1a8170ad7,pay_3f27ab9121,2026-08-26 04:38:48.788603,709.0,upi,home,1,0,0.0,4,0,1,8.8,49.3,0
order_0fb6df16c6,pay_e8965809d7,2026-07-28 23:12:00.788603,1010.77,card,apparel,1,0,0.0,23,0,1,24.7,42.5,0
order_ef32c1bb3e,pay_e1dcec3002,2026-08-27 01:15:59.788603,162.63,card,apparel,1,0,0.0,1,0,1,26.3,104.3,0
order_1001f12227,pay_ed4d687b06,2026-08-09 13:25:03.788603,334.55,upi,digital,1,0,0.0,13,1,0,16.9,55.2,0
order_c917dba1a7,pay_cf0c3c99e7,2026-08-22 06:44:04.788603,1086.02,upi,grocery,0,7,0.21948947252863005,6,1,0,17.7,266.7,1
order_a7109bc3e0,pay_1193e976a5,2026-08-23 00:56:53.788603,264.74,cod,electronics,0,8,0.10855467398087186,0,1,1,0.3,49.1,0
order_e3e840c3ee,pay_57cc4df60e,2026-08-02 16:03:16.788603,749.29,upi,apparel,0,9,0.12997827988860589,16,1,0,15.4,108.1,0
order_65f5c5eb33,pay_e5902ab715,2026-08-03 06:18:19.788603,196.1,cod,grocery,0,8,0.04430777944670973,6,0,0,2.5,93.8,0
order_57ceb07740,pay_78409d2934,2026-08-25 10:30:01.788603,649.76,card,apparel,1,0,0.0,10,0,0,1.6,187.9,0
order_57ed459724,pay_a1eca0257e,2026-08-19 22:44:16.788603,1897.91,upi,grocery,0,10,0.020486057820801994,22,0,0,22.4,60.0,0
order_4149217183,pay_6fc28df43d,2026-07-31 11:01:09.788603,1322.75,upi,grocery,1,0,0.0,11,0,0,0.9,15.1,0
order_3a7852b433,pay_73ac98d205,2026-08-22 01:15:09.788603,2280.65,upi,electronics,0,5,0.21566010717125794,1,1,1,9.8,90.7,0
order_a58811d92e,pay_e01348e9ae,2026-08-06 03:24:01.788603,1818.3,upi,home,0,6,0.24780488601402725,3,0,1,8.7,62.5,0
order_ae64db35e5,pay_3e64961566,2026-08-21 23:24:27.788603,384.8,card,grocery,1,0,0.0,23,0,1,0.6,7.7,0
order_cdac900fbc,pay_4f03cebde8,2026-08-09 16:43:49.788603,1424.72,cod,electronics,0,1,0.14915484905720217,16,1,0,6.1,52.2,0
order_456cd48df7,pay_b994ac5134,2026-08-23 18:41:09.788603,126.27,upi,grocery,0,6,0.183329259162761,18,1,0,29.5,33.7,0
order_5705e32093,pay_0e81dbcf14,2026-08-11 20:46:14.788603,573.75,card,home,0,2,0.04230202298135068,20,0,0,2.8,157.9,0
order_bc1be149a5,pay_957d460aa0,2026-08-21 04:17:36.788603,698.48,upi,home,0,8,0.000288336934686649,4,0,1,8.8,32.0,0
order_81b993ff36,pay_3d9c332883,2026-08-14 12:15:47.788603,775.83,cod,home,0,3,0.0475970492040083,12,0,0,14.4,48.9,0
order_71650e8e9f,pay_760fa45ffe,2026-08-01 07:18:49.788603,613.56,upi,grocery,1,0,0.0,7,1,0,24.2,46.7,0
order_6885019142,pay_2a96add2df,2026-08-11 19:16:46.788603,307.03,upi,apparel,0,7,0.24152872700390696,19,0,0,1.7,19.7,0
order_cbce48f120,pay_11dd75333b,2026-07-29 00:03:00.788603,456.27,upi,apparel,0,4,0.005381999221529567,0,0,1,8.7,115.0,0
order_df0a60c132,pay_a3b2fe53f7,2026-08-08 16:45:35.788603,355.62,cod,grocery,0,4,0.1718265186095836,16,1,0,10.1,49.9,0
order_73502f2a99,pay_8aed2bf0e0,2026-08-19 10:03:58.788603,1993.55,cod,apparel,0,9,0.4788894493136787,10,0,0,4.9,29.5,0
order_bafcafcd65,pay_603f7c3ae1,2026-08-05 11:30:48.788603,750.89,card,home,0,7,0.239061972229919,11,0,0,14.9,35.9,0
order_6717c96dd3,pay_3e1915cf4a,2026-08-24 05:16:01.788603,196.08,wallet,grocery,1,0,0.0,5,0,0,21.9,58.4,1
order_f3c5e239a0,pay_79b98f48e2,2026-08-15 14:05:32.788603,724.1,upi,apparel,1,0,0.0,14,1,0,13.2,71.2,0
order_7b4c0f08c2,pay_fb679b1c8b,2026-08-26 19:44:23.788603,347.39,upi,apparel,0,4,0.24981287176040906,19,0,0,2.4,85.2,0
order_a94b87e10a,pay_9c6763a16e,2026-08-27 04:39:21.788603,483.21,wallet,apparel,1,0,0.0,4,0,1,38.3,76.9,0
order_84ee7e78c3,pay_e4aa40a93f,2026-08-19 03:38:28.788603,874.25,cod,grocery,1,0,0.0,3,0,1,12.7,145.3,0
order_b00f5663a6,pay_43d8c4af08,2026-08-23 11:45:49.788603,518.38,upi,electronics,0,4,0.1262436574968368,11,1,0,2.5,66.7,0
order_621b5b6975,pay_1d6fa9c63b,2026-08-11 06:59:20.788603,3675.53,upi,home,1,0,0.0,6,0,0,17.7,109.9,0
order_922b9c2af7,pay_202f67ba98,2026-07-28 22:11:18.788603,696.06,netbanking,apparel,0,8,0.4703739166133048,22,0,0,10.1,52.7,0
order_ec263bbb71,pay_25234484d8,2026-08-23 18:29:54.788603,454.64,upi,digital,0,1,0.619048401679524,18,1,0,3.2,178.2,0
order_bd27f597c1,pay_c909667a68,2026-08-11 06:51:56.788603,423.06,netbanking,grocery,1,0,0.0,6,0,0,4.4,23.6,0
order_cb31e98f72,pay_626a8df5b7,2026-08-12 10:15:12.788603,562.24,upi,home,0,5,0.3745201538709844,10,0,0,5.0,36.3,1
order_b4e85a91a4,pay_47e1d76ef4,2026-08-09 19:20:21.788603,235.36,card,electronics,0,7,0.026692239132339493,19,1,0,16.2,81.3,0
order_839bf0c153,pay_7bd980449f,2026-08-06 03:32:04.788603,1894.9,card,grocery,0,7,0.007606714601212553,3,0,1,16.0,24.7,0
order_950dad8d15,pay_da5414d8e1,2026-08-04 06:42:31.788603,1039.1,cod,grocery,0,8,0.06687461693080332,6,0,0,6.3,29.4,1
order_c9fa0aa216,pay_785fd97eb6,2026-08-24 22:19:00.788603,4339.75,upi,electronics,0,6,0.011701426885730169,22,0,0,3.3,64.7,0
order_5b85f760fa,pay_446b08c572,2026-08-08 01:20:43.788603,891.49,upi,electronics,0,5,0.0717365047847981,1,1,1,10.6,63.1,0
order_4d2847b4c4,pay_fa2f5434db,2026-08-03 07:36:48.788603,719.73,upi,electronics,0,8,0.5018121680171882,7,0,0,0.3,46.2,0
order_147e2d2701,pay_5f17b62a2c,2026-08-20 01:42:17.788603,725.4,netbanking,apparel,1,0,0.0,1,0,1,0.6,91.4,0
order_a3f59b8627,pay_f3cef14a07,2026-08-23 21:50:24.788603,2831.6,card,digital,1,0,0.0,21,1,0,6.9,64.9,0
order_2a7ff2d249,pay_1ab3ef71cd,2026-08-24 12:33:01.788603,4718.33,upi,electronics,1,0,0.0,12,0,0,29.0,57.3,0
order_05b1055060,pay_1319419516,2026-08-08 08:45:18.788603,441.02,card,home,1,0,0.0,8,1,0,14.7,19.9,0
order_ad97858c8e,pay_abfb3dcb97,2026-07-29 12:23:59.788603,873.29,upi,apparel,1,0,0.0,12,0,0,30.8,136.5,0
order_4d46df9394,pay_6e28eeb810,2026-08-19 22:31:24.788603,642.93,upi,home,0,4,0.15012129619929512,22,0,0,21.0,22.8,0
order_72835047a9,pay_76b7efd7ad,2026-07-30 17:49:52.788603,1376.93,cod,apparel,0,1,0.16227526766519565,17,0,0,6.1,281.2,0
order_46c7367fe7,pay_c7ad759ff6,2026-08-27 07:00:15.788603,3817.6,cod,electronics,0,6,0.06686225814098276,7,0,0,52.8,137.9,1
order_917364a07d,pay_9930235f93,2026-08-02 01:29:38.788603,295.17,cod,grocery,0,3,0.09808673392137096,1,1,1,32.5,29.2,1
order_b2bd949cbe,pay_5df7f44f5b,2026-08-06 09:57:25.788603,444.75,cod,digital,0,9,0.10957986911885727,9,0,0,16.7,122.1,0
order_978ce93cf4,pay_1749956df5,2026-08-07 11:56:14.788603,664.25,cod,home,0,4,0.23729425563311715,11,0,0,2.8,68.9,1
order_04536844e0,pay_ffa82796f5,2026-08-12 20:23:08.788603,1001.12,card,grocery,0,7,0.1847660049340668,20,0,0,6.2,79.4,0
order_be8383b4f2,pay_9b5f9331b3,2026-08-26 09:21:45.788603,2343.68,cod,home,0,4,0.006277750566614494,9,0,0,13.2,33.5,0
order_dea6b051bc,pay_d64f6e4021,2026-08-05 11:33:34.788603,369.76,card,digital,1,0,0.0,11,0,0,28.1,19.5,0
order_fc0f83cf15,pay_bd706588c9,2026-08-21 19:34:47.788603,870.46,upi,apparel,1,0,0.0,19,0,0,3.7,43.8,0
order_caa75257bb,pay_afd06a45d2,2026-08-19 09:26:49.788603,1198.92,card,electronics,0,4,0.047410984246361164,9,0,0,10.4,42.3,0
order_fbad12dbb4,pay_e99eb752e1,2026-08-03 02:00:45.788603,719.05,upi,digital,0,2,0.03308563569634608,2,0,1,10.3,35.6,1
order_826f40843d,pay_504c61e14c,2026-08-07 16:52:09.788603,684.17,upi,grocery,0,4,0.0751105028938918,16,0,0,20.4,20.9,0
order_271b43baf7,pay_44ea67bc99,2026-08-05 09:46:43.788603,360.66,wallet,digital,0,3,0.1686485705679524,9,0,0,15.5,65.5,0
order_f22b03c811,pay_03760bdef5,2026-08-06 12:53:18.788603,159.7,upi,home,0,5,0.18849699418020235,12,0,0,9.5,41.1,0
order_ba495b1395,pay_cdb31a017c,2026-08-20 06:02:50.788603,357.12,card,grocery,0,4,0.28642037681702515,6,0,0,10.1,24.2,0
order_45dcff8a60,pay_7fc818c0c2,2026-08-23 11:39:28.788603,738.01,card,home,0,5,0.01532702340940503,11,1,0,29.0,250.5,0
order_412c8beba8,pay_5c7d90d49d,2026-08-07 04:00:50.788603,2511.36,card,grocery,0,5,0.06363278151284558,4,0,1,3.0,29.6,1
order_443019ca7b,pay_9902892fca,2026-08-21 21:48:41.788603,148.62,card,apparel,1,0,0.0,21,0,0,30.6,34.4,0
order_ad769e17c8,pay_1162f1e077,2026-08-08 15:43:12.788603,405.77,upi,digital,1,0,0.0,15,1,0,27.6,18.7,0
order_a75e8201c0,pay_028f994b94,2026-08-22 02:03:52.788603,643.45,card,apparel,1,0,0.0,2,1,1,18.3,36.7,0
order_9c5ba4fa88,pay_09a1ecc6ff,2026-08-04 19:43:13.788603,245.85,card,apparel,0,6,0.1763327210043463,19,0,0,26.4,26.0,0
order_aac84c953b,pay_d7cd63576a,2026-08-12 02:45:46.788603,547.89,wallet,electronics,0,3,0.25665153084860154,2,0,1,22.2,380.2,0
order_0a412bce06,pay_498fc0da4a,2026-08-18 14:10:37.788603,1775.3,wallet,home,0,3,0.020516790896550886,14,0,0,0.8,162.2,0
order_3df23f1ea0,pay_c68f2e0ecb,2026-08-24 03:30:04.788603,551.53,upi,electronics,0,4,0.3683907075537886,3,0,1,6.6,20.2,0
order_d11c95630d,pay_cbca04efc7,2026-08-06 07:31:30.788603,1182.85,card,apparel,0,4,0.10605976369299548,7,0,0,12.8,209.6,0
order_acac448246,pay_8708cba094,2026-07-31 15:59:46.788603,6270.38,upi,electronics,0,8,0.13756736252844712,15,0,0,4.9,81.0,0
order_33ab456df4,pay_62950b52d8,2026-08-10 07:12:44.788603,227.19,upi,home,0,2,0.326140700755205,7,0,0,1.9,90.4,0
order_78815e0313,pay_734aa8fcbc,2026-08-26 18:46:54.788603,248.72,card,home,0,5,0.009938543675689901,18,0,0,11.2,94.8,0
order_dc127c3f66,pay_9122d1fa3c,2026-08-18 18:27:24.788603,141.23,cod,apparel,0,1,0.27063096920092117,18,0,0,2.2,14.7,1
order_585bd1eeaa,pay_ca3a1a92e6,2026-08-19 05:58:12.788603,839.74,upi,home,1,0,0.0,5,0,0,3.1,98.4,0
order_5d3e37f79a,pay_e016df63e6,2026-08-03 12:01:21.788603,1155.82,cod,apparel,0,1,0.031937885433090916,12,0,0,42.1,69.8,0
order_e377336e7b,pay_82f697745a,2026-08-10 05:14:53.788603,94.71,upi,electronics,1,0,0.0,5,0,0,3.9,49.4,0
order_5c0165ce7f,pay_93c85c8b24,2026-07-30 03:07:21.788603,2208.95,cod,apparel,0,4,0.32392826894890137,3,0,1,4.3,27.5,0
order_9f28a81bf1,pay_f49ca65879,2026-08-08 05:38:59.788603,2369.46,upi,grocery,0,8,0.25477124381824856,5,1,0,21.5,63.3,0
order_64c820237e,pay_7b68dd486d,2026-08-03 13:51:20.788603,233.57,upi,home,0,2,0.10255644243412791,13,0,0,16.0,36.0,0
order_082efb50cb,pay_82bc4f2870,2026-08-17 22:21:18.788603,1651.8,card,electronics,0,6,0.489999437975326,22,0,0,26.2,59.8,0
order_0374a86a7d,pay_007f457c64,2026-08-06 15:28:24.788603,233.31,card,grocery,0,4,0.045071075166294446,15,0,0,10.3,66.4,0
order_3423e33377,pay_38eb6db0c6,2026-08-17 00:24:20.788603,1552.77,upi,digital,0,8,0.12611550024908835,0,0,1,4.6,53.0,0
order_7771e08e17,pay_5685636df8,2026-08-18 23:52:16.788603,5230.24,upi,grocery,1,0,0.0,23,0,1,16.2,11.7,0
order_e0f62272d8,pay_b2f4bc9b50,2026-08-19 04:12:23.788603,869.6,wallet,digital,0,7,0.14476293472834229,4,0,1,18.8,154.7,0
order_2010c71bff,pay_ab68fcb3d0,2026-08-14 04:08:53.788603,775.8,card,apparel,1,0,0.0,4,0,1,3.6,75.7,0
order_109a2d4c53,pay_38d67fd5d8,2026-08-26 12:35:47.788603,790.94,card,grocery,1,0,0.0,12,0,0,18.5,10.4,0
order_87e80241c1,pay_df8dfe5d4a,2026-08-02 12:41:17.788603,544.58,upi,electronics,0,5,0.2086189262350068,12,1,0,44.6,31.8,0
order_98cfd8351c,pay_516a30df91,2026-08-18 07:20:56.788603,209.76,netbanking,grocery,0,6,0.08896896417875269,7,0,0,16.7,152.9,0
order_516bbfb905,pay_e822be681a,2026-08-23 01:04:09.788603,624.3,upi,home,0,7,0.447261432121544,1,1,1,9.0,103.3,0
order_590bb469dc,pay_063b935089,2026-08-16 17:36:43.788603,2674.25,wallet,electronics,1,0,0.0,17,1,0,9.8,23.9,0
order_08b384fed3,pay_84ef469292,2026-08-02 02:36:02.788603,1458.44,cod,digital,1,0,0.0,2,1,1,0.1,120.5,0
order_530de40f0e,pay_a44e3a4a50,2026-08-12 19:30:50.788603,75.87,cod,digital,0,5,0.016552981031871694,19,0,0,4.5,44.9,0
order_dcbe3761ad,pay_d5357fd765,2026-08-16 17:17:37.788603,2285.29,upi,grocery,0,7,0.0757642311448863,17,1,0,23.7,55.5,0
order_a37f627b75,pay_bc36e61eb1,2026-08-18 03:57:55.788603,535.71,cod,apparel,0,7,0.25203271404821803,3,0,1,2.4,90.7,1
order_78c3017379,pay_b37e767255,2026-08-14 05:32:15.788603,442.21,card,apparel,0,6,0.03607911466854679,5,0,0,1.4,10.0,1
order_efda6cf751,pay_8fe762362a,2026-08-11 00:30:54.788603,1205.34,upi,apparel,0,6,0.214536693191807,0,0,1,0.6,91.8,0
order_c539ff3229,pay_d8acf7d2a2,2026-08-06 12:26:24.788603,1057.52,wallet,grocery,1,0,0.0,12,0,0,33.6,7.6,0
order_f82cdf3cb3,pay_991a89fe11,2026-08-23 03:18:16.788603,487.81,cod,grocery,0,4,0.07591984277651569,3,1,1,10.0,51.5,0
order_a3d1306bc9,pay_a2088d1904,2026-08-05 06:21:04.788603,10573.86,netbanking,apparel,0,5,0.09311992152785736,6,0,0,3.2,134.9,1
order_a320158941,pay_6b90282a01,2026-08-24 02:39:03.788603,466.06,upi,home,0,7,0.5197426040999115,2,0,1,16.1,36.5,0
order_975b670699,pay_756b53d264,2026-08-10 01:24:15.788603,2426.45,cod,apparel,0,4,0.0405789993384031,1,0,1,28.0,48.8,0
order_778daac83d,pay_0393142407,2026-08-03 19:55:08.788603,778.12,netbanking,grocery,0,4,0.06156773587330255,19,0,0,43.1,74.0,0
order_43725a061f,pay_26510621f3,2026-08-20 05:31:10.788603,1533.86,netbanking,electronics,0,5,0.07206622932370163,5,0,0,5.2,28.2,0
order_afd2fa2462,pay_65cc959db3,2026-08-19 01:57:59.788603,190.22,card,apparel,0,9,0.0809602495889293,1,0,1,1.1,51.7,0
order_b0c087ab0c,pay_d6c85bd17e,2026-08-10 22:43:31.788603,1074.97,cod,electronics,0,5,0.1383171830380787,22,0,0,5.7,34.1,0
order_8fb8a9c10d,pay_ccd986973d,2026-08-01 09:12:52.788603,135.24,card,digital,0,3,0.06857559977668648,9,1,0,2.2,58.7,0
order_a9eaccf278,pay_9bd0f0a1a2,2026-07-29 09:32:50.788603,727.99,upi,digital,0,6,0.5105916961066544,9,0,0,88.1,143.2,1
order_09e7719d4d,pay_17b48aa560,2026-07-29 15:53:06.788603,909.2,cod,apparel,0,4,0.17266605370753216,15,0,0,7.1,115.6,0
order_d9c4c769fc,pay_c670660845,2026-07-28 19:44:19.788603,4844.69,upi,apparel,0,10,0.2986002200838971,19,0,0,25.1,33.9,0
order_634b55e144,pay_8b208b08ee,2026-08-20 19:15:46.788603,109.23,upi,grocery,0,5,0.1682555225684778,19,0,0,30.1,61.1,0
order_78771db0fd,pay_e11892b9f2,2026-08-16 14:08:54.788603,167.93,upi,apparel,1,0,0.0,14,1,0,2.4,32.6,1
order_7e7447f022,pay_346e61d717,2026-08-11 17:54:50.788603,1489.08,upi,digital,0,2,0.33214491766028453,17,0,0,7.6,55.0,0
order_452ea3ec06,pay_cf73242d4b,2026-08-18 01:04:17.788603,472.12,cod,apparel,0,5,0.4113479477874763,1,0,1,10.8,171.6,1
order_f1e43be637,pay_ab5d679637,2026-08-03 12:20:24.788603,2122.8,upi,apparel,0,7,0.061843087217605786,12,0,0,20.5,40.5,0
order_f41db1396b,pay_22c0ed5c6b,2026-07-30 05:44:29.788603,222.49,netbanking,grocery,1,0,0.0,5,0,0,0.0,16.9,1
order_ecd3f80917,pay_8ff8716eb4,2026-08-01 11:12:05.788603,624.9,netbanking,grocery,0,10,0.08444530406692419,11,1,0,30.3,55.0,0
order_6455577581,pay_b1ef85fd44,2026-08-12 10:07:45.788603,1160.78,cod,digital,0,9,0.2190203258718913,10,0,0,5.8,29.8,0
order_49636fd519,pay_846ed5e3f0,2026-08-11 22:36:34.788603,652.86,netbanking,electronics,1,0,0.0,22,0,0,4.1,88.6,0
order_ba383a2269,pay_a215302538,2026-08-13 06:09:15.788603,804.66,cod,electronics,0,6,0.3022044187498907,6,0,0,7.1,72.5,0
order_23a89585e0,pay_771f0a341c,2026-08-01 21:33:56.788603,275.06,cod,grocery,0,2,0.056909381482592794,21,1,0,33.7,98.9,0
order_eb64e8c3b7,pay_556ebf2d64,2026-08-13 11:38:44.788603,1319.22,netbanking,apparel,0,2,0.024006041491033955,11,0,0,17.6,52.0,0
order_3a2ee352bf,pay_04c54e2bd1,2026-08-20 12:58:20.788603,2112.29,cod,apparel,1,0,0.0,12,0,0,1.5,82.9,1
order_90aa38e20d,pay_4259037e19,2026-08-10 23:15:50.788603,907.55,wallet,electronics,0,5,0.5171090441256984,23,0,1,16.1,7.3,0
order_fb45462504,pay_8540fb33ae,2026-08-20 20:35:29.788603,449.22,upi,electronics,0,7,0.0787643166028256,20,0,0,43.6,136.9,0
order_9bcd8fd871,pay_0cdab58376,2026-08-17 14:21:16.788603,688.49,upi,electronics,1,0,0.0,14,0,0,32.2,52.4,1
order_eaebc36a1a,pay_df3efa8ed4,2026-07-28 12:59:21.788603,1941.13,upi,grocery,0,0,0.03380484429293561,12,0,0,19.3,68.8,0
order_008b34cc02,pay_4b658c6420,2026-08-15 02:03:03.788603,663.49,cod,electronics,0,4,0.15658904389888542,2,1,1,2.6,111.7,0
order_2b0ce351b2,pay_7a7019ae14,2026-08-02 08:47:14.788603,1011.65,cod,apparel,0,5,0.2960347655800801,8,1,0,6.2,95.6,1
order_9e89c4d9e1,pay_6a093accb0,2026-08-12 02:31:50.788603,125.8,upi,electronics,1,0,0.0,2,0,1,19.2,18.0,0
order_dd1ea192c1,pay_9a82119a5f,2026-07-30 15:59:22.788603,385.92,upi,home,0,3,0.34464929717699433,15,0,0,2.3,91.1,0
order_48835b75e6,pay_64cd55b2f9,2026-08-24 04:27:07.788603,247.95,card,digital,1,0,0.0,4,0,1,27.9,21.5,0
order_51daf85218,pay_bd2a5b0095,2026-08-08 15:27:01.788603,485.37,card,apparel,0,6,0.2416736778090825,15,1,0,11.3,166.0,1
order_3aa6bb0ef0,pay_e775efe256,2026-08-10 19:44:14.788603,2660.6,cod,apparel,0,4,0.12558292750118039,19,0,0,1.5,11.6,0
order_b0303b9e8e,pay_9e32180dfd,2026-08-20 05:21:42.788603,121.21,upi,apparel,0,8,0.06192876053689997,5,0,0,13.4,39.5,0
order_d1dfadf5ca,pay_d3621dc793,2026-08-21 10:29:02.788603,1157.43,netbanking,apparel,1,0,0.0,10,0,0,21.5,50.4,0
order_1eac1e9c12,pay_c1e07bd6de,2026-07-30 15:15:15.788603,1259.98,card,apparel,1,0,0.0,15,0,0,0.6,65.5,0
order_d8793a2295,pay_2152df6f3d,2026-07-31 08:02:16.788603,164.43,cod,apparel,0,8,0.3548694477665291,8,0,0,12.6,91.9,1
order_c31358656f,pay_c54e166dbf,2026-08-24 13:27:08.788603,1475.15,cod,apparel,0,4,0.00020261138112074589,13,0,0,7.3,239.9,0
order_a96df25cda,pay_e02a364888,2026-08-15 01:39:40.788603,719.19,cod,digital,1,0,0.0,1,1,1,24.2,94.7,0
order_887ca90996,pay_7d078323fb,2026-08-03 09:04:15.788603,938.86,wallet,apparel,0,1,0.24423443426241362,9,0,0,46.4,26.9,0
order_66d1a7c928,pay_a6b1e3f35b,2026-08-18 18:30:03.788603,343.16,netbanking,digital,1,0,0.0,18,0,0,10.6,248.1,0
order_ea5e166c37,pay_65a04c080e,2026-08-08 16:40:22.788603,310.79,upi,apparel,1,0,0.0,16,1,0,17.7,102.0,0
order_36035a74bd,pay_83c96cd06f,2026-08-20 01:17:59.788603,364.84,upi,apparel,0,2,0.10820805683501726,1,0,1,4.2,9.7,0
order_8a6075ed96,pay_4b545d86d3,2026-08-22 02:20:29.788603,341.28,card,grocery,0,5,0.055411097036690865,2,1,1,33.1,190.3,0
order_584d551e8a,pay_225928ae77,2026-08-03 09:36:35.788603,313.48,upi,apparel,0,3,0.017413870068655697,9,0,0,3.7,95.4,0
order_78b62a1606,pay_112e4152ab,2026-07-30 08:11:33.788603,2254.4,wallet,apparel,1,0,0.0,8,0,0,14.6,91.9,0
order_20bc38a69b,pay_6bedb1bb7b,2026-08-05 08:27:02.788603,510.48,card,grocery,0,7,0.12327539574431057,8,0,0,17.3,167.1,0
order_0af8a0d70a,pay_dc74d5b1a5,2026-08-20 14:26:03.788603,1601.08,cod,apparel,1,0,0.0,14,0,0,14.8,20.9,1
order_a2a7cefb35,pay_c6402fb293,2026-08-13 02:36:19.788603,124.98,netbanking,digital,1,0,0.0,2,0,1,63.1,116.0,0
order_fceba86470,pay_e1ccab8e0f,2026-08-11 20:53:21.788603,120.64,upi,electronics,0,8,0.07039493257902624,20,0,0,0.2,39.8,0
order_c2877a5763,pay_f058784807,2026-07-31 11:30:18.788603,277.4,cod,electronics,0,4,0.38382092626638614,11,0,0,0.2,133.8,1
order_c5c7a24618,pay_02a0e60fad,2026-08-15 05:17:26.788603,639.33,netbanking,home,1,0,0.0,5,1,0,6.4,37.9,0
order_16243ec2b9,pay_b8a3f8ee2d,2026-08-17 12:31:46.788603,111.55,netbanking,apparel,0,5,0.07970297614917503,12,0,0,19.1,43.4,0
order_2aa49af040,pay_f8e71bd79b,2026-08-25 10:56:56.788603,457.3,cod,electronics,1,0,0.0,10,0,0,1.7,14.9,0
order_2a6ac1f03e,pay_6c654d68d3,2026-07-29 23:41:09.788603,417.12,wallet,home,1,0,0.0,23,0,1,0.2,40.3,0
order_501213eb86,pay_cbc9ffae1e,2026-08-23 18:03:53.788603,323.29,cod,electronics,0,9,0.026892011439371942,18,1,0,34.5,185.5,0
order_a9c5bc7b7b,pay_f76b855fb0,2026-08-15 09:25:56.788603,3618.94,cod,digital,0,6,0.17394887466260125,9,1,0,7.7,27.2,0
order_683e7589e2,pay_536f70e768,2026-08-21 10:33:33.788603,549.46,upi,digital,0,7,0.3494801814108481,10,0,0,0.5,54.6,0
order_18cfd64c99,pay_f7a3ec18a2,2026-08-15 11:03:02.788603,309.0,card,apparel,1,0,0.0,11,1,0,4.5,50.0,0
order_ae4dbf3a70,pay_2ebdd4b1b9,2026-08-19 14:29:23.788603,1150.61,upi,grocery,0,4,0.17005239174236583,14,0,0,18.6,44.1,0
order_fca7e90893,pay_cd9d5ac398,2026-08-15 17:24:20.788603,781.36,wallet,home,0,4,0.08213415383636369,17,1,0,8.7,294.1,0
order_389574f41e,pay_8817ed1ae2,2026-08-27 03:42:51.788603,3930.22,upi,grocery,0,3,0.07884975494802844,3,0,1,4.9,49.4,0
order_1ddb39171a,pay_680d9fab76,2026-08-23 00:17:35.788603,89.14,upi,grocery,0,3,0.2652838945658067,0,1,1,19.4,14.8,0
order_cb7d6aea84,pay_3cd4fd133e,2026-08-20 23:26:01.788603,2282.26,wallet,electronics,0,5,0.0743945097580771,23,0,1,31.2,219.5,1
order_25651c0e01,pay_edb7edbcf8,2026-08-24 00:21:21.788603,977.92,upi,grocery,1,0,0.0,0,0,1,36.7,117.9,0
order_9e2428cd1b,pay_2075f748c0,2026-08-04 12:30:21.788603,966.26,cod,apparel,0,7,0.0546564135909194,12,0,0,15.6,9.1,0
order_1643ce4e11,pay_1d43dff4a7,2026-08-10 13:34:17.788603,244.59,cod,digital,1,0,0.0,13,0,0,31.3,59.7,0
order_d1dd1e4690,pay_a629091eea,2026-08-21 04:39:29.788603,1451.17,card,home,0,2,0.09160969988648561,4,0,1,4.5,11.5,0
order_dd6462e9a8,pay_95b25dc668,2026-08-20 12:03:23.788603,865.27,upi,electronics,1,0,0.0,12,0,0,4.4,140.2,0
order_8fe9cfc36b,pay_73aa32b624,2026-07-31 12:38:06.788603,299.66,card,apparel,0,4,0.012082937407722278,12,0,0,1.6,120.0,0
order_b1cb97617d,pay_3a3457e435,2026-08-11 07:28:04.788603,557.83,card,home,0,7,0.21497533886490944,7,0,0,0.6,134.3,0
order_2b2c3797b1,pay_5b0369a814,2026-08-27 06:39:04.788603,1623.41,upi,digital,0,3,0.0553829518159111,6,0,0,10.1,64.7,0
order_ee5d8a971f,pay_8f0dbb6a22,2026-08-06 19:03:20.788603,5431.92,upi,apparel,0,7,0.09287168755587336,19,0,0,46.9,181.4,0
order_c6f849e5f0,pay_17347611e7,2026-08-17 03:44:32.788603,966.26,netbanking,home,1,0,0.0,3,0,1,1.6,29.1,0
order_0cf0c7403a,pay_9665aa45a2,2026-08-10 13:04:33.788603,308.87,card,digital,1,0,0.0,13,0,0,3.5,20.6,0
order_fc7146c0d7,pay_1cb9cbe40e,2026-08-20 13:02:08.788603,637.66,upi,home,0,8,0.0590882508442747,13,0,0,1.0,55.5,0
order_c581a3bb23,pay_acc796b9b3,2026-08-07 03:30:11.788603,715.01,upi,grocery,0,5,0.052907381170051664,3,0,1,30.7,62.9,0
order_8847bb448e,pay_e3254928ce,2026-08-18 22:54:11.788603,859.37,cod,home,0,4,0.06843727940843933,22,0,0,1.4,23.5,1
order_d3d1865950,pay_77bb010f21,2026-08-12 00:01:52.788603,1009.49,card,grocery,0,4,0.06275211307526786,0,0,1,76.2,19.8,0
order_cdc2042250,pay_7124d20413,2026-08-26 20:51:12.788603,3522.98,netbanking,grocery,0,4,0.0667091860035909,20,0,0,5.2,31.0,0
order_453fe4cbb3,pay_a071b2acc5,2026-08-14 06:42:42.788603,516.22,card,apparel,0,3,0.24451196316567714,6,0,0,8.6,63.1,0
order_123035aae3,pay_5c81aba41a,2026-08-14 18:31:30.788603,253.02,upi,home,0,8,0.13791351732554097,18,0,0,0.9,50.0,0
order_1784aaf611,pay_3d9b1824d3,2026-08-03 17:37:45.788603,718.58,upi,grocery,1,0,0.0,17,0,0,27.7,112.5,0
order_c70225b547,pay_65e23111d8,2026-08-01 12:24:18.788603,288.98,cod,electronics,1,0,0.0,12,1,0,3.5,30.1,1
order_828427985f,pay_188001e7ec,2026-07-29 07:18:43.788603,544.17,upi,home,0,3,0.06268089246166492,7,0,0,14.0,118.9,0
order_c195a23533,pay_ec10eb677d,2026-08-10 12:25:22.788603,2067.81,upi,apparel,0,4,0.07918004205766142,12,0,0,21.5,20.6,1
order_34f42f3593,pay_7f1d35692e,2026-08-21 10:07:32.788603,395.04,netbanking,digital,1,0,0.0,10,0,0,24.0,130.6,0
order_2c36401abd,pay_2a8e28f488,2026-08-19 18:06:28.788603,2297.5,wallet,home,1,0,0.0,18,0,0,3.2,37.1,0
order_aef47502a2,pay_c74da70b06,2026-08-26 03:44:19.788603,1406.76,upi,apparel,0,5,0.03270981303024217,3,0,1,28.0,331.8,0
order_ccf0689ad9,pay_de2be345f2,2026-07-30 22:28:21.788603,247.27,cod,electronics,0,6,0.4879648347700425,22,0,0,59.2,8.4,1
order_502ec6f5e2,pay_08b3ea8261,2026-08-03 02:15:08.788603,2808.26,cod,electronics,1,0,0.0,2,0,1,6.0,31.8,1
order_661d63e084,pay_61f957c473,2026-08-24 13:54:09.788603,1924.38,upi,electronics,1,0,0.0,13,0,0,1.3,105.6,0
order_e908118078,pay_a54b7ef166,2026-08-01 20:23:36.788603,542.52,cod,apparel,0,7,0.006993197235388077,20,1,0,7.4,45.9,0
order_0d58c2bbd9,pay_5d4327a208,2026-08-14 09:07:02.788603,1692.47,upi,apparel,0,5,0.32434193425720975,9,0,0,0.4,49.3,1
order_cb2f56833c,pay_a1d769c315,2026-08-25 11:29:43.788603,647.81,wallet,apparel,0,4,0.1137569169902622,11,0,0,0.9,19.4,0
order_3203faa30a,pay_8fb976495d,2026-08-24 04:59:27.788603,356.17,card,home,0,7,0.3828313365372722,4,0,1,8.4,134.2,0
order_76ee1894b9,pay_7c180d83a4,2026-08-01 04:01:23.788603,2114.79,card,grocery,0,6,0.1534892231968289,4,1,1,9.0,25.4,0
order_c5faed00da,pay_0488df96bd,2026-08-04 16:41:56.788603,750.19,card,apparel,0,4,0.397157832001698,16,0,0,29.2,78.2,0
order_ac34c3a713,pay_ce4f0488ef,2026-08-15 00:57:08.788603,4025.49,upi,grocery,0,1,0.19058574393586034,0,1,1,7.3,21.9,1
order_e0eb261b9a,pay_d4e1b54b6f,2026-08-25 19:10:25.788603,1048.92,card,grocery,1,0,0.0,19,0,0,111.2,45.1,0
order_514f946095,pay_dce43e5380,2026-08-25 23:10:56.788603,739.09,card,grocery,0,4,0.05943228452752842,23,0,1,3.0,37.1,0
order_438f99f6fc,pay_d9a7dd3d5e,2026-08-10 09:51:13.788603,90.63,upi,apparel,0,4,0.1949627492538835,9,0,0,3.5,97.5,0
order_ae1580b597,pay_3a6cb18c6a,2026-08-24 02:00:59.788603,1670.24,upi,home,0,7,0.4558724191962044,2,0,1,3.6,151.1,1
order_2a1d5537dd,pay_5d9c254598,2026-08-20 09:18:28.788603,351.5,card,electronics,1,0,0.0,9,0,0,28.8,42.0,0
order_ed7103c3f8,pay_e45f243c10,2026-08-26 10:29:55.788603,2974.11,card,grocery,0,5,0.17454131322199007,10,0,0,4.0,123.7,0
order_2396d5c6e5,pay_d7091754f8,2026-08-11 22:47:34.788603,274.87,upi,apparel,0,3,0.3802333267677078,22,0,0,7.6,78.6,0
order_826ac8a272,pay_48d3e21f52,2026-08-27 00:44:52.788603,120.52,card,home,1,0,0.0,0,0,1,10.7,61.1,0
order_dfdf4885ba,pay_88277c3cdd,2026-08-18 23:25:17.788603,992.85,upi,grocery,0,4,0.13890528133620422,23,0,1,10.3,6.6,0
order_5f8ccc2a35,pay_faa99a750b,2026-07-30 01:50:17.788603,182.35,card,apparel,0,8,0.06801399384434087,1,0,1,19.2,21.3,1
order_d09c63e537,pay_7faa83e1d5,2026-08-04 15:10:17.788603,264.39,cod,apparel,0,7,0.01827910895069356,15,0,0,2.3,61.8,1
order_a210567649,pay_443b8bc105,2026-08-25 23:58:24.788603,1810.42,cod,digital,1,0,0.0,23,0,1,11.8,155.7,0
order_c0d2eeada1,pay_ae402c384a,2026-08-23 17:16:44.788603,1173.26,cod,apparel,0,9,0.22786254669011158,17,1,0,43.4,78.4,0
order_b00e2fb007,pay_67501b95ca,2026-08-23 01:30:27.788603,1432.96,upi,home,1,0,0.0,1,1,1,11.3,87.1,1
order_5e8d16584f,pay_d409e0e5a7,2026-08-11 14:30:11.788603,346.09,wallet,electronics,0,5,0.026181743119375597,14,0,0,7.6,108.0,0
order_624a49bf53,pay_4ee9d9c718,2026-08-21 21:26:28.788603,2442.2,cod,home,0,4,0.09322427404578391,21,0,0,2.0,17.5,0
order_7dc542cb6d,pay_c0bfabc2a0,2026-08-21 04:02:16.788603,269.6,upi,apparel,0,2,0.08541774468811021,4,0,1,18.0,42.3,0
order_83958dbde8,pay_b76e4cd96f,2026-07-31 15:37:59.788603,553.98,upi,digital,1,0,0.0,15,0,0,5.8,280.2,0
order_c7b62a52b2,pay_9bf2c3e218,2026-08-06 12:22:20.788603,362.39,upi,electronics,1,0,0.0,12,0,0,6.2,40.6,0
order_6c267ec886,pay_f836a88ae6,2026-08-24 20:22:14.788603,404.04,upi,grocery,1,0,0.0,20,0,0,15.8,113.2,0
order_224c7771aa,pay_d1c71ad2b3,2026-08-27 07:27:08.788603,250.95,netbanking,grocery,0,4,0.2081868247053191,7,0,0,26.0,36.1,0
order_bbcbbb6315,pay_81e6d8cb05,2026-08-08 04:45:29.788603,793.89,upi,grocery,0,4,0.3724511506893732,4,1,1,0.7,80.7,0
order_eb412b3c98,pay_ce9346d322,2026-08-22 23:44:46.788603,245.64,card,digital,1,0,0.0,23,1,1,29.0,8.1,0
order_60225939e2,pay_92ba1c68aa,2026-08-04 18:47:16.788603,50.0,upi,digital,1,0,0.0,18,0,0,11.6,92.6,0
order_342f0a58c9,pay_3fa8ee0df5,2026-08-12 09:19:35.788603,668.2,netbanking,apparel,1,0,0.0,9,0,0,23.1,25.3,0
order_33610302f2,pay_35d435fc01,2026-08-26 08:18:22.788603,618.6,netbanking,digital,1,0,0.0,8,0,0,21.3,262.9,0
order_365906e63e,pay_945d2894bb,2026-08-08 15:57:07.788603,1268.55,upi,electronics,1,0,0.0,15,1,0,2.2,96.1,0
order_33eed883ef,pay_d8641a48cc,2026-08-15 07:25:07.788603,3051.01,upi,electronics,1,0,0.0,7,1,0,16.7,77.1,0
order_65baa5d2e2,pay_96ee914028,2026-08-12 15:30:37.788603,816.53,card,apparel,1,0,0.0,15,0,0,13.1,105.6,0
order_fe7aedcb76,pay_a7d12d74b6,2026-07-29 01:04:15.788603,459.73,card,digital,0,6,0.2019062941168768,1,0,1,19.8,104.9,0
order_e2f5b57380,pay_af48ab2fad,2026-08-01 01:39:21.788603,490.16,upi,apparel,0,4,0.08073499199495177,1,1,1,2.7,159.2,0
order_25f44f2bc5,pay_32b07dbcd2,2026-08-26 00:19:57.788603,6589.36,wallet,electronics,0,6,0.29114405655702524,0,0,1,50.8,55.9,0
order_522b93b5f2,pay_8d2f3f6862,2026-08-21 07:16:39.788603,229.65,upi,grocery,0,5,0.012993831743472774,7,0,0,26.6,20.9,1
order_235092964e,pay_529deca324,2026-08-22 01:10:39.788603,295.18,upi,grocery,1,0,0.0,1,1,1,2.4,26.2,0
order_dc0eb4cdfc,pay_627d013829,2026-08-15 12:24:19.788603,2021.71,card,apparel,1,0,0.0,12,1,0,9.3,54.2,0
order_c0bc98d1b6,pay_3f24350e1a,2026-08-17 14:03:33.788603,501.18,upi,apparel,0,3,0.19085969836311453,14,0,0,6.3,24.6,0
order_9a22dee45b,pay_c6aee16e6a,2026-08-21 14:19:51.788603,916.38,cod,electronics,0,3,0.21491673286946525,14,0,0,6.3,16.0,1
order_bdcb79d945,pay_d95fb0852a,2026-08-25 00:13:31.788603,193.46,card,electronics,1,0,0.0,0,0,1,5.9,54.9,0
order_f85f0a4d20,pay_292ac919b5,2026-07-30 17:29:45.788603,422.57,netbanking,apparel,0,6,0.14880778296416064,17,0,0,12.0,21.6,0
order_26fa76fa41,pay_cacd467329,2026-08-19 09:55:06.788603,402.19,card,apparel,0,3,0.0031110665683676477,9,0,0,9.3,81.6,0
order_1e67275b80,pay_196b1d5ec9,2026-08-19 05:34:28.788603,565.17,cod,apparel,1,0,0.0,5,0,0,9.3,11.4,1
order_d62e788d6f,pay_a96a16dfe2,2026-07-29 07:19:22.788603,316.93,netbanking,grocery,0,8,0.19970870501580323,7,0,0,15.3,44.4,0
order_9f6a84d957,pay_fd298277d5,2026-08-19 13:59:00.788603,923.88,card,grocery,0,12,0.3779298281173989,13,0,0,2.5,83.6,0
order_11df2dd292,pay_69e01d52e6,2026-08-19 21:17:37.788603,406.58,card,apparel,0,6,0.22701028890581132,21,0,0,32.4,49.3,0
order_c90875b3ac,pay_a511c0062e,2026-07-30 05:52:18.788603,712.92,upi,electronics,0,1,0.025498759141851856,5,0,0,7.0,139.3,0
order_de4f0e59a3,pay_dc526e1eb0,2026-08-25 23:29:52.788603,617.41,cod,digital,1,0,0.0,23,0,1,10.5,12.2,0
order_587420b02b,pay_9213718746,2026-08-01 04:57:47.788603,1536.06,netbanking,grocery,0,5,0.008886171631863487,4,1,1,1.5,139.6,0
order_9d7ba482b1,pay_3c0bfaedfd,2026-08-05 09:07:02.788603,766.2,cod,home,0,5,6.463018162620527e-05,9,0,0,15.4,33.2,1
order_180f1cf14c,pay_86c62a8e21,2026-08-12 20:56:23.788603,5015.86,upi,digital,0,9,0.3045058948244206,20,0,0,0.9,30.3,0
order_460300c459,pay_2636969d02,2026-07-30 10:32:02.788603,442.78,upi,apparel,0,3,0.048870554669685894,10,0,0,4.0,113.0,0
order_c4d4732e90,pay_9083c636cc,2026-07-31 15:11:01.788603,2258.26,upi,apparel,0,7,0.47706145905770087,15,0,0,1.6,253.2,1
order_2a179665fd,pay_34042f3e0b,2026-08-08 03:34:32.788603,745.85,upi,apparel,0,2,0.048030749590183615,3,1,1,4.2,32.6,1
order_ad62ac67cb,pay_90ddc4e885,2026-07-31 21:58:30.788603,82.54,cod,electronics,1,0,0.0,21,0,0,19.5,37.2,1
order_bc3ef4d9af,pay_5af3486bdb,2026-07-31 13:08:02.788603,436.87,cod,electronics,1,0,0.0,13,0,0,47.0,69.0,0
order_67048b2ffc,pay_bee852c8de,2026-08-15 10:53:23.788603,923.02,card,digital,1,0,0.0,10,1,0,18.5,72.9,0
order_71275221ad,pay_b1f09db1fc,2026-08-10 23:42:56.788603,477.78,cod,apparel,0,6,0.10930284493449237,23,0,1,2.7,21.2,0
order_d15900fd1f,pay_99e81197db,2026-07-31 00:55:43.788603,381.71,cod,electronics,0,7,0.034610343738145956,0,0,1,8.5,187.7,0
order_4dd5b2f8f1,pay_09e3c28978,2026-08-03 22:28:51.788603,759.84,wallet,apparel,0,0,0.024052487405527217,22,0,0,6.3,18.3,1
order_e0f7d5f83d,pay_10eb888520,2026-08-23 10:00:51.788603,484.34,card,grocery,0,11,0.4569759609371527,10,1,0,94.0,62.3,0
order_8313316f16,pay_c3a9153e56,2026-08-18 12:43:39.788603,84.38,upi,grocery,0,5,0.2722820975057308,12,0,0,4.5,148.2,1
order_bd19dc5eab,pay_31238238cd,2026-08-21 16:27:40.788603,714.01,cod,grocery,0,4,0.05111742896403384,16,0,0,10.4,90.3,0
order_7dd8e9728e,pay_e90560bdc9,2026-08-24 00:10:02.788603,2088.63,upi,apparel,1,0,0.0,0,0,1,43.7,158.5,0
order_4a0e7355b1,pay_05c8226706,2026-07-31 07:29:43.788603,1604.31,upi,digital,0,1,0.0807921669833842,7,0,0,31.2,39.3,0
order_fd7366b7d9,pay_03ae84738f,2026-08-05 18:28:01.788603,832.79,upi,home,0,2,0.044140594247484524,18,0,0,4.1,25.8,0
order_eefaeb2d58,pay_caa427d49b,2026-08-26 16:27:05.788603,1517.27,netbanking,home,0,7,0.008502138071269526,16,0,0,0.4,53.9,0
order_d7626f5133,pay_231d825de9,2026-08-20 09:46:41.788603,218.45,card,apparel,0,3,0.00433727370395258,9,0,0,1.8,57.0,0
order_350d8e12fb,pay_098f9b49b9,2026-08-15 15:56:55.788603,199.2,upi,grocery,0,3,0.6228188178697395,15,1,0,26.3,103.1,1
order_e309a9c581,pay_6e021a7e9d,2026-07-31 07:26:37.788603,911.27,card,grocery,1,0,0.0,7,0,0,21.8,171.4,0
order_fe7b833d17,pay_949b4d8e61,2026-08-22 23:59:44.788603,91.11,card,electronics,1,0,0.0,23,1,1,12.7,73.9,1
order_c6162d9c97,pay_5bda5ea8f3,2026-08-02 21:05:34.788603,205.22,cod,electronics,0,6,0.19975656984704884,21,1,0,2.9,14.7,0
order_aa4f4ca78c,pay_7072a32064,2026-08-20 06:24:14.788603,542.15,cod,apparel,0,3,0.03408631560550046,6,0,0,21.7,22.4,0
order_00782b3b96,pay_67eb8fe55f,2026-08-02 09:51:15.788603,50.53,cod,grocery,1,0,0.0,9,1,0,4.7,173.8,0
order_9576c5c2b2,pay_23a7659f6d,2026-08-24 00:34:05.788603,1062.69,netbanking,home,1,0,0.0,0,0,1,10.7,72.3,0
order_e469d3eadc,pay_acd327d666,2026-08-18 01:42:36.788603,948.67,upi,home,0,5,0.10269683361048178,1,0,1,2.0,38.8,0
order_97773ba751,pay_40208452df,2026-08-25 19:13:18.788603,3864.92,card,grocery,1,0,0.0,19,0,0,10.5,78.7,0
order_17a6136716,pay_3274bd50f0,2026-07-28 14:38:39.788603,366.68,card,digital,0,0,0.0026730440280704924,14,0,0,7.5,10.8,0
order_dcd95be9ec,pay_e96f8b3349,2026-08-21 14:19:53.788603,1599.92,cod,home,0,9,0.4427616465860344,14,0,0,1.7,21.2,1
order_91193632f1,pay_2e367da6e4,2026-08-12 10:10:37.788603,185.39,upi,electronics,1,0,0.0,10,0,0,6.9,73.9,0
order_71f676ec06,pay_8afcecbd67,2026-08-23 02:08:50.788603,197.52,upi,grocery,0,3,0.3824256540948734,2,1,1,8.6,163.0,0
order_cac615f47a,pay_d13108f239,2026-08-23 20:06:32.788603,820.18,wallet,home,0,5,0.0631922614546792,20,1,0,17.5,203.7,0
order_11bc4b79d6,pay_dca7f6376d,2026-08-09 02:32:19.788603,832.03,cod,apparel,1,0,0.0,2,1,1,3.3,117.5,1
order_c7d28fb575,pay_d0909972f1,2026-08-17 02:44:00.788603,691.25,wallet,home,0,5,0.20884129018900205,2,0,1,11.0,46.9,0
order_01e6d05a61,pay_e8571ed0b8,2026-08-01 01:27:31.788603,874.06,card,electronics,0,5,0.020174497192013533,1,1,1,26.4,34.6,0
order_c94fb31c29,pay_4a0e66fafa,2026-08-09 04:12:15.788603,696.04,netbanking,grocery,0,5,0.01509171136839217,4,1,1,32.4,52.0,0
order_7009c0d1ea,pay_02dbfc0c24,2026-08-02 05:08:08.788603,178.5,card,electronics,0,7,0.16010771153836184,5,1,0,10.2,39.6,0
order_9816469165,pay_4a0d6cdabc,2026-08-09 19:10:23.788603,1659.61,card,apparel,0,6,0.04055802206832217,19,1,0,1.6,54.7,0
order_e86947e875,pay_546451571c,2026-08-03 21:06:09.788603,583.68,upi,digital,0,6,0.15813258624513096,21,0,0,3.6,28.3,0
order_40d6fd0fd8,pay_4feaa76148,2026-07-31 04:16:54.788603,305.87,card,home,0,1,0.5921049707430074,4,0,1,2.6,91.8,0
order_9750a46321,pay_a6c7f19116,2026-08-15 21:32:25.788603,769.51,upi,grocery,0,8,0.09301169362764589,21,1,0,12.7,37.9,0
order_3b6047cffd,pay_daac762b0b,2026-08-26 06:46:10.788603,56.74,upi,digital,1,0,0.0,6,0,0,7.5,19.0,0
order_729313a288,pay_6b4d46c80c,2026-07-31 15:52:22.788603,75.75,card,digital,0,5,0.30819252619306753,15,0,0,4.5,108.9,0
order_23dd4f8351,pay_865ee11e7f,2026-08-03 21:54:27.788603,397.48,upi,apparel,0,5,0.21118197668210478,21,0,0,57.4,81.8,1
order_be3f531293,pay_cde31c7075,2026-08-23 09:39:39.788603,217.75,card,electronics,0,3,0.19405771236800343,9,1,0,3.4,27.7,0
order_d407a17330,pay_147e8aad09,2026-08-09 02:04:18.788603,96.13,cod,apparel,0,4,0.06115051067020833,2,1,1,59.3,58.2,1
order_0fbc4de41f,pay_232f7c60cb,2026-08-09 08:53:52.788603,87.15,upi,electronics,1,0,0.0,8,1,0,26.1,72.4,0
order_3e23c66db3,pay_818eaf168e,2026-08-24 23:05:52.788603,469.7,upi,grocery,0,6,0.29439351465591695,23,0,1,4.6,90.9,0
order_32b41b3ebc,pay_2c7f3403f4,2026-08-05 03:05:35.788603,1264.22,upi,electronics,0,3,0.014773131452770143,3,0,1,12.0,136.7,0
order_b8dd257f72,pay_f960fdfacb,2026-08-27 00:24:51.788603,416.59,upi,apparel,0,5,0.011998272304976071,0,0,1,26.1,328.0,1
order_0b882f2661,pay_092f0b1f4c,2026-08-10 05:08:20.788603,955.67,netbanking,grocery,1,0,0.0,5,0,0,7.1,16.6,0
order_4fdcadbdac,pay_d5d89b4832,2026-08-10 00:31:31.788603,1004.3,cod,electronics,1,0,0.0,0,0,1,9.1,71.7,1
order_a48763b6b0,pay_26e5e7296a,2026-08-19 08:30:53.788603,627.39,card,apparel,0,3,0.1768640495119888,8,0,0,34.8,86.6,0
order_899444f19d,pay_c1727653a8,2026-08-15 10:51:43.788603,523.64,upi,grocery,0,4,0.06402404456321324,10,1,0,53.3,51.4,0
order_93fbb523d4,pay_a75d86a1be,2026-08-21 21:20:56.788603,888.0,cod,apparel,0,3,0.19315515384577323,21,0,0,0.3,66.1,0
order_b63ba49f39,pay_5200ed412f,2026-08-15 09:57:22.788603,4725.57,upi,apparel,0,4,0.4871137411840871,9,1,0,7.6,99.9,1
order_b6e426fb3c,pay_f3a98d42ff,2026-08-03 01:44:48.788603,240.49,cod,apparel,1,0,0.0,1,0,1,28.3,13.9,0
order_670206d35c,pay_d11a205681,2026-08-20 13:25:42.788603,63.75,upi,home,0,4,0.07930904098108534,13,0,0,11.8,21.9,0
order_51191c5d9b,pay_fc914e05ca,2026-08-12 16:26:53.788603,613.97,upi,electronics,0,3,0.1616786216430352,16,0,0,25.5,48.7,0
order_622543d1a4,pay_66132ba66b,2026-08-03 16:42:24.788603,2247.05,upi,grocery,1,0,0.0,16,0,0,5.5,68.1,1
order_d6e4aabbed,pay_dd1d8df92e,2026-08-26 00:37:14.788603,1067.3,cod,grocery,0,5,0.11405831748248418,0,0,1,11.3,43.3,0
order_f906a014ae,pay_5eacf72b92,2026-08-07 19:12:14.788603,184.32,cod,home,0,6,0.2702154336895764,19,0,0,0.7,125.7,1
order_b45bd480d9,pay_5afcbd7cce,2026-08-09 00:00:09.788603,1505.44,upi,home,0,6,0.3533079823986527,0,1,1,27.1,29.9,1
order_d654a9d1d5,pay_8bbc19273e,2026-08-04 03:00:17.788603,2830.43,cod,grocery,0,4,0.19276228861178715,3,0,1,7.8,138.3,0
order_046871caf2,pay_2ab14c7925,2026-08-13 14:13:15.788603,1222.12,upi,apparel,0,3,0.3359504934113775,14,0,0,14.8,95.8,0
order_d31f0939f7,pay_47fe4f5313,2026-08-11 12:10:04.788603,1838.71,netbanking,digital,0,4,0.07852227725784239,12,0,0,53.9,13.1,0
order_87902ea594,pay_87dacc9f1b,2026-08-26 22:44:57.788603,50.0,upi,apparel,0,5,0.14298444170993047,22,0,0,12.8,76.0,0
order_b43810e9d9,pay_6fca4cc886,2026-08-10 20:26:12.788603,56.47,cod,grocery,0,2,0.17185940502494326,20,0,0,62.2,10.4,1
order_7a0a74e0dd,pay_bfa488d1b7,2026-08-14 03:21:36.788603,806.2,card,grocery,0,4,0.08397581859346681,3,0,1,9.3,164.4,0
order_77db354830,pay_d061e6fe48,2026-08-24 23:23:23.788603,763.17,upi,apparel,0,5,0.7234297369363383,23,0,1,3.2,105.5,1
order_e384e56ac5,pay_bdcb9ae3e7,2026-08-24 16:34:27.788603,647.74,upi,apparel,0,5,0.2729030471191472,16,0,0,8.0,25.6,0
order_8a140fc091,pay_a454ee3b03,2026-07-30 14:44:38.788603,4565.15,netbanking,apparel,0,4,0.012377927700883386,14,0,0,25.5,86.0,0
order_7083cb653e,pay_dead388513,2026-08-22 21:45:28.788603,524.69,card,digital,0,6,0.3957605009516565,21,1,0,10.7,75.0,0
order_cd5a1272c9,pay_2d09b00362,2026-08-26 19:17:36.788603,4117.99,cod,grocery,1,0,0.0,19,0,0,39.8,33.3,0
order_3d488168d5,pay_bd22468054,2026-08-19 12:37:53.788603,116.58,upi,digital,1,0,0.0,12,0,0,1.5,59.6,0
order_396ff7b3fe,pay_9e466bc1c7,2026-07-29 12:01:14.788603,278.39,cod,home,1,0,0.0,12,0,0,2.7,28.4,0
order_c01e56e9eb,pay_48accc5ae5,2026-07-29 09:08:20.788603,883.23,upi,digital,1,0,0.0,9,0,0,4.2,57.6,0
order_bbc900568c,pay_3ae72a6e66,2026-08-20 18:49:26.788603,2606.7,upi,apparel,0,2,0.007879116742032649,18,0,0,28.0,31.2,0
order_ad069e8994,pay_1173dda12d,2026-08-09 08:25:45.788603,1632.37,cod,home,0,4,0.22902119412949426,8,1,0,15.3,20.3,1
order_0921529dba,pay_0e8478f82f,2026-07-31 03:04:01.788603,600.13,upi,grocery,0,7,0.16628714335855874,3,0,1,0.6,77.2,1
order_63a0a55e6d,pay_3aa9278eca,2026-08-05 23:50:52.788603,260.68,upi,grocery,1,0,0.0,23,0,1,3.8,63.9,0
order_df0fac41d8,pay_ddd9685f85,2026-07-28 20:12:28.788603,2301.67,upi,home,1,0,0.0,20,0,0,5.9,82.9,0
order_144acb871e,pay_288e5f6713,2026-08-27 04:50:00.788603,1324.26,wallet,apparel,1,0,0.0,4,0,1,16.3,24.3,0
order_3abde58a66,pay_89acf4e9ad,2026-08-15 06:40:59.788603,1070.3,upi,digital,0,5,0.09527455904542485,6,1,0,2.1,245.1,0
order_286220ab81,pay_fdc88a5f1f,2026-08-02 23:54:48.788603,2147.56,upi,apparel,0,5,0.14968015394151396,23,1,1,5.5,124.0,0
order_0a2cd1dadf,pay_3920219f41,2026-08-07 06:45:41.788603,335.05,netbanking,digital,1,0,0.0,6,0,0,15.6,88.8,0
order_214fa5ed45,pay_b1d7e760a3,2026-08-10 10:37:51.788603,278.89,upi,electronics,0,7,0.06021525901534567,10,0,0,74.2,26.0,0
order_48c7a58c27,pay_cbdb04548a,2026-08-27 05:41:41.788603,1168.95,wallet,apparel,0,4,0.06754388489200532,5,0,0,17.9,73.2,0
order_45a2477e20,pay_8c471aeefd,2026-08-04 00:59:01.788603,1475.86,cod,electronics,0,6,0.05409477853721481,0,0,1,20.1,25.9,0
order_775751a44e,pay_19ed178624,2026-08-25 05:11:31.788603,339.31,netbanking,grocery,0,5,0.23823676990725487,5,0,0,22.0,199.0,0
order_c8ea2c0478,pay_a17234e0b1,2026-08-23 17:41:05.788603,390.22,cod,electronics,1,0,0.0,17,1,0,11.4,180.4,0
order_3810eb086c,pay_ae9989b66b,2026-08-26 17:44:09.788603,731.22,card,apparel,1,0,0.0,17,0,0,0.9,43.5,0
order_7c8900702f,pay_6d92e02d90,2026-08-27 01:18:12.788603,1232.43,card,digital,0,6,0.4983515620474079,1,0,1,19.7,59.1,0
order_53f03b186a,pay_b758b081cf,2026-07-29 06:40:12.788603,761.76,card,digital,1,0,0.0,6,0,0,16.5,9.0,0
order_e8c193d647,pay_999d19436b,2026-08-10 15:08:18.788603,1079.79,wallet,home,0,6,0.28571238613738476,15,0,0,9.0,77.7,0
order_0a0407877c,pay_9c38215c49,2026-08-17 13:16:20.788603,200.86,wallet,digital,0,6,0.5714752030385228,13,0,0,28.2,67.4,1
order_363488b270,pay_6b3899fc6f,2026-08-22 18:01:08.788603,690.05,upi,home,0,4,0.21316239723727023,18,1,0,53.7,121.0,0
order_a052ab87dd,pay_2a9beea092,2026-07-31 23:21:03.788603,1400.18,cod,digital,0,9,0.19769078470785462,23,0,1,2.4,112.2,1
order_39cf489f21,pay_2b067a9e71,2026-08-15 12:54:02.788603,164.7,netbanking,digital,0,3,0.05043183396049652,12,1,0,9.2,8.5,0
order_963a8c85c5,pay_285e009f9d,2026-07-30 16:22:23.788603,294.32,upi,grocery,0,6,0.25787608911889376,16,0,0,25.1,51.6,0
order_837a412281,pay_9fadd5dec7,2026-08-04 23:18:03.788603,1231.79,card,digital,1,0,0.0,23,0,1,8.2,55.0,0
order_d8c7e19e58,pay_e438c4b92a,2026-08-22 10:50:58.788603,1468.47,cod,apparel,0,5,0.18737430355705406,10,1,0,18.6,262.0,0
order_cae7d72519,pay_9a527625c9,2026-08-20 14:56:28.788603,532.1,upi,digital,0,7,0.039101251347977733,14,0,0,31.8,62.3,0
order_170209c51c,pay_27c932e34d,2026-08-27 03:29:37.788603,167.2,upi,apparel,1,0,0.0,3,0,1,4.3,47.6,0
order_b4a41fba7b,pay_6ed1e388ea,2026-08-17 22:53:33.788603,754.85,cod,grocery,0,5,0.2283493546798568,22,0,0,39.5,56.3,1
order_c5f32642b9,pay_1f83235460,2026-08-19 13:19:48.788603,379.89,cod,home,1,0,0.0,13,0,0,5.2,59.1,0
order_3128cbf932,pay_d05e865913,2026-08-22 15:10:42.788603,521.38,upi,home,1,0,0.0,15,1,0,11.3,219.4,0
order_57f74a0794,pay_ba242d9c3c,2026-08-27 06:41:20.788603,1757.53,cod,grocery,1,0,0.0,6,0,0,1.0,73.2,1
order_44aa04465e,pay_3bc3abcbac,2026-08-02 19:03:48.788603,1583.92,cod,electronics,0,4,0.05334897596923501,19,1,0,11.2,19.6,0
order_2277604b8d,pay_79e3f5fd1b,2026-08-14 03:51:07.788603,1188.09,card,grocery,0,3,0.07708502617103402,3,0,1,16.9,15.7,0
order_c0dcca70e5,pay_79230c1117,2026-08-09 14:25:42.788603,2442.57,cod,home,1,0,0.0,14,1,0,24.2,90.8,1
order_2a89f4c1f7,pay_3ad604c338,2026-08-23 05:31:46.788603,1086.62,upi,home,0,1,0.0893716279164299,5,1,0,26.3,83.0,0
order_ee105742b1,pay_a55440293d,2026-08-05 11:45:22.788603,1550.62,cod,apparel,0,3,0.057228584275315374,11,0,0,40.0,69.5,0
order_82d00f78d3,pay_264329fc9e,2026-08-17 17:16:34.788603,341.21,upi,digital,1,0,0.0,17,0,0,35.9,35.1,0
order_4056220b8b,pay_5d9ef9ff49,2026-08-06 12:13:24.788603,2493.17,upi,apparel,0,4,0.0667353270811037,12,0,0,3.8,50.2,0
order_6472adec1a,pay_5783a62316,2026-08-10 15:34:26.788603,89.15,card,electronics,0,6,0.22204076366046852,15,0,0,27.7,131.3,0
order_b59331ec3c,pay_6dab171d0b,2026-08-10 05:20:56.788603,254.6,upi,home,0,3,0.1524663313515011,5,0,0,19.8,14.9,0
order_f2eaa01eeb,pay_d40f42fb29,2026-08-15 14:19:44.788603,4258.75,upi,digital,0,8,0.095353099996215,14,1,0,11.3,40.2,0
order_b36605df39,pay_1c75ebe20e,2026-07-28 18:28:18.788603,891.21,cod,apparel,1,0,0.0,18,0,0,16.7,43.8,0
order_8deef1d303,pay_999c3084a4,2026-07-30 23:31:52.788603,143.38,netbanking,grocery,0,4,0.012265257961546715,23,0,1,12.8,41.0,0
order_6f7419e555,pay_98fb85c2a4,2026-08-10 23:16:27.788603,1853.09,cod,apparel,0,6,0.15689242765957087,23,0,1,19.2,55.3,0
order_69cd655b3b,pay_8287759fd0,2026-08-06 05:23:37.788603,1140.31,upi,electronics,0,2,0.2110592725349038,5,0,0,9.1,62.2,0
order_df9eaef6f9,pay_1a6e85e656,2026-08-24 12:55:34.788603,416.59,cod,home,1,0,0.0,12,0,0,23.3,51.8,1
order_f5ee7ed818,pay_cae03835c0,2026-08-07 02:24:09.788603,2014.96,upi,home,0,3,0.14319188615061726,2,0,1,21.0,131.0,0
order_773c9b0ba8,pay_3f7418a201,2026-08-12 22:32:27.788603,1700.64,upi,apparel,0,7,0.1202638126122061,22,0,0,11.8,14.5,0
order_3052e37043,pay_4ceba5ae17,2026-07-30 19:23:56.788603,315.2,upi,grocery,1,0,0.0,19,0,0,6.2,68.5,0
order_cbf5c76c7b,pay_d27fa2482a,2026-08-23 06:42:09.788603,653.77,cod,electronics,1,0,0.0,6,1,0,21.9,93.4,1
order_8cb963cfd1,pay_29f02a9e3d,2026-07-29 23:29:36.788603,1256.85,upi,electronics,0,6,0.4625273531819423,23,0,1,21.7,26.0,1
order_23574caeed,pay_cae5d82f38,2026-08-25 12:59:57.788603,1931.85,cod,electronics,1,0,0.0,12,0,0,39.3,46.8,0
order_24bb7e0098,pay_763c3eb490,2026-07-29 02:59:13.788603,338.58,upi,electronics,0,2,0.07041133213506764,2,0,1,6.1,24.3,0
order_c6a7b6749d,pay_85262a94bd,2026-08-03 23:29:08.788603,727.69,upi,grocery,0,3,0.1943079587495521,23,0,1,29.5,27.2,0
order_576989016d,pay_1f413046f6,2026-08-09 15:58:36.788603,372.11,card,home,0,6,0.06341250242065119,15,1,0,0.1,25.3,0
order_3be206bdf1,pay_bfd8684e3e,2026-08-02 23:25:26.788603,305.23,cod,apparel,1,0,0.0,23,1,1,31.4,7.0,0
order_9df0781c19,pay_60b5434f9c,2026-07-29 18:58:42.788603,274.83,upi,electronics,0,2,0.6158772178662608,18,0,0,19.7,50.5,1
order_f4b131bc03,pay_848a5081d3,2026-08-19 07:32:17.788603,620.37,netbanking,digital,0,4,0.2461500010833379,7,0,0,9.3,80.2,0
order_61dbba87f0,pay_b840808f5a,2026-08-09 13:56:16.788603,2628.86,upi,apparel,0,7,0.007715731980051916,13,1,0,9.3,17.3,0
order_c7a3203346,pay_e419fa8400,2026-08-09 04:07:52.788603,1095.82,upi,digital,1,0,0.0,4,1,1,22.6,39.5,1
order_7638043f27,pay_adde82bb58,2026-08-26 22:22:29.788603,10412.09,cod,home,0,8,0.19728669194910142,22,0,0,1.4,84.3,1
order_aca7e2c504,pay_a8d713be7c,2026-08-15 22:53:36.788603,692.07,card,electronics,1,0,0.0,22,1,0,10.5,136.4,0
order_8bf835456f,pay_a06f19cb60,2026-08-02 15:46:37.788603,3849.17,cod,electronics,0,6,0.2469197746906465,15,1,0,23.5,118.9,1
order_dffabe395a,pay_19b762a0fb,2026-08-24 14:44:37.788603,984.21,card,apparel,1,0,0.0,14,0,0,10.6,18.9,0
order_6b3cb7c4b6,pay_4f5da57d0d,2026-07-30 19:13:18.788603,1151.64,cod,apparel,0,4,0.3974049842053739,19,0,0,14.8,35.9,1
order_0460edda1b,pay_0d96be6323,2026-07-31 17:55:48.788603,300.82,upi,grocery,0,8,0.6199102293020557,17,0,0,8.5,167.1,0
order_dd3096b658,pay_5277f4ca78,2026-08-17 05:05:18.788603,182.31,upi,home,1,0,0.0,5,0,0,3.2,101.3,0
order_d1e79e7b4a,pay_d3d5a7bddd,2026-08-01 04:32:30.788603,378.65,cod,apparel,0,3,0.05137861441139425,4,1,1,30.1,31.3,0
order_d0bbbdedcc,pay_69b72572d1,2026-08-06 07:42:18.788603,119.44,netbanking,apparel,0,7,0.047249938855101516,7,0,0,8.1,107.5,0
order_680aa35349,pay_95cec799f2,2026-08-21 15:34:19.788603,1899.25,netbanking,electronics,1,0,0.0,15,0,0,1.9,91.0,0
order_ee954c3b48,pay_d61647f92f,2026-08-15 16:42:03.788603,382.6,card,grocery,1,0,0.0,16,1,0,25.5,30.8,0
order_0eacd95db5,pay_26f4f53ed0,2026-08-23 21:47:53.788603,3021.0,upi,grocery,0,5,0.26759847341536924,21,1,0,0.8,32.6,1
order_d15dff67ff,pay_02629b3c98,2026-08-21 08:32:20.788603,1120.96,card,electronics,0,6,0.016073869516379104,8,0,0,26.4,32.9,0
order_99ba1b4187,pay_d58e2d421d,2026-08-09 08:45:14.788603,2691.9,card,digital,0,5,0.2324417015542404,8,1,0,3.7,115.4,0
order_947c0b704c,pay_2de52f2977,2026-08-13 10:48:18.788603,1838.36,upi,digital,0,4,0.27748546264172075,10,0,0,22.4,84.1,0
order_54b10bb147,pay_66ffe42b98,2026-08-07 18:46:28.788603,244.72,card,digital,0,8,0.055897802544470084,18,0,0,10.3,83.0,0
order_abef6f2572,pay_174e458505,2026-08-10 19:45:08.788603,913.65,upi,grocery,0,5,0.28329210405023086,19,0,0,20.7,56.9,0
order_02e62d3efd,pay_51cb03e302,2026-08-05 10:49:38.788603,2966.46,cod,grocery,0,6,0.33785206764671755,10,0,0,11.1,6.1,0
order_953884ef38,pay_d0f5a9627c,2026-08-14 15:31:22.788603,202.73,card,apparel,0,5,0.021111313108673833,15,0,0,16.7,57.9,0
order_23ecfd235b,pay_34d05dfffe,2026-07-28 17:20:44.788603,427.5,upi,grocery,0,4,0.3300205419827575,17,0,0,4.8,4.1,0
order_5f39372c32,pay_f82f8470e0,2026-08-05 14:23:28.788603,545.63,cod,apparel,0,2,0.19299740498830634,14,0,0,51.4,27.7,1
order_e36c492148,pay_c45733f4d2,2026-08-02 06:38:46.788603,267.67,card,digital,0,4,0.35153212238443843,6,1,0,10.1,173.4,0
order_09a7e6bda6,pay_27f7a5e76c,2026-08-24 18:40:44.788603,1699.88,card,grocery,0,5,0.007205284280194479,18,0,0,1.9,219.3,0
order_1cfe9caf05,pay_09eaa127dd,2026-07-31 06:55:20.788603,1504.92,card,grocery,0,8,0.2010939445484123,6,0,0,7.6,37.7,0
order_4ac3bdc7d1,pay_174f03017c,2026-08-14 04:20:42.788603,1130.45,card,apparel,0,3,0.42988312332632,4,0,1,22.7,32.4,0
order_79b6cd82ff,pay_4e7bc6c477,2026-08-03 13:29:01.788603,499.76,upi,apparel,0,7,0.19508420737272122,13,0,0,7.2,48.9,0
order_68d3c7f072,pay_4ba61b4e2b,2026-08-11 23:18:36.788603,1344.9,cod,electronics,0,0,0.013936948842080398,23,0,1,8.5,26.4,0
order_04524d1587,pay_d9269be749,2026-07-30 06:54:44.788603,638.52,netbanking,electronics,0,5,0.509239260094854,6,0,0,13.0,83.3,1
order_21a1d660c8,pay_32e5812d1a,2026-08-07 08:00:04.788603,760.13,card,apparel,0,8,0.2633981760091956,8,0,0,12.4,106.0,0
order_f2128a64bc,pay_86fa70990e,2026-08-18 23:15:08.788603,254.93,upi,home,1,0,0.0,23,0,1,16.2,108.8,0
order_743343fae8,pay_b2720d2616,2026-08-09 17:54:52.788603,2397.05,upi,digital,0,8,0.263910726946434,17,1,0,3.4,12.2,0
order_82a1485690,pay_afd038df88,2026-08-11 10:10:15.788603,624.74,netbanking,grocery,0,5,0.07393140818039565,10,0,0,4.1,38.9,0
order_c7e631be02,pay_de714aa0d8,2026-08-14 02:13:47.788603,50.0,upi,digital,0,5,0.3356643264097697,2,0,1,2.3,7.1,0
order_5c6aca0ef1,pay_caa03b245d,2026-08-09 13:54:13.788603,261.97,upi,apparel,0,3,0.1313185489660591,13,1,0,4.0,87.3,1
order_213ce5c3e5,pay_c1e07db52b,2026-08-02 21:52:54.788603,518.98,upi,home,1,0,0.0,21,1,0,5.2,110.4,0
order_b8aafb1ee0,pay_2400360c15,2026-08-16 03:28:37.788603,1284.59,upi,apparel,0,4,0.40134440348098654,3,1,1,3.0,24.5,1
order_89c118b306,pay_09012e57c2,2026-08-22 08:52:06.788603,328.95,upi,home,0,4,0.09579733600778734,8,1,0,9.8,57.6,0
order_02c820b2ba,pay_e32e5252dc,2026-08-06 21:41:38.788603,1565.15,upi,digital,0,3,0.05307684305215225,21,0,0,1.6,47.9,0
order_52555293f1,pay_403cd5b3b9,2026-08-01 18:58:36.788603,3270.23,cod,grocery,1,0,0.0,18,1,0,8.3,30.4,1
order_751026d0f3,pay_832c5378ca,2026-08-26 00:49:00.788603,414.4,netbanking,electronics,1,0,0.0,0,0,1,6.6,80.3,0
order_963b3124f0,pay_c71151dd1f,2026-08-24 23:40:12.788603,526.99,upi,grocery,1,0,0.0,23,0,1,58.4,61.0,0
order_5b0c87458a,pay_03409ad4ae,2026-08-21 05:51:32.788603,483.73,cod,electronics,1,0,0.0,5,0,0,19.5,22.6,0
order_03083377c7,pay_188880526b,2026-08-15 08:19:28.788603,306.66,upi,apparel,0,3,0.049601875801048224,8,1,0,15.0,21.0,0
order_25fa670417,pay_19cf81b8c3,2026-08-24 09:51:33.788603,613.82,upi,electronics,0,10,0.2960170305094076,9,0,0,19.8,239.3,0
order_bedca062bc,pay_cb24119053,2026-08-10 02:37:22.788603,1493.61,card,home,0,11,0.12479950042344859,2,0,1,2.8,75.7,0
order_16944209db,pay_b8f8129cc0,2026-08-08 23:16:40.788603,229.22,upi,grocery,1,0,0.0,23,1,1,10.2,76.1,0
order_91fc6c71b3,pay_60ddcab372,2026-08-12 13:31:59.788603,861.29,upi,electronics,0,5,0.33004074137924533,13,0,0,8.1,44.1,0
order_cbed495381,pay_a131f38f9b,2026-08-07 09:27:29.788603,598.37,wallet,grocery,1,0,0.0,9,0,0,28.9,23.5,0
order_0079af33d4,pay_ac14f6312c,2026-08-04 02:22:14.788603,540.08,upi,apparel,1,0,0.0,2,0,1,2.0,92.0,1
order_138a7c3b66,pay_612c181055,2026-08-10 20:27:15.788603,467.92,upi,apparel,1,0,0.0,20,0,0,4.4,77.8,0
order_9a5cd71ed5,pay_b6248ad1c0,2026-07-30 01:12:09.788603,527.98,upi,digital,0,12,0.05066046686800065,1,0,1,21.9,42.2,0
order_89aa026dc7,pay_b2ed0b037e,2026-08-09 10:55:28.788603,50.0,upi,apparel,0,4,0.37255588520986566,10,1,0,15.7,114.4,0
order_95f352dd1c,pay_3e858824d7,2026-08-01 04:33:25.788603,1937.74,upi,grocery,1,0,0.0,4,1,1,13.7,37.6,0
order_94cae4ce13,pay_2d116e8c11,2026-08-08 14:19:50.788603,787.26,card,electronics,0,4,0.18348147943952356,14,1,0,7.3,49.5,0
order_14f56faf84,pay_463967acb3,2026-08-26 16:42:12.788603,1002.04,upi,apparel,0,10,0.03233277054507828,16,0,0,5.7,173.2,0
order_49d85395ba,pay_8b1286e6d4,2026-08-13 21:36:27.788603,850.66,upi,apparel,1,0,0.0,21,0,0,16.0,30.0,0
order_c69560c268,pay_4bda4a7ce5,2026-08-19 01:07:56.788603,622.96,cod,electronics,1,0,0.0,1,0,1,1.2,48.1,0
order_287c3092ef,pay_221acf3254,2026-08-10 03:55:32.788603,7024.03,cod,home,0,3,0.4999659318154819,3,0,1,35.0,62.2,1
order_3b7b2c612e,pay_f2cd1b218d,2026-08-25 05:59:32.788603,302.53,upi,grocery,1,0,0.0,5,0,0,1.1,22.2,0
order_c84dd4cc14,pay_4e0621e980,2026-08-23 23:55:51.788603,1340.92,cod,home,1,0,0.0,23,1,1,3.8,58.1,1
order_6ff90b9a57,pay_066d97ef1a,2026-08-09 13:57:51.788603,1150.58,upi,grocery,0,3,0.0030035924274361245,13,1,0,3.3,54.1,0
order_6757e4e6dd,pay_dc0ffa2802,2026-08-25 12:23:17.788603,2625.76,upi,electronics,0,6,0.055307736623544004,12,0,0,14.0,43.9,0
order_f1aef8097b,pay_df4351331b,2026-08-04 14:50:53.788603,537.78,card,home,0,3,0.18123986020087196,14,0,0,18.1,48.9,0
order_c01183ac10,pay_ee4c4dd8f7,2026-08-01 20:49:31.788603,1821.67,upi,grocery,1,0,0.0,20,1,0,9.9,70.0,0
order_85c9b00515,pay_5f609dd1be,2026-08-06 23:00:28.788603,1556.19,card,apparel,0,5,0.28663552429527867,23,0,1,4.5,42.1,1
order_b777631497,pay_6c8cb07b28,2026-08-09 10:01:04.788603,2056.39,upi,digital,1,0,0.0,10,1,0,5.8,31.9,0
order_4a68a76450,pay_3f50847838,2026-08-06 03:38:45.788603,2374.62,upi,grocery,0,4,0.16058936317343953,3,0,1,7.9,9.2,0
order_14f44555ee,pay_6b082985d1,2026-08-03 04:28:42.788603,432.39,upi,grocery,1,0,0.0,4,0,1,30.5,187.7,0
order_53de6fbf7b,pay_ed7a2a8945,2026-08-17 23:00:49.788603,995.45,card,digital,1,0,0.0,23,0,1,2.7,35.0,0
order_3378afa048,pay_3169964aaa,2026-08-13 03:55:17.788603,308.22,netbanking,grocery,0,7,0.15577762625690983,3,0,1,21.8,59.0,1
order_73b4656124,pay_931b28f4ea,2026-07-31 07:29:20.788603,1178.52,card,home,0,7,0.19893171855698474,7,0,0,20.8,73.4,0
order_9d78ade3a3,pay_a69c5cdada,2026-08-20 20:19:45.788603,90.93,card,electronics,0,6,0.5456045864824719,20,0,0,15.3,101.2,0
order_782cd8b16e,pay_8d9d830021,2026-08-20 02:44:40.788603,359.36,card,apparel,0,5,0.027993013495508815,2,0,1,23.6,55.9,0
order_1b63ada336,pay_e62f97bdf6,2026-07-31 13:00:11.788603,462.38,upi,grocery,0,5,0.10437113287367376,13,0,0,2.7,88.4,0
order_aa35cfec15,pay_be967ff8dd,2026-08-12 06:27:00.788603,472.23,upi,home,1,0,0.0,6,0,0,22.2,302.7,0
order_6672c82f6f,pay_680dd4ad52,2026-08-10 22:19:38.788603,1094.37,cod,grocery,1,0,0.0,22,0,0,2.5,83.4,0
order_3f6c83ec63,pay_5e98e8f482,2026-08-06 13:36:57.788603,2787.42,upi,grocery,0,5,0.03401577277994314,13,0,0,4.3,77.0,0
order_c99667720d,pay_a73a7b1629,2026-08-09 16:49:35.788603,292.01,upi,apparel,1,0,0.0,16,1,0,22.7,87.2,1
order_65441efdfe,pay_7e6323a768,2026-08-14 04:03:29.788603,399.63,upi,electronics,0,5,0.2526906354983194,4,0,1,76.7,29.9,0
order_77a28c42b7,pay_ab75352712,2026-08-22 20:33:57.788603,1187.81,upi,home,1,0,0.0,20,1,0,0.3,145.8,0
order_92cc15c6f4,pay_cb6fbc6d35,2026-07-30 12:00:06.788603,402.45,card,grocery,1,0,0.0,12,0,0,4.3,18.9,0
order_06a38d752b,pay_a9a0554fe9,2026-08-01 11:30:11.788603,86.93,card,electronics,0,7,0.01623125477713307,11,1,0,4.6,24.0,0
order_318a3358c9,pay_bab44d20a5,2026-08-02 22:25:54.788603,1247.03,upi,home,1,0,0.0,22,1,0,19.4,117.5,0
order_eeb0920976,pay_d0ae5e516d,2026-08-08 18:51:53.788603,308.03,upi,apparel,0,4,0.1698760638400958,18,1,0,10.4,14.5,0
order_6ca461fedf,pay_e781a39417,2026-08-23 06:05:52.788603,385.49,upi,apparel,0,2,0.13744449483107252,6,1,0,39.7,34.0,0
order_8552c40d58,pay_aad1059ef1,2026-07-30 21:27:26.788603,50.0,upi,apparel,0,5,0.4368408700793461,21,0,0,2.8,164.3,1
order_77e97673b4,pay_211ea4650c,2026-08-18 19:52:43.788603,737.51,upi,electronics,0,8,0.11323792838723461,19,0,0,4.6,69.7,0
order_e55e38d883,pay_1c16c9a98d,2026-08-16 11:43:55.788603,1975.74,upi,electronics,0,5,0.22072658551112923,11,1,0,2.1,54.9,0
order_c2111d923c,pay_dd6bf91324,2026-08-19 22:40:09.788603,2530.74,netbanking,grocery,0,4,0.16638688536504,22,0,0,14.8,11.4,0
order_dd0c84976f,pay_d06bbdad51,2026-08-08 23:48:18.788603,6937.31,upi,apparel,1,0,0.0,23,1,1,7.4,130.3,0
order_21f7e38ee2,pay_d317428e06,2026-08-26 03:52:10.788603,1450.75,cod,electronics,1,0,0.0,3,0,1,6.2,53.1,0
order_166b914d79,pay_ea85312ba4,2026-08-06 10:42:00.788603,1911.31,card,apparel,0,3,0.0750098140954013,10,0,0,13.3,11.7,0
order_9b91b7eabd,pay_98db1950f4,2026-07-30 07:51:58.788603,176.76,card,apparel,0,5,0.1854962989457562,7,0,0,37.6,74.5,0
order_9bb2298fc9,pay_a584b04b81,2026-08-01 05:43:59.788603,8133.9,cod,electronics,1,0,0.0,5,1,0,15.8,26.5,0
order_f97c5625dc,pay_1940323514,2026-08-09 16:26:25.788603,1513.41,upi,home,0,3,0.052635647334965716,16,1,0,5.2,84.8,1
order_f147e01d4d,pay_107422abc4,2026-08-22 19:50:14.788603,356.29,upi,electronics,1,0,0.0,19,1,0,2.9,46.0,0
order_02c9d6157d,pay_363c920705,2026-08-19 11:42:53.788603,895.21,card,apparel,0,6,0.047648867526734966,11,0,0,6.1,71.0,1
order_a8fcfa2567,pay_172392c3f1,2026-08-10 23:21:08.788603,385.63,cod,home,0,7,0.10201143760824517,23,0,1,6.7,61.8,0
order_f8e4f23ef6,pay_04de8977e1,2026-08-11 13:40:17.788603,1131.62,upi,grocery,1,0,0.0,13,0,0,2.9,109.4,0
order_771664dab9,pay_bf200dbbac,2026-08-13 11:43:25.788603,427.52,card,grocery,0,6,0.008683774142077747,11,0,0,1.2,31.8,0
order_a95936ea21,pay_812fa2d12b,2026-08-22 08:09:03.788603,619.31,card,apparel,1,0,0.0,8,1,0,4.6,42.7,0
order_e8b22a5927,pay_955d0bcc69,2026-08-08 19:48:39.788603,1107.55,upi,apparel,0,6,0.23203803052238245,19,1,0,34.6,27.1,0
order_07405ec37c,pay_73c9b0f697,2026-08-05 21:00:26.788603,298.58,card,electronics,0,1,0.19262144247924257,21,0,0,2.2,17.0,0
order_456343d50b,pay_8ae0598885,2026-08-03 04:50:03.788603,157.16,card,apparel,0,10,0.01851023835264423,4,0,1,8.5,81.4,0
order_e9976f2895,pay_33d8f478aa,2026-08-05 00:53:04.788603,126.42,upi,electronics,0,3,0.12564181592076207,0,0,1,34.0,538.1,0
order_29a3c0852f,pay_4254416676,2026-08-18 19:46:10.788603,122.4,upi,apparel,1,0,0.0,19,0,0,2.0,99.9,1
order_f444bfd6f0,pay_734a51638b,2026-08-14 16:17:11.788603,556.72,upi,electronics,1,0,0.0,16,0,0,0.9,45.3,0
order_73e3fa4ab5,pay_54da2b0ac1,2026-08-18 18:53:22.788603,347.63,wallet,grocery,0,4,0.2464903907475387,18,0,0,7.8,126.1,0
order_fa1bd3444d,pay_707fcea999,2026-08-24 19:33:39.788603,101.62,upi,apparel,1,0,0.0,19,0,0,21.2,21.1,0
order_edffa667ee,pay_747bb23bd3,2026-08-10 01:47:05.788603,50.0,wallet,grocery,0,3,0.12423460134559672,1,0,1,43.7,19.2,0
order_c0d15d9560,pay_d97396e03c,2026-08-07 14:52:20.788603,284.79,cod,apparel,0,7,0.07201954670289651,14,0,0,40.7,48.8,0
order_1a424435d1,pay_cc0bd73e31,2026-08-03 18:28:08.788603,444.32,upi,electronics,0,3,0.14077413978050346,18,0,0,38.2,59.7,0
order_eb0e2c82fc,pay_214cec36e9,2026-08-03 15:58:18.788603,268.14,upi,apparel,0,6,0.007668054306513738,15,0,0,19.3,35.0,0
order_f2bc56d5a9,pay_7bae8f7093,2026-08-20 16:49:54.788603,275.57,upi,apparel,1,0,0.0,16,0,0,6.7,7.1,0
order_ffadc221ba,pay_118abfed7f,2026-07-30 08:52:28.788603,764.06,card,grocery,0,3,0.20676707985497453,8,0,0,17.6,134.5,0
order_f9f4c26077,pay_780fd2264d,2026-08-23 21:46:32.788603,437.64,upi,electronics,1,0,0.0,21,1,0,1.0,30.6,0
order_356c9c41d8,pay_10d3afe5ab,2026-08-06 22:19:52.788603,899.97,cod,electronics,0,10,0.0705846876015499,22,0,0,2.1,25.5,0
order_5a739900d2,pay_f9cd981ec7,2026-08-25 13:44:09.788603,118.41,card,home,0,8,0.25565731646221174,13,0,0,6.2,54.1,0
order_4d1a0e7e66,pay_c47ff11a5f,2026-08-25 11:35:23.788603,166.09,cod,home,0,7,0.09996006648551471,11,0,0,21.4,91.0,0
order_2fc2f85b1f,pay_d946687903,2026-08-18 05:17:18.788603,250.02,card,home,0,4,0.10527137229096999,5,0,0,2.2,39.2,0
order_abbcfc3848,pay_e5842f41d8,2026-08-26 17:41:15.788603,414.28,cod,apparel,0,7,0.09555357074359075,17,0,0,4.2,31.7,1
order_d1986104f0,pay_7d7c18bbbf,2026-08-16 08:05:37.788603,1167.47,upi,grocery,0,3,0.05837371246277547,8,1,0,9.3,78.4,0
order_99f76951b0,pay_1480400571,2026-08-22 10:33:15.788603,1825.13,cod,digital,0,10,0.18368992156799635,10,1,0,70.2,117.1,0
order_f0108b464e,pay_9f16db5cdb,2026-08-21 21:11:12.788603,329.08,upi,electronics,1,0,0.0,21,0,0,14.6,22.6,0
order_cb61c770f2,pay_c0193b3926,2026-08-18 10:02:46.788603,469.99,upi,digital,0,6,0.14999632353544504,10,0,0,10.5,70.0,0
order_34f533f66e,pay_383082bdf2,2026-08-26 15:34:10.788603,2153.87,netbanking,grocery,0,9,0.30284204851442253,15,0,0,19.0,21.6,1
order_b867342335,pay_492cd0cb63,2026-08-08 03:37:44.788603,1697.07,card,home,0,4,0.29883155152197655,3,1,1,7.7,28.0,0
order_aa1a21ca4a,pay_b38109c12c,2026-08-11 21:26:23.788603,512.89,cod,apparel,0,10,0.06980466141580816,21,0,0,38.8,62.4,0
order_65df1e0efb,pay_d747198ee4,2026-08-08 15:24:54.788603,1558.14,upi,electronics,0,6,0.010883379467644982,15,1,0,27.9,8.5,0
order_80a5e665a2,pay_2b915fea9a,2026-08-23 11:04:13.788603,353.1,upi,home,0,8,0.09607725331866923,11,1,0,16.5,98.0,0
order_1d2ceb1b45,pay_6746b344b9,2026-08-27 07:58:24.788603,368.02,upi,grocery,0,9,0.07693006918974393,7,0,0,40.5,34.5,0
order_dd314de6de,pay_9af1f4bdf1,2026-08-05 03:23:21.788603,264.2,card,electronics,1,0,0.0,3,0,1,18.0,82.2,1
order_bcfb30ec50,pay_1aa44e3f4b,2026-08-16 09:31:18.788603,2239.1,card,grocery,0,9,0.10647870230464618,9,1,0,3.5,100.6,0
order_ad2e1b06ea,pay_8b098e0b6e,2026-08-23 02:03:53.788603,1931.99,cod,electronics,0,3,0.5080384184569011,2,1,1,16.2,81.2,1
order_34a8faa311,pay_abcb76c0a6,2026-08-18 15:37:48.788603,1594.37,card,grocery,0,1,0.4380853127879895,15,0,0,18.0,105.1,1
order_94b43941e0,pay_5666e4bb8e,2026-08-16 01:23:01.788603,249.24,cod,apparel,0,1,0.11065403182053235,1,1,1,0.6,85.7,0
order_cac25de751,pay_84ab120e60,2026-07-28 23:59:13.788603,509.63,upi,digital,1,0,0.0,23,0,1,9.6,38.5,0
order_80c045295d,pay_71baa8977a,2026-08-07 02:30:03.788603,393.54,upi,digital,0,0,0.11504353650953576,2,0,1,32.6,45.4,0
order_2f262f8e5d,pay_529ce0335e,2026-08-02 12:56:31.788603,1239.75,cod,electronics,0,5,0.1360749715596632,12,1,0,5.3,26.6,0
order_c14bd39e22,pay_5ef9c00aa2,2026-08-02 01:39:28.788603,1679.21,cod,apparel,0,2,0.06827986373760146,1,1,1,21.4,30.4,0
order_5927d4564f,pay_3985354a50,2026-08-26 05:12:29.788603,1129.11,upi,home,0,4,0.06981246952190424,5,0,0,17.0,24.9,0
order_f96c33dde5,pay_a38c7dca3c,2026-08-01 11:02:05.788603,538.24,upi,electronics,0,3,0.22515158531652898,11,1,0,15.6,53.1,0
order_5dd7549901,pay_94d4b04958,2026-08-03 12:18:02.788603,1145.77,card,electronics,0,7,0.22149821520918292,12,0,0,7.7,145.0,0
order_0b4e625a24,pay_093b4665f1,2026-07-28 15:07:42.788603,1198.86,card,apparel,0,10,0.10892904406348071,15,0,0,2.8,53.7,0
order_9ec8334c27,pay_1f7e112a65,2026-08-22 07:08:27.788603,661.03,upi,home,0,8,0.6136021673378229,7,1,0,14.7,136.4,1
order_03a4689035,pay_5094a453bb,2026-07-31 07:07:21.788603,1281.74,cod,apparel,0,4,0.24109604715522695,7,0,0,10.4,21.5,1
order_011995e137,pay_5ee59aa14d,2026-08-02 14:10:23.788603,955.58,upi,home,0,6,0.342060810437751,14,1,0,44.6,46.1,0
order_c8dc4d8cbd,pay_b2fd2b017e,2026-08-19 16:16:03.788603,1792.43,netbanking,electronics,0,6,0.14091959127005835,16,0,0,7.4,385.0,0
order_cdc165c4d3,pay_1ffa909726,2026-08-04 22:17:45.788603,560.19,card,apparel,0,5,0.3933951234787139,22,0,0,12.1,24.5,0
order_90999c2776,pay_8c92943b46,2026-08-17 08:48:21.788603,187.19,upi,grocery,1,0,0.0,8,0,0,20.2,18.5,0
order_e27556d552,pay_afd5940dbc,2026-07-29 02:26:31.788603,11394.5,wallet,electronics,1,0,0.0,2,0,1,23.0,242.4,0
order_56ff8a0a76,pay_c1e72ebb8c,2026-08-21 01:31:10.788603,394.23,upi,home,0,9,0.04564434017952758,1,0,1,5.5,181.4,0
order_aeda62a61f,pay_7f44e77426,2026-08-25 18:27:05.788603,1291.68,cod,apparel,0,3,0.12903993542881814,18,0,0,5.1,38.8,0
order_27f3b28f41,pay_7e8e9bf92f,2026-08-21 04:17:02.788603,1028.37,upi,electronics,0,8,0.04439537097953358,4,0,1,9.0,121.7,0
order_802ecc3e7a,pay_168d0fa8d8,2026-08-20 03:50:28.788603,2689.02,upi,apparel,1,0,0.0,3,0,1,34.5,32.7,0
order_3d687ef832,pay_60097ef35d,2026-08-08 10:56:40.788603,679.05,cod,digital,1,0,0.0,10,1,0,1.2,77.8,0
order_d65ee7a826,pay_ddfaaefcdd,2026-07-30 01:52:57.788603,663.81,upi,grocery,0,5,0.011368339002033795,1,0,1,13.4,61.1,0
order_83a2e0ce0b,pay_e2ee6a5f64,2026-08-13 15:05:53.788603,582.75,wallet,electronics,1,0,0.0,15,0,0,8.7,32.1,0
order_31f6df6f46,pay_44d37171da,2026-07-28 21:13:09.788603,245.07,cod,apparel,0,3,0.1008456600110688,21,0,0,11.6,17.8,1
order_36c462352b,pay_a5d83764ac,2026-08-04 20:51:49.788603,134.24,upi,apparel,0,7,0.05510317108947702,20,0,0,3.8,100.7,0
order_b919ea2681,pay_5b8da3068d,2026-08-17 11:17:11.788603,1067.16,card,electronics,0,6,0.23918177274242006,11,0,0,22.2,59.3,0
order_473ef6ef66,pay_bd26dbde6a,2026-08-07 09:48:11.788603,2257.98,card,grocery,0,3,0.045800396994782666,9,0,0,2.3,60.0,0
order_c7331fff88,pay_f54848f6df,2026-08-12 07:01:00.788603,558.34,upi,apparel,0,2,0.027459345838489,7,0,0,16.5,63.6,0
order_bf15717fb3,pay_89f7bd777d,2026-08-25 12:53:58.788603,876.39,upi,apparel,0,8,0.048292287897394655,12,0,0,6.3,94.8,0
order_fba2e32cd1,pay_68f8acb57b,2026-08-20 22:31:34.788603,3044.18,upi,electronics,0,3,0.11712544334272267,22,0,0,9.7,47.0,1
order_9c621c7cf1,pay_1d00080869,2026-08-08 01:54:36.788603,3456.47,cod,grocery,1,0,0.0,1,1,1,19.6,229.7,0
order_d2d7b825b0,pay_d9b221ed00,2026-07-29 12:10:02.788603,97.42,netbanking,electronics,1,0,0.0,12,0,0,8.7,12.9,0
order_a834a7bc14,pay_d27349f041,2026-08-12 12:46:57.788603,449.25,netbanking,electronics,0,7,0.12717486212999535,12,0,0,23.6,17.2,0
order_4b0b214545,pay_3b9ccdc083,2026-08-26 19:01:34.788603,617.55,upi,electronics,0,4,0.3428821977253283,19,0,0,0.2,34.0,0
order_be4d405d2c,pay_47af6b52eb,2026-08-04 16:18:55.788603,3237.25,upi,apparel,0,3,0.09824663074168236,16,0,0,2.5,39.2,0
order_985902dc86,pay_9a2ee92b5c,2026-07-31 07:18:41.788603,662.31,upi,apparel,0,7,0.24879842302335375,7,0,0,23.1,45.5,1
order_2ae589f2f1,pay_cf8f669762,2026-08-13 10:17:48.788603,431.74,upi,grocery,1,0,0.0,10,0,0,5.3,25.6,1
order_11bcf30783,pay_d9cafa2910,2026-08-15 07:38:41.788603,96.19,card,apparel,0,2,0.09373212633706615,7,1,0,12.4,46.9,0
order_c6f75f7d6a,pay_bf69d2d226,2026-07-31 17:42:42.788603,274.38,cod,digital,0,7,0.01503834992845403,17,0,0,0.8,52.0,0
order_19ddc0b21f,pay_5606f448b6,2026-07-31 19:51:49.788603,1483.51,card,apparel,0,2,0.028424966015075923,19,0,0,9.9,21.6,0
order_643b0d3074,pay_69444a68f8,2026-08-14 10:29:32.788603,1115.65,card,grocery,0,9,0.03955690475862278,10,0,0,19.5,21.9,0
order_08f22187dc,pay_0cac701e95,2026-08-26 21:50:11.788603,751.27,card,electronics,1,0,0.0,21,0,0,37.8,95.7,0
order_e089af1007,pay_86da6cef9e,2026-08-20 15:41:07.788603,3604.76,upi,apparel,0,5,0.17127939893245192,15,0,0,0.2,53.1,0
order_2559f3db7e,pay_0deb65be11,2026-08-10 13:12:00.788603,215.16,upi,electronics,1,0,0.0,13,0,0,49.0,41.4,0
order_bb79fc41df,pay_c6183e2a56,2026-08-05 12:44:42.788603,8686.33,card,home,1,0,0.0,12,0,0,0.4,29.2,0
order_7546456426,pay_23912fc28c,2026-07-28 18:01:43.788603,1561.49,upi,electronics,0,10,0.10198285759717149,18,0,0,26.3,114.0,0
order_2e5c6872ac,pay_6c4bda8ee8,2026-08-07 04:31:19.788603,1593.63,upi,electronics,0,3,0.24180657871562414,4,0,1,4.5,62.1,0
order_a579173de1,pay_d09155e06c,2026-08-08 17:29:38.788603,232.31,netbanking,digital,0,2,0.009993990477556251,17,1,0,4.8,133.9,0
order_471d9fef94,pay_ca4d4ab2b4,2026-08-13 13:12:11.788603,5843.97,cod,grocery,1,0,0.0,13,0,0,3.4,87.0,0
order_2d083c71c9,pay_83371cd174,2026-08-03 04:14:52.788603,943.69,upi,digital,0,5,0.16473920470421216,4,0,1,0.2,35.3,0
order_d0b2c00c47,pay_02af02e0e2,2026-08-04 13:45:42.788603,2366.83,card,apparel,0,7,0.12300289637238722,13,0,0,7.3,73.0,0
order_39939eb0b7,pay_30b5f0f8b9,2026-07-30 19:39:50.788603,893.82,cod,apparel,0,3,0.08936742893054316,19,0,0,18.8,105.6,0
order_b445d8e32a,pay_16ebd1c862,2026-08-23 06:34:44.788603,2029.43,cod,apparel,0,7,0.003109579078009158,6,1,0,27.0,84.1,0
order_a5a687a32a,pay_9035689a99,2026-08-24 08:54:35.788603,1712.06,wallet,digital,1,0,0.0,8,0,0,20.4,81.9,0
order_fdafb93e1b,pay_11022138af,2026-08-23 10:03:05.788603,343.99,cod,home,0,3,0.10534082435091319,10,1,0,5.4,184.9,0
order_ddb4486f5d,pay_9efa62b9f8,2026-08-16 12:41:18.788603,336.65,upi,electronics,0,3,0.08063463895998917,12,1,0,23.2,84.3,0
order_2f38f420de,pay_7c15a0078e,2026-07-30 07:08:00.788603,349.85,netbanking,apparel,0,4,0.11376042713265624,7,0,0,7.5,35.4,0
order_65fda0be96,pay_e4216f262b,2026-08-11 08:40:30.788603,609.87,cod,electronics,0,5,0.05618255363998718,8,0,0,8.0,33.7,0
order_6ee78ed1d2,pay_053b563c8c,2026-08-13 20:34:02.788603,257.8,cod,apparel,0,0,0.16642226876066718,20,0,0,1.8,88.6,0
order_990af40893,pay_9cf5285b3b,2026-08-16 13:38:08.788603,466.89,upi,apparel,0,7,0.2904384009578325,13,1,0,1.1,169.7,0
order_3fab54551d,pay_4b2a1640bf,2026-08-11 14:29:52.788603,1319.6,cod,electronics,0,6,0.05956374869003762,14,0,0,7.8,46.6,0
order_7c8396f800,pay_4c38470359,2026-08-19 05:53:49.788603,447.26,upi,grocery,0,3,0.12504232288781017,5,0,0,4.5,79.5,0
order_4732f87332,pay_8263ed64cc,2026-08-22 11:24:58.788603,1438.15,card,apparel,1,0,0.0,11,1,0,33.0,200.1,0
order_b14bedbec5,pay_cb9205e3e1,2026-08-07 18:54:27.788603,803.97,wallet,apparel,0,8,0.023847596707371636,18,0,0,1.1,164.8,0
order_369f243927,pay_db619bca1e,2026-07-29 20:28:04.788603,1339.54,card,digital,1,0,0.0,20,0,0,0.8,33.6,0
order_86497ed388,pay_04bcd65f92,2026-08-10 04:43:00.788603,1106.07,upi,apparel,0,7,0.11551937664788979,4,0,1,15.0,11.9,0
order_e7cb59ca4b,pay_3ea870fecb,2026-08-23 12:54:39.788603,749.09,upi,apparel,1,0,0.0,12,1,0,13.1,17.4,0
order_b2f9003e7f,pay_d86a3064e4,2026-08-23 12:16:06.788603,347.79,netbanking,electronics,1,0,0.0,12,1,0,35.4,72.9,0
order_4e05eecd93,pay_d288d31f58,2026-08-13 17:31:08.788603,124.78,cod,apparel,0,7,0.16223357482644807,17,0,0,1.4,36.1,0
order_258f221483,pay_3f45eafdfd,2026-08-19 17:51:26.788603,404.5,card,grocery,1,0,0.0,17,0,0,0.7,88.6,0
order_6cfaa9ce9a,pay_78a3c98c29,2026-08-25 21:05:37.788603,831.38,upi,electronics,0,4,0.12079509616542156,21,0,0,10.2,235.2,0
order_31b0104815,pay_9d91495a84,2026-08-14 01:12:59.788603,485.56,netbanking,electronics,0,5,0.11515333752795992,1,0,1,2.1,41.0,0
order_493f8f88e5,pay_ce0f2400be,2026-08-18 09:33:54.788603,298.73,card,home,1,0,0.0,9,0,0,5.2,56.0,0
order_5eca666c31,pay_1f77e45d82,2026-08-03 19:15:37.788603,1069.85,card,electronics,0,6,0.18845356396328813,19,0,0,15.9,36.7,0
order_dd008b66df,pay_d7c35f9125,2026-08-03 17:13:01.788603,284.87,upi,electronics,1,0,0.0,17,0,0,0.2,132.6,0
order_ca61ec152e,pay_a3f70934a8,2026-08-14 20:24:36.788603,125.16,upi,apparel,0,5,0.02307215339740641,20,0,0,38.5,51.7,0
order_c6f078b2dd,pay_d053f2b25f,2026-08-13 02:09:37.788603,1769.35,cod,apparel,1,0,0.0,2,0,1,19.0,44.0,0
order_ad0809fa24,pay_6114b61a78,2026-08-24 19:00:56.788603,665.29,upi,digital,0,6,0.2376036735771143,19,0,0,27.0,83.0,0
order_3a81274aa8,pay_5defc2fabb,2026-08-22 17:56:07.788603,1499.09,upi,apparel,1,0,0.0,17,1,0,5.1,30.1,0
order_ed09335f0f,pay_81eaa2408a,2026-08-26 15:49:47.788603,9821.99,upi,apparel,1,0,0.0,15,0,0,16.2,68.2,0
order_d7a8bf8e11,pay_905163a65f,2026-08-23 03:49:47.788603,105.51,card,digital,0,0,0.051536527319316766,3,1,1,5.2,54.4,0
order_737daa5ccf,pay_960cefedad,2026-08-10 17:03:13.788603,2030.81,upi,electronics,1,0,0.0,17,0,0,8.9,26.2,0
order_a7e347bdef,pay_9b5a0dbd16,2026-08-07 01:55:55.788603,80.49,card,digital,0,4,0.20055030499265822,1,0,1,25.4,39.5,0
order_688594c71d,pay_58f6a11d78,2026-08-13 20:58:52.788603,444.36,netbanking,apparel,0,10,0.2145053632889049,20,0,0,18.2,18.5,0
order_496cba9e53,pay_59ef8d1ee5,2026-08-10 08:00:20.788603,397.38,netbanking,electronics,0,6,0.00858554255232158,8,0,0,55.9,20.2,0
order_55b3a44738,pay_bf33a5a961,2026-08-19 17:35:11.788603,4579.43,upi,grocery,0,8,0.017966809584283382,17,0,0,7.0,25.7,0
order_55496bef3f,pay_8b351dc63a,2026-08-22 19:20:50.788603,2954.75,netbanking,electronics,0,10,0.19553303268305552,19,1,0,38.3,52.3,1
order_65b4b337c5,pay_516c67e0a5,2026-08-23 18:43:42.788603,1161.87,upi,apparel,0,6,0.12325471663878276,18,1,0,23.6,29.7,0
order_5b932096f1,pay_f3ec43d4b8,2026-08-26 08:19:35.788603,438.19,wallet,grocery,0,9,0.026023448580252902,8,0,0,4.4,63.4,0
order_2f2b9ca460,pay_6da5eedc18,2026-08-16 17:02:47.788603,280.5,card,electronics,0,4,0.04061195038530768,17,1,0,8.5,103.6,0
order_2491e88272,pay_fcd6ff48a4,2026-07-31 14:47:11.788603,822.7,upi,grocery,0,5,0.21895603308855294,14,0,0,22.2,51.6,0
order_8edd621be7,pay_da4f9850cf,2026-08-24 19:05:06.788603,1779.76,cod,apparel,0,4,0.052948019819323164,19,0,0,23.3,83.2,0
order_a5a0eee1b0,pay_b31624e08e,2026-08-14 17:53:51.788603,1145.34,upi,apparel,0,4,0.1381059062679732,17,0,0,45.5,85.9,0
order_c159ebd015,pay_d87f4b1c60,2026-08-08 00:30:05.788603,454.15,card,digital,1,0,0.0,0,1,1,2.9,72.5,0
order_bb708210a0,pay_79b58c7d61,2026-08-03 11:48:15.788603,4211.8,cod,grocery,0,7,0.04323953581805742,11,0,0,13.2,104.4,0
order_a544fed2fe,pay_06758ab816,2026-08-20 00:59:15.788603,234.13,wallet,apparel,1,0,0.0,0,0,1,10.8,21.8,0
order_e958a13fa1,pay_8c8291149a,2026-08-15 18:44:21.788603,526.67,upi,digital,1,0,0.0,18,1,0,37.9,24.1,0
order_d04424b797,pay_6e91489803,2026-08-11 09:26:34.788603,2576.87,upi,apparel,0,8,0.05420098542939551,9,0,0,9.5,27.9,0
order_af00e8a609,pay_0d9ae582b4,2026-08-19 16:29:50.788603,807.59,upi,home,0,4,0.04661397920791377,16,0,0,5.0,164.1,1
order_13839f5e1a,pay_6fc2b384f8,2026-08-22 15:22:33.788603,466.86,upi,digital,0,7,0.19255799476807875,15,1,0,17.1,17.4,0
order_1481a8e2ed,pay_3d9553b340,2026-08-02 08:08:40.788603,3029.45,upi,digital,0,6,0.13551109979143597,8,1,0,23.9,297.3,0
order_98d2eb8d7d,pay_6d725d1beb,2026-08-12 15:25:16.788603,751.55,card,electronics,0,6,0.1666099066965996,15,0,0,37.8,74.5,0
order_56b6039694,pay_95e6db5237,2026-08-13 08:28:12.788603,1568.41,card,electronics,1,0,0.0,8,0,0,2.9,22.8,0
order_dda2767ea4,pay_2ecaf2be9b,2026-08-12 15:37:47.788603,1074.02,upi,electronics,0,6,0.09970687026814028,15,0,0,1.6,108.6,1
order_ffeb83592b,pay_1e6c97ae1b,2026-08-21 21:22:30.788603,50.0,upi,digital,0,8,0.08184876213467601,21,0,0,0.3,33.0,0
order_33d4c0b057,pay_035095b32a,2026-08-13 03:37:54.788603,397.42,card,electronics,0,2,0.002065341320854902,3,0,1,7.9,152.3,0
order_ca42a3062d,pay_b6bdd714c6,2026-08-03 05:11:06.788603,575.22,wallet,apparel,0,6,0.038090453442503475,5,0,0,34.9,33.0,0
order_f22ddc76a4,pay_936c035593,2026-08-19 03:16:57.788603,685.07,card,apparel,0,10,0.20937416281433632,3,0,1,0.3,31.4,0
order_e6478ab943,pay_0532f3f8c6,2026-08-17 12:09:01.788603,210.15,upi,home,1,0,0.0,12,0,0,17.8,17.8,0
order_ca6e2473fb,pay_1b7251d80a,2026-08-25 04:03:12.788603,541.58,upi,apparel,0,6,0.03247257318674825,4,0,1,2.2,297.3,0
order_8351bc3365,pay_18c80e9389,2026-08-12 00:35:01.788603,616.24,upi,digital,0,6,0.18592669761221495,0,0,1,0.8,33.8,0
order_789987bdd0,pay_b199042b4f,2026-08-24 02:59:18.788603,4499.23,card,electronics,0,4,0.04311938742639252,2,0,1,6.7,34.3,0
order_c14a96870a,pay_490b1bab73,2026-07-28 10:28:17.788603,273.32,card,grocery,0,4,0.021650416121922256,10,0,0,50.0,42.9,0
order_17c68cffd4,pay_fa336ff233,2026-07-29 17:54:20.788603,182.9,cod,apparel,0,6,0.270088549906958,17,0,0,33.0,63.7,1
order_2baa90dbbc,pay_65ffc073b3,2026-08-14 08:45:35.788603,1223.04,upi,home,1,0,0.0,8,0,0,27.4,31.9,0
order_75741b7891,pay_c6c12e95a6,2026-08-08 06:48:06.788603,470.82,netbanking,electronics,0,6,0.2226486193413499,6,1,0,54.3,34.8,0
order_0368798db0,pay_51055bbcf8,2026-08-01 01:21:12.788603,263.07,cod,electronics,0,7,0.05424354861520533,1,1,1,15.1,217.8,1
order_7519ffe9e4,pay_c4461d33f1,2026-08-18 10:08:16.788603,755.77,card,electronics,0,8,0.22453445062611055,10,0,0,2.5,154.3,1
order_b80840fd24,pay_2c4d05ab30,2026-08-02 23:26:11.788603,66.19,upi,digital,0,5,0.6139116500511391,23,1,1,3.9,55.4,0
order_e1ff642ab6,pay_167cfb6fd5,2026-08-10 06:03:55.788603,61.69,upi,digital,0,6,0.05500694346619307,6,0,0,36.6,31.1,0
order_e0f9073c18,pay_c32540e232,2026-08-15 16:56:16.788603,622.63,cod,home,0,5,0.008702949422123905,16,1,0,0.2,83.3,0
order_74daaea270,pay_6850174bbf,2026-07-28 22:15:21.788603,107.28,card,digital,1,0,0.0,22,0,0,3.3,93.4,0
order_9b6071319b,pay_c4a3abb73d,2026-08-19 14:57:50.788603,1032.15,card,apparel,0,4,0.44573703804597603,14,0,0,6.7,45.3,1
order_9368691a99,pay_071255e84b,2026-08-25 23:13:18.788603,2355.41,upi,digital,0,7,0.04790614504392422,23,0,1,7.1,131.4,0
order_51f454a6b9,pay_5e453b35fa,2026-08-22 17:39:09.788603,1958.0,cod,apparel,1,0,0.0,17,1,0,4.6,89.8,0
order_d53cc20aca,pay_ba53da7865,2026-08-02 11:28:27.788603,337.21,card,apparel,1,0,0.0,11,1,0,14.4,51.8,0
order_7d40c7891a,pay_762231c5ac,2026-08-20 09:12:07.788603,5057.93,wallet,grocery,0,4,0.03631362016759227,9,0,0,0.4,17.9,0
order_30a8b04425,pay_85e1214252,2026-08-16 06:42:33.788603,514.81,upi,apparel,0,6,0.10317278547049417,6,1,0,19.6,19.2,0
order_6ac023a3a5,pay_1dde26fea5,2026-08-06 16:50:37.788603,193.53,upi,home,1,0,0.0,16,0,0,35.1,22.9,0
order_0300b0ecbe,pay_f2e313381b,2026-07-29 08:58:46.788603,2721.45,upi,apparel,0,5,0.25441426180373705,8,0,0,43.3,147.3,0
order_eac90a0eed,pay_aa3e5f67c6,2026-08-14 10:05:31.788603,453.63,cod,electronics,0,4,0.2949502430070887,10,0,0,17.6,50.4,0
order_67281ba27e,pay_907e876d8c,2026-08-17 16:54:42.788603,512.16,upi,apparel,0,4,0.1368237311879612,16,0,0,66.0,57.0,0
order_2e5a1cbeed,pay_37e11d9665,2026-08-11 17:44:28.788603,4230.38,upi,grocery,0,3,0.28530550258766896,17,0,0,5.4,24.6,0
order_d587438be8,pay_ae25b5c7a0,2026-08-17 19:59:23.788603,1963.86,card,home,0,4,0.19732624321428913,19,0,0,26.9,55.4,0
order_9756a930b9,pay_9bff51bad1,2026-08-26 13:14:44.788603,1575.79,upi,apparel,0,6,0.02771993748177029,13,0,0,39.2,29.7,0
order_350e10ef4f,pay_d3b690ab24,2026-08-13 19:37:38.788603,363.74,wallet,digital,0,4,0.20570906506399733,19,0,0,28.4,21.2,0
order_72652d988e,pay_2772bf5241,2026-08-03 12:24:29.788603,312.9,upi,apparel,1,0,0.0,12,0,0,16.1,65.4,1
order_5f9944f00a,pay_1fbd81c62a,2026-08-05 02:14:41.788603,169.33,upi,apparel,1,0,0.0,2,0,1,19.5,99.5,0
order_188ecd4c09,pay_a3bbdfc431,2026-08-06 06:54:42.788603,1182.08,wallet,apparel,0,7,0.21195593640529797,6,0,0,4.2,27.6,0
order_18c0a0640d,pay_6aa028d9b6,2026-07-31 17:51:45.788603,719.19,cod,home,1,0,0.0,17,0,0,10.4,178.8,0
order_976a01b80d,pay_25d612dad5,2026-08-10 19:11:41.788603,453.76,card,electronics,0,5,0.026617102108988912,19,0,0,35.8,80.5,0
order_8c8921d8f1,pay_bed68d8546,2026-08-14 17:52:18.788603,99.15,cod,apparel,1,0,0.0,17,0,0,0.5,160.4,1
order_6ef3a34089,pay_eeb2a9dc66,2026-08-06 09:36:53.788603,425.9,upi,home,1,0,0.0,9,0,0,11.8,60.6,0
order_03e99e09a0,pay_2dbef01d0b,2026-08-11 14:07:37.788603,658.08,upi,grocery,1,0,0.0,14,0,0,6.2,25.5,0
order_26d088a63e,pay_3a3bfcc3f0,2026-08-16 03:57:45.788603,326.43,cod,grocery,0,3,0.3282440326810804,3,1,1,4.8,49.2,0
order_0b0898db34,pay_7192d3076b,2026-08-15 22:10:42.788603,258.82,upi,digital,0,6,0.24704273894271978,22,1,0,21.5,29.9,0
order_786814116c,pay_2ab1878a3d,2026-08-07 00:35:06.788603,1856.14,cod,home,0,4,0.22667501270454496,0,0,1,25.3,23.4,1
order_91ba58c415,pay_d74d6d5a41,2026-08-25 00:45:58.788603,121.57,card,digital,0,5,0.22780797561418223,0,0,1,2.2,37.8,0
order_729710560b,pay_c1e56080cb,2026-08-10 03:19:06.788603,1054.97,upi,grocery,1,0,0.0,3,0,1,7.4,46.4,1
order_c821528963,pay_cc1853ad3a,2026-08-23 20:35:49.788603,423.85,upi,apparel,0,4,0.08096688924749182,20,1,0,10.5,27.0,0
order_eba8e234cb,pay_230140d45a,2026-08-26 19:48:11.788603,2442.54,upi,grocery,1,0,0.0,19,0,0,28.9,40.0,0
order_ff22be0cf8,pay_61a8d2c409,2026-08-03 02:08:16.788603,726.05,card,electronics,0,4,0.01034755577933386,2,0,1,24.7,66.3,0
order_40cb4952b7,pay_9ee4fc5e14,2026-08-20 14:44:53.788603,1215.13,card,apparel,0,10,0.08341393158084229,14,0,0,60.2,52.3,0
order_782867a539,pay_aeeabaae64,2026-08-05 12:04:39.788603,1985.63,upi,grocery,0,6,0.15965213936860917,12,0,0,2.1,32.6,0
order_b695a1200f,pay_e311d7950d,2026-07-30 21:03:11.788603,1143.78,upi,grocery,0,3,0.3004159825994116,21,0,0,9.9,17.9,0
order_3a8076146f,pay_a8de31d0c1,2026-08-24 07:46:19.788603,551.94,netbanking,apparel,0,4,0.0831996436993131,7,0,0,9.1,72.0,0
order_7714440a00,pay_b21090b334,2026-08-15 20:14:51.788603,1898.94,netbanking,electronics,0,4,0.28799566403771504,20,1,0,27.5,63.5,0
order_223868040b,pay_ef608b80a6,2026-08-19 00:13:28.788603,991.86,card,home,1,0,0.0,0,0,1,7.6,20.2,0
order_aa813baa9d,pay_fea62ab161,2026-08-07 22:47:46.788603,391.59,upi,home,1,0,0.0,22,0,0,13.0,7.3,0
order_01bc0c3f3d,pay_aa32e241c0,2026-08-04 21:04:53.788603,977.44,netbanking,home,0,4,0.06892465333517632,21,0,0,6.4,79.8,0
order_f798d62d64,pay_494bc62a45,2026-08-08 10:32:18.788603,257.83,upi,apparel,1,0,0.0,10,1,0,7.5,112.4,0
order_611251cae4,pay_be525b7e1e,2026-08-18 12:45:11.788603,332.13,upi,electronics,0,4,0.21431431250944122,12,0,0,7.5,85.9,0
order_177dae924d,pay_3e51fab7c0,2026-07-30 15:27:09.788603,692.18,netbanking,home,1,0,0.0,15,0,0,16.8,27.1,1
order_6709b10d6d,pay_d373039889,2026-08-15 14:58:52.788603,615.75,upi,electronics,1,0,0.0,14,1,0,4.1,58.5,0
order_5f6fc60a05,pay_4e84b59961,2026-08-18 02:57:06.788603,396.4,card,digital,0,4,0.27095378681990484,2,0,1,8.5,51.9,0
order_cee8d35ba8,pay_24d1424688,2026-08-16 06:12:37.788603,275.95,upi,grocery,0,2,0.39998471831000854,6,1,0,9.9,19.0,1
order_246f0d0681,pay_6f5baf809d,2026-08-03 00:00:25.788603,3280.31,card,home,0,4,0.172416866754244,0,0,1,28.5,38.5,0
order_c8b17cf73c,pay_a2181f9387,2026-08-22 18:08:18.788603,1106.45,upi,grocery,0,8,0.14075893666359038,18,1,0,29.2,47.2,1
order_8f95e209b5,pay_5613c028fa,2026-08-02 08:43:11.788603,269.25,card,digital,0,8,0.06580762849771174,8,1,0,13.3,33.4,0
order_936871a51d,pay_02cb4d029f,2026-08-17 04:02:49.788603,84.36,upi,grocery,0,8,0.33085287932750784,4,0,1,39.4,101.0,0
order_971fa467af,pay_4fcb7bf09a,2026-08-25 01:01:15.788603,322.89,card,apparel,0,3,0.5430118238443162,1,0,1,6.9,213.0,1
order_c2bfc6094c,pay_f53874aa98,2026-08-06 03:19:56.788603,448.94,upi,apparel,0,3,0.05067884294403559,3,0,1,9.5,49.2,1
order_9b748ec0ee,pay_f84ce23d05,2026-08-25 23:21:51.788603,1136.23,upi,apparel,1,0,0.0,23,0,1,2.6,29.1,0
order_cf1da1363d,pay_df28ee0eba,2026-08-26 14:13:55.788603,409.84,netbanking,grocery,1,0,0.0,14,0,0,0.9,77.5,0
order_186e47e5f5,pay_fb4d231c27,2026-07-30 18:58:53.788603,421.42,netbanking,electronics,0,5,0.4088280200210511,18,0,0,4.1,28.8,1
order_bd33268c9f,pay_7fab2a7c1d,2026-08-20 10:33:12.788603,397.79,upi,grocery,0,3,0.0015910570877721826,10,0,0,30.9,76.3,0
order_7323970736,pay_0ce996eab6,2026-08-06 20:34:58.788603,1480.01,upi,digital,1,0,0.0,20,0,0,41.2,22.6,1
order_4bb9f9d63f,pay_a364a27305,2026-08-18 10:38:02.788603,1251.87,upi,electronics,0,12,0.13649553796575922,10,0,0,4.6,47.6,0
order_8bfcc63c01,pay_f9562c3538,2026-08-05 11:37:02.788603,58.31,card,electronics,1,0,0.0,11,0,0,0.8,152.0,0
order_9dbce0ce6c,pay_4cf423b2a7,2026-08-18 18:43:57.788603,1019.57,card,digital,0,7,0.011737527017287915,18,0,0,17.6,87.5,0
order_6802142652,pay_1e5d518e52,2026-08-20 10:39:28.788603,511.27,upi,electronics,0,6,0.20677644696758568,10,0,0,0.4,54.6,0
order_b1871e8cc7,pay_329b78cbdf,2026-08-15 04:35:57.788603,12847.05,card,home,0,5,0.03686976308851309,4,1,1,13.4,45.7,0
order_89a644ae7d,pay_1e723d0cca,2026-08-15 16:08:04.788603,1962.87,upi,digital,1,0,0.0,16,1,0,2.7,104.9,0
order_0f74ba2067,pay_e76214ba73,2026-08-22 15:16:24.788603,1741.35,cod,digital,1,0,0.0,15,1,0,3.9,39.6,1
order_7d63407c5a,pay_1d4ff7eb37,2026-07-29 22:58:11.788603,646.16,netbanking,home,0,4,0.0020549815207221247,22,0,0,2.4,81.4,0
order_6c3f44bf9e,pay_5db4ca26bc,2026-08-06 12:08:33.788603,1456.75,upi,digital,0,6,0.10464681949349958,12,0,0,5.0,190.6,0
order_2c88d81d05,pay_9ff1869e09,2026-07-29 22:42:41.788603,398.39,upi,digital,1,0,0.0,22,0,0,5.3,30.1,0
order_9b576c913d,pay_3990dce598,2026-08-25 05:51:17.788603,369.99,card,apparel,0,9,0.18042201252693194,5,0,0,0.6,20.8,0
order_75f99dce69,pay_675ed11ee8,2026-08-03 21:38:59.788603,1136.2,upi,digital,0,6,0.051637746011063995,21,0,0,24.8,20.6,0
order_6d2e5b4b8b,pay_bdd216cd28,2026-08-18 19:20:41.788603,1165.24,cod,apparel,0,2,0.24843728553011582,19,0,0,11.6,60.5,0
order_bc7f4ae9a8,pay_152c1ab22d,2026-08-08 06:08:07.788603,275.39,card,electronics,0,8,0.04957440368570155,6,1,0,8.0,36.2,0
order_e1c902a64b,pay_708652059b,2026-08-19 23:23:33.788603,3285.0,cod,home,0,2,0.10849543869245022,23,0,1,3.9,30.3,1
order_890927fb79,pay_a8db53c69a,2026-08-05 13:04:56.788603,1223.97,wallet,electronics,0,1,0.11001097921772007,13,0,0,6.9,78.3,0
order_4c78ba1ccb,pay_54dedee721,2026-08-19 08:01:52.788603,390.89,cod,grocery,0,2,0.09901198515938227,8,0,0,25.3,36.1,0
order_494dfeb9fb,pay_44c28afe40,2026-08-16 13:21:02.788603,898.77,upi,home,0,5,0.43838228108068106,13,1,0,9.1,86.5,1
order_5ac15ca05c,pay_1ee22516c5,2026-08-17 21:24:00.788603,130.21,netbanking,apparel,0,6,0.22504139568818543,21,0,0,15.0,27.1,0
order_9c0cbcf10d,pay_a2773b379c,2026-08-16 15:15:55.788603,498.02,cod,grocery,1,0,0.0,15,1,0,15.1,44.8,0
order_3810e583ed,pay_44bc5fe08c,2026-08-21 04:41:31.788603,542.49,card,electronics,0,6,0.05851220278484267,4,0,1,11.3,68.4,0
order_2c64d5a658,pay_da737d3132,2026-07-30 21:21:34.788603,474.09,upi,grocery,0,3,0.10770567892757801,21,0,0,2.6,24.8,0
order_8f4635d8ff,pay_5e863d7dcd,2026-08-15 12:51:33.788603,184.97,upi,electronics,0,4,0.051342402208634445,12,1,0,4.9,58.7,0
order_68f7f66bf5,pay_4b4a7ffdeb,2026-07-31 16:25:53.788603,683.32,cod,electronics,0,4,0.11674656752906136,16,0,0,11.7,45.2,1
order_b5b6c10cf8,pay_2deb3bddc7,2026-08-24 04:13:22.788603,423.96,upi,electronics,0,6,0.17231918322414683,4,0,1,22.7,73.9,0
order_b7874a7f98,pay_d0fba678b0,2026-08-10 01:36:02.788603,1024.84,upi,apparel,1,0,0.0,1,0,1,28.9,16.5,0
order_6a99588548,pay_f34c088c98,2026-08-11 04:59:37.788603,2295.16,netbanking,digital,0,8,0.2043763659835693,4,0,1,5.3,59.6,0
order_618e61503e,pay_ab25ab868d,2026-08-24 11:52:45.788603,6452.23,card,electronics,0,7,0.297673445980163,11,0,0,17.0,19.8,0
order_c0069bd0af,pay_520e4c82e4,2026-08-01 23:13:06.788603,250.74,wallet,apparel,1,0,0.0,23,1,1,3.4,55.1,0
order_9878c5a20f,pay_3ecdfdf305,2026-08-08 19:16:18.788603,1135.01,cod,home,0,4,0.11258102512186985,19,1,0,8.0,23.4,0
order_fcedd24b73,pay_f5992084bb,2026-08-14 18:33:14.788603,378.61,upi,grocery,0,7,0.17256168121591495,18,0,0,1.3,197.3,0
order_9130159939,pay_550f0ae7af,2026-08-16 19:55:33.788603,1923.54,card,apparel,1,0,0.0,19,1,0,2.2,104.7,0
order_745c4816af,pay_e83bcee7ad,2026-08-18 21:52:58.788603,1328.39,upi,apparel,0,3,0.3823154998891998,21,0,0,25.8,78.9,0
order_7ea629f555,pay_7ed11e5c53,2026-08-09 22:17:50.788603,3337.56,upi,apparel,0,5,0.23901547749339216,22,1,0,15.2,159.3,1
order_3d14a4ef77,pay_e8e908dbb0,2026-08-11 01:38:53.788603,1660.79,card,electronics,1,0,0.0,1,0,1,6.3,82.9,1
order_9509c909ce,pay_70ee2387cd,2026-08-15 13:04:34.788603,1157.84,card,electronics,1,0,0.0,13,1,0,6.7,73.7,0
order_fae19d2adb,pay_b085b7b600,2026-08-06 02:22:44.788603,440.01,upi,grocery,0,9,0.11674883231159146,2,0,1,7.0,58.6,1
order_c85fe87772,pay_0b64fbcbd1,2026-08-01 07:07:11.788603,440.55,cod,electronics,1,0,0.0,7,1,0,1.1,59.5,1
order_d3d465ce5e,pay_05d8f63f86,2026-08-24 18:48:51.788603,442.73,upi,electronics,1,0,0.0,18,0,0,17.2,143.9,0
order_1b13c7d1a2,pay_239700e689,2026-08-27 02:17:44.788603,87.15,netbanking,grocery,1,0,0.0,2,0,1,20.7,22.1,0
order_f4b6b4a585,pay_5815ec720a,2026-07-31 17:51:02.788603,199.14,card,digital,0,5,0.16223186720016483,17,0,0,13.9,60.3,0
order_4eb16b1032,pay_a9ced72b0f,2026-08-05 03:14:40.788603,1660.87,card,home,0,4,0.17981603710651903,3,0,1,3.1,26.6,0
order_8e62b1cd59,pay_d8fee79ce8,2026-08-04 11:41:28.788603,1392.55,wallet,apparel,0,4,0.1814938917796731,11,0,0,2.0,182.1,0
order_52409e9b71,pay_2fbebba1ff,2026-07-30 14:14:13.788603,1557.25,upi,digital,0,4,0.06664298192269888,14,0,0,7.4,35.7,0
order_ddac0e6c2f,pay_e25b72e5e0,2026-08-01 07:37:10.788603,89.07,upi,apparel,0,2,0.25235990262624985,7,1,0,66.2,79.7,0
order_f5cd669ed9,pay_e514ab9c7b,2026-08-09 09:00:32.788603,298.03,upi,grocery,0,6,0.1161391862420123,9,1,0,2.9,34.4,0
order_ac8fa1baa1,pay_c6665ebbd5,2026-08-16 01:26:48.788603,688.68,wallet,grocery,1,0,0.0,1,1,1,31.1,19.4,0
order_756b1cd4cc,pay_dab882d5a2,2026-08-18 16:51:04.788603,382.97,card,electronics,0,6,0.04305172073233941,16,0,0,9.3,17.8,0
order_7154b036f8,pay_0d30e5eda9,2026-08-16 17:24:01.788603,1199.65,upi,grocery,1,0,0.0,17,1,0,19.9,22.6,0
order_9866349f52,pay_d821d45241,2026-08-13 18:36:04.788603,877.17,upi,apparel,0,7,0.1778801359096399,18,0,0,0.8,42.0,0
order_3a6232dbb7,pay_42085e7440,2026-08-23 14:15:35.788603,494.82,upi,electronics,1,0,0.0,14,1,0,56.1,47.7,0
order_08a7980180,pay_59cbbda637,2026-08-06 22:46:12.788603,999.35,cod,electronics,0,2,0.31526025874849706,22,0,0,8.5,75.5,0
order_602e214bba,pay_4d81685d7c,2026-08-08 23:08:40.788603,276.58,upi,grocery,0,7,0.1036548311360267,23,1,1,6.3,96.4,0
order_ea4fc3df40,pay_500a0a20a1,2026-08-27 00:58:03.788603,652.93,card,apparel,0,5,0.1424953461436289,0,0,1,0.4,12.3,0
order_6aa574f32c,pay_b393109e70,2026-08-22 23:28:19.788603,297.29,upi,home,0,7,0.32540527272351694,23,1,1,14.6,102.5,0
order_7231201dfd,pay_75169de2eb,2026-07-31 05:22:03.788603,326.88,netbanking,grocery,0,5,0.08936565825470304,5,0,0,1.3,100.2,0
order_fbdc0eb06d,pay_be4e850e34,2026-08-14 12:38:00.788603,326.67,upi,apparel,1,0,0.0,12,0,0,1.4,35.1,0
order_b85dd0abd8,pay_6bbc9b4b0f,2026-08-26 05:56:42.788603,314.76,cod,apparel,1,0,0.0,5,0,0,33.6,47.7,1
order_089cce0630,pay_5dcc7055e9,2026-08-08 01:36:08.788603,631.52,wallet,apparel,0,5,0.13418940854098146,1,1,1,3.7,7.5,0
order_f62ddbe083,pay_5be87bcd86,2026-08-14 17:13:42.788603,250.14,cod,apparel,0,3,0.05047496899149429,17,0,0,1.3,150.0,0
order_f6521f740c,pay_d3c957b9bd,2026-08-07 15:11:42.788603,491.96,cod,apparel,0,5,0.02500188599088038,15,0,0,1.1,49.2,0
order_ac75d7efd7,pay_ccbbd27a86,2026-07-30 15:51:32.788603,1282.66,cod,digital,0,6,0.04340559247239141,15,0,0,51.4,26.7,0
order_9650270fd0,pay_c5ea897043,2026-08-10 10:53:53.788603,82.5,upi,home,0,1,0.002216730590598181,10,0,0,1.6,48.1,0
order_35437568d8,pay_77a8ee4a40,2026-08-01 16:56:17.788603,405.01,upi,apparel,1,0,0.0,16,1,0,24.5,13.3,0
order_e63ada7898,pay_2c22046663,2026-08-22 11:03:26.788603,1642.03,cod,electronics,1,0,0.0,11,1,0,43.5,19.8,1
order_a7c28aa497,pay_c9a55d5bac,2026-08-09 08:55:08.788603,355.94,upi,digital,0,6,0.15044047552433248,8,1,0,34.4,211.6,0
order_bf40358da9,pay_1f35a14fb5,2026-08-25 00:32:14.788603,584.5,upi,home,0,5,0.1157434743140401,0,0,1,10.5,33.8,1
order_f0481fe2ba,pay_d707ca934b,2026-08-12 12:28:07.788603,186.96,cod,digital,0,10,0.28342727426847397,12,0,0,7.4,167.3,1
order_89e52a48de,pay_418fc1acbd,2026-08-25 02:07:42.788603,664.77,card,grocery,0,5,0.07368355958287418,2,0,1,7.7,49.4,0
order_d932357345,pay_67433ced58,2026-08-23 14:28:21.788603,1392.42,upi,grocery,0,1,0.040105259847696785,14,1,0,1.1,42.5,0
order_98810c8409,pay_dce1dea173,2026-08-23 13:20:22.788603,1633.4,card,apparel,0,7,0.2446918286426301,13,1,0,7.1,72.5,0
order_4786e2049c,pay_a23a94ddb1,2026-08-07 21:41:11.788603,421.09,cod,apparel,0,2,0.07526832074087696,21,0,0,1.4,56.8,0
order_926fcb94ba,pay_f10942f2a5,2026-08-16 07:52:14.788603,915.22,card,grocery,0,3,0.01631459362310868,7,1,0,39.7,36.8,0
order_f80412f36c,pay_20b018b2b1,2026-08-26 20:01:02.788603,1029.64,netbanking,home,1,0,0.0,20,0,0,24.4,29.9,0
order_469875aa09,pay_2975ae018a,2026-08-24 23:31:51.788603,458.48,card,grocery,0,0,0.12040670609947628,23,0,1,17.9,29.1,0
order_bc05de77b2,pay_052f574090,2026-08-19 10:12:38.788603,343.78,upi,grocery,0,6,0.3540183763865787,10,0,0,32.0,18.3,0
order_29dd4126e6,pay_7e47ec5bdc,2026-08-04 05:03:31.788603,907.96,card,digital,1,0,0.0,5,0,0,9.7,137.4,0
order_ed7f9ff9bd,pay_1c86017373,2026-08-18 09:54:25.788603,1043.94,card,apparel,0,5,0.03580310477891444,9,0,0,8.7,51.1,0
order_4217e2d715,pay_4327e077c2,2026-08-12 22:55:08.788603,102.6,cod,digital,0,5,0.06378883236872993,22,0,0,6.8,30.3,0
order_5622719c6f,pay_72a794f1e4,2026-08-07 13:55:05.788603,913.72,upi,apparel,0,6,0.09770887644673913,13,0,0,4.8,45.2,0
order_d8b77c140f,pay_3d42024651,2026-08-15 22:47:01.788603,670.21,upi,digital,0,5,0.4097934810081395,22,1,0,4.5,62.2,0
order_e512d1c047,pay_39aa84324c,2026-08-17 15:56:26.788603,610.14,netbanking,apparel,0,5,0.15645166486000384,15,0,0,4.1,14.9,0
order_2fc21d9305,pay_be3133996f,2026-08-11 08:30:11.788603,177.89,netbanking,apparel,1,0,0.0,8,0,0,26.1,29.6,0
order_46ab93a9cb,pay_2bc44b7f1b,2026-08-21 13:59:25.788603,690.51,card,digital,0,2,0.004081091675531628,13,0,0,5.8,31.7,0
order_8f89267438,pay_36f9a188ae,2026-08-11 18:51:31.788603,859.05,upi,apparel,0,5,0.19599904969433177,18,0,0,14.0,14.3,0
order_360fd3ab01,pay_1d3329432d,2026-08-18 10:16:46.788603,345.25,cod,apparel,1,0,0.0,10,0,0,2.2,153.4,0
order_70c905d5d4,pay_7d60efe3a7,2026-08-05 15:23:09.788603,343.29,upi,apparel,0,5,0.31089670461599417,15,0,0,5.2,64.2,1
order_ea9a1df007,pay_1ca6b7335c,2026-08-03 04:50:20.788603,1266.85,netbanking,apparel,0,6,0.10383910177248805,4,0,1,5.1,86.4,0
order_af589e7216,pay_20c5e88264,2026-08-21 13:07:39.788603,1497.25,wallet,grocery,0,8,0.4980320327090916,13,0,0,3.2,65.5,1
order_2d5e57c045,pay_99126d1fa0,2026-08-12 20:02:46.788603,588.88,upi,home,0,4,0.3354173798488189,20,0,0,44.7,44.7,0
order_b898895365,pay_f21d1a2c94,2026-07-28 16:07:55.788603,4385.2,upi,home,0,4,0.3753629113042838,16,0,0,34.6,53.1,1
order_dc82b891e7,pay_a2243d882a,2026-08-03 16:11:01.788603,81.21,card,apparel,1,0,0.0,16,0,0,9.5,78.1,0
order_a8f9266280,pay_6ba1882f45,2026-08-03 07:44:09.788603,1809.87,upi,home,0,6,0.035348100072761804,7,0,0,1.2,26.4,0
order_d3d43a3c59,pay_35080891c3,2026-08-19 15:17:40.788603,88.66,card,home,1,0,0.0,15,0,0,26.0,54.2,0
order_58a2ca54bb,pay_44cfa35fd8,2026-08-14 03:43:51.788603,586.07,upi,apparel,0,9,0.27367769496289296,3,0,1,7.4,55.9,0
order_ce28128f6b,pay_616c4ece51,2026-08-10 17:29:56.788603,1797.83,upi,apparel,0,7,0.03806893593671106,17,0,0,30.5,310.1,0
order_d1d8e6e5f1,pay_87b6b9ee11,2026-08-12 05:21:03.788603,242.3,netbanking,home,0,6,0.19976622302582106,5,0,0,7.6,58.6,1
order_bfcc208b46,pay_d6e3e08ce3,2026-08-18 11:25:54.788603,1394.85,cod,apparel,1,0,0.0,11,0,0,0.8,47.7,1
order_0dff4e9529,pay_e13fff6a27,2026-08-26 01:46:10.788603,285.53,cod,apparel,1,0,0.0,1,0,1,1.9,54.8,0
order_ed86dbc50d,pay_4a01a987bc,2026-08-05 14:28:38.788603,1420.54,cod,home,0,6,0.616763583345513,14,0,0,37.7,8.3,1
order_9543229203,pay_8f1bcb2d4a,2026-08-05 10:37:06.788603,407.61,upi,digital,1,0,0.0,10,0,0,0.5,32.0,1
order_213581f88d,pay_a099865be5,2026-08-04 17:56:22.788603,2844.9,card,apparel,0,1,0.03337744874095322,17,0,0,12.1,17.3,0
order_5fc371451f,pay_61bb621092,2026-08-16 05:06:37.788603,381.4,netbanking,digital,1,0,0.0,5,1,0,4.7,33.9,0
order_f8be098bbc,pay_b9af6d1a2b,2026-08-04 19:05:19.788603,212.79,card,apparel,0,6,0.15711732226530611,19,0,0,19.7,9.7,0
order_20f71d1dda,pay_4a47d2fa78,2026-08-13 11:48:20.788603,243.49,card,grocery,0,10,0.025034011341560865,11,0,0,16.6,32.6,0
order_38ee207b8e,pay_7188bb2c45,2026-08-24 09:27:40.788603,1158.35,upi,apparel,0,3,0.10818814406944502,9,0,0,2.3,202.6,0
order_9491894b7e,pay_9fc5ef6287,2026-08-07 16:41:51.788603,68.45,card,electronics,1,0,0.0,16,0,0,8.6,33.5,0
order_4575015064,pay_2f1b9563c4,2026-08-22 23:07:13.788603,217.93,upi,grocery,0,2,0.42612044037882213,23,1,1,0.7,47.4,0
order_4b51402f63,pay_853a1d4b36,2026-08-10 19:52:43.788603,170.83,upi,apparel,1,0,0.0,19,0,0,8.9,12.8,1
order_d0808da220,pay_851b88c7c8,2026-08-02 02:47:53.788603,124.64,card,electronics,1,0,0.0,2,1,1,24.6,20.4,0
order_d3c8d66aed,pay_bfab431d9e,2026-08-22 11:04:57.788603,174.17,upi,home,0,6,0.28799318935478524,11,1,0,3.9,49.5,1
order_6675f1a47a,pay_72a074b5e5,2026-08-23 02:44:05.788603,1772.25,cod,apparel,1,0,0.0,2,1,1,7.1,149.1,1
order_d19cb2ad0d,pay_6d3992f666,2026-08-01 14:35:22.788603,664.77,cod,grocery,0,3,0.065518791273065,14,1,0,13.1,86.0,0
order_021c2596ec,pay_623efb9947,2026-08-05 16:21:58.788603,708.58,upi,home,0,5,0.36037942722217203,16,0,0,1.1,51.4,0
order_49808024a8,pay_f5948ab85b,2026-08-16 21:32:58.788603,490.32,card,digital,0,0,0.018845564614645954,21,1,0,64.2,97.7,0
order_e2c748047d,pay_e0a4f861e7,2026-08-19 08:21:06.788603,789.05,cod,grocery,0,7,0.0061372574123454695,8,0,0,4.9,46.3,0
order_39e060aa13,pay_750eda4fdb,2026-08-27 01:27:31.788603,709.46,upi,apparel,0,5,0.13259917964109835,1,0,1,1.3,14.7,0
order_3e5830e4df,pay_6d87b357fe,2026-08-08 13:39:24.788603,559.13,netbanking,electronics,1,0,0.0,13,1,0,6.2,44.8,0
order_b9f0210a5f,pay_04a704e1fe,2026-08-22 19:32:16.788603,1106.7,cod,apparel,0,5,0.2744363673933238,19,1,0,3.5,40.9,0
order_8825068b78,pay_9ad2313807,2026-08-05 10:29:41.788603,931.66,upi,digital,0,8,0.05281920246756346,10,0,0,9.6,58.0,0
order_da1b900f16,pay_4d4a76c1c4,2026-08-18 07:44:16.788603,610.22,card,apparel,0,5,0.019759496716363945,7,0,0,2.3,47.3,0
order_acd1c018c4,pay_edf20ba8a1,2026-08-02 03:19:25.788603,814.35,upi,apparel,0,3,0.21968153730467466,3,1,1,16.7,141.9,0
order_ba6f877400,pay_585336ab56,2026-08-13 04:26:01.788603,6594.41,card,digital,0,3,0.056474569754888654,4,0,1,6.2,152.4,0
order_4e48d22c05,pay_dec721fca9,2026-08-23 04:14:45.788603,6425.7,upi,grocery,0,7,0.41907276610048005,4,1,1,19.9,108.1,0
order_70d0c271a0,pay_ff401d070a,2026-08-15 07:59:08.788603,715.43,cod,apparel,0,6,0.2469500733065456,7,1,0,13.9,24.3,1
order_0924b93d6c,pay_6144e062c0,2026-08-25 01:33:03.788603,945.73,card,apparel,0,4,0.025571926134454154,1,0,1,3.0,52.7,0
order_5ec9eefcb5,pay_cc076974e8,2026-08-08 05:50:46.788603,1226.85,upi,electronics,0,3,0.1360230255136471,5,1,0,6.7,58.2,0
order_1ffcc4822f,pay_d0982e4744,2026-08-23 19:29:37.788603,672.45,upi,home,0,3,0.11385070781466479,19,1,0,5.1,115.1,0
order_5da3ac027b,pay_fb8c74b952,2026-08-20 12:48:37.788603,293.41,card,grocery,0,3,0.26677734622755406,12,0,0,26.7,17.3,0
order_9e7e9e124d,pay_a8530cd500,2026-08-01 09:03:33.788603,1030.2,upi,electronics,0,4,0.32999053962661606,9,1,0,33.0,23.9,0
order_a77a477a2c,pay_15d598a61d,2026-08-21 06:30:08.788603,3183.35,card,apparel,0,8,0.1279333507406678,6,0,0,8.6,73.4,0
order_4fb4fece84,pay_89e1c6de7f,2026-07-29 02:40:13.788603,1471.59,wallet,apparel,0,5,0.009255442296172667,2,0,1,3.2,49.6,0
order_4c3f449246,pay_bd5289f1ee,2026-08-19 00:37:14.788603,389.21,cod,grocery,0,5,0.1748764867595826,0,0,1,0.3,79.6,0
order_04d38b48bc,pay_8f0e3900c0,2026-08-27 06:23:54.788603,712.03,upi,digital,0,3,0.0559550597218531,6,0,0,17.2,49.5,0
order_fadf5fdc73,pay_578ee9a4bd,2026-08-23 06:24:11.788603,766.86,card,electronics,0,5,0.2598398822679529,6,1,0,0.4,20.3,0
order_65b8a38627,pay_b4650a77fb,2026-07-31 20:22:09.788603,374.89,upi,digital,0,6,0.27055735194170843,20,0,0,13.1,24.3,0
order_dbfa139462,pay_7b8eb98d74,2026-08-07 12:10:18.788603,193.38,upi,apparel,0,2,0.32918163314370147,12,0,0,17.4,13.7,0
order_d9006f8485,pay_693d659d34,2026-08-13 06:18:51.788603,328.95,upi,digital,1,0,0.0,6,0,0,1.3,16.2,0
order_b962f057b5,pay_84bd7aeaea,2026-08-18 07:55:32.788603,570.52,cod,digital,1,0,0.0,7,0,0,0.1,67.4,0
order_797333c950,pay_f7b7f27deb,2026-08-24 20:08:56.788603,1317.74,cod,home,1,0,0.0,20,0,0,31.3,36.7,1
order_95b6e4d0b3,pay_fd4a99057e,2026-08-13 07:47:33.788603,1338.05,netbanking,digital,0,4,0.0887591645205774,7,0,0,5.8,54.3,1
order_e3ef8e8560,pay_af292e76e2,2026-08-15 00:59:08.788603,363.13,cod,grocery,1,0,0.0,0,1,1,24.1,62.9,1
order_dfc385020f,pay_a258e5ea0c,2026-08-02 10:28:37.788603,944.59,upi,grocery,1,0,0.0,10,1,0,5.4,116.0,0
order_7a58cb704c,pay_e6f526e140,2026-08-22 21:01:30.788603,1408.46,upi,apparel,0,10,0.17429695549982416,21,1,0,1.3,1000.1,1
order_d7d6019a32,pay_3ac8b51dd4,2026-08-26 18:37:58.788603,1145.43,upi,apparel,1,0,0.0,18,0,0,51.6,361.7,0
order_ac5677a53a,pay_c7a24ebd4b,2026-08-18 20:57:53.788603,990.33,card,electronics,1,0,0.0,20,0,0,11.6,96.5,0
order_876af3f01f,pay_f3e83f79d9,2026-08-11 06:07:43.788603,243.79,cod,apparel,0,5,0.05500504855772037,6,0,0,5.5,102.0,0
order_b2c57311ce,pay_765972e14c,2026-07-31 05:13:39.788603,882.86,upi,grocery,0,8,0.36827770836487933,5,0,0,8.3,40.8,1
order_aa2560ad7d,pay_20ba3c39c5,2026-08-07 07:34:32.788603,239.48,cod,apparel,0,5,0.20898511127319216,7,0,0,31.2,128.8,1
order_7d313fc645,pay_21bf553267,2026-08-16 23:39:16.788603,253.36,cod,apparel,0,6,0.20779132500657993,23,1,1,10.8,72.9,0
order_404d957d42,pay_d941d2c28d,2026-08-23 19:17:56.788603,545.55,cod,apparel,0,5,0.003392118198503746,19,1,0,1.4,92.8,0
order_13e2150ad1,pay_8b6fcd48aa,2026-08-08 12:43:34.788603,158.98,card,grocery,1,0,0.0,12,1,0,0.6,145.7,0
order_361047f435,pay_f18c83ccfe,2026-08-12 04:48:39.788603,695.27,cod,apparel,0,6,0.13388934560594828,4,0,1,9.9,440.8,1
order_d0258b36d4,pay_2aea187748,2026-08-08 14:12:46.788603,792.71,upi,apparel,1,0,0.0,14,1,0,17.7,43.9,1
order_d04279b023,pay_87c71aa9e9,2026-08-09 12:26:00.788603,932.93,upi,home,0,7,0.13271832880443166,12,1,0,1.2,49.9,0
order_051fa065ec,pay_94ed1e7a09,2026-08-04 19:12:08.788603,745.81,netbanking,electronics,1,0,0.0,19,0,0,53.1,41.2,0
order_ecb3b69cbc,pay_476dc9157a,2026-07-29 11:16:10.788603,665.42,cod,apparel,0,4,0.2294590201649909,11,0,0,25.7,32.1,1
order_9fa5d46bab,pay_6705d00eae,2026-08-13 07:44:51.788603,1523.31,upi,electronics,0,5,0.11724038190183653,7,0,0,24.6,217.6,0
order_cbac9f32a4,pay_ffedd81635,2026-07-31 00:08:15.788603,668.95,cod,digital,1,0,0.0,0,0,1,12.5,28.6,0
order_4edd921a6b,pay_d10b954e00,2026-08-19 15:33:01.788603,767.98,card,electronics,0,6,0.17871300892316244,15,0,0,20.0,37.3,0
order_7a3465e13f,pay_18ceb5ca62,2026-08-18 09:17:31.788603,3352.19,upi,grocery,0,4,0.14511294760700788,9,0,0,27.8,51.0,1
order_58400adc70,pay_51a897a2b5,2026-08-01 08:24:13.788603,11507.77,upi,electronics,0,4,0.22853960317074465,8,1,0,39.2,183.7,0
order_09baf7b3ef,pay_99344d59e6,2026-08-17 20:02:46.788603,3587.22,upi,electronics,1,0,0.0,20,0,0,30.3,81.1,0
order_2f121bdef5,pay_3efbb9589e,2026-08-04 23:30:57.788603,50.0,upi,home,0,2,0.09976924316426988,23,0,1,1.1,66.3,0
order_3e50365279,pay_66e17514c1,2026-08-08 14:38:18.788603,319.03,upi,electronics,1,0,0.0,14,1,0,0.3,67.4,0
order_ae00e9c81f,pay_54cc71e914,2026-08-04 00:50:35.788603,254.12,upi,home,1,0,0.0,0,0,1,0.9,21.9,0
order_eb6cc22119,pay_a38191b3df,2026-08-22 02:44:25.788603,789.66,netbanking,apparel,1,0,0.0,2,1,1,12.5,11.5,0
order_6c5bdc3639,pay_dd76244314,2026-08-09 19:23:50.788603,4038.23,cod,apparel,0,4,0.15677034488486194,19,1,0,4.0,41.8,0
order_a3bc84824e,pay_2ae9d30c27,2026-08-03 21:45:06.788603,5315.67,cod,home,0,2,0.13452255319973194,21,0,0,4.6,19.3,0
order_7302736387,pay_9563fd3f7a,2026-08-02 19:00:03.788603,257.88,card,home,1,0,0.0,19,1,0,40.3,28.6,1
order_f67fa0e74b,pay_19d2a629ba,2026-08-16 20:35:22.788603,355.74,upi,electronics,0,5,0.16627121169267134,20,1,0,26.5,47.1,0
order_3f257117c9,pay_86ec46ac1c,2026-08-15 17:11:46.788603,3146.23,upi,home,0,10,0.1372212012092476,17,1,0,5.4,68.4,0
order_f784f47b02,pay_13b1d40f69,2026-07-31 17:54:04.788603,2197.16,upi,digital,0,6,0.1572295744450412,17,0,0,1.8,133.5,0
order_cde451aa33,pay_e954735bda,2026-08-18 21:04:25.788603,656.78,upi,electronics,1,0,0.0,21,0,0,1.1,126.9,0
order_d1b813bf81,pay_931d086d4c,2026-08-25 09:06:35.788603,1534.29,cod,grocery,0,5,0.028381426628361066,9,0,0,11.5,78.5,0
order_558bf76de1,pay_c655f66f8a,2026-08-21 16:04:42.788603,575.43,upi,apparel,1,0,0.0,16,0,0,12.2,40.4,0
order_7e20284c6a,pay_c5c97b9f04,2026-07-29 08:37:32.788603,529.1,cod,home,1,0,0.0,8,0,0,30.3,158.1,0
order_3a4bc65d4c,pay_c3eb40820e,2026-08-26 00:20:35.788603,350.58,upi,apparel,0,7,0.08495338410391064,0,0,1,10.2,34.9,0
order_db1ba00c62,pay_35ceac7ca5,2026-08-15 04:20:24.788603,229.38,card,apparel,0,5,0.008622882182588958,4,1,1,2.9,3.9,0
order_6bb4307707,pay_8c109faa74,2026-08-03 06:12:05.788603,1069.37,upi,apparel,0,7,0.2801630145095839,6,0,0,28.5,45.9,0
order_b721497538,pay_4d7a9b07b7,2026-08-26 21:26:53.788603,1174.63,upi,home,0,5,0.08960850791171021,21,0,0,12.4,261.1,0
order_ce52e8c18a,pay_6f72d0ff47,2026-08-05 07:27:30.788603,193.37,wallet,electronics,0,10,0.39839850693661344,7,0,0,2.1,68.6,0
order_bafeff51ea,pay_7b8135bd32,2026-07-30 13:46:57.788603,1946.05,upi,home,1,0,0.0,13,0,0,18.5,47.3,1
order_2ba768de0e,pay_fc2609c088,2026-08-18 10:57:57.788603,3993.42,upi,digital,1,0,0.0,10,0,0,0.7,117.0,0
order_3c4af67f1b,pay_e5b5552582,2026-08-17 08:48:15.788603,2014.32,upi,apparel,0,7,0.3167609102036843,8,0,0,1.5,39.5,1
order_b1a0e72522,pay_2c60cd03cd,2026-08-07 17:40:10.788603,1279.9,cod,home,0,2,0.3787231124288512,17,0,0,6.7,19.7,0
order_dabce9ecbc,pay_c252e449de,2026-08-26 18:15:01.788603,2343.92,cod,grocery,1,0,0.0,18,0,0,3.2,103.0,0
order_9406c48170,pay_314008378b,2026-08-01 01:32:06.788603,1298.13,upi,home,1,0,0.0,1,1,1,3.5,26.5,0
order_e0ee89f7b7,pay_5e37c842cd,2026-08-12 07:06:22.788603,1090.86,cod,apparel,0,7,0.36286991280139264,7,0,0,23.9,48.0,0
order_5987e0905f,pay_c1604e7e9e,2026-08-07 16:48:21.788603,686.99,cod,digital,0,2,0.12212815040584747,16,0,0,18.0,32.2,1
order_30cd3d7ff2,pay_5053a2dc17,2026-08-27 08:35:19.788603,609.07,netbanking,electronics,0,3,0.026728251523513956,8,0,0,6.6,62.2,0
order_d4e3ff3336,pay_9a80d6e1d3,2026-08-16 15:01:01.788603,452.25,cod,electronics,0,7,0.24902581947739363,15,1,0,31.8,60.2,0
order_3836bd6413,pay_e2011a9a00,2026-08-18 16:42:29.788603,1651.27,upi,apparel,0,3,0.22571405549452978,16,0,0,7.6,44.4,0
order_3f3379e5dd,pay_243e5e16e4,2026-08-08 21:54:26.788603,821.87,upi,electronics,0,7,0.29722177402155947,21,1,0,1.4,24.3,0
order_6a9b9aaf48,pay_46bc49f77b,2026-08-03 19:58:21.788603,873.86,cod,grocery,0,4,0.2232554155089592,19,0,0,6.2,64.9,0
order_0137288fa3,pay_22b62a0ad9,2026-08-14 05:12:05.788603,1061.25,upi,electronics,1,0,0.0,5,0,0,0.8,78.5,0
order_6fe375e8f7,pay_f137eaab42,2026-07-29 20:35:31.788603,1330.62,card,apparel,0,7,0.44862920368741815,20,0,0,19.1,22.1,1
order_7fe1010514,pay_e3cf71ab81,2026-08-17 03:39:39.788603,740.3,upi,apparel,0,5,0.29411004890588566,3,0,1,32.8,28.8,1
order_e82e2113b4,pay_69a805f6c7,2026-07-29 01:08:29.788603,215.53,upi,grocery,0,8,0.1934505289715244,1,0,1,26.5,158.7,0
order_099680b89e,pay_0d6903b367,2026-08-13 11:19:15.788603,627.13,upi,apparel,1,0,0.0,11,0,0,9.7,28.4,1
order_2a4cd66d18,pay_8587f19f3d,2026-08-02 04:15:18.788603,488.31,cod,home,0,3,0.18288338423046743,4,1,1,0.9,43.2,0
order_0e041e6531,pay_069b46c12d,2026-08-21 00:40:27.788603,55.19,cod,apparel,0,4,0.2662687847698008,0,0,1,10.2,18.5,0
order_31ecf3595b,pay_8fc9a23f84,2026-08-02 10:42:54.788603,589.27,cod,digital,1,0,0.0,10,1,0,5.6,137.1,0
order_c5b77750a4,pay_41c143bc31,2026-08-05 06:58:35.788603,308.18,upi,electronics,0,6,0.0754274544349983,6,0,0,1.1,28.9,0
order_92b1cfc7f7,pay_fbc79ff951,2026-08-18 17:23:26.788603,725.33,netbanking,electronics,1,0,0.0,17,0,0,5.9,71.1,0
order_20521f69f8,pay_cb8e1a33ba,2026-08-07 16:04:31.788603,445.14,upi,electronics,1,0,0.0,16,0,0,5.6,21.4,0
order_07d4a59b03,pay_b552ec2656,2026-08-19 12:16:18.788603,816.98,upi,electronics,0,6,0.0615682101173745,12,0,0,9.0,201.5,0
order_923feb52c1,pay_19a2070a9c,2026-07-30 18:59:54.788603,1373.79,cod,apparel,1,0,0.0,18,0,0,1.3,32.5,0
order_3890840c6c,pay_505275e380,2026-08-17 18:37:53.788603,2827.18,upi,digital,0,6,0.032453960670145436,18,0,0,1.9,54.2,0
order_f77a39755e,pay_ca714d6869,2026-08-26 17:41:08.788603,1639.44,card,apparel,0,1,0.16777481356786164,17,0,0,6.8,37.8,0
order_a01fb78046,pay_1cbbc7f5dd,2026-08-09 02:46:03.788603,1800.3,cod,apparel,0,5,0.17197364839772547,2,1,1,1.9,56.1,1
order_e4edb69815,pay_3703e1d7a2,2026-08-09 19:27:26.788603,353.02,upi,apparel,0,4,0.04314624527761609,19,1,0,32.3,98.1,0
order_97299cc879,pay_72963ee517,2026-08-09 01:27:04.788603,1402.46,cod,electronics,0,2,0.03166123419774465,1,1,1,18.5,67.8,0
order_55b85c0c64,pay_c651665b14,2026-07-28 20:21:21.788603,174.72,cod,home,0,7,0.20554403675526237,20,0,0,24.7,17.5,1
order_bb759a6374,pay_038a8187a0,2026-08-08 08:03:55.788603,146.21,card,electronics,0,7,0.313977691981672,8,1,0,65.2,18.4,0
order_2326411994,pay_e2aa497617,2026-08-08 13:26:49.788603,1553.85,card,electronics,0,4,9.475416043308181e-05,13,1,0,4.7,82.7,0
order_2d427c42c0,pay_14b7b0718d,2026-08-10 07:13:59.788603,192.28,upi,grocery,0,4,0.045700480276655894,7,0,0,32.6,359.7,0
order_234504bf51,pay_eca5caf587,2026-08-04 18:47:13.788603,14688.63,cod,apparel,0,7,0.1943355374928417,18,0,0,11.3,109.4,1
order_57d1258509,pay_8678aaed6b,2026-08-17 07:50:56.788603,450.47,card,electronics,0,5,0.33915612433476056,7,0,0,1.4,60.1,0
order_6cbed4e4be,pay_2ee2b92ed9,2026-08-25 06:42:51.788603,718.95,upi,apparel,1,0,0.0,6,0,0,4.9,31.7,0
order_e47d33138c,pay_3329c19d63,2026-08-26 12:53:00.788603,262.96,card,grocery,0,5,0.1784295999740554,12,0,0,3.4,16.5,1
order_bc7de17bd2,pay_ce89026172,2026-08-23 11:55:02.788603,246.24,upi,apparel,0,6,0.24267505718538404,11,1,0,0.5,10.4,0
order_39ccf0c424,pay_1723a40b0b,2026-08-24 08:56:30.788603,1283.98,netbanking,home,1,0,0.0,8,0,0,9.4,81.4,0
order_518923191e,pay_9b498c1661,2026-08-24 00:32:45.788603,1017.94,cod,digital,0,6,0.20858011103008148,0,0,1,29.6,69.7,0
order_3aa958d9b6,pay_3695f1e3fe,2026-08-14 20:48:56.788603,634.53,upi,apparel,1,0,0.0,20,0,0,12.7,27.9,0
order_d2c251903d,pay_954f6a967a,2026-08-24 05:24:20.788603,248.63,netbanking,electronics,0,3,0.0662189202653782,5,0,0,3.8,145.2,0
order_55fb53da19,pay_b3659a01d6,2026-08-10 10:14:30.788603,306.48,cod,electronics,1,0,0.0,10,0,0,3.3,361.0,0
order_7b3e501151,pay_e5515f76bf,2026-08-05 06:45:59.788603,1235.16,netbanking,home,0,3,0.010153563275333918,6,0,0,3.7,44.2,0
order_86a470f908,pay_2362d30b27,2026-07-31 18:53:41.788603,2688.0,card,electronics,0,7,0.3382585454436103,18,0,0,25.8,46.0,1
order_e4a148f1e8,pay_7d4a265424,2026-08-03 08:12:39.788603,479.38,cod,electronics,0,6,0.05369125355177232,8,0,0,8.3,124.6,0
order_ce878c7d06,pay_4649b360f8,2026-07-30 16:16:55.788603,2396.25,card,electronics,0,9,0.06695521748779218,16,0,0,11.9,157.6,0
order_d8820dd893,pay_0deaa8273a,2026-08-12 03:53:59.788603,4334.13,wallet,home,0,2,0.2671494964018348,3,0,1,10.3,180.9,1
order_c530c41119,pay_5658dd6b3b,2026-08-17 20:02:50.788603,107.56,cod,grocery,0,9,0.1508654327254203,20,0,0,53.6,191.4,0
order_c0a4bf23a2,pay_4add53d5f3,2026-08-03 20:24:48.788603,620.28,upi,apparel,1,0,0.0,20,0,0,10.7,23.8,0
order_949e57df1d,pay_370fb38136,2026-08-15 05:46:12.788603,1895.18,cod,apparel,1,0,0.0,5,1,0,57.4,39.8,0
order_1bda1cc782,pay_d222f66eab,2026-08-16 05:44:56.788603,516.64,upi,grocery,1,0,0.0,5,1,0,3.3,40.7,0
order_2807013837,pay_6c1b57a6a5,2026-08-21 17:16:07.788603,128.29,upi,home,0,5,0.08294592659852049,17,0,0,12.4,100.5,0
order_26f280e865,pay_146927f926,2026-08-25 14:31:17.788603,547.59,cod,apparel,0,1,0.11920762361402897,14,0,0,32.3,29.5,0
order_d022ed5a27,pay_6db273b76b,2026-08-16 21:57:22.788603,372.15,cod,grocery,0,5,0.07777859688424398,21,1,0,42.7,40.7,0
order_bd209b3cb1,pay_2927e43aa3,2026-08-22 21:27:01.788603,1130.6,cod,grocery,0,1,0.025337911276789447,21,1,0,0.9,180.8,0
order_f05e8c4d9c,pay_6385fa0614,2026-08-05 14:26:07.788603,667.39,upi,apparel,0,4,0.06583999234501624,14,0,0,9.5,74.3,0
order_4d888ce8dc,pay_2341df98a1,2026-08-20 22:26:36.788603,1319.28,wallet,apparel,0,6,0.21976668231992239,22,0,0,5.7,289.6,1
order_6e4aaec8d6,pay_bd1b92dab0,2026-08-27 00:02:15.788603,1025.69,card,digital,1,0,0.0,0,0,1,1.2,26.1,0
order_2ffdca2f6c,pay_4219d83f00,2026-08-26 18:39:49.788603,1074.28,cod,apparel,0,10,0.17777525973217598,18,0,0,2.1,64.9,0
order_df108afef7,pay_ad3919818c,2026-08-14 16:25:39.788603,180.33,card,electronics,1,0,0.0,16,0,0,12.6,193.1,0
order_58914648a1,pay_24da03ee2b,2026-08-08 21:13:10.788603,194.95,cod,electronics,1,0,0.0,21,1,0,14.0,54.5,0
order_d9fe6734a0,pay_cf14f7b4da,2026-07-30 21:49:56.788603,485.74,upi,apparel,0,4,0.19085103999213057,21,0,0,6.1,124.4,0
order_520c73ce5c,pay_c27a656297,2026-08-11 22:03:18.788603,13118.69,card,electronics,1,0,0.0,22,0,0,3.3,96.5,0
order_33021defe6,pay_88c9cb43ea,2026-08-19 23:15:48.788603,1205.53,upi,grocery,1,0,0.0,23,0,1,1.2,31.5,0
order_207dafd03e,pay_268136d269,2026-08-06 08:24:16.788603,622.15,card,digital,0,3,0.0768695338072306,8,0,0,3.1,64.5,0
order_2e01fb4e2b,pay_e5a4827da8,2026-08-06 03:30:58.788603,1476.17,upi,grocery,1,0,0.0,3,0,1,3.9,39.7,1
order_3577ca6fd9,pay_f1bec42def,2026-08-13 00:55:45.788603,9981.23,card,electronics,0,5,0.11643124305745112,0,0,1,0.8,113.3,0
order_15d4c47067,pay_f421f244d6,2026-08-05 17:45:34.788603,6995.99,netbanking,digital,0,7,0.03325842967783448,17,0,0,65.0,28.6,0
order_5a293be3ec,pay_0511bee1b7,2026-08-06 18:49:00.788603,729.99,cod,digital,0,8,0.1060457556938986,18,0,0,33.0,41.1,0
order_65a11a14bd,pay_1166ccabb1,2026-08-05 12:32:18.788603,1168.47,upi,home,0,2,0.1158909572441613,12,0,0,22.2,56.4,0
order_23e0e77646,pay_62a684ddbb,2026-08-19 19:55:24.788603,119.03,upi,digital,0,7,0.0030522479006972495,19,0,0,29.6,62.8,0
order_6e6c264ff7,pay_2a8ac8c422,2026-08-15 10:41:53.788603,1749.47,cod,apparel,1,0,0.0,10,1,0,0.4,16.8,0
order_12a87c131b,pay_a42f2220da,2026-08-15 13:45:03.788603,926.0,upi,electronics,0,2,0.09838473299407605,13,1,0,61.9,70.1,0
order_7d9f805692,pay_6f45c3c688,2026-08-17 18:38:28.788603,250.75,cod,apparel,0,5,0.19079213014491023,18,0,0,7.5,68.2,0
order_6b8c204167,pay_e2ee29e7b7,2026-08-16 05:26:14.788603,632.96,upi,apparel,0,3,0.07407836451047453,5,1,0,9.1,11.7,0
order_a292b74acb,pay_b0637453f8,2026-08-18 17:40:46.788603,387.51,upi,home,0,5,0.3928750437823069,17,0,0,5.0,47.3,0
order_2726e5f695,pay_61e91b2d8a,2026-08-14 14:11:41.788603,1142.94,card,apparel,0,2,0.10028536527555913,14,0,0,8.4,108.6,0
order_ef0e003bfe,pay_a9d6d47358,2026-08-08 17:18:46.788603,194.6,cod,home,1,0,0.0,17,1,0,29.2,18.5,0
order_d6f4809d6b,pay_ba2a5e73d4,2026-08-04 03:15:50.788603,1065.06,card,digital,0,7,0.5351439523521384,3,0,1,34.9,59.4,0
order_97459f4321,pay_8d31c92fc7,2026-08-07 23:05:41.788603,125.85,wallet,apparel,0,8,0.04572753053613916,23,0,1,3.7,90.8,0
order_94c0727572,pay_f4b7e119cf,2026-07-31 07:55:37.788603,667.94,card,electronics,0,10,0.26538147836932907,7,0,0,16.4,50.5,1
order_d40f521018,pay_8f362ba6c8,2026-08-17 00:01:56.788603,292.78,upi,electronics,0,6,0.029749853198980058,0,0,1,23.6,151.7,0
order_d3964b1cf6,pay_9acb05c295,2026-08-22 15:44:54.788603,206.91,card,apparel,1,0,0.0,15,1,0,16.1,27.0,0
order_7e64ac76db,pay_ef0d7a2008,2026-08-03 15:03:43.788603,3305.13,netbanking,home,1,0,0.0,15,0,0,19.1,112.6,0
order_8d8d3c0725,pay_71d74baad1,2026-08-10 05:54:22.788603,1185.92,cod,home,1,0,0.0,5,0,0,3.9,45.5,1
order_389235ef77,pay_261a35d878,2026-07-31 12:29:42.788603,797.73,upi,electronics,0,2,0.15609340049563794,12,0,0,7.4,46.4,1
order_73451c8256,pay_6d1cabdfed,2026-08-05 09:16:30.788603,67.38,upi,electronics,0,4,0.3909744584590939,9,0,0,3.2,167.7,1
order_d51564f763,pay_1c22ab4e47,2026-08-27 07:43:37.788603,657.87,upi,electronics,1,0,0.0,7,0,0,2.9,38.6,0
order_5b2c274519,pay_c79067c05f,2026-08-24 00:35:15.788603,2811.66,cod,home,1,0,0.0,0,0,1,9.2,12.6,0
order_1dd119e5e6,pay_42bcb62f9e,2026-08-12 04:57:06.788603,4152.87,cod,grocery,1,0,0.0,4,0,1,7.4,41.5,1
order_2a9a1685b0,pay_91fc625bbf,2026-08-27 00:22:30.788603,602.74,cod,grocery,0,6,0.14904465985901577,0,0,1,8.6,22.0,1
order_0a4d06f31e,pay_31cb4a04e6,2026-08-24 07:24:03.788603,1016.06,upi,apparel,0,3,0.18090303516668055,7,0,0,8.7,13.9,0
order_75edc1d0f1,pay_8a7546aa93,2026-08-13 02:05:13.788603,2062.43,cod,apparel,0,4,0.06652060570714717,2,0,1,27.6,230.3,1
order_2c4351a2ab,pay_4899ada10c,2026-08-01 21:50:39.788603,338.29,upi,grocery,1,0,0.0,21,1,0,5.0,30.8,0
order_0794b946b4,pay_20c83700fe,2026-08-20 19:28:09.788603,1164.39,upi,electronics,0,4,0.03765157768286597,19,0,0,33.8,166.5,0
order_6163186df8,pay_0786e001f8,2026-08-24 13:44:55.788603,235.53,upi,apparel,1,0,0.0,13,0,0,6.3,64.6,0
order_2ac54aa38a,pay_5776032a06,2026-07-28 15:10:21.788603,523.87,netbanking,home,1,0,0.0,15,0,0,7.2,50.1,0
order_2de68ed535,pay_ad136b68a1,2026-08-01 05:11:24.788603,204.85,upi,home,1,0,0.0,5,1,0,0.1,88.4,1
order_52d2b51693,pay_fdf9b3d71c,2026-08-07 00:06:21.788603,447.27,netbanking,digital,1,0,0.0,0,0,1,9.4,50.3,0
order_bcf7db5cd6,pay_e174f405f1,2026-08-02 01:35:28.788603,1425.32,wallet,digital,0,3,0.11095601977808989,1,1,1,2.3,22.3,0
order_1a02ae240a,pay_540e0c6386,2026-08-26 13:58:45.788603,336.65,card,home,0,6,0.4302047506089602,13,0,0,11.0,23.4,0
order_d60c12bffc,pay_2676348005,2026-08-07 23:09:49.788603,960.57,upi,apparel,0,4,0.08379926165244876,23,0,1,24.8,202.1,0
order_6eaea494c8,pay_3324d93b63,2026-08-25 07:40:12.788603,293.89,upi,apparel,0,8,0.14055721396088341,7,0,0,21.3,20.6,0
order_bf8c9f42a0,pay_1e8aa02b85,2026-08-13 22:17:15.788603,1133.03,upi,apparel,0,6,0.010442131726656097,22,0,0,2.8,37.1,0
order_b76cbbd295,pay_3f19157e1b,2026-08-11 22:49:06.788603,1776.67,upi,electronics,0,8,0.6327637610290834,22,0,0,37.8,77.7,0
order_b2eb465b17,pay_8bf8a15703,2026-08-19 10:31:36.788603,2344.82,upi,apparel,0,3,0.19607549435363847,10,0,0,7.9,39.0,0
order_07477d25b0,pay_ded795084b,2026-08-23 08:23:50.788603,1581.96,cod,apparel,1,0,0.0,8,1,0,5.7,63.5,1
order_67e554a97c,pay_667226888d,2026-07-28 11:08:52.788603,936.27,cod,electronics,0,2,0.2602091264180102,11,0,0,1.7,15.8,1
order_d04f771137,pay_502c20d492,2026-08-26 15:55:14.788603,2498.61,upi,apparel,1,0,0.0,15,0,0,15.2,286.6,0
order_f964957180,pay_a5d1ac6293,2026-08-18 16:06:39.788603,903.37,upi,electronics,0,2,0.009404536028697452,16,0,0,9.6,35.8,0
order_f43e2f722a,pay_67c7268b6d,2026-08-11 22:58:35.788603,2058.64,upi,apparel,0,6,0.2379347853385693,22,0,0,6.5,166.4,0
order_d1b0603b78,pay_412684bac2,2026-08-14 17:49:45.788603,657.35,card,home,0,6,0.36587447930869604,17,0,0,44.3,34.7,1
order_8e33728394,pay_35572a4455,2026-08-07 06:44:11.788603,102.01,cod,home,1,0,0.0,6,0,0,2.6,71.4,0
order_aba8ab331a,pay_a9005aa7ad,2026-08-21 05:31:38.788603,487.19,card,home,0,3,0.12461582844368314,5,0,0,35.5,28.7,0
order_2bc0ae949d,pay_212d282f7d,2026-08-08 20:37:55.788603,859.6,cod,home,0,2,0.02492827452397551,20,1,0,15.0,36.9,0
order_9142f22ead,pay_06ace19548,2026-08-07 23:47:41.788603,482.85,cod,grocery,1,0,0.0,23,0,1,11.7,27.6,0
order_a999c78271,pay_3a437fa4e7,2026-08-10 20:56:36.788603,517.86,card,apparel,0,5,0.1792343516965414,20,0,0,10.1,40.0,1
order_28091895b7,pay_49001c76b6,2026-08-26 10:36:41.788603,50.0,cod,grocery,1,0,0.0,10,0,0,19.9,24.2,0
order_c9fe9df9ec,pay_8bdb7e93b1,2026-08-18 13:13:18.788603,1401.02,upi,apparel,0,6,0.025258867604219252,13,0,0,18.0,144.7,1
order_4b8de0b0f0,pay_29521206bd,2026-08-25 12:51:51.788603,1299.1,cod,grocery,0,2,0.2288553937329935,12,0,0,18.6,64.4,1
order_857a8e9c1e,pay_bd08ac67e7,2026-08-03 11:32:29.788603,781.46,card,grocery,1,0,0.0,11,0,0,0.2,71.7,0
order_752db7bf13,pay_203d628ac9,2026-08-26 14:31:08.788603,281.48,upi,apparel,0,4,0.08249262144535119,14,0,0,11.8,25.8,1
order_5deadcd0de,pay_f328562083,2026-08-26 04:24:36.788603,919.38,cod,apparel,1,0,0.0,4,0,1,0.2,66.6,0
order_20940d53fd,pay_324cd0a78b,2026-08-20 04:30:43.788603,1040.5,netbanking,grocery,0,2,0.04656000505742858,4,0,1,53.5,34.7,0
order_fddac4826c,pay_9d1e241b17,2026-08-07 23:49:19.788603,533.92,upi,apparel,0,7,0.14428301511427893,23,0,1,6.1,19.3,0
order_af8cc4c979,pay_5656e0991f,2026-08-23 06:14:42.788603,324.27,upi,apparel,1,0,0.0,6,1,0,27.7,47.5,0
order_d9d4adc5bc,pay_ba19775635,2026-08-11 08:02:46.788603,1639.23,cod,apparel,1,0,0.0,8,0,0,8.6,50.8,1
order_7e3bd223a6,pay_38c5b03d6d,2026-08-16 08:00:11.788603,869.28,cod,grocery,0,4,0.24525897937893254,8,1,0,4.5,33.8,0
order_4b09252918,pay_58aa8831f8,2026-08-14 15:57:59.788603,1177.51,card,electronics,0,2,0.27958145523898525,15,0,0,26.8,64.9,0
order_cc7b0e43e6,pay_6a33ef1ac2,2026-08-13 04:41:38.788603,178.54,upi,apparel,0,4,0.22843869978746628,4,0,1,14.4,38.5,0
order_8674941593,pay_f07d9d94c8,2026-08-08 02:19:39.788603,462.71,cod,electronics,1,0,0.0,2,1,1,15.3,28.4,1
order_a5b084e60c,pay_9ac2beae39,2026-08-26 06:06:45.788603,5535.71,cod,apparel,1,0,0.0,6,0,0,12.8,23.1,0
order_2dd331b621,pay_834a0cfe35,2026-08-07 23:34:34.788603,527.51,card,apparel,0,3,0.13724260430586296,23,0,1,21.9,103.2,1
order_cf4eadc7b6,pay_a0600ff5ac,2026-08-12 00:23:18.788603,6161.15,cod,grocery,1,0,0.0,0,0,1,19.6,63.9,0
order_48b4cfc3f3,pay_c2b4ee019b,2026-08-27 00:26:30.788603,5181.46,upi,apparel,0,2,0.2852503976937393,0,0,1,6.9,90.2,0
order_d234009f3c,pay_81ea71fa62,2026-08-20 02:37:03.788603,1658.8,cod,home,0,7,0.012917764366692204,2,0,1,44.7,65.9,0
order_a0cdc5ac8b,pay_c3ebc4c218,2026-08-10 06:16:13.788603,196.27,upi,digital,0,8,0.2045788488488028,6,0,0,51.7,55.1,0
order_6965d32e37,pay_a1bfd5a950,2026-08-05 16:19:45.788603,638.81,cod,grocery,0,2,0.17103228931242231,16,0,0,0.8,64.9,0
order_3779f6164a,pay_9d03294a15,2026-08-10 05:28:18.788603,488.87,cod,digital,1,0,0.0,5,0,0,1.3,62.6,0
order_ffbac79529,pay_6684d3133c,2026-08-03 01:26:58.788603,1030.13,card,electronics,0,2,0.04655573995650697,1,0,1,6.8,188.5,0
order_1912dc5765,pay_139473b0a0,2026-08-08 22:52:08.788603,290.29,upi,home,1,0,0.0,22,1,0,4.2,116.6,0
order_bd2cc685bf,pay_277b84eaef,2026-08-04 11:40:27.788603,1408.09,netbanking,grocery,0,3,0.06309862966195684,11,0,0,3.4,31.3,0
order_69fd6152d3,pay_cba6239504,2026-08-24 19:02:22.788603,146.9,netbanking,apparel,0,3,0.12973950448202548,19,0,0,1.7,43.6,0
order_198f856a7e,pay_827bf89734,2026-07-30 18:24:57.788603,642.15,card,electronics,0,10,0.1660212989711747,18,0,0,45.8,51.4,0
order_3f39be64cc,pay_fd0de9ba2c,2026-08-02 23:55:01.788603,325.47,upi,apparel,1,0,0.0,23,1,1,19.2,19.5,1
order_4955ea031e,pay_2d06e5ebff,2026-08-12 16:42:35.788603,243.26,wallet,apparel,1,0,0.0,16,0,0,47.8,180.1,0
order_df8e86913c,pay_f064760a4d,2026-08-14 20:40:36.788603,646.04,upi,digital,0,5,0.021570209182390138,20,0,0,6.4,52.1,0
order_e782461529,pay_79330019c3,2026-08-18 13:49:59.788603,614.44,upi,apparel,0,9,0.04781316111570755,13,0,0,23.4,106.4,0
order_080f2506b2,pay_017db8bf80,2026-08-06 22:42:16.788603,939.36,cod,grocery,1,0,0.0,22,0,0,3.9,52.4,0
order_881b3334f3,pay_a8be609f46,2026-08-19 18:13:26.788603,696.17,upi,home,0,8,0.02240530149364272,18,0,0,19.3,106.7,0
order_913d3cbb56,pay_2c8871382b,2026-08-21 07:58:02.788603,963.98,cod,apparel,1,0,0.0,7,0,0,2.6,130.5,0
order_48f933b516,pay_ce473a483f,2026-08-01 21:02:47.788603,4474.41,upi,grocery,0,6,0.023168792370114735,21,1,0,22.4,84.0,0
order_1958d54bb6,pay_7e1eca1b75,2026-08-26 00:37:25.788603,245.46,cod,electronics,1,0,0.0,0,0,1,0.8,73.4,0
order_3ec8e615c6,pay_c8b3aad29d,2026-07-30 01:43:22.788603,794.56,card,grocery,0,2,0.19683846842803626,1,0,1,13.8,20.1,0
order_9b42346de9,pay_bf7d336f45,2026-08-16 18:17:21.788603,248.42,cod,apparel,1,0,0.0,18,1,0,9.8,56.6,0
order_b6af56c065,pay_046885c990,2026-08-15 05:36:10.788603,1012.2,card,apparel,0,8,0.10960074196381421,5,1,0,19.9,59.4,0
order_c18bcd35c5,pay_50f0b1d1c6,2026-07-29 19:31:05.788603,579.18,card,home,0,10,0.30578892467999225,19,0,0,9.5,28.4,0
order_4d87ea4ed6,pay_2660e6c500,2026-08-10 00:35:00.788603,833.25,upi,grocery,1,0,0.0,0,0,1,8.3,42.6,1
order_d1ff235b75,pay_25fa040e9e,2026-08-09 06:47:56.788603,1419.67,netbanking,apparel,0,7,0.11220844659714455,6,1,0,6.9,12.6,0
order_cfdbe4df45,pay_6e15471f6b,2026-08-07 10:00:09.788603,408.26,cod,grocery,1,0,0.0,10,0,0,57.8,255.8,0
order_680d04a67a,pay_9f8eae32bd,2026-08-14 14:10:29.788603,3692.01,netbanking,electronics,0,5,0.2891983251398254,14,0,0,15.4,20.7,0
order_b848d87f76,pay_71382efdb0,2026-08-25 05:39:05.788603,808.9,upi,electronics,0,4,0.26444905696354554,5,0,0,1.8,247.4,0
order_fd9ce7cf19,pay_32f756330f,2026-07-31 05:36:47.788603,2492.02,upi,grocery,0,6,0.11922140385745092,5,0,0,41.5,19.4,0
order_d251814ab7,pay_7769c47dc1,2026-08-02 17:12:23.788603,77.94,upi,grocery,0,3,0.22191216275810946,17,1,0,7.8,28.3,1
order_30f9487794,pay_5d7201a0b3,2026-08-18 23:11:22.788603,353.69,upi,apparel,1,0,0.0,23,0,1,4.1,28.6,0
order_b642e4dd30,pay_e5a54b9f45,2026-08-20 23:51:35.788603,1039.02,card,apparel,1,0,0.0,23,0,1,27.1,66.9,0
order_b89ae87dac,pay_40ac9c83dc,2026-08-21 21:00:11.788603,1454.91,upi,apparel,0,7,0.10621346463485687,21,0,0,18.1,103.9,1
order_bb39578667,pay_4c4162d519,2026-08-08 07:45:39.788603,3765.98,netbanking,electronics,1,0,0.0,7,1,0,9.6,56.4,0
order_0e1835ecc4,pay_5af5482ee4,2026-08-05 06:10:04.788603,378.44,upi,electronics,1,0,0.0,6,0,0,10.9,12.2,0
order_cbcd04c02d,pay_03d10d1bb9,2026-08-25 12:11:48.788603,2173.85,wallet,electronics,0,7,0.04945270083449305,12,0,0,0.5,25.1,0
order_cff0a87176,pay_a732293158,2026-08-26 11:22:36.788603,1110.55,cod,apparel,0,2,0.0791565285578584,11,0,0,4.2,54.7,0
order_d9ce081fe6,pay_768ba524e5,2026-08-01 15:54:32.788603,1075.72,wallet,grocery,0,3,0.15974473115773316,15,1,0,6.1,230.3,0
order_5f45d45346,pay_f5dfeea317,2026-08-21 22:27:49.788603,480.92,upi,grocery,0,8,0.014836603353796423,22,0,0,7.1,112.5,0
order_77bef9e774,pay_5bc9123ee2,2026-08-20 08:46:03.788603,673.38,upi,apparel,0,7,0.3518897953548853,8,0,0,1.2,51.9,1
order_0de29ca649,pay_293cfe3b17,2026-08-17 10:51:51.788603,1269.32,card,electronics,0,4,0.1542261957223957,10,0,0,14.6,35.7,0
order_efd832431a,pay_11f15d6031,2026-08-12 20:45:38.788603,350.39,upi,grocery,1,0,0.0,20,0,0,2.1,68.3,0
order_e7123e9a95,pay_ef2d3fb7e5,2026-08-06 12:08:01.788603,597.38,netbanking,apparel,1,0,0.0,12,0,0,6.6,67.1,0
order_6b7b6936cb,pay_5d09c491f4,2026-07-29 10:38:59.788603,295.37,card,grocery,1,0,0.0,10,0,0,0.2,39.2,0
order_433f9d63e2,pay_bef7401713,2026-07-29 03:46:04.788603,2926.36,upi,apparel,1,0,0.0,3,0,1,14.3,100.0,0
order_dc21469232,pay_5bcdeeae1b,2026-08-22 03:34:48.788603,50.0,netbanking,electronics,0,5,0.1211024255786878,3,1,1,2.2,33.5,0
order_7124f8b9dd,pay_50331a880f,2026-08-23 10:53:55.788603,1462.49,cod,apparel,1,0,0.0,10,1,0,8.7,39.4,0
order_4e8568883b,pay_baf2c52ed2,2026-08-14 15:42:13.788603,3295.01,upi,apparel,1,0,0.0,15,0,0,11.4,152.5,0
order_f3c39c2c1a,pay_a9e75f76c0,2026-08-09 19:51:15.788603,229.29,card,digital,0,6,0.09319627359623234,19,1,0,18.5,80.5,0
order_092872a8c8,pay_98e828e449,2026-08-08 09:33:28.788603,3952.11,wallet,apparel,0,4,0.07400156806414884,9,1,0,7.2,89.4,0
order_53f35f324a,pay_d26e2c54a2,2026-08-06 06:56:36.788603,871.49,cod,digital,0,3,0.00704519336435535,6,0,0,7.1,27.9,0
order_ee44b138f2,pay_74cfbf8ad9,2026-08-05 13:05:08.788603,624.92,cod,home,0,3,0.2827356092052394,13,0,0,21.9,88.3,1
order_b213c4080c,pay_4436392ff3,2026-07-29 12:40:52.788603,1356.28,netbanking,electronics,0,3,0.1544796633238587,12,0,0,5.1,45.2,1
order_ff414667b7,pay_f01a98b78a,2026-08-04 11:04:02.788603,289.02,card,grocery,0,3,0.2035876105528151,11,0,0,3.6,17.4,0
order_e82f6afef8,pay_18e4a09d0c,2026-08-13 12:56:02.788603,298.54,upi,grocery,0,2,0.022314908297373596,12,0,0,6.7,63.7,0
order_4bc66788fb,pay_c84069afa3,2026-07-31 03:01:05.788603,621.85,upi,apparel,0,3,0.5451898772244647,3,0,1,0.9,39.3,1
order_c7072a2864,pay_c91b2f1224,2026-07-29 17:39:00.788603,3859.98,upi,digital,1,0,0.0,17,0,0,9.9,119.8,0
order_16d7abb0a4,pay_25d50a1a12,2026-08-19 23:17:39.788603,50.0,upi,grocery,1,0,0.0,23,0,1,10.2,23.0,0
order_6de1bef8d2,pay_c951ffc163,2026-08-05 00:24:09.788603,524.81,upi,digital,0,7,0.17814296826214693,0,0,1,2.5,28.2,0
order_e51795cf86,pay_560c21bd4c,2026-08-12 10:04:44.788603,298.4,cod,digital,1,0,0.0,10,0,0,26.1,27.0,0
order_14a4d58337,pay_be94b5b5e5,2026-08-21 01:03:20.788603,677.61,upi,apparel,0,2,0.22372516446187402,1,0,1,1.3,41.6,0
order_6306641cb8,pay_6493259277,2026-08-13 01:32:50.788603,2170.68,upi,grocery,1,0,0.0,1,0,1,15.0,255.8,0
order_7e746a9dc6,pay_ec44bff386,2026-08-12 17:25:16.788603,165.29,upi,electronics,0,5,0.11007583533566112,17,0,0,23.4,34.3,0
order_28a84b16b4,pay_44649237c3,2026-08-20 11:49:47.788603,1106.7,upi,home,0,3,0.025705716342039553,11,0,0,18.8,121.6,0
order_5f8c1345b0,pay_dccca2b790,2026-08-09 21:13:26.788603,272.16,card,electronics,1,0,0.0,21,1,0,23.3,43.0,0
order_f8930a7541,pay_52c3da556b,2026-08-25 20:24:48.788603,447.27,upi,grocery,1,0,0.0,20,0,0,21.4,35.7,0
order_8e0bb0ab7b,pay_914f6bdb1f,2026-08-26 17:54:00.788603,340.8,cod,electronics,0,2,0.0879357538492301,17,0,0,0.2,18.4,0
order_6518d15ac2,pay_848cbdf227,2026-08-17 09:09:57.788603,337.54,upi,apparel,0,5,0.118326486407008,9,0,0,16.9,105.8,0
order_641b47b555,pay_1b9b70b324,2026-08-19 17:33:07.788603,5300.57,card,apparel,0,5,0.6010061280758651,17,0,0,25.8,37.1,0
order_8ccf837a4f,pay_88f1e9b781,2026-07-31 09:52:42.788603,656.83,upi,digital,0,1,0.02036350810180383,9,0,0,3.6,9.8,1
order_bd6eb042ad,pay_746ac135a9,2026-08-18 18:45:51.788603,123.41,card,electronics,0,6,0.20258255954512172,18,0,0,3.5,48.5,0
order_1ae962a7fa,pay_476e87129e,2026-08-08 05:04:54.788603,4008.08,upi,digital,1,0,0.0,5,1,0,7.0,57.5,0
order_3c79a16e5a,pay_646b1c4a76,2026-08-12 11:39:12.788603,835.15,upi,grocery,1,0,0.0,11,0,0,0.5,90.7,1
order_95bce2db54,pay_eda7d12fb5,2026-07-31 07:31:57.788603,3397.86,upi,digital,0,8,0.0857097522884064,7,0,0,5.0,46.7,0
order_71fb53bc1b,pay_ca3fdcc186,2026-08-25 03:45:29.788603,2018.23,wallet,digital,0,3,0.2107919637213945,3,0,1,27.1,15.5,0
order_9970e261ff,pay_b49241c06d,2026-08-20 13:25:38.788603,2016.36,card,apparel,0,3,0.08984550961826646,13,0,0,6.1,81.1,0
order_5f83c1d177,pay_3438eb2e7e,2026-08-20 08:55:27.788603,346.22,upi,electronics,0,4,0.031001912826079624,8,0,0,5.7,14.8,0
order_087ee10eb6,pay_07cf09950e,2026-08-22 04:20:54.788603,168.27,upi,apparel,1,0,0.0,4,1,1,1.8,24.6,0
order_bb57d40c04,pay_1e1dcfbe4c,2026-08-26 04:37:57.788603,2659.22,upi,home,0,5,0.13466733927177463,4,0,1,22.2,125.8,1
order_b30abe889e,pay_5e4fa5d2ac,2026-08-23 02:53:00.788603,611.8,upi,grocery,0,2,0.02155958175820096,2,1,1,10.0,211.0,1
order_535cb0afd2,pay_969cb1d85b,2026-08-09 05:21:55.788603,1063.64,upi,home,0,5,0.31527213165401596,5,1,0,18.0,28.4,0
order_e85802638a,pay_b24facb7dc,2026-08-17 13:15:39.788603,873.51,upi,grocery,0,5,0.20612345976783428,13,0,0,49.0,85.0,0
order_355ffc76eb,pay_9565261856,2026-08-19 09:14:49.788603,539.74,cod,home,1,0,0.0,9,0,0,3.5,92.2,0
order_622796708c,pay_7c9387c9e6,2026-08-08 20:28:02.788603,344.37,cod,home,0,5,0.07299071019827832,20,1,0,16.4,37.9,0
order_3f8b0b55eb,pay_47b1064eb1,2026-08-05 06:28:58.788603,554.18,upi,grocery,0,10,0.270515876704159,6,0,0,22.4,50.2,0
order_b49cb88b84,pay_56555f8bbf,2026-08-09 21:30:46.788603,1534.9,cod,home,1,0,0.0,21,1,0,30.6,81.9,0
order_34b05eb11f,pay_92644fbea1,2026-08-19 16:42:01.788603,1444.2,cod,electronics,0,6,0.15060449958639335,16,0,0,2.4,54.6,0
order_4894c02e08,pay_c3258f8257,2026-08-08 05:42:46.788603,688.77,wallet,home,0,6,0.06583960263673443,5,1,0,16.7,29.6,0
order_657588f6c9,pay_438f4b3b1f,2026-08-14 18:56:23.788603,362.22,cod,electronics,0,1,0.09985457927259073,18,0,0,1.2,60.1,0
order_520f711e88,pay_d3b2281b39,2026-08-12 06:22:20.788603,444.03,upi,grocery,0,4,0.22155701114836127,6,0,0,2.3,28.6,0
order_dd3cb82660,pay_9a59a888b0,2026-07-31 12:52:40.788603,1001.0,upi,electronics,1,0,0.0,12,0,0,7.4,53.0,0
order_ff6731f6aa,pay_61a0fb4b36,2026-08-11 11:33:59.788603,1368.66,wallet,grocery,0,6,0.033642195438085346,11,0,0,2.7,72.1,0
order_15e5236d42,pay_367d02f56a,2026-08-17 00:28:07.788603,1341.44,cod,apparel,0,3,0.1420742713217197,0,0,1,20.4,42.5,0
order_a7d906c0f4,pay_31cf1dfa06,2026-07-29 13:36:20.788603,199.42,upi,grocery,0,8,0.45166078468577414,13,0,0,13.5,49.1,0
order_33cff431e0,pay_2468321f8a,2026-08-08 12:27:38.788603,649.45,cod,electronics,0,6,0.016724045571693994,12,1,0,0.8,29.3,0
order_4653fc0fff,pay_eee91ee78a,2026-08-12 07:00:31.788603,4080.64,upi,electronics,0,6,0.178237274241291,7,0,0,2.3,65.2,0
order_2f2c4ed206,pay_fca6d70dc9,2026-08-22 06:33:49.788603,678.21,netbanking,home,0,3,0.06303240233888764,6,1,0,22.3,109.0,0
order_05e5f50e7d,pay_fa843fd4b8,2026-08-04 16:10:26.788603,783.92,netbanking,electronics,1,0,0.0,16,0,0,33.1,31.5,0
order_0ecd5bc6bb,pay_fdc152e8f4,2026-08-26 16:32:52.788603,560.05,upi,apparel,1,0,0.0,16,0,0,5.0,34.5,0
order_e9e22cc53d,pay_62a16a26be,2026-08-13 19:11:28.788603,578.08,upi,apparel,1,0,0.0,19,0,0,8.0,211.4,0
order_24cd094ec0,pay_10eb6f6625,2026-08-14 17:34:10.788603,606.06,cod,electronics,1,0,0.0,17,0,0,5.2,15.9,1
order_9cd29c9063,pay_4463591311,2026-08-10 01:11:00.788603,252.58,cod,grocery,0,6,0.2875527833078861,1,0,1,39.2,106.5,1
order_caa2b54c8b,pay_571425d4a4,2026-08-02 12:28:10.788603,292.88,upi,digital,1,0,0.0,12,1,0,11.5,56.9,0
order_13ef837d83,pay_1f25eace35,2026-08-11 15:30:42.788603,2546.55,card,apparel,0,2,0.3179510721853181,15,0,0,17.5,156.4,0
order_cf24c7c2c2,pay_35ce9b0b35,2026-08-15 17:44:04.788603,969.06,card,apparel,0,3,0.03661475253230531,17,1,0,0.2,97.9,0
order_8e404e8171,pay_e1d8601931,2026-07-30 15:22:36.788603,1081.43,upi,apparel,1,0,0.0,15,0,0,76.5,56.8,0
order_1df6653115,pay_aa992746b7,2026-08-23 16:05:00.788603,764.41,card,home,1,0,0.0,16,1,0,0.2,67.7,0
order_5a986d5ead,pay_27c3ab45e5,2026-08-01 17:42:31.788603,407.79,cod,grocery,0,4,0.023031965846150245,17,1,0,11.6,104.5,0
order_2eb7cd06e7,pay_e93fdce8ca,2026-08-27 02:53:59.788603,2273.44,netbanking,grocery,1,0,0.0,2,0,1,11.4,99.6,1
order_9eaf013e6e,pay_2610bff178,2026-08-26 04:05:16.788603,659.77,upi,grocery,0,4,0.3192447109443687,4,0,1,3.4,15.4,0
order_72e7b92527,pay_b8989abdc6,2026-08-06 09:19:11.788603,1374.93,upi,grocery,1,0,0.0,9,0,0,5.3,34.2,0
order_f782289adf,pay_43aec33b5d,2026-08-25 19:03:25.788603,238.1,card,grocery,0,4,0.013189295068198605,19,0,0,26.7,73.4,0
order_13d8772046,pay_4b90e6587c,2026-08-16 10:05:58.788603,136.75,upi,home,0,8,0.08652360454765723,10,1,0,34.3,46.4,0
order_2d9d84f6b4,pay_986cb7a96f,2026-08-11 21:01:18.788603,278.15,cod,apparel,0,5,0.00249278823582938,21,0,0,9.0,16.9,0
order_8111ef6190,pay_c23e65b0e6,2026-08-25 14:38:11.788603,875.45,card,home,0,5,0.1164641337253844,14,0,0,22.5,108.7,0
order_bb865ded36,pay_85a9213076,2026-07-30 23:00:18.788603,1079.07,netbanking,digital,0,1,0.003876545101138114,23,0,1,25.0,109.2,0
order_12435bf943,pay_50b48dd2eb,2026-08-13 15:42:56.788603,1001.09,netbanking,digital,0,6,0.05034535507174042,15,0,0,4.7,24.9,0
order_f92b5ee519,pay_63a6569398,2026-08-12 11:06:53.788603,4929.08,upi,home,0,7,0.2728279573873637,11,0,0,8.1,42.2,0
order_222dee9d8c,pay_1ec04bda9b,2026-08-20 08:19:45.788603,141.01,cod,electronics,0,7,0.2082173116882274,8,0,0,13.0,6.9,0
order_2dd34203ba,pay_08a0b8637f,2026-08-07 07:34:42.788603,1088.09,upi,digital,0,9,0.16988242778311555,7,0,0,3.8,36.6,0
order_43a22065e5,pay_fffda01198,2026-08-14 07:14:41.788603,662.43,card,electronics,1,0,0.0,7,0,0,23.5,20.2,0
order_00ec1d1b10,pay_8c9c864464,2026-08-07 06:35:34.788603,1275.82,cod,grocery,0,7,0.3503786884896812,6,0,0,4.4,2.7,1
order_d15d0cd01a,pay_eb211e76ad,2026-08-16 01:24:39.788603,1472.04,upi,apparel,1,0,0.0,1,1,1,11.6,18.7,1
order_88208255b9,pay_41c3f1bbdc,2026-08-07 12:19:04.788603,598.94,upi,grocery,0,3,0.14585630986900122,12,0,0,9.1,22.6,0
order_9b7eb20600,pay_1e0cb44eef,2026-08-05 01:43:50.788603,2230.43,card,grocery,1,0,0.0,1,0,1,3.0,98.0,0
order_e19b2934b6,pay_50e804ec9c,2026-08-24 00:30:32.788603,102.64,card,electronics,0,2,0.15175309171104207,0,0,1,27.2,77.5,0
order_8c5d5d00f2,pay_c478a5aa78,2026-08-13 19:44:32.788603,3410.68,upi,apparel,1,0,0.0,19,0,0,29.6,17.2,0
order_6cc9d3b311,pay_86e3bdafab,2026-08-05 17:23:40.788603,4418.14,netbanking,apparel,1,0,0.0,17,0,0,5.1,36.2,0
order_b4e4650f3a,pay_375ca655cc,2026-08-03 20:48:51.788603,2689.99,upi,home,0,6,0.1858551708251306,20,0,0,7.6,214.6,0
order_081003a856,pay_476efaf5d4,2026-08-15 07:45:05.788603,691.83,cod,digital,1,0,0.0,7,1,0,18.4,92.7,0
order_52d3184436,pay_0753dbabd6,2026-08-21 15:06:59.788603,382.38,upi,home,1,0,0.0,15,0,0,3.1,116.4,0
order_16a484ad5c,pay_71896e0bd0,2026-08-26 21:31:20.788603,300.98,netbanking,home,0,3,0.13336561832794894,21,0,0,32.1,71.1,0
order_3828ae9f79,pay_5a21213fd6,2026-08-06 06:55:22.788603,2323.07,upi,grocery,0,3,0.16830106500544656,6,0,0,20.3,30.5,0
order_87279967ed,pay_aafe3c2df9,2026-08-20 12:58:50.788603,116.17,upi,apparel,0,7,0.0018026062846658152,12,0,0,2.4,93.7,0
order_ecd7bb32d0,pay_74ba33dc7b,2026-07-29 05:06:05.788603,711.06,upi,electronics,1,0,0.0,5,0,0,21.7,37.7,0
order_33d4418f12,pay_292c7bdb06,2026-07-30 05:16:50.788603,583.99,card,apparel,1,0,0.0,5,0,0,3.9,112.9,0
order_0faecbde6d,pay_40891c0d5d,2026-08-22 16:55:14.788603,1865.27,cod,grocery,0,5,0.11096135016379147,16,1,0,11.3,101.4,1
order_af6e491ed5,pay_c89c2458f0,2026-07-31 13:37:12.788603,149.73,upi,apparel,0,4,0.06405718231143287,13,0,0,4.9,123.8,0
order_6ffea65bcb,pay_386e5bd581,2026-08-11 04:49:30.788603,1326.46,upi,grocery,0,5,0.07299790679232876,4,0,1,11.5,25.4,0
order_16a1579447,pay_01bd6c740a,2026-08-06 10:36:49.788603,333.38,netbanking,home,0,7,0.0827625102976,10,0,0,14.5,129.9,0
order_b573754122,pay_bb0b64d631,2026-08-05 08:45:51.788603,383.52,netbanking,apparel,0,8,0.12108366157298897,8,0,0,12.6,90.5,0
order_1af50eab27,pay_1cc8a4128f,2026-08-21 15:33:32.788603,634.88,card,home,0,5,0.4128021978950194,15,0,0,23.1,216.1,1
order_359d868101,pay_cc4f866676,2026-08-09 23:52:01.788603,2013.37,cod,apparel,1,0,0.0,23,1,1,2.8,41.5,0
order_b56eea6fdb,pay_6d8dba7faf,2026-08-10 00:37:31.788603,303.06,upi,electronics,1,0,0.0,0,0,1,1.8,108.3,0
order_e4703ffca7,pay_444c6d9810,2026-08-26 16:59:53.788603,156.03,upi,home,0,9,0.3448972969939828,16,0,0,14.1,54.8,0
order_c1422d749d,pay_8f3dc299a9,2026-08-26 09:24:46.788603,1300.9,upi,grocery,1,0,0.0,9,0,0,32.6,69.0,0
order_d0eb03d01d,pay_4d7ffd9399,2026-08-27 04:31:05.788603,3538.94,card,digital,1,0,0.0,4,0,1,4.5,45.2,0
order_8a2024b2c0,pay_d4e5b95eff,2026-08-03 19:59:16.788603,360.47,cod,apparel,0,6,0.10096343238685006,19,0,0,32.1,19.7,1
order_cc18fe545b,pay_aa3d4b9e20,2026-08-13 09:05:49.788603,2985.39,upi,digital,0,3,0.208260182547454,9,0,0,3.1,44.0,0
order_b42898e958,pay_250ff2cdd2,2026-08-27 00:03:03.788603,66.34,upi,grocery,0,7,0.11668756372251281,0,0,1,22.1,81.9,0
order_effb84233f,pay_a8a191fa09,2026-08-02 02:03:38.788603,858.78,cod,grocery,0,4,0.08165255159981348,2,1,1,57.6,73.8,1
order_2f82b568e0,pay_829f41128f,2026-08-23 04:22:29.788603,387.63,card,apparel,0,6,0.27828674696056294,4,1,1,37.8,38.1,0
order_a146b96c10,pay_6a7c31abbe,2026-08-22 18:05:28.788603,1128.07,cod,grocery,0,4,0.23102237000995107,18,1,0,4.5,50.6,1
order_ec7437ed7e,pay_600a146bb5,2026-08-24 05:49:30.788603,276.36,cod,digital,0,3,0.1701964289746849,5,0,0,0.6,59.3,1
order_83d483ee6c,pay_de667d148b,2026-08-06 01:36:22.788603,366.52,upi,digital,0,6,0.151281038086682,1,0,1,7.8,50.7,0
order_8b93b9de05,pay_76adc86524,2026-07-31 14:12:35.788603,2448.76,card,electronics,1,0,0.0,14,0,0,30.4,39.4,0
order_5fd679887c,pay_ab8c6462af,2026-08-12 11:26:35.788603,1692.13,cod,grocery,1,0,0.0,11,0,0,33.1,45.2,0
order_919c99741f,pay_b1b3602a8e,2026-08-20 09:57:41.788603,447.55,netbanking,apparel,0,2,0.11090665835312831,9,0,0,3.6,49.5,0
order_983f58afb5,pay_a276d299a2,2026-08-11 18:36:54.788603,217.83,upi,digital,0,6,0.32712221590422025,18,0,0,0.1,63.8,0
order_bff399f12d,pay_8acaa9c74e,2026-08-10 02:47:17.788603,613.66,upi,electronics,0,5,0.11969663928061403,2,0,1,10.7,22.1,0
order_43bc75669c,pay_c8f407768a,2026-08-15 02:57:18.788603,1128.57,upi,digital,1,0,0.0,2,1,1,7.9,86.9,1
order_1682508745,pay_dce85ba95b,2026-07-31 00:58:37.788603,1009.26,cod,home,0,4,0.27105551654168425,0,0,1,38.5,102.3,0
order_f071ea27af,pay_aad6ed703d,2026-08-09 22:33:15.788603,210.89,card,grocery,0,4,0.2547567912958375,22,1,0,15.9,48.7,0
order_9fa8222b95,pay_9b38617cda,2026-08-21 19:50:59.788603,677.18,cod,electronics,0,8,0.3826638306092297,19,0,0,6.2,67.6,1
order_17af894d39,pay_80daf7cc12,2026-08-12 23:49:04.788603,664.51,card,electronics,1,0,0.0,23,0,1,15.0,53.4,1
order_964024bfca,pay_03750dfa18,2026-08-07 01:24:46.788603,344.38,cod,electronics,1,0,0.0,1,0,1,21.9,69.8,0
order_a3cd8df5e2,pay_b20d6cbc98,2026-08-15 17:25:52.788603,434.36,card,grocery,1,0,0.0,17,1,0,7.1,29.7,0
order_c5afbee1d7,pay_a8bccc6119,2026-08-04 20:07:39.788603,295.46,cod,grocery,1,0,0.0,20,0,0,28.6,20.1,0
order_7a67f701c8,pay_f9b90a480b,2026-07-30 08:09:33.788603,5196.4,upi,digital,0,3,0.14590512828221192,8,0,0,8.5,28.5,0
order_0748921b73,pay_b2264aae09,2026-08-20 19:13:36.788603,501.15,upi,apparel,0,2,0.21612933250352612,19,0,0,5.7,68.7,1
order_18b3f2f7a9,pay_dfe20bf7e2,2026-08-06 13:33:09.788603,3101.81,upi,electronics,0,3,0.1774627086199874,13,0,0,1.5,112.3,0
order_af2b352b83,pay_b47af7e37d,2026-07-31 07:28:17.788603,236.48,upi,electronics,1,0,0.0,7,0,0,8.0,108.8,0
order_d597d6fb6d,pay_5bf6d9f6ef,2026-07-28 09:44:10.788603,1138.38,upi,digital,1,0,0.0,9,0,0,2.5,30.3,0
order_86dcc041dd,pay_095fcd96f9,2026-08-15 19:33:29.788603,1170.43,card,apparel,0,6,0.02073322025731671,19,1,0,34.9,19.4,0
order_0a5e81280d,pay_77858de7e1,2026-08-07 16:24:09.788603,66.55,card,apparel,0,3,0.027850478082895244,16,0,0,1.1,39.2,0
order_178a6648b1,pay_62795fb92d,2026-08-17 01:34:11.788603,1199.13,cod,digital,0,4,0.24059724032193813,1,0,1,37.8,81.6,0
order_4db5992b0d,pay_49464d9951,2026-07-30 06:17:01.788603,472.68,cod,digital,1,0,0.0,6,0,0,34.3,79.5,0
order_5759a565bf,pay_4a57f185e3,2026-08-23 07:05:46.788603,593.55,cod,apparel,1,0,0.0,7,1,0,19.6,25.0,0
order_90a4f28065,pay_51893ce83e,2026-08-13 08:30:15.788603,532.66,upi,apparel,1,0,0.0,8,0,0,13.1,41.2,0
order_37c9bc4f29,pay_8af9582c57,2026-08-08 19:03:12.788603,561.03,cod,electronics,0,9,0.15774627740097813,19,1,0,3.0,40.5,0
order_619c165a28,pay_bb16e1059a,2026-08-16 15:36:15.788603,1261.95,card,grocery,0,4,0.13367401163414658,15,1,0,34.3,31.8,0
order_2c1448a9bd,pay_5cdcf21915,2026-08-19 21:54:55.788603,108.13,cod,apparel,0,4,0.023659184153924376,21,0,0,6.0,149.8,0
order_a990c5a6de,pay_4c9f75b7ec,2026-08-21 06:49:40.788603,372.24,upi,apparel,0,7,0.16712390965332213,6,0,0,10.9,66.3,0
order_dd3ba7d846,pay_07d7d7958d,2026-08-22 00:18:19.788603,1295.67,card,grocery,0,2,0.15433733524240256,0,1,1,0.1,28.3,0
order_2cdbae5f6a,pay_452be4b2b5,2026-07-31 12:11:35.788603,327.36,upi,home,1,0,0.0,12,0,0,3.6,23.0,0
order_bb3ac0e826,pay_a72f36330f,2026-08-12 12:15:33.788603,713.02,card,grocery,1,0,0.0,12,0,0,20.4,186.4,0
order_39bf6b9993,pay_fa07b0a310,2026-08-26 09:45:21.788603,1827.5,upi,apparel,1,0,0.0,9,0,0,21.0,44.6,1
order_02e135fe50,pay_8eb9c0a4a6,2026-08-15 22:00:38.788603,1474.59,cod,home,0,5,0.05253464518962291,22,1,0,1.8,94.1,0
order_10ec623c8a,pay_5379c19872,2026-08-06 20:35:54.788603,2050.36,netbanking,electronics,1,0,0.0,20,0,0,1.8,27.5,0
order_f34192c6fa,pay_24e1bd719a,2026-08-06 03:05:51.788603,215.34,upi,apparel,0,4,0.25801592410820723,3,0,1,44.6,95.4,0
order_61d508235b,pay_0d3ec9bfaa,2026-08-07 09:26:35.788603,266.85,cod,electronics,0,8,0.16637863877969092,9,0,0,21.1,10.8,0
order_79065298f6,pay_8f07895650,2026-08-27 00:14:37.788603,103.57,upi,apparel,0,5,0.08865530019169733,0,0,1,11.5,45.2,0
order_3f135c32e6,pay_3f587250e2,2026-08-16 10:10:54.788603,693.89,netbanking,digital,0,3,0.2695233651962363,10,1,0,4.7,129.4,0
order_d5e0d9e9d5,pay_5103f11bcf,2026-07-31 17:53:29.788603,271.42,upi,digital,1,0,0.0,17,0,0,1.3,48.3,0
order_d132460317,pay_62bdf89fc4,2026-08-25 13:41:14.788603,3988.88,cod,home,0,5,0.12189089890997418,13,0,0,0.3,9.8,1
order_befcbc2047,pay_e2c24bd2da,2026-08-07 10:18:57.788603,1282.35,upi,digital,0,1,0.0620296072324016,10,0,0,12.7,22.4,0
order_6eb1bd0720,pay_7e8de3e821,2026-08-01 21:25:22.788603,289.31,upi,apparel,1,0,0.0,21,1,0,26.2,37.6,0
order_8a011da716,pay_2124a7cf97,2026-08-25 20:10:30.788603,996.31,wallet,electronics,0,3,0.1561457669340753,20,0,0,17.1,12.1,1
order_6a8a1153d1,pay_bb8d1c8133,2026-08-18 07:14:14.788603,920.73,upi,grocery,1,0,0.0,7,0,0,3.2,46.7,0
order_dc61f61be7,pay_c867ada98f,2026-08-27 09:10:14.788603,619.12,cod,apparel,1,0,0.0,9,0,0,9.1,46.0,0
order_35909f673a,pay_6c9811d86d,2026-08-03 05:00:39.788603,203.07,netbanking,digital,1,0,0.0,5,0,0,6.6,18.1,0
order_fee2ab4c0c,pay_d726b5c00c,2026-08-18 18:58:24.788603,1614.31,upi,apparel,1,0,0.0,18,0,0,1.6,70.8,0
order_335f770c57,pay_1c0e333bfa,2026-08-24 15:51:28.788603,702.79,cod,home,0,6,0.18464649813829753,15,0,0,3.5,40.6,0
order_0fe7709157,pay_586ece619e,2026-08-10 14:41:38.788603,386.76,upi,electronics,1,0,0.0,14,0,0,19.3,25.4,0
order_759065e961,pay_b76429affc,2026-08-13 10:48:55.788603,113.78,cod,apparel,1,0,0.0,10,0,0,1.2,9.6,0
order_1970488fa2,pay_36deff05e2,2026-07-31 03:16:57.788603,752.53,upi,apparel,0,5,0.107749113148247,3,0,1,16.0,122.3,0
order_f1065dc754,pay_7fc04baed5,2026-08-05 19:24:54.788603,255.61,card,apparel,0,5,0.20258001803541292,19,0,0,0.6,148.5,0
order_2a7f1fab97,pay_42b6e5a306,2026-08-11 05:17:08.788603,728.31,upi,apparel,1,0,0.0,5,0,0,35.5,20.8,0
order_64079e64d0,pay_c1b61f09e7,2026-08-09 05:45:38.788603,362.31,cod,grocery,0,6,0.17229953923044788,5,1,0,27.3,21.4,0
order_831e67c85e,pay_0de0994ab5,2026-07-28 18:52:46.788603,158.76,upi,apparel,1,0,0.0,18,0,0,8.5,45.7,0
order_53ecc2df2d,pay_10abe90e51,2026-08-15 01:36:04.788603,618.57,cod,apparel,1,0,0.0,1,1,1,31.0,46.5,1
order_30ef72a86c,pay_de8d4753ff,2026-08-13 15:39:10.788603,1084.09,cod,apparel,0,7,0.14398045491164368,15,0,0,25.8,201.6,1
order_fcc75c0daf,pay_c763525348,2026-08-23 00:16:36.788603,1943.44,cod,grocery,0,6,0.4792994871143549,0,1,1,4.9,165.4,1
order_ca6722b556,pay_c0814de4fd,2026-08-15 12:31:01.788603,526.11,cod,electronics,1,0,0.0,12,1,0,1.7,63.6,0
order_d9ceb995b1,pay_bc16da964c,2026-08-04 06:46:43.788603,786.27,upi,apparel,0,5,0.0024925890985843455,6,0,0,15.5,132.2,0
order_ac5c14488f,pay_560ddd8187,2026-08-23 05:19:25.788603,172.75,cod,home,0,8,0.5379288657547944,5,1,0,19.1,62.8,1
order_c9bd9a64cc,pay_3f3bb5880c,2026-08-02 03:30:41.788603,435.38,card,apparel,0,3,0.33459011954746176,3,1,1,36.2,55.5,0
order_18cadae1e9,pay_58c0f24370,2026-08-13 10:07:25.788603,424.54,upi,grocery,0,6,0.10662338901779593,10,0,0,21.9,48.4,1
order_9e3bdfe9fb,pay_b9ab4ccf33,2026-08-11 15:08:24.788603,2329.83,cod,grocery,0,8,0.09602672951667736,15,0,0,6.7,18.0,0
order_d07b9a58da,pay_d492d95241,2026-08-22 03:58:52.788603,1117.71,upi,apparel,0,3,0.21675820063183032,3,1,1,24.4,110.0,0
order_af4f184f73,pay_d9d096498f,2026-07-31 00:00:51.788603,3315.71,upi,grocery,0,2,0.11583553089481019,0,0,1,12.0,33.7,0
order_f1d167e294,pay_b0278d9e59,2026-08-02 03:02:28.788603,547.66,cod,electronics,0,3,0.059141580129128055,3,1,1,11.4,89.0,0
order_4db1dcdc52,pay_9d52f4dcaf,2026-08-06 08:55:53.788603,1056.76,card,apparel,1,0,0.0,8,0,0,4.3,71.5,0
order_7e27a6bf02,pay_a8699dbbbf,2026-08-19 14:47:22.788603,446.13,upi,digital,0,4,0.06008571038582737,14,0,0,3.7,40.7,0
order_ad0bff7135,pay_03dcfd2c10,2026-08-22 01:34:24.788603,822.24,upi,apparel,1,0,0.0,1,1,1,9.1,93.5,0
order_ba1bb91b7f,pay_8225a52bf4,2026-08-05 04:44:53.788603,2332.36,cod,grocery,0,8,0.14871626815546635,4,0,1,21.3,370.4,1
order_a13ed1e3f2,pay_c3cd1f04b8,2026-08-11 07:06:18.788603,5162.97,cod,home,0,5,0.4174409055854631,7,0,0,0.3,127.1,1
order_633047d714,pay_06193733c1,2026-08-08 00:10:29.788603,1500.28,upi,home,1,0,0.0,0,1,1,35.8,74.7,1
order_376114171c,pay_0a3f48a1c1,2026-08-07 14:05:58.788603,525.06,upi,electronics,1,0,0.0,14,0,0,5.0,5.9,0
order_7bfc2a685b,pay_c6120f3b2b,2026-08-21 22:58:56.788603,512.3,cod,digital,0,7,0.09944814006913842,22,0,0,15.1,30.8,0
order_611dd9e4ca,pay_c8d02a25a9,2026-08-10 10:25:27.788603,592.06,card,home,0,11,0.10576254652030324,10,0,0,23.9,13.3,0
order_8923d838b7,pay_537519dedb,2026-08-23 17:56:46.788603,814.3,upi,digital,1,0,0.0,17,1,0,10.2,19.7,0
order_f06be1fed1,pay_001e90c275,2026-08-21 22:38:30.788603,317.98,cod,digital,0,6,0.010433477759031798,22,0,0,11.0,17.9,0
order_1aa5dae0d8,pay_2738f74b23,2026-08-12 23:17:31.788603,261.06,cod,home,1,0,0.0,23,0,1,5.3,38.4,1
order_04e1628715,pay_21d0c6cb7d,2026-07-28 15:51:17.788603,587.98,card,electronics,0,2,0.14703997842169592,15,0,0,4.6,82.0,0
order_4cc897d2f2,pay_3d1888a769,2026-07-29 16:15:14.788603,902.4,cod,apparel,0,6,0.165430646191223,16,0,0,0.0,27.6,1
order_62d39f022f,pay_1833118ed5,2026-08-02 04:54:00.788603,742.76,upi,apparel,1,0,0.0,4,1,1,2.2,114.1,0
order_8d8029de0d,pay_07d4e5eff3,2026-08-03 08:23:19.788603,1018.23,upi,grocery,0,5,0.48596958561317494,8,0,0,4.9,107.6,1
order_fc12b48b31,pay_48ad3b19f7,2026-08-05 12:17:06.788603,869.81,card,grocery,0,3,0.22775320713144803,12,0,0,1.1,181.8,0
order_1f718d2bb6,pay_ce75f38345,2026-07-30 14:47:46.788603,1822.7,card,apparel,1,0,0.0,14,0,0,12.4,53.3,0
order_6dbdc79201,pay_b5968729be,2026-08-11 07:53:24.788603,386.72,upi,apparel,0,5,0.0578196241093909,7,0,0,4.8,16.1,0
order_2af9e2be33,pay_2abea36b7d,2026-08-24 09:34:27.788603,290.81,cod,digital,0,0,0.22357481619614555,9,0,0,2.1,58.4,0
order_7f33534758,pay_8d9a387cf7,2026-08-17 02:26:45.788603,598.81,cod,digital,1,0,0.0,2,0,1,2.0,36.5,0
order_b2e1041420,pay_0d62cc3f7c,2026-07-31 01:07:02.788603,853.7,upi,home,0,8,0.010802487678441827,1,0,1,11.6,10.5,0
order_fb72854d15,pay_ab9e05c90f,2026-08-27 04:20:26.788603,260.73,upi,apparel,0,4,0.03576754386926721,4,0,1,7.7,61.6,1
order_288ba6d585,pay_0819dd89e0,2026-08-01 03:53:00.788603,665.1,netbanking,apparel,0,6,0.08053730445539466,3,1,1,2.9,37.2,0
order_8963c46d53,pay_3c227bbfd7,2026-08-23 00:43:53.788603,484.32,upi,grocery,1,0,0.0,0,1,1,5.9,88.9,0
order_2b9e2d1d9e,pay_ac92920575,2026-08-08 02:15:21.788603,355.67,upi,electronics,0,6,0.3259270930694611,2,1,1,6.8,110.2,0
order_d70c9e4609,pay_ae2d774c8e,2026-07-29 20:42:36.788603,859.72,cod,grocery,1,0,0.0,20,0,0,17.5,59.2,0
order_c728a2010c,pay_20cce9cde7,2026-08-03 01:10:57.788603,587.19,cod,electronics,0,6,0.48128351026297345,1,0,1,40.3,39.2,1
order_2e4306bfd6,pay_5ce2cf1540,2026-08-24 18:36:24.788603,593.54,upi,electronics,1,0,0.0,18,0,0,14.4,65.1,0
order_9a43d4a8a5,pay_2625e604ae,2026-08-05 08:15:14.788603,1214.07,cod,digital,1,0,0.0,8,0,0,42.1,37.3,1
order_ae6995873e,pay_a52106883f,2026-08-12 15:13:55.788603,593.28,upi,grocery,0,2,0.31915842571130054,15,0,0,38.5,18.1,0
order_e430a086a3,pay_c819c9439f,2026-08-13 18:32:00.788603,288.02,upi,digital,0,4,0.2644185819786485,18,0,0,15.3,73.5,0
order_fa525b9f3f,pay_73cfb48d23,2026-08-07 09:58:22.788603,1129.85,upi,home,0,4,0.015011820713765233,9,0,0,6.1,40.2,0
order_afc69b496f,pay_b40de68d73,2026-08-27 05:02:34.788603,3080.98,upi,apparel,0,3,0.015730363667282622,5,0,0,11.3,52.7,0
order_1e1c3b85e1,pay_cd4abf7b4d,2026-08-20 11:44:55.788603,232.8,cod,apparel,0,4,0.19707410065144182,11,0,0,30.9,23.5,0
order_7f5a613d70,pay_7930aea9f1,2026-08-13 06:18:21.788603,6410.63,card,grocery,1,0,0.0,6,0,0,42.4,75.8,0
order_02fa1b63f5,pay_a79f2283e2,2026-08-04 18:57:13.788603,87.01,cod,digital,0,3,0.015540043651324977,18,0,0,1.6,87.1,0
order_11702eeb1a,pay_c086347857,2026-08-17 13:33:32.788603,259.88,card,grocery,0,3,0.054250997273127675,13,0,0,2.1,39.7,0
order_782e6e3269,pay_e62c043d56,2026-08-07 02:39:33.788603,281.81,upi,apparel,0,3,0.06455860083006174,2,0,1,2.4,10.5,0
order_5dba031c55,pay_5d4fef9648,2026-08-10 20:12:54.788603,753.49,upi,grocery,0,8,0.01654235246646474,20,0,0,9.2,40.0,0
order_fc2a6b0b23,pay_97fb74c873,2026-08-03 20:52:50.788603,1092.93,upi,home,1,0,0.0,20,0,0,16.9,101.8,0
order_ebd09766e2,pay_90fe1951e3,2026-08-03 22:52:14.788603,2299.66,card,electronics,0,8,0.3875092330101092,22,0,0,23.9,94.9,0
order_904634a089,pay_1cc0a9e91a,2026-08-08 04:22:41.788603,229.83,cod,electronics,0,2,0.05294986735427662,4,1,1,9.7,162.4,1
order_3fd0a50188,pay_d621172106,2026-08-10 15:08:17.788603,2212.77,cod,electronics,0,3,0.058661877045694054,15,0,0,12.3,43.0,0
order_88c6de2b77,pay_4c9b6fcba6,2026-08-24 06:07:46.788603,2234.9,cod,electronics,0,3,0.2154358278225999,6,0,0,9.4,46.7,0
order_2a2a0f44c3,pay_040a54121a,2026-08-08 15:18:00.788603,616.03,card,home,0,8,0.013609070715095704,15,1,0,45.9,79.3,0
order_7a7a780682,pay_c5f8b78799,2026-08-07 12:36:58.788603,1436.7,cod,apparel,0,7,0.09862984279309626,12,0,0,5.9,248.9,1
order_c2e25dfe2a,pay_414ae1dd79,2026-07-29 03:56:39.788603,1364.13,cod,grocery,0,3,0.0876945285366221,3,0,1,2.1,45.6,0
order_4867a7f83a,pay_24a9d7f486,2026-08-05 13:33:22.788603,365.55,upi,digital,1,0,0.0,13,0,0,5.6,38.3,0
order_d5ceeb87e7,pay_8a0464e2a5,2026-08-16 01:50:05.788603,2027.82,netbanking,apparel,0,4,0.14346923393082586,1,1,1,6.8,104.8,0
order_ecc6862613,pay_b4e7a1f8d3,2026-08-02 11:10:31.788603,1608.59,upi,apparel,1,0,0.0,11,1,0,13.7,69.4,0
order_ac847c6bb2,pay_e970b0ec56,2026-08-24 12:29:42.788603,225.4,upi,apparel,1,0,0.0,12,0,0,2.8,22.1,0
order_5151cef987,pay_a1c5f1e90a,2026-08-26 22:55:29.788603,490.33,card,electronics,1,0,0.0,22,0,0,24.6,198.4,0
order_553d252113,pay_4e0860a461,2026-08-14 20:54:39.788603,1852.88,card,digital,0,5,0.4900210665419308,20,0,0,43.1,25.9,0
order_1c62a7139c,pay_140e2a1183,2026-08-07 15:17:03.788603,1113.27,netbanking,grocery,1,0,0.0,15,0,0,3.0,20.6,0
order_1d50167eff,pay_2c6bd91c8a,2026-07-31 09:26:03.788603,430.95,netbanking,home,0,3,0.27690232522878183,9,0,0,22.5,63.9,0
order_99c2f35449,pay_cf3d226da9,2026-08-22 01:33:05.788603,766.08,upi,digital,0,4,0.3064936683996886,1,1,1,7.7,24.4,0
order_284ca8becf,pay_1825663b3d,2026-08-06 23:07:22.788603,117.75,upi,electronics,1,0,0.0,23,0,1,22.3,146.7,1
order_94eeca0ffb,pay_ca545ed282,2026-08-19 15:04:50.788603,838.75,netbanking,electronics,0,6,0.07505841644465537,15,0,0,4.2,137.8,0
order_60908620a0,pay_691a43a7c6,2026-08-21 20:37:39.788603,3515.69,card,apparel,0,3,0.29000695071990845,20,0,0,2.0,100.2,0
order_8ee9c4d220,pay_ca630eeff1,2026-07-30 14:28:03.788603,217.88,cod,home,0,7,0.5272750113564221,14,0,0,7.5,14.3,0
order_91aa2bd338,pay_6f90767732,2026-08-09 07:17:26.788603,621.5,upi,digital,1,0,0.0,7,1,0,5.5,16.8,0
order_fb65f3285f,pay_f4d7b2b034,2026-08-12 01:59:12.788603,1521.73,upi,electronics,1,0,0.0,1,0,1,39.1,93.5,0
order_6d4efe7da5,pay_618179d50e,2026-08-23 04:51:17.788603,600.15,cod,home,1,0,0.0,4,1,1,0.8,27.9,1
order_46e7db3652,pay_0f5d757155,2026-08-15 23:29:24.788603,107.05,upi,grocery,1,0,0.0,23,1,1,17.2,40.7,1
order_8e82c212bd,pay_7ec1ecce5d,2026-08-06 01:14:25.788603,192.57,upi,home,0,9,0.2692507552551658,1,0,1,4.6,27.3,0
order_3022e0ff54,pay_578a4220ca,2026-08-08 07:37:13.788603,527.41,card,electronics,0,6,0.10438040847975447,7,1,0,5.2,48.6,0
order_7bfb2863b4,pay_894a9c6241,2026-08-10 08:12:21.788603,288.65,cod,home,1,0,0.0,8,0,0,2.3,130.7,0
order_817ccc1f0b,pay_70ce364e6a,2026-08-26 17:46:43.788603,358.63,cod,home,0,4,0.12728531360937584,17,0,0,14.5,52.6,0
order_ee12521ec1,pay_bb775ff0e2,2026-08-24 05:32:49.788603,3208.03,card,home,0,1,0.18388217914406954,5,0,0,6.1,67.6,0
order_e912e6237b,pay_487ba5c726,2026-08-16 05:48:46.788603,1589.34,card,electronics,0,8,0.08169453787061737,5,1,0,6.3,64.1,0
order_1a39f959da,pay_ca423ff2e3,2026-08-07 22:37:01.788603,249.42,card,apparel,0,4,0.08204667820171056,22,0,0,2.5,13.7,0
order_db8f4731c8,pay_be355cd43f,2026-07-29 05:14:46.788603,345.14,cod,apparel,0,4,0.171947839589726,5,0,0,27.0,27.8,1
order_3ab0ff94d8,pay_162b17b93f,2026-08-03 11:49:44.788603,650.0,upi,digital,0,6,0.2890594403316056,11,0,0,20.6,15.1,0
order_6f731c3991,pay_6b1e045239,2026-08-21 18:54:43.788603,1217.0,card,electronics,1,0,0.0,18,0,0,6.5,61.3,0
order_c892dbdbcf,pay_20ae0e46e1,2026-08-07 15:43:53.788603,521.69,cod,home,0,3,0.27290065695437254,15,0,0,8.1,9.6,0
order_fe42f140e0,pay_1b5c2e1eb8,2026-08-23 14:02:18.788603,473.66,card,grocery,0,6,0.03490799793925952,14,1,0,10.4,60.5,0
order_b66709d17d,pay_04144022c2,2026-08-14 01:43:17.788603,205.07,card,digital,0,4,0.24009641840987808,1,0,1,15.2,11.7,0
order_d8a6d1f604,pay_7f8acb76ca,2026-08-23 09:28:12.788603,2019.08,cod,electronics,0,0,0.1994453279924135,9,1,0,24.8,466.9,0
order_51438675a7,pay_a9a7d5801e,2026-08-11 15:44:25.788603,121.02,upi,apparel,0,7,0.4078189959476934,15,0,0,9.6,118.2,1
order_bb488000d2,pay_96a80e6b44,2026-08-26 06:38:04.788603,675.07,upi,grocery,1,0,0.0,6,0,0,37.2,32.1,0
order_2682a70a99,pay_5c3114650e,2026-08-24 13:12:30.788603,1584.57,upi,digital,0,1,0.11310907308966603,13,0,0,1.5,86.4,0
order_2078310de0,pay_9b62b0c265,2026-08-21 10:01:06.788603,226.06,upi,grocery,0,5,0.07507837355996383,10,0,0,2.5,68.7,1
order_9c645977fd,pay_f9d0f5d531,2026-08-15 02:51:00.788603,2888.01,cod,electronics,0,6,0.04025958696837191,2,1,1,5.7,59.0,0
order_0ac3979538,pay_45491cc44e,2026-08-02 19:20:56.788603,1171.72,upi,apparel,0,5,0.44797818069869527,19,1,0,25.3,185.0,0
order_555244576c,pay_efdcae5ae3,2026-08-06 05:17:11.788603,245.27,upi,electronics,0,7,0.14853331879979614,5,0,0,2.6,48.2,0
order_57f2175b0b,pay_d39a69297b,2026-08-13 05:33:07.788603,293.33,upi,apparel,0,4,0.002213817381093988,5,0,0,2.3,62.0,0
order_bfa862d44d,pay_9801a19a4e,2026-08-23 11:00:47.788603,1757.05,card,grocery,1,0,0.0,11,1,0,27.3,29.2,1
order_7c3e50c7a7,pay_550562906b,2026-08-03 20:53:29.788603,1034.63,upi,home,0,6,0.30961003795807246,20,0,0,16.1,59.4,0
order_0813f84064,pay_2179d64f09,2026-07-28 23:16:01.788603,160.74,upi,electronics,1,0,0.0,23,0,1,37.0,29.0,0
order_aa97940861,pay_858130007d,2026-08-11 09:53:44.788603,251.49,upi,grocery,0,6,0.26649508916584896,9,0,0,19.9,24.3,0
order_726940d23d,pay_839116498a,2026-08-24 13:15:22.788603,145.62,upi,home,0,9,0.44637531607795267,13,0,0,2.6,77.7,0
order_54f9f6566c,pay_2ad8465801,2026-08-21 05:12:38.788603,350.07,netbanking,electronics,0,5,0.45007462956162975,5,0,0,1.5,320.7,0
order_0a52b23ed3,pay_dfa0938f1f,2026-08-16 07:46:11.788603,249.94,upi,apparel,0,2,0.17584197042318592,7,1,0,21.8,16.8,0
order_824312fa2b,pay_b16d8adf3b,2026-08-13 16:58:02.788603,1581.22,cod,apparel,1,0,0.0,16,0,0,25.1,41.2,1
order_fcbf6a91ab,pay_a09c504d88,2026-07-28 21:43:51.788603,2213.3,netbanking,digital,0,6,0.2608946197385532,21,0,0,15.9,50.4,0
order_f8737ec37b,pay_6d1f5e691c,2026-08-08 12:13:10.788603,692.19,upi,home,0,3,0.029214138452313167,12,1,0,9.4,17.1,0
order_4d4df39ad4,pay_6d002c71ab,2026-08-12 00:46:20.788603,1092.89,upi,apparel,0,7,0.12393607491343284,0,0,1,19.8,124.4,0
order_b919a61260,pay_acdb4d65d8,2026-08-11 02:49:17.788603,805.67,cod,apparel,0,3,0.01963207167673826,2,0,1,10.4,38.3,1
order_61d9e7f705,pay_bdc2bcb031,2026-08-24 20:46:34.788603,2743.79,card,apparel,0,4,0.16315671627176662,20,0,0,7.8,43.1,0
order_ec27becd74,pay_e09722a2e5,2026-08-15 02:52:17.788603,427.07,upi,apparel,1,0,0.0,2,1,1,21.6,87.1,0
order_578d4098b8,pay_0cff7dd0f8,2026-08-02 14:53:49.788603,2327.15,card,grocery,0,7,0.09095828483378708,14,1,0,18.4,151.8,0
order_0b4e580beb,pay_fbe3b872ea,2026-08-25 04:18:47.788603,757.99,card,digital,1,0,0.0,4,0,1,1.0,97.6,1
order_ad1d1b25ae,pay_65b3d4cfdc,2026-07-28 12:45:49.788603,335.73,card,digital,1,0,0.0,12,0,0,14.1,37.4,0
order_c0a0ed88d8,pay_0a20c44ca8,2026-07-30 05:40:34.788603,153.44,upi,digital,0,12,0.17748827166412007,5,0,0,24.3,19.0,0
order_b85268687d,pay_730cb86280,2026-08-22 15:22:38.788603,104.73,card,grocery,0,4,0.12874784632212866,15,1,0,65.6,81.4,1
order_0e0dc13096,pay_456e4a0edd,2026-08-18 09:03:41.788603,10473.88,cod,home,1,0,0.0,9,0,0,19.8,70.9,0
order_b1146cf9d6,pay_95ebbe598e,2026-08-20 06:11:33.788603,2900.52,upi,apparel,0,5,0.27805325800764186,6,0,0,11.4,67.6,0
order_2c5d7d1dad,pay_9d8787bbf0,2026-08-07 06:40:38.788603,407.07,card,apparel,0,10,0.024887226230803073,6,0,0,17.4,11.4,0
order_3cd83949ae,pay_b8d8d44b21,2026-07-29 04:25:07.788603,1675.46,card,electronics,0,4,0.09907264912420985,4,0,1,26.1,90.3,0
order_658de240a2,pay_db935d7bee,2026-08-17 09:07:25.788603,769.12,upi,apparel,1,0,0.0,9,0,0,4.4,58.2,1
order_47d5896820,pay_b39e82d7d4,2026-08-24 04:45:32.788603,369.89,cod,electronics,1,0,0.0,4,0,1,10.1,85.9,0
order_239dfb393a,pay_61160f70d3,2026-08-24 23:33:28.788603,1453.63,upi,digital,0,6,0.10950226381332342,23,0,1,4.2,14.6,0
order_9aa2a48b56,pay_2e07c822e6,2026-08-06 17:22:23.788603,379.38,upi,electronics,1,0,0.0,17,0,0,16.2,51.6,0
order_612fda3e37,pay_dd5b37ce4c,2026-08-25 07:30:49.788603,265.5,upi,electronics,0,5,0.12977730166129342,7,0,0,14.8,62.7,0
order_a275b428ff,pay_73683dc74d,2026-07-28 20:19:53.788603,539.65,cod,digital,0,6,0.24130210845455738,20,0,0,20.1,48.6,1
order_f65b3a5cea,pay_b07dbbf581,2026-08-05 14:20:21.788603,2599.91,card,apparel,1,0,0.0,14,0,0,12.8,126.9,0
order_f1ca9ffbdb,pay_9e2549a297,2026-08-14 02:10:31.788603,151.1,upi,digital,1,0,0.0,2,0,1,40.5,13.4,0
order_914cef061a,pay_d923e28b3e,2026-08-20 02:07:34.788603,253.75,card,home,0,5,0.3931151311487803,2,0,1,1.9,27.8,1
order_8e61c39a8d,pay_b6ff9c312c,2026-08-05 02:11:54.788603,498.89,upi,apparel,0,6,0.11998837582983744,2,0,1,33.7,45.5,0
order_bff0d9d9f9,pay_34df589b81,2026-08-03 17:12:52.788603,634.34,netbanking,apparel,0,5,0.12504549949412389,17,0,0,16.9,70.3,0
order_78697512ad,pay_db3a399701,2026-08-24 22:24:43.788603,1132.76,upi,apparel,1,0,0.0,22,0,0,25.6,31.6,0
order_66d1e866b5,pay_97d2f5fb14,2026-08-14 19:10:11.788603,3741.73,card,home,0,4,0.4727143601471327,19,0,0,46.6,132.1,0
order_ff331c0ed3,pay_b3d35ee600,2026-08-13 07:18:39.788603,274.75,wallet,apparel,0,4,0.15797092486868172,7,0,0,15.9,14.6,1
order_e17b653987,pay_d3810764cc,2026-08-04 23:51:16.788603,2751.14,upi,grocery,0,9,0.06668544798658077,23,0,1,5.1,29.6,0
order_3414e4a5a6,pay_50ab395ff8,2026-08-20 15:40:06.788603,144.45,upi,electronics,1,0,0.0,15,0,0,11.1,66.5,0
order_c8460fd52a,pay_bf301c99ed,2026-08-21 21:41:08.788603,513.89,upi,digital,1,0,0.0,21,0,0,1.3,35.5,0
order_4f70e9e3eb,pay_1501b077f7,2026-08-20 04:42:36.788603,620.61,cod,apparel,1,0,0.0,4,0,1,19.0,66.8,0
order_4b2c476fe8,pay_e50478f3c0,2026-08-17 20:41:44.788603,155.73,upi,apparel,0,4,0.15177711348827616,20,0,0,3.4,69.6,0
order_7ded046a30,pay_718f0e3c49,2026-08-13 06:11:59.788603,1795.5,upi,grocery,0,6,0.15176885216702612,6,0,0,13.9,11.9,0
order_e773a32a4b,pay_a6841793c3,2026-08-09 16:27:30.788603,403.94,cod,home,0,6,0.06011811689292967,16,1,0,4.5,128.2,0
order_6d10a2c2f8,pay_7103929fc2,2026-08-22 09:59:58.788603,2877.03,wallet,apparel,0,6,0.2247043409431872,9,1,0,6.9,58.0,0
order_b2d0dbaa42,pay_b66b7a3aa8,2026-08-10 16:16:02.788603,554.89,cod,apparel,1,0,0.0,16,0,0,5.5,35.8,0
order_f8751226f4,pay_7938084ef9,2026-08-14 13:10:17.788603,606.9,upi,apparel,1,0,0.0,13,0,0,13.6,21.6,0
order_6384189321,pay_8ec20bff94,2026-08-12 02:39:02.788603,5235.65,upi,electronics,0,9,0.3937751463635939,2,0,1,17.8,114.0,1
order_d033d9e29d,pay_b460e044d7,2026-08-16 22:02:19.788603,1289.64,wallet,home,1,0,0.0,22,1,0,17.3,83.5,0
order_71cee96503,pay_b59488202b,2026-08-21 19:35:04.788603,231.02,upi,home,1,0,0.0,19,0,0,13.7,234.8,1
order_d7f278e524,pay_8384aa632d,2026-08-17 05:06:27.788603,1407.21,card,apparel,1,0,0.0,5,0,0,10.2,208.3,0
order_5c75e862ea,pay_ff540fbbb7,2026-08-18 06:18:32.788603,2041.98,upi,grocery,0,3,0.18090557793422166,6,0,0,7.8,106.5,0
order_a1ee277ae8,pay_e11e2efc00,2026-08-21 14:45:47.788603,294.01,cod,digital,0,6,0.024565311621178417,14,0,0,20.1,80.2,1
order_3107fec0d8,pay_93feea40ba,2026-08-01 17:24:22.788603,512.32,card,grocery,0,11,0.21227319617772555,17,1,0,31.2,308.2,0
order_6d3905142f,pay_b9323f96c0,2026-08-08 06:49:41.788603,471.58,upi,electronics,0,7,0.09320398583660273,6,1,0,1.7,31.2,0
order_26163e6645,pay_d99d30866b,2026-07-30 11:34:44.788603,220.65,card,apparel,0,3,0.27408637484581766,11,0,0,17.5,41.2,0
order_53bdcccafd,pay_15203ae476,2026-08-26 07:15:51.788603,1516.41,cod,grocery,0,8,0.17250491357565548,7,0,0,21.8,34.8,1
order_b6c0435a15,pay_dfee6acb2c,2026-07-28 11:41:47.788603,1269.0,upi,home,1,0,0.0,11,0,0,7.4,71.2,0
order_74e66ca4ca,pay_9f3586c351,2026-08-03 10:24:50.788603,2373.85,card,digital,1,0,0.0,10,0,0,6.5,36.2,0
order_8745262da3,pay_8a553ed976,2026-08-05 14:19:46.788603,244.08,upi,home,0,9,0.12625883300278493,14,0,0,47.0,84.6,0
order_74a4a55f96,pay_139a02a99f,2026-08-13 04:32:59.788603,575.71,cod,electronics,0,6,0.27580460240861987,4,0,1,5.4,151.1,0
order_f0c70844b0,pay_e845e395d4,2026-08-26 22:13:48.788603,444.94,card,digital,0,5,0.07453334745385799,22,0,0,2.4,61.1,0
order_d4e5fee7c5,pay_c7735f0a04,2026-08-15 11:26:15.788603,543.27,card,apparel,1,0,0.0,11,1,0,59.7,54.2,0
order_84d6559f63,pay_76dedbfe78,2026-08-04 08:55:22.788603,287.2,upi,home,0,9,0.1821197617204309,8,0,0,9.6,34.5,0
order_14ce05c645,pay_05cc7b57cd,2026-08-12 06:36:46.788603,532.1,upi,grocery,1,0,0.0,6,0,0,22.0,25.5,0
order_fd4d2f2c8f,pay_1973a3233f,2026-08-22 20:20:57.788603,4004.24,upi,electronics,0,5,0.12708105730423572,20,1,0,11.0,72.4,1
order_1a7e58903d,pay_23a8bde571,2026-08-09 18:33:31.788603,1106.18,upi,apparel,0,7,0.43477253804173077,18,1,0,1.0,44.8,0
order_f058d084f2,pay_440ede6c73,2026-08-24 03:20:28.788603,990.15,upi,electronics,0,3,0.1599374581858849,3,0,1,13.1,196.4,0
order_f0d4eaf734,pay_556146e08e,2026-08-08 21:54:59.788603,1497.22,card,home,1,0,0.0,21,1,0,7.6,23.4,0
order_f37f1184e9,pay_e659c65656,2026-08-06 11:05:23.788603,5052.21,cod,apparel,0,11,0.28656212052893626,11,0,0,9.0,18.1,1
order_12e26294b2,pay_4c20c01c1b,2026-08-13 15:07:48.788603,242.16,card,apparel,0,7,0.3897619634143599,15,0,0,2.2,153.3,0
order_ea1f28091e,pay_a356a07716,2026-07-29 04:36:09.788603,1067.61,upi,grocery,0,5,0.04143857385284073,4,0,1,2.4,109.3,0
order_311fd4bef7,pay_28742dbe65,2026-08-11 04:52:29.788603,848.22,cod,apparel,0,7,0.04853613990538791,4,0,1,16.5,75.9,1
order_2826f25cc8,pay_aa576b4929,2026-08-14 10:39:48.788603,773.74,card,grocery,1,0,0.0,10,0,0,32.1,128.8,0
order_7f9d47a1c5,pay_1bf512691e,2026-08-19 22:45:07.788603,757.29,card,digital,1,0,0.0,22,0,0,11.7,54.8,0
order_6f91211055,pay_f72ea60c66,2026-08-18 19:25:37.788603,925.25,upi,grocery,0,3,0.02106049399113737,19,0,0,7.2,15.1,0
order_61a87b6e19,pay_ffcfc121dc,2026-08-22 04:50:17.788603,600.12,cod,grocery,1,0,0.0,4,1,1,11.3,39.0,1
order_2927f273e9,pay_d34200f5e0,2026-08-14 00:50:34.788603,310.7,cod,apparel,1,0,0.0,0,0,1,2.1,42.6,1
order_e561b7ca79,pay_b9c81ef2d6,2026-08-23 18:41:28.788603,2175.98,upi,apparel,0,8,0.24045145689133857,18,1,0,29.8,89.9,0
order_c39e4d6fee,pay_710fdc15a6,2026-08-16 00:11:04.788603,346.36,upi,apparel,1,0,0.0,0,1,1,46.4,78.8,0
order_091734b199,pay_88f129407c,2026-08-09 22:49:15.788603,583.6,upi,digital,1,0,0.0,22,1,0,6.8,58.5,0
order_5697dd917c,pay_b5815c3e20,2026-08-23 12:06:49.788603,440.6,upi,home,1,0,0.0,12,1,0,1.9,29.4,0
order_beab99130c,pay_f7dc172219,2026-08-06 13:42:56.788603,3774.85,upi,apparel,0,3,0.21667801642763473,13,0,0,36.9,64.9,0
order_1605c521ae,pay_c1ab753897,2026-08-21 16:57:47.788603,165.27,wallet,apparel,0,4,0.11577831883916125,16,0,0,2.3,13.4,0
order_a9875a7159,pay_f1f84248c2,2026-08-02 00:05:56.788603,1146.01,cod,home,0,0,0.2022182347917413,0,1,1,1.1,165.0,1
order_4a8bd1db2d,pay_3cba7c59d3,2026-08-26 02:28:54.788603,538.45,card,apparel,0,7,0.14105757567557656,2,0,1,5.4,48.4,0
order_58e125a3c3,pay_27e5b1caa5,2026-08-20 08:41:37.788603,684.66,upi,digital,0,4,0.05893713896264507,8,0,0,5.0,26.0,0
order_34643f8eb4,pay_c42f371645,2026-08-15 04:18:47.788603,552.2,wallet,home,0,1,0.09302975401301368,4,1,1,6.4,42.1,0
order_8fd2340ad4,pay_8ba01e1d81,2026-08-02 07:49:29.788603,235.55,netbanking,grocery,1,0,0.0,7,1,0,6.8,46.0,0
order_4f964db06c,pay_6856acd031,2026-08-07 01:32:00.788603,1302.67,cod,electronics,0,5,0.030916652855904905,1,0,1,16.4,55.5,0
order_ee8345a09d,pay_bcc5c355bd,2026-08-26 07:40:24.788603,407.34,card,digital,1,0,0.0,7,0,0,17.8,10.5,0
order_58e9dec907,pay_86c9bd7b98,2026-08-12 05:46:02.788603,347.67,cod,grocery,0,8,0.46124799754795326,5,0,0,7.9,28.9,1
order_cc2b38543d,pay_cb6f941714,2026-08-12 22:49:05.788603,1887.6,upi,grocery,0,6,0.03820844396129418,22,0,0,4.3,121.0,0
order_3e8e5c1654,pay_897eb82e8d,2026-08-22 11:40:00.788603,1635.84,upi,digital,0,6,0.09922957041654468,11,1,0,13.0,15.7,0
order_4b197a4c0f,pay_86d054e248,2026-08-01 08:34:21.788603,243.31,netbanking,electronics,0,4,0.42575226835777147,8,1,0,13.2,197.4,0
order_04f275e7c9,pay_c134c34a22,2026-08-05 09:25:39.788603,162.96,upi,grocery,1,0,0.0,9,0,0,44.8,88.7,0
order_4cbdb5f9ea,pay_2bb10c6695,2026-08-19 18:08:17.788603,1171.19,card,apparel,1,0,0.0,18,0,0,8.5,681.7,0
order_b5a352ac55,pay_bf1b57fe95,2026-07-29 18:30:59.788603,900.27,upi,digital,0,5,0.2063902549379206,18,0,0,0.1,23.2,0
order_b1d0af9e08,pay_c4d6e5d99c,2026-08-24 00:58:53.788603,1293.48,upi,apparel,0,5,0.016533648465219524,0,0,1,1.5,47.5,0
order_0e6dc5ca0d,pay_7b381ffcf5,2026-08-02 01:01:53.788603,316.44,upi,apparel,1,0,0.0,1,1,1,7.2,53.2,0
order_8ea93986a1,pay_04e543fee8,2026-08-19 04:10:21.788603,505.91,card,grocery,0,4,0.0836208659712201,4,0,1,68.9,55.6,0
order_8a46d7a95f,pay_e6d9f364ba,2026-07-30 19:17:35.788603,295.75,upi,electronics,0,3,0.10674076612087745,19,0,0,6.8,26.7,0
order_dd217315bc,pay_8a9ccfd93b,2026-08-12 21:25:32.788603,481.94,upi,grocery,1,0,0.0,21,0,0,1.8,44.7,0
order_56d40f54c2,pay_68e21e02fd,2026-08-04 05:58:18.788603,629.01,cod,electronics,0,2,0.026071691828904356,5,0,0,47.5,36.3,0
order_8865856e0c,pay_84bd662a6b,2026-08-10 15:18:23.788603,1453.26,upi,digital,1,0,0.0,15,0,0,1.8,11.1,1
order_6fac62362a,pay_efd4956d7f,2026-08-10 18:17:50.788603,5433.63,upi,digital,0,5,0.30113486892556857,18,0,0,6.0,16.6,0
order_c53930adb2,pay_52182814e3,2026-08-03 09:53:51.788603,2070.42,upi,apparel,0,6,0.45174531128588163,9,0,0,33.3,34.8,0
order_11d7beafc9,pay_8f252bda64,2026-08-24 09:32:43.788603,1457.05,upi,apparel,0,4,0.1625874941581456,9,0,0,32.5,167.6,0
order_047192b17b,pay_e97e482f72,2026-08-22 10:53:29.788603,786.98,upi,apparel,0,8,0.11437120570007453,10,1,0,23.9,27.9,0
order_797be0c701,pay_1c303a3a2b,2026-08-27 03:37:32.788603,1430.54,cod,grocery,0,6,0.06677058346850007,3,0,1,36.8,64.0,1
order_969f470e95,pay_990c121c3f,2026-08-04 11:39:27.788603,825.36,netbanking,apparel,1,0,0.0,11,0,0,27.5,15.1,0
order_5dc2fa6c6f,pay_60cd32a0e3,2026-08-02 18:57:16.788603,1797.31,upi,apparel,0,8,0.10765054600240229,18,1,0,81.7,114.0,0
order_6b5da4a277,pay_f412a340dc,2026-07-28 18:32:27.788603,70.93,cod,apparel,1,0,0.0,18,0,0,13.3,83.3,1
order_7cda55b11f,pay_ca52db3269,2026-08-19 04:33:48.788603,1277.39,cod,apparel,0,9,0.14937953875546367,4,0,1,21.1,48.7,1
order_408a95778c,pay_1cd2f2dd64,2026-08-03 16:20:47.788603,420.64,upi,home,0,2,0.1285979659955094,16,0,0,10.6,177.9,0
order_21908a25e5,pay_3ea07db9f1,2026-08-21 11:26:40.788603,364.43,card,home,1,0,0.0,11,0,0,2.0,52.8,1
order_b0e2084070,pay_d383319c15,2026-08-05 16:43:39.788603,386.64,netbanking,grocery,1,0,0.0,16,0,0,12.7,21.1,0
order_ed12403233,pay_ca0ac35589,2026-07-29 10:03:21.788603,1176.55,cod,digital,0,4,0.5241087749292309,10,0,0,1.9,18.0,0
order_d2b64f36b2,pay_0a72cff3b2,2026-08-03 04:11:49.788603,265.78,cod,digital,0,4,0.2635939130277345,4,0,1,4.3,65.0,1
order_accf9650cc,pay_aef7e6e661,2026-08-18 06:39:46.788603,8220.93,upi,digital,1,0,0.0,6,0,0,10.2,171.6,0
order_e60f160358,pay_18290e8a34,2026-08-01 20:16:20.788603,1413.22,card,grocery,0,7,0.0006038764418195251,20,1,0,3.2,29.8,0
order_d513bedbbc,pay_829ca4f598,2026-08-10 05:00:27.788603,504.45,upi,apparel,0,5,0.14411046781542694,5,0,0,1.9,42.8,1
order_c4acc5a574,pay_813255c535,2026-08-08 06:04:41.788603,229.47,cod,electronics,1,0,0.0,6,1,0,13.2,116.2,0
order_0375ecd278,pay_334a1e83b1,2026-08-12 17:51:30.788603,2595.95,cod,home,0,3,0.08392254544111953,17,0,0,0.7,82.1,0
order_a30689829c,pay_52decafe5b,2026-07-29 02:03:48.788603,596.18,upi,grocery,1,0,0.0,2,0,1,2.8,111.6,0
order_a145d03000,pay_07d36405b3,2026-08-03 01:02:36.788603,340.57,upi,apparel,0,7,0.06444039038870186,1,0,1,8.1,112.4,0
order_3ffe157b9b,pay_bfadf9671e,2026-08-19 09:08:20.788603,264.54,upi,grocery,0,7,0.15447056361076042,9,0,0,10.3,116.2,0
order_ff6336a107,pay_334b8e7102,2026-08-04 21:42:33.788603,1400.94,cod,home,0,3,0.22748839292148035,21,0,0,2.3,20.5,0
order_c67fcf2e60,pay_38193045b4,2026-08-26 13:16:52.788603,113.21,card,home,0,3,0.3202174001743395,13,0,0,19.0,19.4,0
order_a667020fe4,pay_1cdfb73bb3,2026-08-09 06:48:23.788603,100.34,card,electronics,0,5,0.2864277125472766,6,1,0,53.2,41.5,0
order_1c821943b2,pay_b8dc0e41a3,2026-08-02 04:47:26.788603,390.33,cod,apparel,0,4,0.2896093174281317,4,1,1,8.1,20.1,1
order_17c162761a,pay_1d35918458,2026-08-20 12:56:03.788603,234.47,cod,electronics,0,4,0.04747264417617384,12,0,0,0.1,27.1,0
order_3c7aef6c87,pay_248c2e8bae,2026-08-08 08:14:45.788603,1998.72,cod,digital,0,11,0.11448335060899605,8,1,0,21.8,58.0,0
order_f4d86e04d3,pay_448c038b1a,2026-07-29 06:45:23.788603,75.88,wallet,grocery,1,0,0.0,6,0,0,31.8,79.7,0
order_6f568ebd5b,pay_be0bf7a145,2026-07-31 01:34:09.788603,257.02,card,electronics,0,4,0.020728964455929384,1,0,1,27.6,72.0,0
order_55b2019ada,pay_483c809288,2026-08-21 10:14:44.788603,174.85,card,home,0,6,0.0893744503378529,10,0,0,31.5,40.4,0
order_79f177ac44,pay_7f446e9a3c,2026-07-31 18:35:10.788603,471.14,cod,grocery,0,7,0.31128390361253216,18,0,0,6.5,178.9,1
order_32132ae2f3,pay_4cb051d0e5,2026-08-13 01:22:21.788603,233.27,cod,grocery,1,0,0.0,1,0,1,5.7,65.5,0
order_b90cf42b0d,pay_713e8a2c4b,2026-08-17 20:25:37.788603,747.22,wallet,apparel,0,3,0.29254695793784335,20,0,0,26.9,110.2,0
order_723334e01e,pay_e0e794bca0,2026-08-09 00:16:57.788603,814.57,card,digital,1,0,0.0,0,1,1,17.5,89.0,0
order_028150bdfb,pay_c3545c5dbf,2026-08-12 12:24:08.788603,287.55,netbanking,grocery,0,5,0.01559094296995755,12,0,0,12.0,296.5,0
order_3e2fae0cf2,pay_da525c9cd1,2026-08-12 09:58:52.788603,243.8,cod,electronics,0,4,0.010325330624250038,9,0,0,27.4,104.4,0
order_8e87ebfd64,pay_643d9bf3c8,2026-08-13 19:13:19.788603,395.24,upi,electronics,0,8,0.05624176048019811,19,0,0,40.2,42.4,0
order_8f006092e0,pay_3d50e0becb,2026-08-09 14:52:01.788603,2347.28,upi,apparel,0,5,0.3763338653074344,14,1,0,5.0,144.3,1
order_0ace512c9d,pay_52d5969094,2026-08-09 01:46:45.788603,4382.53,upi,apparel,1,0,0.0,1,1,1,42.1,13.4,0
order_abf94e1239,pay_6d1c2fefd8,2026-08-11 19:29:35.788603,522.52,upi,digital,1,0,0.0,19,0,0,4.7,25.4,0
order_8422108c83,pay_18c38a5c8b,2026-08-23 05:33:51.788603,426.78,netbanking,grocery,1,0,0.0,5,1,0,2.0,20.4,0
order_97591ff70b,pay_22bdc34ac1,2026-08-26 06:15:06.788603,300.97,upi,digital,0,4,0.052890470808815274,6,0,0,32.9,124.7,0
order_7a53267ac0,pay_4862de4720,2026-08-10 19:54:54.788603,498.52,upi,grocery,0,6,0.13681838788520645,19,0,0,17.1,164.7,1
order_8f93ad962e,pay_6603017db7,2026-08-17 04:34:19.788603,1507.04,cod,electronics,0,4,0.0017380755556186585,4,0,1,2.6,78.8,0
order_6acd9fc2e5,pay_75f4a816b7,2026-08-08 21:43:44.788603,1413.0,cod,apparel,0,8,0.05214245932989946,21,1,0,20.4,222.7,0
order_4caba9eb11,pay_639cbba818,2026-08-27 01:57:21.788603,2070.44,card,home,1,0,0.0,1,0,1,22.4,10.6,0
order_317d970af2,pay_9c73ca9068,2026-08-26 09:06:57.788603,3050.26,wallet,grocery,0,2,0.030209094404011434,9,0,0,2.8,111.1,0
order_30a9da3b95,pay_7ea5efbbb3,2026-08-14 09:09:36.788603,1619.99,card,digital,1,0,0.0,9,0,0,6.6,65.0,0
order_5bbe5b430a,pay_b885577639,2026-07-28 11:05:33.788603,798.76,upi,electronics,0,3,0.07250849584992515,11,0,0,12.1,26.9,1
order_79ac99908d,pay_d7d79e883e,2026-08-03 15:18:50.788603,145.7,card,apparel,0,8,0.03204329487313063,15,0,0,0.9,22.7,0
order_a1cde67447,pay_95e4900e16,2026-08-25 14:47:54.788603,571.27,upi,home,0,7,0.13117289936015952,14,0,0,2.4,74.7,0
order_153437bf6d,pay_a8bc11b546,2026-07-29 02:13:44.788603,754.46,cod,digital,0,3,0.08470838610174569,2,0,1,10.8,46.5,0
order_b972389ec3,pay_3346738512,2026-08-27 02:07:13.788603,531.22,card,electronics,1,0,0.0,2,0,1,64.2,14.8,0
order_0d9f62c190,pay_32261da7b6,2026-08-11 19:27:18.788603,1315.72,upi,electronics,1,0,0.0,19,0,0,14.1,13.7,0
order_49214fd5a6,pay_ae479a5d5e,2026-08-13 18:37:47.788603,138.27,cod,apparel,1,0,0.0,18,0,0,15.9,65.5,1
order_72cc961790,pay_e9163d3c7d,2026-08-25 17:40:03.788603,972.24,netbanking,electronics,1,0,0.0,17,0,0,45.4,106.1,0
order_9018179ab0,pay_50f6ceec9d,2026-08-11 17:42:23.788603,1704.49,netbanking,electronics,1,0,0.0,17,0,0,14.3,19.1,0
order_2a4a6b611c,pay_8bdaa29132,2026-08-18 08:54:46.788603,335.03,upi,digital,1,0,0.0,8,0,0,7.8,276.5,0
order_4c7b403de5,pay_78f873c8fd,2026-08-07 11:08:12.788603,1068.68,card,apparel,0,5,0.15723604310127529,11,0,0,16.5,59.0,1
order_8b744e8991,pay_140bd60797,2026-08-11 00:51:35.788603,2423.63,cod,digital,0,8,0.12673962435540065,0,0,1,11.9,160.7,0
order_a58f9ba046,pay_a26f54e07b,2026-08-14 23:44:09.788603,767.32,card,digital,1,0,0.0,23,0,1,4.7,127.4,0
order_ad46f1c8b1,pay_50cd2268db,2026-08-22 04:17:20.788603,803.84,upi,apparel,0,8,0.08079928280846618,4,1,1,2.7,42.8,0
order_da169f26ad,pay_867971b1e4,2026-08-19 13:12:48.788603,557.45,upi,grocery,0,5,0.15421090806525345,13,0,0,7.3,111.9,0
order_afc4026035,pay_0872d44ba1,2026-08-27 02:54:28.788603,69.91,card,home,1,0,0.0,2,0,1,8.0,79.3,1
order_09c52bf045,pay_4272e08e4d,2026-08-19 22:19:10.788603,408.48,upi,apparel,1,0,0.0,22,0,0,9.9,21.3,0
order_766ed6c2f9,pay_a5a8fe22ab,2026-08-08 01:12:40.788603,1055.55,upi,apparel,1,0,0.0,1,1,1,6.4,97.6,0
order_1eabed4f1e,pay_d18b74958b,2026-07-30 18:46:54.788603,504.9,upi,grocery,0,6,0.19369119516837005,18,0,0,16.3,146.6,0
order_6987eab5c6,pay_26bc5ac24b,2026-07-31 15:33:05.788603,881.34,netbanking,home,0,7,0.12852897469738472,15,0,0,18.2,109.4,0
order_c1c83b92a3,pay_8b08a9122b,2026-08-02 02:09:11.788603,1427.14,upi,digital,0,6,0.0209351771323535,2,1,1,2.8,50.1,0
order_27ad692103,pay_520bfffbfc,2026-08-19 19:08:56.788603,1167.34,wallet,digital,0,5,0.23474321514539254,19,0,0,56.9,36.1,0
order_498ba906f4,pay_7fa1d38749,2026-08-25 11:32:31.788603,1037.77,cod,apparel,1,0,0.0,11,0,0,15.9,25.5,0
order_334e31552a,pay_4fa8fec513,2026-08-01 13:25:27.788603,2182.76,netbanking,home,0,10,0.21237277135143198,13,1,0,22.1,163.1,0
order_efc8f2d409,pay_45e4445022,2026-08-15 03:45:36.788603,181.2,upi,electronics,0,3,0.0007427883210327702,3,1,1,17.5,18.1,0
order_0040353c88,pay_ecbfee979e,2026-08-23 05:50:37.788603,110.01,cod,digital,0,6,0.06255963337750693,5,1,0,2.1,119.6,0
order_e6889693c5,pay_a1334c4b88,2026-08-22 15:42:32.788603,916.68,wallet,grocery,0,5,0.06108126153289081,15,1,0,0.5,108.9,0
order_45139d5d6a,pay_5592788a8e,2026-07-29 01:21:21.788603,368.87,upi,apparel,1,0,0.0,1,0,1,5.1,9.9,0
order_d7e4a5a9df,pay_1c886bd371,2026-08-11 14:48:31.788603,1940.24,card,apparel,1,0,0.0,14,0,0,3.7,134.9,1
order_c375e479e7,pay_13afff0bfd,2026-08-26 22:19:20.788603,2561.6,upi,electronics,0,4,0.0025509893545752633,22,0,0,16.9,10.2,0
order_88db4c7b9a,pay_37c465cb1d,2026-08-07 19:20:51.788603,1687.43,netbanking,apparel,0,2,0.048551730955113746,19,0,0,21.7,102.5,0
order_ff9bf1ae61,pay_1bae17c96f,2026-08-14 02:34:07.788603,3383.66,upi,electronics,0,5,0.3055913177127546,2,0,1,57.4,299.5,1
order_90d3972b43,pay_14ed16003c,2026-08-20 01:12:00.788603,589.25,upi,grocery,1,0,0.0,1,0,1,3.1,202.5,0
order_c925cf12ce,pay_9ac3c3bc06,2026-08-15 04:52:38.788603,1040.0,netbanking,digital,1,0,0.0,4,1,1,11.6,27.9,0
order_725dfeed22,pay_0b44c80a48,2026-08-20 19:54:47.788603,257.96,upi,apparel,0,8,0.07731005708413911,19,0,0,13.4,47.5,1
order_ef35749f96,pay_d43875b7f4,2026-08-06 07:43:12.788603,201.63,card,electronics,0,4,0.6457528333035958,7,0,0,12.4,23.4,0
order_f6918d677b,pay_5de009a25b,2026-08-01 02:10:12.788603,296.23,cod,home,1,0,0.0,2,1,1,2.9,110.1,0
order_8707d6bafa,pay_a09241a915,2026-08-08 18:31:55.788603,943.14,netbanking,apparel,0,10,0.11598966908555965,18,1,0,25.3,14.1,1
order_e779999021,pay_f58f858ee9,2026-08-02 09:27:39.788603,334.14,card,digital,0,4,0.3671253075764801,9,1,0,20.1,14.0,0
order_22e58808c4,pay_2e19d41eaf,2026-08-07 20:45:44.788603,871.36,card,grocery,0,6,0.37852711319434373,20,0,0,0.5,31.9,0
order_6fb0df16c2,pay_7ba408b92c,2026-08-04 17:17:31.788603,52.18,upi,grocery,0,10,0.027898556862254717,17,0,0,77.6,352.3,0
order_cbf6cc0bcd,pay_4a59c40f5b,2026-08-23 10:44:03.788603,1722.09,netbanking,home,0,4,0.09965234958348629,10,1,0,18.2,91.0,0
order_7f929c8d91,pay_332065d6d1,2026-08-18 05:38:38.788603,389.87,cod,apparel,0,7,0.19937766825088837,5,0,0,9.6,18.8,0
order_ef66156942,pay_925f938f03,2026-08-03 01:37:52.788603,1083.82,card,grocery,1,0,0.0,1,0,1,14.5,264.1,0
order_0ba4849128,pay_f8cf6f0a54,2026-08-15 22:30:42.788603,359.96,wallet,electronics,0,6,0.0783218890480637,22,1,0,4.5,62.4,0
order_5ddad3831f,pay_8ac1368d05,2026-08-09 10:21:44.788603,183.69,card,grocery,0,5,0.1522164973013751,10,1,0,4.5,157.1,0
order_7c5722d502,pay_d11567325c,2026-07-30 00:51:00.788603,684.35,card,apparel,0,5,0.042435811081815614,0,0,1,25.9,8.9,0
order_780a399519,pay_da07a6611f,2026-08-07 11:33:12.788603,3488.06,upi,apparel,0,6,0.17190753738529327,11,0,0,1.2,77.1,0
order_4cd3265e28,pay_5b6cca3ddc,2026-08-14 12:12:07.788603,119.69,card,apparel,0,5,0.38351201543793706,12,0,0,34.5,32.4,1
order_11ec34c11b,pay_ed4ad1f666,2026-08-04 12:44:42.788603,1421.68,upi,digital,0,9,0.09840922102843618,12,0,0,8.4,160.0,0
order_eb36ac7570,pay_abcdd26116,2026-08-05 22:28:29.788603,236.89,cod,electronics,0,0,0.3245493655426435,22,0,0,13.2,25.0,1
order_7fd7231578,pay_1d5da0d87c,2026-08-26 10:24:32.788603,3401.74,card,electronics,0,6,0.10620147270762183,10,0,0,15.2,106.7,1
order_963bd266cb,pay_93de194555,2026-08-25 16:35:37.788603,1786.53,netbanking,apparel,0,10,0.13328616709149133,16,0,0,9.2,50.7,1
order_845fa9f1f2,pay_975a9067dd,2026-08-13 12:41:56.788603,206.24,upi,home,0,2,0.16780663757814754,12,0,0,39.9,56.1,0
order_9211fc6aa6,pay_391b9fd8c5,2026-08-26 20:10:36.788603,237.54,netbanking,digital,1,0,0.0,20,0,0,29.6,16.6,0
order_22a5dfc073,pay_88e834ea55,2026-08-05 03:03:06.788603,614.38,upi,electronics,0,8,0.1683453212044732,3,0,1,11.2,42.8,0
order_d8f75f9903,pay_a81faf14bb,2026-08-01 05:04:37.788603,2324.13,card,apparel,0,2,0.06461640208146079,5,1,0,32.6,90.1,0
order_4bbc1a6c64,pay_d95176b6b8,2026-07-28 16:53:21.788603,432.54,cod,apparel,0,1,0.07712895571378563,16,0,0,7.7,88.6,1
order_8c59ff79e5,pay_d8c4a75743,2026-08-17 19:20:45.788603,263.96,netbanking,electronics,0,7,0.195971474535801,19,0,0,52.0,165.9,0
order_a9ae8f2b31,pay_13fa0228c6,2026-08-14 11:44:08.788603,1128.63,cod,digital,0,5,0.1404883378870046,11,0,0,3.9,83.0,0
order_458310c6ca,pay_60dd138169,2026-08-18 06:55:19.788603,1296.63,netbanking,grocery,0,3,0.23484663277060214,6,0,0,4.8,95.6,1
order_b45db5f56e,pay_6eea5c45e3,2026-08-16 01:37:44.788603,502.17,upi,apparel,0,6,0.13559464072674793,1,1,1,2.1,77.3,0
order_e676551ac5,pay_814f7132f5,2026-08-14 23:13:06.788603,736.92,upi,grocery,0,1,0.48743626112273175,23,0,1,0.7,14.3,0
order_7d586f894f,pay_a302ff0f35,2026-08-13 13:31:22.788603,2615.81,netbanking,digital,0,3,0.019145305648012555,13,0,0,6.0,20.7,0
order_641ed2f33d,pay_34579258c8,2026-08-01 18:29:45.788603,533.22,netbanking,electronics,1,0,0.0,18,1,0,1.2,6.6,0
order_6cdd7fc702,pay_173b542e8f,2026-08-07 00:15:34.788603,326.54,upi,apparel,0,7,0.01228624671822028,0,0,1,61.6,380.7,0
order_12b2020f06,pay_d4d735e31e,2026-08-07 23:15:27.788603,1259.69,upi,grocery,0,3,0.2307962618034483,23,0,1,1.0,73.3,0
order_8f25238385,pay_9a091a89e5,2026-08-24 07:32:07.788603,77.32,netbanking,home,0,2,0.09630949772173295,7,0,0,16.7,51.0,0
order_99a2c0b6db,pay_3da136d6e0,2026-08-08 10:08:12.788603,243.17,cod,home,0,7,0.15655003403348253,10,1,0,12.8,38.8,0
order_c3b375f8e6,pay_71a4f31bac,2026-08-24 06:21:32.788603,3407.39,cod,grocery,0,4,0.24033223542915194,6,0,0,54.2,26.1,0
order_b5cc50bcfa,pay_2c9fa0fd8f,2026-08-09 06:19:45.788603,455.33,wallet,grocery,0,3,0.19654715666850364,6,1,0,25.3,109.0,0
order_26e08cca36,pay_60cfcf1973,2026-08-14 03:49:53.788603,270.26,card,grocery,0,4,0.16831214950231113,3,0,1,1.3,74.1,0
order_4340c1aa8b,pay_448f6bddc9,2026-08-01 01:49:43.788603,1021.83,netbanking,digital,0,3,0.14050769489920856,1,1,1,17.0,87.2,0
order_734e1d2179,pay_aaada20a6c,2026-08-14 18:51:11.788603,170.14,upi,grocery,1,0,0.0,18,0,0,1.8,49.3,1
order_e5e876324d,pay_9ba3674a87,2026-08-01 13:59:15.788603,2533.04,card,grocery,0,5,0.3023877927159201,13,1,0,19.5,18.6,0
order_cbf7ae30ef,pay_7e5abd5e7b,2026-08-16 20:24:09.788603,1808.27,upi,electronics,0,2,0.03880179648693735,20,1,0,18.2,48.9,0
order_14dce51525,pay_9f84ca688f,2026-08-09 01:25:39.788603,1594.28,card,electronics,0,7,0.23154100396267857,1,1,1,0.1,19.8,0
order_a2db02abbe,pay_79e2ddbde6,2026-08-20 08:35:55.788603,243.4,upi,electronics,0,4,0.08487672917266549,8,0,0,20.2,42.8,0
order_f2930a35a2,pay_1fe5898adb,2026-08-23 09:17:44.788603,645.02,cod,digital,0,3,0.08472296529815668,9,1,0,19.9,92.7,0
order_9157f9c4d8,pay_301d73096b,2026-08-02 13:15:47.788603,3088.59,cod,grocery,1,0,0.0,13,1,0,0.1,44.8,0
order_2057566caa,pay_5a1c618434,2026-08-06 01:14:16.788603,481.27,upi,apparel,0,6,0.07708372940567693,1,0,1,13.1,24.5,0
order_06e2bb1904,pay_0c6e92e54a,2026-08-19 22:24:36.788603,1321.36,upi,electronics,1,0,0.0,22,0,0,10.5,103.6,0
order_cbedfa5cb8,pay_4b6dc42d7c,2026-08-20 06:16:40.788603,2850.53,netbanking,electronics,0,4,0.023240659793758528,6,0,0,31.6,119.5,0
order_dfce409627,pay_0265123890,2026-08-13 11:27:03.788603,4520.23,netbanking,electronics,1,0,0.0,11,0,0,8.7,85.1,0
order_b670776e2f,pay_a9673239b7,2026-08-10 09:50:40.788603,462.64,cod,digital,0,5,0.1916458656220607,9,0,0,15.0,21.8,0
order_118234e159,pay_9d94d86680,2026-07-29 19:57:44.788603,809.4,card,apparel,0,4,0.1171175537116144,19,0,0,17.8,196.2,0
order_5ec0285439,pay_d0120ef3aa,2026-08-15 08:13:50.788603,2137.97,upi,grocery,1,0,0.0,8,1,0,9.0,230.8,0
order_ae895602fc,pay_cde8d2f982,2026-08-10 05:51:25.788603,806.71,wallet,home,1,0,0.0,5,0,0,0.1,159.2,0
order_c0ea5d0ec7,pay_188e80f25c,2026-08-24 08:37:54.788603,1645.44,upi,digital,0,2,0.07824575757255695,8,0,0,6.2,52.5,0
order_e0f27b62a3,pay_d7985e8884,2026-08-10 15:18:13.788603,3066.61,netbanking,electronics,0,2,0.01065620978173473,15,0,0,2.6,40.3,0
order_a2a6d400a6,pay_9238967c80,2026-08-22 07:15:28.788603,1597.94,cod,home,1,0,0.0,7,1,0,21.4,73.0,1
order_4699fc0ba3,pay_ecb6faeaca,2026-08-02 15:51:04.788603,1230.18,wallet,digital,0,8,0.08873443264275734,15,1,0,48.1,76.4,0
order_9db7d37509,pay_7bd0a26113,2026-08-14 07:00:56.788603,1606.84,card,electronics,1,0,0.0,7,0,0,5.8,31.8,0
order_e12ef53fde,pay_ea1232df7b,2026-08-12 13:32:03.788603,212.8,cod,grocery,1,0,0.0,13,0,0,7.7,7.6,0
order_b314c7162a,pay_bd08b00be5,2026-07-28 21:46:50.788603,472.19,upi,digital,0,7,0.3670159673307749,21,0,0,2.8,31.3,0
order_6579afe1ff,pay_9f2a0926ea,2026-08-14 15:32:03.788603,1965.96,card,grocery,0,5,0.3016251062828032,15,0,0,17.0,77.5,0
order_ddb9357344,pay_1733fd2244,2026-07-31 16:10:08.788603,1920.98,cod,grocery,0,5,0.09797462317681542,16,0,0,7.7,33.1,0
order_91fddd2c2c,pay_9cd1d4e842,2026-08-03 17:21:23.788603,323.3,card,electronics,1,0,0.0,17,0,0,15.6,25.3,1
order_40581f8b9b,pay_1769371cee,2026-08-13 14:44:10.788603,395.47,card,grocery,1,0,0.0,14,0,0,25.3,22.0,0
order_afe48747cd,pay_8e2ec5406f,2026-08-07 16:42:19.788603,96.3,upi,grocery,0,7,0.4041883342914924,16,0,0,5.1,85.0,0
order_e7f1d2aa31,pay_7b9dd10596,2026-08-24 06:45:12.788603,743.89,upi,apparel,0,6,0.11433179919883735,6,0,0,2.0,12.9,1
order_60a25a4823,pay_2ea519b565,2026-08-24 05:19:36.788603,509.91,cod,digital,1,0,0.0,5,0,0,28.5,20.2,0
order_224e9ad10f,pay_7ae581e637,2026-08-06 22:03:42.788603,1401.6,upi,home,0,8,0.03808702909051347,22,0,0,1.5,90.1,0
order_8f79ab0c84,pay_a8a603a618,2026-08-03 02:04:40.788603,589.28,cod,home,0,1,0.18043147486695527,2,0,1,0.4,14.1,0
order_d7ec50ef22,pay_046c180893,2026-08-12 03:42:58.788603,7188.16,upi,apparel,0,3,0.15125144621726572,3,0,1,0.0,98.8,0
order_2097a1827c,pay_1d1932bf3a,2026-08-10 05:11:54.788603,462.24,upi,apparel,1,0,0.0,5,0,0,24.7,80.2,0
order_c8e4b998f3,pay_c2c6b8d3bf,2026-08-03 09:45:41.788603,482.26,upi,grocery,1,0,0.0,9,0,0,2.6,63.4,0
order_8aa7890da6,pay_74f7f88bb4,2026-07-31 12:05:29.788603,202.47,upi,electronics,1,0,0.0,12,0,0,37.2,80.9,1
order_b56d3eb4dc,pay_1d4cb591b0,2026-08-25 08:36:58.788603,555.5,cod,digital,0,6,0.009698423459207949,8,0,0,5.6,101.6,1
order_777406aa3c,pay_43b9a27fb3,2026-08-02 18:38:28.788603,640.08,upi,grocery,0,2,0.3218361510167833,18,1,0,25.8,52.5,1
order_60662005e3,pay_1a4d87ae9a,2026-08-11 04:41:41.788603,1229.3,upi,digital,0,3,0.46022702707749885,4,0,1,4.4,98.5,0
order_953ab20c3b,pay_500dc6f6be,2026-07-30 00:17:53.788603,605.16,cod,electronics,1,0,0.0,0,0,1,17.8,102.0,0
order_89952870a0,pay_bbbbab1dcc,2026-08-14 06:05:27.788603,385.07,card,grocery,1,0,0.0,6,0,0,25.3,23.9,0
order_609973ff6c,pay_2bb71e0228,2026-08-15 09:38:55.788603,856.25,upi,home,1,0,0.0,9,1,0,40.9,35.8,0
order_8629c1d9ae,pay_602798f585,2026-08-13 01:23:56.788603,266.48,card,electronics,0,6,0.08932248000343879,1,0,1,9.4,40.9,0
order_984eac966d,pay_dc30c61643,2026-08-19 19:19:46.788603,495.32,cod,apparel,0,7,0.1411497716581398,19,0,0,9.3,13.9,0
order_726bfbb401,pay_c6cceef19e,2026-08-03 03:50:08.788603,3435.87,cod,grocery,0,4,0.3778644573351399,3,0,1,7.5,35.0,0
order_b75161dc4e,pay_b0d21e9969,2026-08-24 09:13:14.788603,605.16,cod,apparel,0,2,0.0033798922013953546,9,0,0,13.5,14.5,0
order_ad750e59aa,pay_32d8fb7305,2026-08-14 10:51:33.788603,1639.39,netbanking,apparel,0,5,0.3640475640165413,10,0,0,0.0,94.7,0
order_c6431f53d5,pay_cc1c4a01be,2026-08-22 23:27:47.788603,387.21,cod,apparel,0,2,0.0075696921462888285,23,1,1,6.4,57.5,0
order_e23c0dbab7,pay_09cb3b86cf,2026-08-03 17:02:22.788603,335.84,upi,digital,1,0,0.0,17,0,0,5.6,95.3,0
order_f0946f0276,pay_01cade3282,2026-08-10 19:46:57.788603,3081.48,upi,apparel,0,5,0.013659530893599387,19,0,0,76.1,54.4,0
order_591bf63323,pay_5732c3f2f8,2026-08-12 22:45:22.788603,922.69,upi,apparel,1,0,0.0,22,0,0,43.0,102.0,0
order_ed3e82aab5,pay_31ca0d0fb1,2026-08-06 18:37:32.788603,763.73,card,apparel,0,4,0.10206110734231028,18,0,0,19.5,39.1,1
order_90bf5832dc,pay_d608649bb8,2026-08-04 01:36:05.788603,3193.81,upi,home,0,6,0.20434131266386008,1,0,1,7.2,63.7,0
order_012ac1119a,pay_fc72835de2,2026-08-14 13:30:41.788603,3316.2,card,electronics,1,0,0.0,13,0,0,0.2,52.5,0
order_c0e97dcca6,pay_7420b8e81c,2026-08-25 05:01:43.788603,851.94,upi,electronics,0,1,0.028824173157844822,5,0,0,1.6,45.5,0
order_20b0e86c0c,pay_d9f29e6fbc,2026-08-01 07:36:51.788603,184.99,upi,electronics,1,0,0.0,7,1,0,3.2,102.7,0
order_fa51606294,pay_95ff5b675b,2026-08-22 16:03:17.788603,837.51,netbanking,grocery,0,5,0.10416466453587488,16,1,0,29.4,112.4,0
order_4af1ebdd50,pay_223f3ce6ef,2026-08-24 15:40:36.788603,3766.63,wallet,home,1,0,0.0,15,0,0,0.9,9.6,0
order_1ff1124791,pay_6acfc45f73,2026-07-30 01:20:26.788603,1332.26,cod,grocery,0,6,0.05403066713678667,1,0,1,1.3,115.5,1
order_bbdb37b0dd,pay_83a61bc655,2026-08-19 10:52:05.788603,460.69,upi,grocery,1,0,0.0,10,0,0,8.5,150.5,0
order_3b7d3b3eb5,pay_9235cdd025,2026-08-18 21:36:47.788603,420.06,card,electronics,0,5,0.41383851252049114,21,0,0,1.7,38.6,0
order_643b22baf4,pay_8b91660a22,2026-08-22 05:35:18.788603,697.58,cod,apparel,0,4,0.019507841938773047,5,1,0,9.6,27.4,1
order_2a7f968e77,pay_3ca899eba4,2026-08-17 21:00:13.788603,1181.88,cod,electronics,0,6,0.2988801800013533,21,0,0,5.7,81.3,0
order_ea7cb6202f,pay_13d483e96d,2026-07-31 16:56:41.788603,1270.41,cod,electronics,0,8,0.2051128757827784,16,0,0,11.4,88.3,0
order_f602a84f85,pay_c49265cd76,2026-08-12 12:57:40.788603,426.66,wallet,grocery,0,8,0.02052871886678467,12,0,0,6.9,145.9,0
order_478d139b44,pay_24dc062ebf,2026-08-22 08:00:20.788603,132.49,card,grocery,0,3,0.0040265357655991435,8,1,0,10.4,47.8,0
order_3385ab1f32,pay_78371cd104,2026-07-30 01:46:25.788603,386.65,upi,apparel,0,3,0.2116436333488616,1,0,1,10.1,55.5,0
order_0484444de8,pay_96ccb6deb2,2026-08-25 12:08:37.788603,690.19,card,apparel,0,2,0.05747743199538528,12,0,0,2.9,71.7,0
order_b5ba13e20d,pay_6f334b86ff,2026-08-03 21:20:38.788603,2309.02,card,grocery,0,4,0.4614161358713628,21,0,0,5.9,278.5,0
order_57842d0b1e,pay_5bf1f42995,2026-08-02 11:11:11.788603,1525.59,upi,digital,0,9,0.173188012650886,11,1,0,6.0,37.4,0
order_59a86a6036,pay_cdec613bd1,2026-08-04 13:34:09.788603,938.05,upi,electronics,0,5,0.09953538074062572,13,0,0,31.0,86.7,0
order_35653e9bd4,pay_983474c5b9,2026-08-24 00:47:12.788603,301.13,netbanking,apparel,0,7,0.1710016240061581,0,0,1,2.7,60.4,0
order_4430ff5792,pay_5ba73a0689,2026-08-07 21:57:06.788603,1786.31,cod,digital,0,2,0.18206642246270888,21,0,0,3.5,16.5,1
order_96341161dd,pay_60ef54d5d3,2026-08-14 23:43:59.788603,185.36,netbanking,home,0,4,0.04964083197507245,23,0,1,9.6,175.5,0
order_c49fb80c82,pay_d475c510d8,2026-08-26 12:30:13.788603,917.04,netbanking,digital,1,0,0.0,12,0,0,13.5,30.2,0
order_f5a7b17808,pay_df97f8c63b,2026-08-13 12:07:31.788603,415.46,cod,grocery,0,7,0.04326599652520195,12,0,0,1.1,32.5,0
order_d648357f0c,pay_a7309f462f,2026-08-24 11:26:26.788603,547.73,upi,electronics,0,5,0.16944631014344858,11,0,0,39.4,119.5,0
order_d9c6d9700d,pay_1b528ac08f,2026-08-20 23:08:14.788603,709.27,card,digital,0,3,0.026527145956258796,23,0,1,19.7,57.4,0
order_17fdf9ac2c,pay_5c98d8610a,2026-08-25 06:47:55.788603,921.86,cod,electronics,0,2,0.6615959001715388,6,0,0,18.2,19.7,1
order_847b6c6abb,pay_2852a15146,2026-08-06 00:29:05.788603,787.55,upi,apparel,1,0,0.0,0,0,1,8.2,28.4,0
order_10e98d89cb,pay_60269c29a8,2026-08-18 14:15:40.788603,1048.35,upi,grocery,0,8,0.06827033325002901,14,0,0,14.6,99.3,0
order_3499da517f,pay_1c51650572,2026-08-07 11:14:13.788603,982.28,upi,electronics,0,11,0.11507618606180932,11,0,0,8.2,90.6,1
order_5eb0021cff,pay_ae3d00b842,2026-08-17 12:48:27.788603,1653.85,upi,apparel,0,9,0.13972489752421316,12,0,0,30.9,40.4,1
order_616dba766c,pay_c53176e744,2026-08-04 08:26:03.788603,24330.03,card,grocery,0,5,0.04484203881541787,8,0,0,8.8,65.4,0
order_34885c4f18,pay_f4efee4fb7,2026-08-19 07:21:14.788603,745.89,netbanking,apparel,0,8,0.06140551525460867,7,0,0,19.6,33.2,0
order_eab799573c,pay_8a9ddbf6a2,2026-08-07 12:12:58.788603,758.16,upi,apparel,0,2,0.33817724832756557,12,0,0,3.4,7.1,0
order_11ce047384,pay_5e6797a96c,2026-08-19 08:48:49.788603,1258.91,upi,grocery,0,7,0.010802290929766607,8,0,0,28.4,68.9,0
order_7253650b95,pay_032576637e,2026-08-10 12:27:13.788603,515.93,card,electronics,0,5,0.3811179620680689,12,0,0,52.1,10.9,0
order_fcc5a672d2,pay_57eddea302,2026-08-10 12:23:49.788603,145.78,upi,apparel,1,0,0.0,12,0,0,16.2,67.9,0
order_a3adf6266d,pay_61e5c14740,2026-08-22 18:04:27.788603,709.19,cod,electronics,0,8,0.087039085548673,18,1,0,0.7,72.0,0
order_673a07ae61,pay_4f9d1347e7,2026-08-06 11:56:31.788603,378.16,cod,grocery,0,6,0.2622808788466037,11,0,0,17.2,33.9,0
order_34e2a6a487,pay_b498ac8b3e,2026-07-31 16:44:27.788603,783.06,cod,electronics,0,9,0.15247216248940879,16,0,0,35.4,25.9,0
order_ae6135e267,pay_1b78750999,2026-08-27 07:13:50.788603,826.72,cod,home,0,11,0.016808021535205903,7,0,0,0.9,33.0,1
order_ec42b10bbb,pay_3556be4b59,2026-08-09 12:33:09.788603,955.79,cod,digital,0,5,0.20698136503615158,12,1,0,6.0,111.8,0
order_69e26c6371,pay_44fa91efe9,2026-08-02 20:49:33.788603,5918.15,cod,home,0,2,0.16892688181825163,20,1,0,17.4,49.0,0
order_3c9d14be87,pay_c64c8dc0e3,2026-08-07 16:42:23.788603,493.5,cod,grocery,1,0,0.0,16,0,0,5.2,42.3,1
order_b20daaad12,pay_ab3f4cf008,2026-08-17 18:30:35.788603,165.62,netbanking,digital,1,0,0.0,18,0,0,14.3,102.6,0
order_0f031933d0,pay_2b922bf34e,2026-08-11 11:42:04.788603,229.03,card,digital,0,5,0.06407069838558946,11,0,0,4.7,130.3,0
order_248fcccb3a,pay_f189973939,2026-08-05 00:06:37.788603,1598.45,card,electronics,0,5,0.10877577179928898,0,0,1,18.1,224.9,0
order_46aef8bd6a,pay_cb3e0a4f5b,2026-08-19 18:17:41.788603,257.25,card,apparel,1,0,0.0,18,0,0,23.6,19.3,0
order_a921433760,pay_35fd230ee1,2026-08-23 17:42:30.788603,304.61,upi,home,0,2,0.045135587067614336,17,1,0,3.7,183.6,0
order_9a6a58b38d,pay_e6572f8869,2026-08-09 11:10:23.788603,229.07,card,apparel,0,3,0.15136671947615266,11,1,0,13.2,39.3,0
order_239ba359a2,pay_9d2459e77d,2026-08-06 01:03:26.788603,1329.18,cod,home,0,2,0.014413811230496882,1,0,1,6.8,56.6,1
order_02ea91beff,pay_79c3f60591,2026-08-10 14:16:15.788603,1156.98,upi,home,1,0,0.0,14,0,0,15.9,50.4,0
order_de50e575fa,pay_65f3ccf9fe,2026-08-17 12:42:48.788603,448.94,cod,grocery,0,7,0.2590465819165594,12,0,0,6.2,31.0,1
order_791dcb1be7,pay_597cfa3aa5,2026-08-25 09:48:28.788603,188.78,cod,home,0,4,0.13437161729029856,9,0,0,0.6,145.5,0
order_8912625f92,pay_c7910aacc3,2026-08-17 03:39:23.788603,2420.38,card,grocery,1,0,0.0,3,0,1,0.6,317.3,0
order_a99714a83e,pay_ca4ca810f3,2026-07-30 12:28:28.788603,401.4,netbanking,grocery,0,9,0.0348502199982571,12,0,0,21.1,85.1,1
order_8619d7388e,pay_2786d280c0,2026-08-16 08:40:43.788603,1329.65,upi,electronics,0,2,0.08064740997134937,8,1,0,7.8,26.7,0
order_c55d89061c,pay_f733e29c50,2026-08-07 23:37:50.788603,401.45,card,apparel,1,0,0.0,23,0,1,3.1,49.7,1
order_7b94453786,pay_a102ebd5ab,2026-08-03 09:10:17.788603,1328.92,netbanking,apparel,0,6,0.16321627441176312,9,0,0,16.6,16.2,0
order_a6881700c4,pay_9c0b5a8b2c,2026-08-07 06:47:49.788603,299.43,card,home,1,0,0.0,6,0,0,11.3,140.3,1
order_978ce72315,pay_eaa5ef6240,2026-08-11 18:09:57.788603,406.16,card,apparel,0,5,0.06849586611275964,18,0,0,2.0,95.0,0
order_9b70d42a37,pay_bd19c11d1c,2026-08-10 04:47:23.788603,1116.11,upi,grocery,0,6,0.28547675806073425,4,0,1,3.8,64.1,0
order_ff58bbc158,pay_a8101b2aba,2026-08-08 21:01:55.788603,172.61,upi,grocery,1,0,0.0,21,1,0,2.1,118.5,1
order_5d15f44eda,pay_c49d4cfb49,2026-08-23 02:37:18.788603,203.61,upi,apparel,0,2,0.438695018949635,2,1,1,77.8,24.7,1
order_97d636e375,pay_c98b0a8713,2026-08-21 02:05:21.788603,50.0,card,grocery,0,6,0.012000427640153452,2,0,1,17.6,192.9,1
order_c0fad839b7,pay_d91048da50,2026-08-23 17:22:42.788603,351.24,cod,apparel,0,2,0.11394825891235508,17,1,0,3.6,82.1,0
order_cf83327159,pay_3e1f4ce500,2026-07-30 03:41:42.788603,802.66,upi,digital,0,4,0.44218723240218283,3,0,1,2.1,15.5,0
order_d90065ed63,pay_6ed9c63784,2026-08-09 08:09:25.788603,50.0,card,grocery,0,7,0.057400982844409,8,1,0,37.2,111.2,0
order_7f6f1d2713,pay_a0c742d49b,2026-08-22 22:45:28.788603,262.15,cod,apparel,1,0,0.0,22,1,0,3.7,219.1,0
order_cc557cf492,pay_36e4b5f789,2026-08-21 21:57:33.788603,92.92,upi,home,1,0,0.0,21,0,0,15.5,139.7,0
order_a9747fe446,pay_619b0fee78,2026-08-01 18:40:11.788603,525.09,cod,apparel,1,0,0.0,18,1,0,28.7,76.6,0
order_bd69b10b0a,pay_9e56312c59,2026-08-03 17:50:39.788603,213.13,cod,grocery,0,2,0.00019822354007507874,17,0,0,5.0,17.1,0
order_52c1e522de,pay_49c358f226,2026-08-18 18:33:51.788603,1769.22,card,grocery,1,0,0.0,18,0,0,25.9,12.5,0
order_dff520d1fa,pay_8e8360a7af,2026-08-14 11:23:19.788603,105.15,upi,home,1,0,0.0,11,0,0,35.5,24.8,0
order_1415359225,pay_ba70d1eb1d,2026-08-19 08:47:58.788603,1808.97,upi,electronics,0,6,0.012631276769719802,8,0,0,3.2,195.9,0
order_a9ee1c0e30,pay_340a506e20,2026-08-07 17:01:03.788603,317.44,card,apparel,0,2,0.2813555706203976,17,0,0,6.4,39.6,0
order_1f2505702c,pay_73803184de,2026-08-17 07:07:40.788603,397.7,card,electronics,0,6,0.03431563015463488,7,0,0,0.3,24.8,0
order_772a9caa4a,pay_23f0907cb6,2026-08-03 02:50:38.788603,950.02,card,digital,0,4,0.01859010975406872,2,0,1,21.9,200.0,0
order_cd7f513b97,pay_3eed3e0750,2026-08-12 21:12:08.788603,966.15,upi,apparel,0,4,0.4415155501492591,21,0,0,7.4,70.5,0
order_1ea2486b21,pay_5b6203c4fa,2026-08-07 18:44:22.788603,914.11,netbanking,home,1,0,0.0,18,0,0,18.5,37.3,0
order_c9442c61db,pay_19ce6f69bc,2026-08-24 08:25:22.788603,1145.83,upi,grocery,0,2,0.01905973481066355,8,0,0,9.5,36.0,0
order_1534510d82,pay_687d3d7efb,2026-08-19 17:25:00.788603,141.09,cod,apparel,1,0,0.0,17,0,0,12.2,30.8,1
order_5a85a1c240,pay_af0d3aa8b5,2026-08-04 23:21:10.788603,306.38,card,apparel,0,4,0.06378690924753799,23,0,1,15.4,21.6,0
order_7c674c535b,pay_2c0e02f3c5,2026-08-10 12:58:36.788603,185.11,netbanking,apparel,0,5,0.17810833988219402,12,0,0,7.2,56.4,0
order_9f5d99d19d,pay_ad1c55f5c1,2026-07-30 22:40:26.788603,1240.02,netbanking,grocery,0,3,0.035179234486847455,22,0,0,3.0,33.2,0
order_ca9b12b873,pay_553b005e4d,2026-08-23 16:50:01.788603,1061.91,card,apparel,0,7,0.18625019912217955,16,1,0,10.0,103.7,1
order_cc0ad79e63,pay_3766497f9f,2026-08-06 19:30:14.788603,347.4,card,apparel,1,0,0.0,19,0,0,11.0,104.7,0
order_9757d77bf3,pay_81ae6db288,2026-08-24 23:07:38.788603,451.64,upi,apparel,0,8,0.2114928223964096,23,0,1,8.5,50.7,0
order_7bec24743e,pay_03a4a9c1e7,2026-08-20 14:01:05.788603,540.05,netbanking,apparel,1,0,0.0,14,0,0,5.2,127.6,0
order_7e74697ed4,pay_593fbe00e6,2026-08-19 06:02:21.788603,415.66,upi,grocery,0,9,0.1673421063431742,6,0,0,29.3,24.2,0
order_cbc9f226be,pay_ae75e9db20,2026-08-04 06:51:07.788603,211.95,cod,apparel,1,0,0.0,6,0,0,33.5,93.4,1
order_f44528eb11,pay_ac605e498d,2026-08-16 09:31:35.788603,501.41,card,grocery,0,2,0.16149985022956329,9,1,0,11.6,153.5,0
order_daaad42d26,pay_8abd0023f6,2026-08-03 14:34:32.788603,354.96,card,home,0,3,0.12189074569588144,14,0,0,0.9,81.1,1
order_311fc3db42,pay_16b9b6e420,2026-07-28 22:24:08.788603,299.37,netbanking,grocery,0,6,0.4244968761665027,22,0,0,24.1,42.0,0
order_e9f7dcc325,pay_91fcdd86b8,2026-08-09 00:30:47.788603,1322.35,upi,digital,0,4,0.11812156901477563,0,1,1,2.7,59.6,0
order_2256e3357f,pay_dab1a82081,2026-08-23 18:33:47.788603,163.55,upi,apparel,0,6,0.47045106923550195,18,1,0,6.0,108.4,0
order_bad596e2bb,pay_6c5efef1a8,2026-08-26 06:47:15.788603,374.56,card,apparel,0,6,0.026758292753683445,6,0,0,13.6,69.6,1
order_9f45237344,pay_3014cf6ea4,2026-08-11 22:42:41.788603,312.28,cod,apparel,0,7,3.3814416028357426e-05,22,0,0,8.8,312.9,1
order_4d0208d055,pay_1ec9567f36,2026-08-22 12:35:21.788603,2157.83,upi,apparel,0,4,0.12916416371184944,12,1,0,21.0,9.5,0
order_4be16b159e,pay_9b167be369,2026-07-29 20:38:26.788603,1056.73,card,apparel,1,0,0.0,20,0,0,8.1,77.2,0
order_09ce4899df,pay_a9ff6957dc,2026-08-23 18:35:15.788603,1717.23,upi,home,0,6,0.07024812062002726,18,1,0,11.0,20.0,0
order_fbd2667869,pay_9cc299869c,2026-07-29 09:36:51.788603,1156.04,netbanking,apparel,0,4,0.10516350684476321,9,0,0,25.6,261.0,0
order_41c450b557,pay_551f05c147,2026-08-02 17:28:10.788603,920.4,cod,digital,1,0,0.0,17,1,0,0.5,40.5,1
order_8e023665ee,pay_288258b6fc,2026-08-18 07:40:48.788603,395.99,upi,electronics,0,3,0.3103000552906258,7,0,0,48.4,74.6,0
order_c302ee4c40,pay_d7daf5bd74,2026-08-21 19:35:58.788603,1158.44,netbanking,apparel,0,6,0.20983657528698735,19,0,0,16.9,37.9,0
order_44518ecc4e,pay_0108c2db49,2026-08-23 16:01:50.788603,445.51,upi,electronics,0,6,0.04852082381668317,16,1,0,14.3,7.6,0
order_7859507c43,pay_cbdccbaddd,2026-07-31 11:57:24.788603,138.02,netbanking,home,0,3,0.47338919711181715,11,0,0,0.7,43.1,0
order_da9a81f53e,pay_4d5df03224,2026-07-29 02:48:08.788603,207.2,cod,digital,1,0,0.0,2,0,1,10.8,95.8,0
order_98c83812f3,pay_7df6b66cd2,2026-08-08 23:00:01.788603,232.57,cod,home,0,7,0.144450259113365,23,1,1,1.4,132.9,0
order_4091ac8a91,pay_110f8f293b,2026-08-14 01:58:12.788603,374.76,cod,apparel,0,8,0.07390479836497665,1,0,1,2.1,20.6,0
order_5a0c73ccb2,pay_c7b0290aea,2026-08-18 02:01:26.788603,1174.76,cod,apparel,1,0,0.0,2,0,1,4.3,71.6,0
order_243a28b97c,pay_763aca9efe,2026-08-26 11:41:10.788603,1864.89,netbanking,digital,1,0,0.0,11,0,0,13.4,44.8,0
order_5252f503a4,pay_0baca30f70,2026-08-10 21:59:58.788603,1452.17,upi,home,0,7,0.09803957661616046,21,0,0,10.7,58.4,0
order_10dfd2f581,pay_a86b411615,2026-08-17 22:04:08.788603,254.49,cod,grocery,1,0,0.0,22,0,0,3.5,99.1,0
order_7b50148376,pay_86199f6363,2026-07-28 13:54:40.788603,4142.53,upi,apparel,1,0,0.0,13,0,0,9.2,37.8,0
order_86dbb0ede1,pay_a6cac758d7,2026-08-07 10:13:49.788603,2109.55,card,home,0,3,0.045052868039602824,10,0,0,5.4,31.0,0
order_184f34de75,pay_49c9ba2c80,2026-08-26 22:54:43.788603,476.17,upi,home,0,4,0.07338459096697714,22,0,0,29.0,31.2,0
order_af94c69d73,pay_3cba2af334,2026-08-21 04:52:27.788603,737.33,wallet,grocery,1,0,0.0,4,0,1,0.5,113.8,0
order_e260fba5ab,pay_d6aaafe6b2,2026-08-21 21:03:51.788603,864.23,upi,electronics,0,4,0.13355600424280867,21,0,0,2.0,131.8,0
order_ef7b31f6ab,pay_42ba9e87f1,2026-08-04 07:52:32.788603,262.03,upi,apparel,0,5,0.14839562299549613,7,0,0,48.3,17.7,0
order_4d8c38f656,pay_7ac2ab7398,2026-08-10 05:40:50.788603,1294.12,card,electronics,0,6,0.25727315563137604,5,0,0,0.7,301.7,0
order_b5f5cf72db,pay_49c9322022,2026-08-24 22:14:33.788603,613.52,card,apparel,0,7,0.12499153827259515,22,0,0,3.5,252.6,0
order_354a0399a1,pay_35ac3f83ef,2026-07-30 05:31:42.788603,2087.4,upi,electronics,0,2,0.44869131701568316,5,0,0,4.6,18.8,0
order_7fb2b84c0f,pay_d161831a70,2026-08-21 13:58:37.788603,435.36,card,electronics,0,4,0.15978919971092514,13,0,0,29.3,93.3,0
order_64d7d0f0ee,pay_b9a686976c,2026-08-23 21:58:36.788603,557.93,card,apparel,1,0,0.0,21,1,0,7.7,38.3,1
order_75e3ea6bd5,pay_04d84e76a4,2026-08-11 04:21:17.788603,465.61,upi,apparel,0,5,0.6984422835366041,4,0,1,10.2,32.2,1
order_c4fe9293d8,pay_7a4496e6d2,2026-08-04 03:36:03.788603,50.0,card,home,0,2,0.3133160623504611,3,0,1,12.4,44.9,1
order_71857d4a1b,pay_e45a38a3f4,2026-08-12 09:25:54.788603,1185.93,cod,apparel,1,0,0.0,9,0,0,16.2,35.8,0
order_565b7fff3a,pay_f343a07511,2026-08-01 03:25:04.788603,540.41,cod,apparel,1,0,0.0,3,1,1,54.6,12.7,1
order_769454ae0d,pay_677e496971,2026-08-11 19:15:35.788603,1983.11,card,apparel,1,0,0.0,19,0,0,21.9,57.4,0
order_5078b6d87e,pay_3723f4daad,2026-08-06 20:15:10.788603,576.58,card,electronics,0,4,0.04482644835595565,20,0,0,73.0,113.3,0
order_b9b11d01f9,pay_da1e2b75bf,2026-08-19 11:04:45.788603,3047.71,netbanking,home,0,4,0.0656636101360341,11,0,0,1.6,105.5,0
order_2c64fbfcba,pay_0f2be0575b,2026-08-09 19:38:42.788603,142.77,upi,electronics,0,6,0.0036645585435778607,19,1,0,11.8,10.2,0
order_1439e8e56a,pay_0a8d47b7a3,2026-08-21 05:40:31.788603,1237.95,cod,apparel,0,2,0.1431873634513499,5,0,0,36.4,40.7,0
order_55f6b0d172,pay_d894f7fcc1,2026-07-31 05:45:46.788603,1676.05,upi,digital,0,4,0.21260997351915964,5,0,0,63.6,45.5,0
order_0420873fb6,pay_e94747e4a6,2026-08-05 15:46:26.788603,2355.85,upi,grocery,0,2,0.04074810784737688,15,0,0,24.5,294.3,0
order_cc7cff3999,pay_9658ae437a,2026-08-09 01:52:49.788603,484.89,cod,apparel,1,0,0.0,1,1,1,20.6,110.5,0
order_337d269361,pay_de02e45dc2,2026-08-07 08:24:31.788603,104.27,cod,grocery,0,4,0.050638316755857664,8,0,0,7.5,84.7,0
order_9ce60377ef,pay_37945e3fe6,2026-08-03 19:37:25.788603,691.83,cod,home,0,6,0.06348367687803667,19,0,0,8.8,10.2,0
order_2f17c9250b,pay_7576489da5,2026-08-03 05:54:05.788603,464.29,netbanking,electronics,0,4,0.02494028067247759,5,0,0,0.5,45.1,0
order_c5212bde12,pay_aa75132858,2026-08-20 19:21:20.788603,374.92,upi,apparel,0,5,0.15957374404705102,19,0,0,30.1,63.3,0
order_c8a099854c,pay_ce4c298287,2026-08-11 02:55:39.788603,211.83,upi,electronics,0,4,0.1252661730510651,2,0,1,8.4,194.4,0
order_237051e96c,pay_7dacb9b307,2026-08-15 04:59:16.788603,262.74,upi,apparel,0,4,0.13624102856289488,4,1,1,38.2,30.0,0
order_23fe5f5832,pay_e35d9e3a00,2026-08-20 15:40:00.788603,782.03,wallet,electronics,0,8,0.21311822221718554,15,0,0,4.1,178.7,0
order_1e403094eb,pay_5b302707c2,2026-08-21 01:32:17.788603,284.37,card,digital,0,4,0.10912931549057135,1,0,1,15.8,81.9,0
order_4e82fbba74,pay_b107fc68e4,2026-07-29 15:29:30.788603,383.22,upi,electronics,0,12,0.07034549281529053,15,0,0,5.5,13.1,0
order_f5905855db,pay_266256e2df,2026-08-06 18:21:43.788603,2048.3,cod,apparel,1,0,0.0,18,0,0,18.0,33.8,1
order_e505b321c3,pay_ce1f821ebc,2026-08-20 02:40:11.788603,1004.89,upi,apparel,0,2,0.14817128250084502,2,0,1,15.6,80.7,1
order_ed4ac56a4e,pay_bb210c3494,2026-08-23 23:15:01.788603,2179.15,upi,electronics,0,7,0.30088918890869987,23,1,1,16.3,32.6,0
order_0faccd0fa0,pay_6e4526ec60,2026-08-19 01:27:29.788603,499.63,upi,grocery,0,5,0.17350982227418443,1,0,1,4.9,13.2,0
order_55e7b56e9d,pay_3a048eb542,2026-08-20 08:14:49.788603,814.58,upi,digital,0,6,0.08686445425051542,8,0,0,2.0,186.8,0
order_4e4838d042,pay_93fd17a728,2026-08-14 07:45:19.788603,459.51,upi,electronics,0,6,0.3651900891807415,7,0,0,7.9,166.8,0
order_697da37cba,pay_7bbd89f58f,2026-08-11 15:06:22.788603,2676.23,cod,digital,1,0,0.0,15,0,0,0.9,51.7,0
order_d7ef333695,pay_b5f7666e33,2026-08-26 12:09:40.788603,803.39,upi,apparel,0,8,0.045353598222810876,12,0,0,11.0,94.3,0
order_919ba056c7,pay_8213f2623d,2026-08-10 13:00:17.788603,1348.04,upi,digital,0,0,0.20695893783327868,13,0,0,7.3,46.5,0
order_a5a738d750,pay_244e302ec4,2026-08-07 19:35:31.788603,386.22,cod,apparel,0,4,0.036627285703019014,19,0,0,74.4,44.3,0
order_d912496d76,pay_574c95bd8f,2026-08-25 21:50:06.788603,5159.69,cod,electronics,1,0,0.0,21,0,0,0.3,88.6,0
order_6a1bd5850e,pay_5efd8e83a0,2026-08-11 06:10:08.788603,655.26,upi,digital,0,2,0.032677837820937666,6,0,0,12.8,221.7,0
order_cda87746eb,pay_76dad53d37,2026-08-03 07:42:37.788603,968.11,cod,apparel,1,0,0.0,7,0,0,6.7,28.7,1
order_1b5fe572c7,pay_1bdf11a4a5,2026-08-14 15:22:19.788603,88.55,cod,home,1,0,0.0,15,0,0,26.5,116.7,0
order_74c8531c38,pay_f9a462b43f,2026-08-19 11:52:37.788603,175.27,upi,digital,0,4,0.11405734169453956,11,0,0,8.9,243.3,0
order_5ac5cec2e8,pay_da64fcf760,2026-08-04 00:04:57.788603,368.33,upi,grocery,0,3,0.20174798043544628,0,0,1,1.0,194.2,0
order_9a68327d45,pay_bf37d0d6fa,2026-07-29 04:01:20.788603,4238.15,cod,apparel,0,6,0.1674626812151207,4,0,1,17.1,94.8,1
order_7571322481,pay_5d9b48e8c3,2026-08-24 00:30:44.788603,108.6,upi,apparel,0,4,0.046158913070124145,0,0,1,14.1,21.6,0
order_8a10ca10d3,pay_5e80ec3bcb,2026-08-17 02:14:27.788603,1097.92,upi,electronics,0,4,0.078606234582571,2,0,1,1.1,35.3,0
order_6ef9879a6d,pay_280cb233b8,2026-08-21 13:47:44.788603,317.28,cod,grocery,0,4,0.10511011523650979,13,0,0,12.6,75.9,0
order_b36d383225,pay_cd0a520485,2026-08-22 15:59:32.788603,1483.87,cod,apparel,1,0,0.0,15,1,0,19.3,62.8,0
order_a7f406476b,pay_ebbd6e3f20,2026-08-02 12:08:14.788603,609.62,cod,digital,0,3,0.3008153157934225,12,1,0,17.3,12.9,0
order_6e2c614822,pay_9478444f52,2026-08-15 07:50:08.788603,125.3,wallet,apparel,0,1,0.2051800171963452,7,1,0,33.4,68.1,0
order_22bc030769,pay_e27b4fc313,2026-08-06 15:16:54.788603,808.2,upi,grocery,0,6,0.16241568580476676,15,0,0,3.8,91.1,0
order_3d30035611,pay_3140de3875,2026-08-23 20:23:32.788603,1472.53,upi,digital,0,10,0.18912571072468173,20,1,0,2.2,142.2,0
order_65b1b3f5d0,pay_027aa80833,2026-07-31 15:02:36.788603,364.79,cod,digital,1,0,0.0,15,0,0,13.4,19.0,0
order_3e90bb39e4,pay_cb39c49585,2026-08-21 10:25:21.788603,407.55,cod,electronics,0,4,0.07602881197322628,10,0,0,1.9,34.4,0
order_eddc979971,pay_2553a066f2,2026-08-09 16:19:05.788603,1177.91,cod,digital,0,7,0.16888356945597488,16,1,0,9.2,48.1,0
order_f7e8959332,pay_651c559067,2026-08-18 01:43:20.788603,2752.26,upi,grocery,0,3,0.05384663612558745,1,0,1,5.5,21.8,0
order_c423662a12,pay_a76b6bd13a,2026-08-10 20:48:56.788603,957.46,netbanking,apparel,0,4,0.08060427885811736,20,0,0,22.7,29.2,0
order_21413d6629,pay_f0b4c2be4a,2026-07-31 14:53:33.788603,850.56,upi,apparel,0,4,0.21003686760949689,14,0,0,56.7,26.0,0
order_c4717d79bc,pay_ffb4138849,2026-08-22 04:02:05.788603,1074.16,upi,digital,1,0,0.0,4,1,1,17.4,42.4,0
order_f87988553e,pay_e7fba7a6cf,2026-08-10 06:00:51.788603,370.47,card,apparel,0,5,0.1394642270378151,6,0,0,16.0,4.9,0
order_bbc9404759,pay_061c2df8a2,2026-08-05 12:14:42.788603,523.55,upi,grocery,0,4,0.3924284602301551,12,0,0,0.5,36.6,0
order_a9ce8579b8,pay_e171f47815,2026-08-05 08:02:29.788603,766.02,upi,apparel,0,5,0.17279174913909284,8,0,0,9.7,64.8,0
order_d84fa675a4,pay_2209ab03d2,2026-08-07 02:36:47.788603,1035.58,card,electronics,0,6,0.1391676358522028,2,0,1,6.4,19.0,0
order_74dce04712,pay_42c29ec4f2,2026-08-22 07:29:05.788603,1225.48,cod,apparel,0,7,0.12209610396041722,7,1,0,0.7,63.8,0
order_b4098d66f4,pay_e78ef8babb,2026-08-02 14:33:43.788603,689.26,card,electronics,0,4,0.2717486083983792,14,1,0,4.7,81.0,0
order_f76f153159,pay_b77e244c16,2026-08-26 13:25:30.788603,764.3,upi,home,0,6,0.2333160781191204,13,0,0,43.8,129.0,0
order_d81811a219,pay_181c531cb0,2026-08-21 10:50:53.788603,858.89,cod,electronics,0,2,0.185118505157791,10,0,0,71.6,13.1,1
order_aaceb1f112,pay_044e629579,2026-08-12 04:14:53.788603,3877.67,cod,apparel,0,4,0.028800893254110723,4,0,1,1.1,151.2,0
order_3a295be0b5,pay_9bee6d42a1,2026-08-10 06:39:54.788603,1028.35,card,digital,0,4,0.12882107625175127,6,0,0,13.3,63.5,0
order_1998edcac6,pay_2eca5fd18d,2026-08-05 16:15:26.788603,223.59,cod,grocery,0,5,0.35615385412632977,16,0,0,15.5,50.7,1
order_b9b1db304b,pay_898b3b4b2d,2026-08-10 09:24:43.788603,516.96,netbanking,electronics,0,3,0.3624898407666939,9,0,0,10.5,133.2,0
order_bcb4a124b1,pay_eb3453291a,2026-08-01 16:13:15.788603,548.99,card,digital,0,3,0.17301332347313017,16,1,0,3.5,66.6,0
order_b0cba3d034,pay_de778539d9,2026-08-23 19:14:26.788603,558.07,upi,apparel,0,4,0.2854873589426044,19,1,0,11.6,25.7,0
order_378c5866ec,pay_763dcd4832,2026-08-02 07:16:56.788603,1227.37,card,apparel,1,0,0.0,7,1,0,10.5,115.9,0
order_939b8559f2,pay_61df0bca72,2026-08-13 15:43:21.788603,279.98,card,digital,0,7,0.04352609054317895,15,0,0,4.9,63.0,0
order_83631c396f,pay_089d7320b0,2026-08-24 23:12:58.788603,1090.32,cod,apparel,0,5,0.10373828301906077,23,0,1,14.2,66.9,0
order_4bbd4052c2,pay_d0a377c7f8,2026-08-11 04:17:28.788603,3363.85,upi,electronics,0,4,0.08111829636201201,4,0,1,20.9,14.2,0
order_ba2a642e0d,pay_0ddb5be601,2026-08-08 21:46:56.788603,1454.05,cod,home,0,3,0.06696372802167679,21,1,0,1.1,202.3,0
order_8a18533abb,pay_a4d2d9bfe3,2026-08-04 05:31:59.788603,560.66,upi,home,1,0,0.0,5,0,0,6.7,15.6,0
order_13e8836283,pay_c9d8f0cd13,2026-08-09 00:04:35.788603,225.15,upi,home,0,8,0.4705066132478196,0,1,1,32.6,8.2,0
order_33970840a3,pay_1651883941,2026-08-09 02:19:46.788603,450.52,cod,digital,0,7,0.32647693636553854,2,1,1,43.5,61.0,0
order_24ad972a64,pay_5db008f4a6,2026-08-15 11:52:25.788603,666.3,upi,electronics,1,0,0.0,11,1,0,18.3,96.2,0
order_e009733652,pay_da8e01a37f,2026-08-23 04:48:50.788603,193.62,card,home,0,3,0.027915052961472286,4,1,1,16.5,117.7,0
order_296152a43a,pay_85b7c800db,2026-08-03 20:05:56.788603,89.71,cod,digital,0,3,0.08618995138088165,20,0,0,5.1,36.0,0
order_4c867decbe,pay_4794aff1e3,2026-08-23 20:00:31.788603,413.64,wallet,grocery,1,0,0.0,20,1,0,2.6,22.2,1
order_48e595383d,pay_81e850336c,2026-08-23 15:54:48.788603,2095.48,upi,grocery,0,5,0.09543969851662731,15,1,0,25.0,33.0,0
order_dfc53aab5b,pay_4bb37c8fab,2026-08-16 07:27:38.788603,444.96,upi,home,1,0,0.0,7,1,0,10.4,51.6,1
order_a7b97139da,pay_52f6ae91f4,2026-07-29 06:10:43.788603,412.4,cod,grocery,0,4,0.10089955544938016,6,0,0,42.5,177.1,1
order_15941b0485,pay_493b46d88c,2026-07-29 11:08:31.788603,136.5,upi,digital,0,4,0.11213472218422645,11,0,0,12.6,76.5,0
order_2c620f2409,pay_5976d11c82,2026-08-24 09:52:05.788603,680.54,netbanking,apparel,0,3,0.3789046345427494,9,0,0,24.1,47.8,0
order_a3eca7ecb0,pay_d43deb0028,2026-08-23 09:18:05.788603,1544.81,upi,home,1,0,0.0,9,1,0,3.6,44.4,0
order_6374776e74,pay_bff187174b,2026-08-17 03:07:23.788603,1032.59,netbanking,apparel,1,0,0.0,3,0,1,2.3,37.0,0
order_8c08940043,pay_5ff582e47b,2026-08-22 02:26:57.788603,344.34,upi,electronics,0,4,0.10480781071212847,2,1,1,13.8,84.8,0
order_24aeecc31b,pay_5134a6317a,2026-08-20 13:09:26.788603,2228.04,cod,electronics,1,0,0.0,13,0,0,11.3,27.4,0
order_0e2d454738,pay_85b74c347d,2026-08-14 09:53:59.788603,358.99,upi,digital,0,7,0.11849062102303543,9,0,0,8.4,86.4,0
order_d7d6ea6873,pay_cd5764b2bb,2026-08-07 19:09:38.788603,497.7,card,digital,1,0,0.0,19,0,0,8.0,31.2,0
order_a01d6426a5,pay_3719035244,2026-08-25 12:21:06.788603,252.82,cod,grocery,0,2,0.23417118526296757,12,0,0,16.6,102.1,0
order_5a58826942,pay_a925b120a4,2026-08-07 11:48:43.788603,208.04,card,grocery,1,0,0.0,11,0,0,0.7,121.3,0
order_a87ea97df0,pay_d1383765db,2026-08-03 14:38:03.788603,625.13,card,grocery,0,8,0.024650785726154142,14,0,0,3.6,56.6,1
order_c0caeea6d6,pay_3fde4a6ba5,2026-08-17 00:01:25.788603,693.95,card,electronics,0,5,0.02820971039501748,0,0,1,25.0,62.4,0
order_b3d9adea70,pay_840ed19e50,2026-08-24 06:19:35.788603,1044.04,card,apparel,0,8,0.022368529591409676,6,0,0,5.6,72.1,0
order_846e35656c,pay_ac1ca51a4e,2026-08-05 00:05:30.788603,3488.2,card,apparel,1,0,0.0,0,0,1,11.7,87.7,0
order_c0bf46b9cc,pay_818ffa9c8b,2026-07-29 23:52:12.788603,484.51,wallet,grocery,1,0,0.0,23,0,1,11.2,83.3,0
order_1822aae913,pay_265f926a78,2026-08-02 06:01:51.788603,412.18,netbanking,apparel,0,5,0.1758764387419879,6,1,0,21.5,35.0,1
order_94080d6b00,pay_5ee722404d,2026-08-06 00:37:08.788603,1371.92,upi,digital,1,0,0.0,0,0,1,2.6,34.7,0
order_3516976517,pay_e2f21b436f,2026-08-25 16:19:42.788603,427.54,upi,home,0,7,0.07849520875451739,16,0,0,7.7,84.2,0
order_dc87b282ad,pay_2ec6847683,2026-08-04 17:15:05.788603,305.75,upi,digital,0,5,0.17044758913925323,17,0,0,19.4,54.2,0
order_0c01c01c8d,pay_03f102e2f5,2026-08-06 01:42:00.788603,3505.23,card,apparel,0,2,0.19069257301854114,1,0,1,18.9,47.3,0
order_eecf26c671,pay_f022c40f4a,2026-08-23 12:13:16.788603,85.34,cod,apparel,0,6,0.062045282368940455,12,1,0,15.7,55.6,1
order_c42c96815e,pay_d8dcc8dfa6,2026-08-10 06:00:24.788603,1992.1,card,apparel,0,6,0.34864485144281565,6,0,0,28.9,61.0,1
order_0a24f6556b,pay_f12b3f286f,2026-07-31 03:28:34.788603,2058.74,upi,digital,0,10,0.08237434065227948,3,0,1,16.0,70.7,0
order_a878b8e267,pay_772a0b5779,2026-08-22 15:36:19.788603,494.63,card,apparel,1,0,0.0,15,1,0,7.2,148.6,0
order_fd3e368560,pay_bafaffcd2a,2026-08-26 04:29:17.788603,3163.41,upi,electronics,0,3,0.4178295527342995,4,0,1,7.2,68.6,0
order_8f596e9b2c,pay_6eedfe7a21,2026-08-12 14:38:59.788603,1029.41,wallet,digital,0,7,0.05454227792358655,14,0,0,2.4,35.9,0
order_a1ad03a3a8,pay_a0effbaa12,2026-07-29 20:06:09.788603,2882.62,cod,grocery,1,0,0.0,20,0,0,10.0,54.7,0
order_82fa8de33d,pay_cea6a7f72b,2026-08-22 12:13:58.788603,445.94,upi,electronics,0,5,0.33991083820737655,12,1,0,43.0,376.3,0
order_7515c9e50a,pay_9361f01037,2026-08-07 17:24:21.788603,618.44,upi,apparel,1,0,0.0,17,0,0,30.8,52.5,0
order_a373cfa6e5,pay_7d4e95af38,2026-08-20 12:55:09.788603,237.72,cod,apparel,1,0,0.0,12,0,0,17.9,32.1,0
order_f3274d54ca,pay_c5c13a3138,2026-08-02 20:18:18.788603,2407.83,cod,grocery,1,0,0.0,20,1,0,12.0,185.6,1
order_f52f434beb,pay_19b8e6853a,2026-07-30 16:33:41.788603,339.99,cod,electronics,0,4,0.11197893578840606,16,0,0,12.5,82.8,0
order_1846a71f3f,pay_e877e11c88,2026-08-26 21:07:08.788603,220.41,cod,electronics,0,4,0.18265076373862799,21,0,0,23.3,121.9,0
order_821e8bad33,pay_963a656f11,2026-08-04 05:07:00.788603,224.69,upi,apparel,1,0,0.0,5,0,0,19.0,177.8,0
order_d752ed998a,pay_aa406e9778,2026-08-26 15:43:42.788603,182.79,cod,apparel,0,5,0.020872413027366695,15,0,0,29.3,17.5,0
order_136132e2cf,pay_a54e44c6c0,2026-08-23 23:50:20.788603,663.63,upi,apparel,0,5,0.25170713655172267,23,1,1,26.8,32.6,1
order_9bf964744a,pay_6d0166d55d,2026-08-05 00:40:02.788603,646.89,cod,apparel,1,0,0.0,0,0,1,5.5,66.1,0
order_8ec4c56dd8,pay_ba6b4d36c0,2026-07-28 11:33:15.788603,182.96,card,apparel,0,2,0.18937262817573014,11,0,0,9.6,39.3,0
order_8d6e9a6e82,pay_83576e49c2,2026-08-02 13:13:38.788603,234.67,upi,grocery,0,3,0.08816010464795808,13,1,0,2.7,111.8,0
order_516c578a8b,pay_4e30062d8c,2026-08-17 00:44:00.788603,592.56,upi,apparel,0,5,0.0016049130967545444,0,0,1,0.4,259.9,0
order_0eb5144cb2,pay_cc89d24031,2026-08-01 05:32:30.788603,464.77,wallet,grocery,0,5,0.22213848892492602,5,1,0,59.9,108.7,0
order_ac12ac5fd9,pay_d4c79747ea,2026-08-11 07:25:46.788603,339.54,upi,apparel,1,0,0.0,7,0,0,4.7,26.6,0
order_3813ff7ffc,pay_3a32715983,2026-08-25 13:35:24.788603,1217.66,card,grocery,1,0,0.0,13,0,0,27.1,14.2,0
order_9508f21fdb,pay_6f080e7a9b,2026-08-09 23:55:33.788603,1062.89,upi,apparel,0,5,0.057139622324943636,23,1,1,9.8,21.8,0
order_73e68761ae,pay_77c7aa27e1,2026-08-05 12:58:52.788603,1676.41,wallet,home,1,0,0.0,12,0,0,11.2,71.7,0
order_0472a85c83,pay_4237aa93ff,2026-08-25 21:19:25.788603,725.71,netbanking,apparel,0,5,0.06389161653898208,21,0,0,3.2,35.4,0
order_bcc3a72147,pay_9700cf2eb7,2026-08-23 09:28:20.788603,52.58,upi,electronics,0,4,0.4600804843732231,9,1,0,28.0,99.5,0
order_f6b19ff6a8,pay_d93fc888bc,2026-08-15 13:13:12.788603,264.55,cod,digital,0,5,0.025945565304006234,13,1,0,3.2,71.9,0
order_1249bf8e22,pay_1c0b6d227d,2026-08-24 11:10:47.788603,1300.81,netbanking,apparel,0,6,0.06881221334099942,11,0,0,37.9,27.3,0
order_e8c4694d1b,pay_e63d9f79d3,2026-08-14 19:18:03.788603,301.94,upi,electronics,0,3,0.040925038416679375,19,0,0,3.4,55.5,0
order_6aa00dc9b8,pay_e6e35255b4,2026-08-17 18:23:21.788603,101.59,card,home,0,2,0.38773251848940254,18,0,0,26.2,25.5,0
order_d7632110de,pay_e1560ca34e,2026-08-04 18:50:45.788603,1118.24,upi,digital,0,5,0.5890228771680307,18,0,0,7.4,84.6,1
order_42f5f7de0a,pay_ad6050b587,2026-08-18 18:23:30.788603,435.01,upi,home,0,2,0.04520014680909525,18,0,0,4.7,38.0,0
order_9cff1ce825,pay_a0001a248f,2026-08-04 05:37:07.788603,1750.59,upi,home,0,5,0.01668949322759408,5,0,0,7.2,138.4,0
order_a9cc15b82f,pay_8f385cf9ae,2026-08-18 01:59:27.788603,459.21,upi,home,0,6,0.3156724349539645,1,0,1,14.9,29.8,0
order_278dab8376,pay_5e168dada8,2026-08-07 06:51:02.788603,2416.83,cod,grocery,0,3,0.04612005654327065,6,0,0,42.8,17.2,1
order_66f2698eb3,pay_c175fddbf7,2026-08-09 19:21:46.788603,1607.28,netbanking,electronics,0,6,0.13707642185456115,19,1,0,5.1,69.7,0
order_1709848ff6,pay_6b78acf818,2026-08-03 09:07:21.788603,660.27,cod,apparel,0,2,0.2296596243111665,9,0,0,17.5,17.1,0
order_9563922bb3,pay_478b4d5088,2026-08-10 00:35:14.788603,488.4,wallet,electronics,0,1,0.08511168506515605,0,0,1,1.1,41.8,0
order_de1dfce22d,pay_3af5684904,2026-08-02 06:38:06.788603,893.75,upi,apparel,1,0,0.0,6,1,0,0.7,76.7,0
order_f148309d10,pay_8d927d6002,2026-08-12 00:29:14.788603,1636.93,upi,apparel,0,4,0.022974472360642557,0,0,1,2.8,13.5,0
order_8beb5f842f,pay_87b27ef5b8,2026-08-16 23:35:16.788603,407.31,upi,electronics,0,2,0.42693621108525687,23,1,1,17.8,77.7,1
order_eb877e5536,pay_043d6b45d9,2026-08-27 05:42:32.788603,479.47,card,grocery,0,4,0.13593226556753238,5,0,0,8.8,54.3,0
order_ca4dbef11f,pay_52ef0547aa,2026-08-25 08:18:38.788603,4146.25,netbanking,grocery,0,4,0.04632670671348731,8,0,0,2.6,102.0,0
order_c810022e43,pay_895cd0f913,2026-07-31 09:12:07.788603,1660.74,card,apparel,0,4,0.33428283902295847,9,0,0,7.1,64.9,0
order_b7a71ae4d5,pay_3ce2769067,2026-08-07 22:19:17.788603,497.33,upi,grocery,1,0,0.0,22,0,0,13.7,60.6,0
order_11dd48924d,pay_2a797d543a,2026-08-06 18:08:24.788603,3411.87,upi,apparel,0,2,0.08252155652728958,18,0,0,3.4,7.0,0
order_e145318c7a,pay_9cfe8ca26b,2026-08-15 21:25:36.788603,198.26,upi,digital,0,5,0.19534566228866837,21,1,0,14.4,220.3,0
order_9e6dd33ec4,pay_8af87eaf6d,2026-08-06 22:33:09.788603,939.76,cod,grocery,0,6,0.42071787025637425,22,0,0,3.1,13.6,1
order_d06a208c01,pay_818eac9cc6,2026-07-30 23:09:58.788603,2794.38,netbanking,grocery,0,7,0.16183620026362086,23,0,1,5.2,61.2,0
order_ebfeb9d7a7,pay_a4cd6e704d,2026-08-09 02:39:33.788603,221.93,card,grocery,0,1,0.04574921704453046,2,1,1,19.7,111.5,0
order_09b858187a,pay_9c3724cbd3,2026-08-17 11:55:09.788603,1714.74,upi,electronics,0,9,0.2683275517047688,11,0,0,0.9,127.3,0
order_09b866618e,pay_80e78304f7,2026-08-06 15:10:29.788603,414.2,cod,grocery,0,4,0.5695261166070936,15,0,0,43.6,44.4,1
order_0789e6cf59,pay_3094176f80,2026-08-13 08:55:50.788603,1537.51,cod,digital,0,4,0.1075793067818048,8,0,0,7.7,16.4,0
order_c4b8a77112,pay_a836fdc53f,2026-07-30 13:58:22.788603,426.45,cod,digital,1,0,0.0,13,0,0,21.8,78.0,0
order_e4cf5f73c9,pay_2c173a4493,2026-08-03 03:31:26.788603,2598.93,upi,apparel,1,0,0.0,3,0,1,17.2,26.6,0
order_5e3a0ef4bb,pay_e48ae6b08d,2026-07-30 21:04:26.788603,1545.08,cod,apparel,0,5,0.15100799508062282,21,0,0,5.8,30.3,1
order_e5064ed205,pay_c955a3c4d4,2026-08-15 09:12:57.788603,1012.48,wallet,apparel,0,6,0.636952638202107,9,1,0,0.3,37.4,1
order_fac5f7a315,pay_093d9d5d6d,2026-08-06 17:10:53.788603,1729.57,netbanking,grocery,0,6,0.13857496158663207,17,0,0,1.5,52.0,0
order_a090abd379,pay_c0de09d0a9,2026-08-17 22:08:21.788603,377.4,cod,apparel,1,0,0.0,22,0,0,5.9,77.9,0
order_25b9e66ab0,pay_c8835cd304,2026-08-08 17:31:22.788603,542.28,upi,apparel,0,11,0.2589823432708973,17,1,0,9.3,30.9,0
order_28fed28786,pay_bcc45e2491,2026-08-04 05:00:04.788603,3380.83,upi,grocery,0,6,0.11629782382267857,5,0,0,10.8,129.9,1
order_d3d7fd97fa,pay_1fa181924f,2026-07-30 07:37:01.788603,504.61,cod,digital,0,2,0.3384113237863567,7,0,0,7.3,32.0,0
order_62143622ee,pay_9622760b3a,2026-08-17 16:19:32.788603,1673.32,upi,apparel,1,0,0.0,16,0,0,2.0,61.6,0
order_ed4243339a,pay_07d19009d8,2026-08-11 13:29:26.788603,493.91,upi,digital,1,0,0.0,13,0,0,15.4,31.6,0
order_89bddab84c,pay_314923d36e,2026-07-30 06:10:27.788603,1025.76,cod,home,1,0,0.0,6,0,0,15.7,76.4,0
order_8a21fc614d,pay_bf22496da4,2026-08-01 09:22:36.788603,896.9,upi,home,1,0,0.0,9,1,0,13.0,315.0,0
order_cd4d9aa10e,pay_8ccb0201c0,2026-08-27 08:56:40.788603,1840.38,card,grocery,0,6,0.20397493339877407,8,0,0,56.4,137.1,0
order_55b06e3426,pay_c874c42605,2026-08-02 08:42:59.788603,840.69,upi,digital,0,9,0.19965314970518558,8,1,0,3.7,30.5,0
order_86f3d2cc77,pay_abf03402ac,2026-08-04 21:26:27.788603,309.65,upi,apparel,1,0,0.0,21,0,0,3.3,29.2,0
order_f1e4ed0647,pay_5569f744e6,2026-08-02 18:23:22.788603,1043.92,cod,electronics,1,0,0.0,18,1,0,21.4,40.6,0
order_863c4bbccb,pay_398f791f0f,2026-08-15 08:32:56.788603,619.34,cod,home,1,0,0.0,8,1,0,13.8,44.4,1
order_f8a8f0bc93,pay_0924e52eb8,2026-08-01 23:27:21.788603,213.37,upi,digital,0,5,0.26778023536748796,23,1,1,26.4,93.3,0
order_ce12c8e50a,pay_e541e870fc,2026-08-09 15:57:48.788603,897.0,upi,apparel,0,3,0.1542163896764156,15,1,0,6.9,25.5,0
order_b3effc9503,pay_24876dfcff,2026-08-11 05:37:51.788603,199.06,upi,apparel,1,0,0.0,5,0,0,41.5,8.2,0
order_3682bcee42,pay_7ee04f4462,2026-08-24 07:05:05.788603,170.22,upi,home,0,10,0.4745653179261683,7,0,0,0.2,82.9,0
order_ccc5dd711e,pay_945f3f09ca,2026-08-13 16:03:34.788603,453.62,card,home,0,5,0.09684844013287604,16,0,0,1.3,66.4,0
order_bb6461bee7,pay_ae7be9babe,2026-08-03 06:33:31.788603,83.44,card,apparel,0,6,0.2273430382128785,6,0,0,18.8,20.6,0
order_78f2a8b66b,pay_47da591501,2026-08-19 01:17:11.788603,1252.75,card,home,0,4,0.301411662468165,1,0,1,17.7,39.9,1
order_86b79971a4,pay_6ab4165e8f,2026-08-23 11:21:27.788603,2528.26,cod,apparel,0,6,0.12382254494886896,11,1,0,6.2,12.6,0
order_f84f9a92c9,pay_d21fedc274,2026-08-02 06:26:25.788603,1005.7,upi,apparel,1,0,0.0,6,1,0,0.8,84.4,0
order_55968cd910,pay_b4f791632b,2026-08-03 21:25:27.788603,1312.83,upi,apparel,0,5,0.21000605611746093,21,0,0,21.4,97.6,0
order_0a14feade2,pay_673a0ca334,2026-08-06 14:58:49.788603,457.16,upi,home,0,3,0.03969504988831544,14,0,0,2.6,72.1,0
order_f7bc3f1680,pay_45d4c1249c,2026-08-12 01:01:26.788603,115.59,cod,digital,0,6,0.023015062757752724,1,0,1,1.2,69.9,0
order_1df2fddc10,pay_f6ae311cd0,2026-07-29 08:11:50.788603,385.86,upi,grocery,0,5,0.06671647408773484,8,0,0,19.8,71.4,0
order_7c3009286f,pay_fde5034f34,2026-08-13 01:13:10.788603,435.59,netbanking,electronics,1,0,0.0,1,0,1,55.9,45.8,1
order_1fc47dfc96,pay_bc2398e28a,2026-08-18 08:17:21.788603,278.63,cod,grocery,1,0,0.0,8,0,0,8.4,127.4,0
order_562d082a75,pay_61a7e4dc7b,2026-08-05 08:37:31.788603,252.1,cod,apparel,0,3,0.1665702936152892,8,0,0,15.6,270.6,0
order_187bd2a3e1,pay_f0740d27ad,2026-07-31 07:28:58.788603,2293.25,card,electronics,0,8,0.0659675317486371,7,0,0,3.8,20.3,0
order_e2ffbd1f6e,pay_b8223ed974,2026-08-06 13:06:27.788603,1738.37,cod,apparel,0,6,0.1531069183880376,13,0,0,12.1,27.9,0
order_e5e4e587ab,pay_9a6ff02937,2026-08-07 23:09:33.788603,72.06,cod,electronics,0,8,0.07865885630843142,23,0,1,3.8,71.9,1
order_f03f23431a,pay_4cdab45d31,2026-08-25 07:48:25.788603,101.78,card,grocery,0,5,0.15181901330630324,7,0,0,5.5,101.6,0
order_0163ce0ceb,pay_ce3e033e8d,2026-08-06 07:15:43.788603,274.15,card,grocery,0,8,0.042145516390087595,7,0,0,12.2,44.3,0
order_f790840fee,pay_a677a5381e,2026-08-15 12:56:07.788603,133.79,wallet,apparel,0,9,0.03079596371454315,12,1,0,2.6,24.6,0
order_cca549040a,pay_b73d14660f,2026-08-02 08:05:34.788603,529.78,upi,apparel,1,0,0.0,8,1,0,33.7,162.9,0
order_54d9dd6243,pay_22602dc0fc,2026-08-21 13:38:28.788603,4042.2,card,home,0,5,0.045687125400641605,13,0,0,5.1,172.9,0
order_c29071c955,pay_c9baf8fc99,2026-08-21 12:24:37.788603,1789.98,card,grocery,0,4,0.013727442439541847,12,0,0,30.3,188.0,0
order_964edb7352,pay_671f98706e,2026-08-11 11:15:48.788603,846.1,upi,apparel,0,6,0.16400385603646794,11,0,0,19.8,76.6,0
order_b467e39342,pay_a118c2759f,2026-08-15 22:19:52.788603,1282.06,wallet,apparel,0,2,0.05530372081003721,22,1,0,1.5,54.4,0
order_f559bf0e4f,pay_6c0e9273b0,2026-08-07 03:33:52.788603,510.51,card,digital,0,2,0.0035215015711933997,3,0,1,0.4,49.4,0
order_2396f33873,pay_ca147fe257,2026-08-11 02:38:12.788603,347.13,netbanking,home,1,0,0.0,2,0,1,0.3,29.0,1
order_6a68851b24,pay_74a7299839,2026-08-01 14:18:21.788603,156.51,cod,home,0,2,0.22824227443857673,14,1,0,17.9,81.8,0
order_f1e4924de0,pay_8583d0998a,2026-08-01 22:33:02.788603,1412.95,card,digital,0,9,0.13755646693625237,22,1,0,37.2,27.3,0
order_d60dfba07d,pay_bef6a7420e,2026-08-08 23:14:36.788603,1076.04,cod,apparel,0,1,0.1765528908058477,23,1,1,26.0,100.4,1
order_ab076f21bf,pay_41c71102e2,2026-08-27 01:25:15.788603,983.86,upi,digital,1,0,0.0,1,0,1,25.9,38.1,0
order_172838c1af,pay_463992b781,2026-08-09 02:32:42.788603,564.79,cod,home,0,6,0.47352264680779654,2,1,1,1.1,46.4,1
order_9b229b8c70,pay_24cb2b2317,2026-08-25 14:46:53.788603,2863.12,upi,apparel,0,7,0.28473656827508664,14,0,0,10.7,81.8,0
order_25b4554300,pay_8e14e3e78d,2026-08-20 10:11:37.788603,1277.61,card,grocery,0,4,0.33746151758822823,10,0,0,16.4,55.4,0
order_144d326b47,pay_1b1638ce7d,2026-08-24 08:28:14.788603,356.37,upi,apparel,1,0,0.0,8,0,0,6.2,53.5,0
order_8d0e85773f,pay_c76704da6b,2026-07-29 17:57:07.788603,467.98,upi,grocery,0,6,0.09074309642215445,17,0,0,8.3,89.2,0
order_1d24d7f6ef,pay_7a48edd5ea,2026-07-28 20:32:05.788603,794.07,upi,electronics,0,6,0.06620651016115757,20,0,0,20.1,18.7,0
order_5a9cc06a57,pay_13425ed0ae,2026-08-08 19:37:46.788603,751.63,cod,electronics,0,1,0.07481652635852236,19,1,0,3.4,23.9,0
order_015ea48e54,pay_bb5e7d8615,2026-08-26 04:00:13.788603,652.95,wallet,apparel,0,4,0.0411725812965579,4,0,1,12.7,16.4,0
order_b57d70a376,pay_9cf23287c7,2026-08-13 07:26:58.788603,229.31,card,home,1,0,0.0,7,0,0,40.7,67.8,0
order_7195ad434e,pay_0a4f1b5f9d,2026-08-12 20:21:35.788603,650.63,cod,home,0,7,0.4705623425201683,20,0,0,6.3,45.2,0
order_f1afbb8410,pay_762ba1d65a,2026-08-07 01:12:57.788603,256.58,upi,apparel,0,5,0.3174075508274774,1,0,1,13.0,101.2,1
order_b8c5817ca4,pay_b141b9d05d,2026-08-11 06:47:12.788603,763.67,cod,electronics,0,5,0.1644975819933501,6,0,0,18.8,52.0,0
order_9f3e8fdad7,pay_b8fc0aee9a,2026-07-31 13:34:58.788603,3037.77,netbanking,digital,0,6,0.07007368680261215,13,0,0,33.2,136.0,0
order_cbfd0c54b2,pay_c62584f6f9,2026-08-16 06:21:35.788603,972.52,wallet,apparel,1,0,0.0,6,1,0,10.6,182.4,0
order_c2baedc810,pay_ab481c557a,2026-08-02 06:57:07.788603,2175.28,wallet,apparel,1,0,0.0,6,1,0,12.5,40.6,0
order_78c34e7eeb,pay_e71d68df98,2026-08-17 22:14:21.788603,980.9,netbanking,digital,0,2,0.1707028167938768,22,0,0,11.3,20.7,0
order_410adfec1f,pay_4355087d1e,2026-07-29 16:59:41.788603,703.31,cod,grocery,1,0,0.0,16,0,0,8.4,63.2,0
order_068b602f76,pay_39c60c1702,2026-08-17 00:18:56.788603,246.47,cod,home,0,5,0.21700600925139074,0,0,1,18.1,56.1,0
order_9facb77e67,pay_817bddf986,2026-08-07 07:03:07.788603,173.37,card,home,0,2,0.25016173416409265,7,0,0,5.8,80.1,0
order_bfb97a38ef,pay_d3d978d663,2026-08-15 10:45:58.788603,2042.83,netbanking,grocery,0,8,0.050319320756733545,10,1,0,14.2,34.8,0
order_89cdf7fbcf,pay_7219b94124,2026-08-07 09:56:25.788603,343.79,card,grocery,1,0,0.0,9,0,0,63.8,17.2,0
order_74f3e7e630,pay_73f244dff5,2026-08-23 05:37:10.788603,4817.95,upi,grocery,0,4,0.03666041640104428,5,1,0,4.9,33.8,0
order_14e0179743,pay_6ec0ff9a17,2026-08-02 12:26:22.788603,1599.5,wallet,home,0,5,0.10295497774169293,12,1,0,15.6,115.5,1
order_85fb7b601b,pay_d03aa69996,2026-08-20 18:13:29.788603,3617.54,cod,digital,0,8,0.00045591342814717636,18,0,0,33.6,48.2,0
order_e44fd02b95,pay_cc604df22c,2026-07-30 12:51:09.788603,281.74,card,home,0,5,0.0507443041970317,12,0,0,7.1,80.4,0
order_0f2e6188f4,pay_a2bda9e847,2026-08-22 06:23:13.788603,601.62,netbanking,apparel,0,9,0.03225446001624219,6,1,0,36.5,40.8,0
order_14a159eb91,pay_ea08957e98,2026-07-29 21:50:02.788603,281.19,upi,grocery,1,0,0.0,21,0,0,1.3,16.3,0
order_6c46ff796c,pay_cf5e8b7281,2026-08-14 14:27:31.788603,2380.56,card,digital,1,0,0.0,14,0,0,2.9,48.3,0
order_24a49b7ad8,pay_eee5b32329,2026-08-23 17:52:32.788603,542.06,cod,apparel,0,2,0.25514170096730365,17,1,0,21.3,52.0,1
order_ac587016fb,pay_5777f07d7f,2026-08-25 05:49:20.788603,1851.53,wallet,digital,1,0,0.0,5,0,0,16.9,148.3,0
order_a1ea35bb2b,pay_32b9937b51,2026-07-30 23:06:59.788603,1043.94,netbanking,digital,1,0,0.0,23,0,1,16.3,85.6,0
order_a56f5dcb95,pay_9beba809b2,2026-08-08 04:38:43.788603,144.14,cod,digital,1,0,0.0,4,1,1,22.6,32.4,0
order_a09dea4bf6,pay_75a4f7c2d0,2026-08-02 17:44:49.788603,337.36,upi,grocery,0,2,0.09726132055452905,17,1,0,16.8,60.0,0
order_65438af642,pay_7f5f033abc,2026-08-01 10:27:45.788603,645.26,cod,apparel,1,0,0.0,10,1,0,5.6,91.5,0
order_7d6257d086,pay_0760f9e9b7,2026-08-18 11:33:33.788603,665.71,cod,apparel,0,3,0.025227722865637802,11,0,0,6.3,21.1,0
order_fb37672b78,pay_103c7d5f1e,2026-08-19 13:59:51.788603,671.24,cod,apparel,0,8,0.12599500713761452,13,0,0,11.6,35.0,1
order_4e1c4d2ed8,pay_a5ed643701,2026-08-19 23:36:30.788603,289.28,cod,home,0,4,0.07894041334112253,23,0,1,52.2,55.1,0
order_7f177a4c18,pay_e59ee9e65c,2026-08-15 10:01:03.788603,364.06,upi,apparel,0,4,0.06360918976861542,10,1,0,33.4,49.1,0
order_8666c55bcd,pay_5ee7d77b24,2026-08-06 22:35:01.788603,101.7,upi,grocery,1,0,0.0,22,0,0,5.4,126.4,0
order_e6a3d393d5,pay_cb6983314f,2026-08-01 23:08:40.788603,250.54,cod,apparel,1,0,0.0,23,1,1,14.6,86.3,0
order_21988f1021,pay_8d81108494,2026-08-01 04:28:35.788603,123.38,upi,electronics,1,0,0.0,4,1,1,5.1,140.8,0
order_76e48b1868,pay_6a659e9522,2026-08-16 05:35:05.788603,571.16,netbanking,electronics,1,0,0.0,5,1,0,60.6,55.5,0
order_a72307d76b,pay_b73ddc99a9,2026-08-04 16:18:27.788603,1899.08,cod,grocery,1,0,0.0,16,0,0,6.5,27.4,0
order_4276895e46,pay_c53cdbad1c,2026-08-10 01:54:32.788603,3255.37,upi,home,0,1,0.2984399606225358,1,0,1,15.1,111.9,0
order_42f7829652,pay_f2aa4f006b,2026-08-26 01:18:14.788603,169.16,cod,electronics,1,0,0.0,1,0,1,38.5,34.4,1
order_ee60aa2601,pay_2fda0e988b,2026-08-19 11:18:28.788603,367.69,netbanking,digital,0,2,0.5043391739460444,11,0,0,0.8,112.2,0
order_23ac7ab1cc,pay_5318faa625,2026-08-06 01:21:38.788603,3244.66,upi,electronics,0,6,0.15367443283173435,1,0,1,21.8,53.1,1
order_f27955a829,pay_e4fc061822,2026-08-08 15:29:31.788603,173.49,netbanking,apparel,0,1,0.28348449781003027,15,1,0,7.0,123.4,0
order_0c1bc61d13,pay_fcc378c8f8,2026-08-03 04:57:16.788603,912.41,upi,electronics,1,0,0.0,4,0,1,28.8,111.8,0
order_0903df20b1,pay_9fbffed6f5,2026-08-22 06:13:19.788603,299.77,upi,home,0,8,0.2104085936840784,6,1,0,9.3,71.4,0
order_5d0d38a65f,pay_c214928266,2026-07-28 19:38:01.788603,766.46,cod,grocery,0,9,0.007724136408938237,19,0,0,1.1,21.0,0
order_6d8db1c3aa,pay_bea13cb217,2026-08-25 10:10:58.788603,818.0,upi,apparel,0,5,0.33359492894038206,10,0,0,6.8,51.9,1
order_286ed622ce,pay_656c81c1f1,2026-08-20 03:03:37.788603,154.16,upi,apparel,1,0,0.0,3,0,1,19.9,19.2,0
order_525a460038,pay_ae178fcd4a,2026-08-03 11:58:27.788603,358.49,upi,electronics,0,8,0.10680404112264762,11,0,0,18.8,3.4,0
order_087cd819dd,pay_15a504aa31,2026-08-20 20:30:41.788603,512.87,card,electronics,1,0,0.0,20,0,0,0.7,54.9,0
order_ae507992ab,pay_4f831d1203,2026-08-03 21:16:01.788603,298.22,upi,grocery,0,4,0.10390223706921628,21,0,0,7.7,77.8,0
order_beabd582a5,pay_6920874b4c,2026-08-07 12:57:57.788603,466.59,netbanking,grocery,1,0,0.0,12,0,0,2.2,80.0,0
order_dfaae5a1d1,pay_14988b449b,2026-08-13 03:44:42.788603,1791.77,cod,home,1,0,0.0,3,0,1,5.4,123.4,0
order_c95daaf608,pay_1d8e7ddc33,2026-08-02 22:24:13.788603,674.85,card,electronics,0,4,0.08935379654264938,22,1,0,8.7,91.2,0
order_f4663dbc08,pay_331af502fe,2026-08-27 09:09:16.788603,1528.17,cod,apparel,1,0,0.0,9,0,0,7.8,77.2,1
order_47b74f8924,pay_052c7a40b1,2026-08-07 20:58:16.788603,2905.53,netbanking,digital,1,0,0.0,20,0,0,7.5,14.7,0
order_6f95d0d09b,pay_87b14ae6cb,2026-08-12 15:07:49.788603,105.94,card,electronics,0,7,0.012331081823891086,15,0,0,47.5,175.4,0
order_c362f7e7df,pay_eb067fb7ae,2026-07-28 21:18:22.788603,2387.31,netbanking,home,0,6,0.05604230590817306,21,0,0,5.9,53.0,0
order_cb22befd1b,pay_9059627d3c,2026-08-19 23:51:12.788603,325.07,netbanking,electronics,0,8,0.005083159520100828,23,0,1,3.9,117.0,0
order_a59218e814,pay_426cb5e77c,2026-08-15 05:00:47.788603,190.59,card,grocery,0,6,0.08994941905938011,5,1,0,12.6,83.3,0
order_a01c328f4d,pay_b4afc62a3b,2026-08-14 02:03:44.788603,1947.27,upi,electronics,0,9,0.1633170327356802,2,0,1,2.0,50.1,0
order_da174a24d9,pay_bf30a3e2f1,2026-07-28 23:45:07.788603,426.96,upi,grocery,0,6,0.2119503142410934,23,0,1,20.5,162.8,0
order_0413dd9802,pay_cb21d0ea0c,2026-08-26 16:15:13.788603,768.0,card,home,1,0,0.0,16,0,0,7.7,91.3,0
order_b352df61d9,pay_4977d32360,2026-08-02 13:28:38.788603,519.87,netbanking,digital,0,8,0.4719345880280755,13,1,0,14.2,86.1,0
order_aebcf482c9,pay_b830388f5a,2026-07-30 04:07:25.788603,308.17,cod,electronics,0,4,0.22609469570087426,4,0,1,1.8,62.3,0
order_7b6c10737c,pay_4561497f42,2026-08-03 05:44:15.788603,8127.13,upi,grocery,0,4,0.05952924938137815,5,0,0,18.9,72.3,0
order_1622eae6e9,pay_bcdb8afcac,2026-08-24 05:19:42.788603,741.0,card,apparel,0,4,0.3645098212203625,5,0,0,9.1,17.3,0
order_2c36a93f89,pay_7c220413de,2026-08-20 06:01:45.788603,5408.07,cod,apparel,0,11,0.11136743309560132,6,0,0,18.2,55.4,0
order_3df7e3b46e,pay_ba3537de07,2026-08-05 01:39:56.788603,2303.93,cod,digital,0,8,0.09298727357799616,1,0,1,1.9,106.3,0
order_4db549e6a1,pay_f70e487255,2026-08-22 21:10:26.788603,337.51,card,grocery,1,0,0.0,21,1,0,6.8,102.7,0
order_36228484ee,pay_468d3e66f6,2026-08-16 01:48:13.788603,6668.59,card,digital,0,5,0.4388239546337226,1,1,1,14.3,48.8,0
order_2a5aa9da22,pay_0a48dad19e,2026-08-25 21:14:56.788603,374.25,upi,home,1,0,0.0,21,0,0,18.0,13.4,1
order_60e15314ba,pay_e95d7621ab,2026-08-05 01:08:39.788603,640.28,cod,digital,0,4,0.3295792260834422,1,0,1,26.5,5.2,1
order_c8cf9dc807,pay_a03dc16f93,2026-08-20 04:26:27.788603,5606.99,upi,grocery,0,3,0.19514532528874026,4,0,1,9.5,70.2,0
order_1011bd7c91,pay_3e07537861,2026-08-18 22:33:37.788603,286.31,cod,home,0,5,0.14791043793701164,22,0,0,20.8,130.7,0
order_d81a323bd1,pay_7be2b13942,2026-08-16 14:24:51.788603,2106.84,cod,apparel,1,0,0.0,14,1,0,43.0,28.4,0
order_07630f4c67,pay_6943de4211,2026-08-09 03:32:46.788603,185.71,upi,home,0,3,0.04121246379100122,3,1,1,1.7,139.3,0
order_2e5b68e9ba,pay_0c3223af6d,2026-08-20 20:33:46.788603,466.77,wallet,apparel,0,6,0.0583955337296122,20,0,0,7.3,106.4,0
order_094c07937b,pay_aaa15f7083,2026-08-24 09:11:42.788603,1050.61,wallet,apparel,0,8,0.07093990244814981,9,0,0,16.9,79.9,0
order_9303085256,pay_3881fe7ad8,2026-08-10 18:18:20.788603,1345.1,card,home,1,0,0.0,18,0,0,0.6,245.4,0
order_5b5b29d9b4,pay_f4355e0a11,2026-07-31 16:56:07.788603,1716.46,upi,electronics,0,5,0.22057065047103408,16,0,0,25.7,118.6,0
order_f39eb05423,pay_eb292a6621,2026-08-10 14:39:46.788603,491.51,upi,electronics,0,6,0.12475672122997028,14,0,0,16.4,127.7,1
order_d8f02a1def,pay_2b87b47579,2026-08-03 10:41:30.788603,387.91,netbanking,electronics,0,6,0.1310263917338078,10,0,0,24.8,71.7,0
order_8ecb3e39ad,pay_1505e6f158,2026-08-09 11:42:53.788603,5552.62,cod,electronics,0,5,0.04640659537992462,11,1,0,13.7,27.7,1
order_dc457cf0d0,pay_eac3c48cad,2026-08-01 13:15:36.788603,1125.08,upi,electronics,0,2,0.016803292336015647,13,1,0,21.4,25.7,0
order_435ad0aea2,pay_2e583bd835,2026-08-26 09:14:43.788603,92.51,cod,apparel,0,5,0.1191705281159711,9,0,0,3.1,38.2,0
order_9dc8e0328a,pay_251378661a,2026-08-03 03:06:41.788603,2238.67,netbanking,apparel,0,6,0.3090900919322179,3,0,1,72.5,19.6,0
order_1603714f6e,pay_6f6b2db831,2026-08-16 16:53:06.788603,547.99,cod,apparel,1,0,0.0,16,1,0,15.4,51.1,0
order_3171913534,pay_8c0e1e156c,2026-08-04 13:40:15.788603,622.97,upi,apparel,1,0,0.0,13,0,0,9.4,65.7,0
order_15ff8d1981,pay_6233c0def5,2026-08-07 11:08:40.788603,787.55,upi,grocery,0,1,0.1736671736826167,11,0,0,0.9,47.7,0
order_7d69d7835a,pay_57ca56b265,2026-08-04 06:47:30.788603,493.33,cod,electronics,0,10,0.1405164357866954,6,0,0,64.9,128.7,0
order_80a7294c18,pay_a5fc1671d0,2026-08-07 14:05:42.788603,1563.02,card,apparel,0,10,0.37053215167057324,14,0,0,6.7,49.6,0
order_b465c95de6,pay_36a035c085,2026-08-01 19:56:15.788603,773.98,cod,electronics,0,7,0.3306397679765297,19,1,0,1.1,21.7,0
order_a88750e187,pay_a534695999,2026-08-22 04:51:52.788603,313.19,upi,apparel,0,8,0.43896840475988574,4,1,1,8.6,30.6,0
order_cf7d7ccc2d,pay_2910d72a4e,2026-08-26 14:45:01.788603,1301.87,card,apparel,1,0,0.0,14,0,0,19.8,83.8,1
order_412cd29c31,pay_61101e8269,2026-07-30 18:15:07.788603,766.44,upi,home,0,5,0.012675765434779059,18,0,0,44.0,69.2,1
order_cb6b442e42,pay_f0a5663551,2026-08-02 21:59:19.788603,2075.04,cod,apparel,0,9,0.37085248153128425,21,1,0,18.6,34.0,1
order_99720b2380,pay_0d62a2641f,2026-08-23 09:16:17.788603,601.66,card,grocery,0,7,0.036132596392153306,9,1,0,2.1,21.4,0
order_f390674223,pay_98e52bb165,2026-08-20 07:07:18.788603,225.09,upi,grocery,0,6,0.09387301651529943,7,0,0,14.9,321.8,0
order_48ec9ec63f,pay_0bf5a68986,2026-08-16 20:00:43.788603,1418.52,card,home,1,0,0.0,20,1,0,0.1,52.2,1
order_9deeb9507b,pay_00993db924,2026-08-04 19:31:59.788603,873.54,netbanking,digital,0,5,0.008116338322116404,19,0,0,4.7,104.2,0
order_f1d00dd60c,pay_ccf0394133,2026-08-12 21:19:12.788603,5417.61,card,grocery,0,6,0.10385380668492641,21,0,0,17.5,86.5,0
order_22d36567df,pay_5026ddf296,2026-08-09 23:52:55.788603,146.44,netbanking,electronics,0,6,0.05697814425965872,23,1,1,5.1,48.5,0
order_e8433efcfd,pay_c5fe3f83f0,2026-08-20 02:52:15.788603,362.4,cod,electronics,0,2,0.0020333265864794486,2,0,1,71.8,10.6,1
order_1f414d11fd,pay_4babe7b946,2026-08-03 09:50:11.788603,3310.09,upi,grocery,0,4,0.08164882573181736,9,0,0,52.5,109.4,0
order_b06ac51c49,pay_b99593c700,2026-08-08 13:43:54.788603,437.43,card,apparel,0,6,0.23745418918184172,13,1,0,6.0,143.4,1
order_9a32198a8f,pay_c0c4877085,2026-08-13 14:58:18.788603,447.89,cod,apparel,0,6,0.07014205056133589,14,0,0,6.0,34.1,0
order_d12ec5c5dd,pay_3bd938c611,2026-08-23 16:28:39.788603,966.32,card,digital,0,3,0.377486772078106,16,1,0,5.0,21.8,1
order_ba183450d8,pay_f858138f6e,2026-08-09 21:01:19.788603,706.45,wallet,grocery,0,2,0.016091544338948355,21,1,0,55.6,97.1,1
order_307a134d15,pay_88d31bc239,2026-08-25 14:26:22.788603,724.29,wallet,electronics,0,4,0.20924382501513172,14,0,0,6.1,88.3,0
order_f822f79300,pay_1eebb7f95f,2026-08-02 01:36:43.788603,299.83,upi,grocery,1,0,0.0,1,1,1,3.5,70.8,0
order_7403289e25,pay_e3a20663d7,2026-08-07 09:52:35.788603,2234.27,upi,apparel,0,6,0.047228350166551684,9,0,0,2.9,63.5,1
order_5dfe97fa31,pay_3d8189a82a,2026-08-06 02:11:51.788603,1775.4,upi,electronics,1,0,0.0,2,0,1,21.4,72.7,0
order_8cc7dfb2ad,pay_60618d3cb1,2026-07-31 20:37:09.788603,168.9,upi,electronics,0,4,0.3529716657698633,20,0,0,43.4,84.9,1
order_a5dbcdcefd,pay_8adfc14174,2026-08-17 11:23:05.788603,248.43,upi,electronics,1,0,0.0,11,0,0,8.1,94.4,1
order_9b00579630,pay_bde91d55c0,2026-08-19 06:12:55.788603,392.3,upi,grocery,0,5,0.23790156036926305,6,0,0,3.2,86.9,0
order_1eb7a182fc,pay_4fda1ba7c5,2026-08-16 23:49:49.788603,460.94,upi,grocery,0,10,0.046973685723464755,23,1,1,3.0,35.7,0
order_d2ad391fc3,pay_75a80c2047,2026-08-20 23:53:06.788603,1451.11,wallet,electronics,1,0,0.0,23,0,1,3.7,342.4,1
order_adeb25aaff,pay_6842c6fb42,2026-08-01 07:29:19.788603,594.28,card,grocery,0,11,0.027960826201355506,7,1,0,29.1,36.1,1
order_37b47ec9a7,pay_3b2a404294,2026-08-11 14:26:38.788603,2860.18,card,home,0,4,0.11615166379609486,14,0,0,5.6,188.7,0
order_19b9e649fe,pay_f31ee03f76,2026-08-05 16:09:49.788603,347.82,upi,digital,1,0,0.0,16,0,0,12.9,27.3,0
order_3030247ccc,pay_c1fabced1a,2026-08-23 11:44:35.788603,693.07,upi,grocery,0,1,0.012918125169463314,11,1,0,1.6,102.3,0
order_70a14b2f09,pay_a228c1abf8,2026-08-07 07:46:28.788603,351.85,cod,apparel,0,6,0.1763574012666844,7,0,0,27.6,18.0,0
order_c266492816,pay_fd4aba32e6,2026-08-18 16:23:22.788603,2790.94,upi,grocery,0,2,0.23711143476802884,16,0,0,23.6,150.8,0
order_1c692002c8,pay_aca19e87a5,2026-08-15 15:04:39.788603,802.65,netbanking,apparel,0,8,0.017064274839433825,15,1,0,5.7,152.2,0
order_bfe2f32feb,pay_da6c6c06dc,2026-07-31 13:29:52.788603,190.12,upi,apparel,0,1,0.02600745227288968,13,0,0,28.6,72.4,0
order_1ad0973e3d,pay_a11ce9f30f,2026-08-20 05:26:44.788603,473.56,upi,home,1,0,0.0,5,0,0,2.2,116.7,0
order_8582db7b39,pay_8ff00ce6a4,2026-08-07 16:29:04.788603,1080.13,netbanking,home,0,3,0.005624967636207993,16,0,0,39.5,97.1,0
order_e11fd50672,pay_fc18610d09,2026-08-26 21:03:07.788603,495.02,cod,apparel,0,6,0.765225677005526,21,0,0,19.6,55.2,1
order_e0879ccc82,pay_7e31f5188d,2026-08-09 21:29:31.788603,681.01,netbanking,home,1,0,0.0,21,1,0,2.6,193.0,0
order_8ee540e1da,pay_50310938f5,2026-08-25 17:14:15.788603,207.51,upi,electronics,1,0,0.0,17,0,0,1.7,18.5,1
order_8da7ebb0c8,pay_a1a8800267,2026-08-17 13:46:41.788603,870.76,netbanking,grocery,0,4,0.08283075323716187,13,0,0,14.7,60.2,0
order_fce7aada20,pay_25706bd6a8,2026-08-09 19:29:34.788603,2080.4,upi,apparel,0,10,0.0517335708644044,19,1,0,0.1,27.7,0
order_df78cc10fb,pay_7af64c44ee,2026-08-17 08:02:46.788603,1054.1,upi,grocery,0,7,0.08353118048316566,8,0,0,0.9,154.3,0
order_8b817698b7,pay_313550895e,2026-08-15 19:53:39.788603,396.73,upi,home,0,5,0.3535882797608112,19,1,0,4.6,77.8,0
order_c9abd79e93,pay_e12f1d7f7d,2026-08-07 21:37:37.788603,934.21,cod,digital,0,4,0.11525674560116944,21,0,0,24.8,513.5,0
order_b53d9e0dc6,pay_7f217ea4ca,2026-08-23 06:27:26.788603,829.53,cod,grocery,1,0,0.0,6,1,0,24.6,161.4,1
order_024f6babe2,pay_1856093bc2,2026-08-27 03:50:11.788603,2447.45,upi,apparel,0,7,0.027419935885796724,3,0,1,33.4,122.6,1
order_189fe56131,pay_78a61410eb,2026-08-01 21:53:36.788603,50.0,wallet,digital,1,0,0.0,21,1,0,8.8,279.2,0
order_ed8c4a000c,pay_0ad0af988f,2026-08-19 11:50:48.788603,723.46,netbanking,digital,1,0,0.0,11,0,0,27.6,54.5,0
order_f0e5ce8016,pay_4c6ffb46ae,2026-08-05 10:08:11.788603,257.6,card,apparel,0,1,0.027826860760102386,10,0,0,8.6,24.4,0
order_a044cfb088,pay_59dcacfbdc,2026-08-05 09:32:33.788603,3818.78,upi,electronics,1,0,0.0,9,0,0,14.6,23.3,1
order_58a692f952,pay_7abf93ba2e,2026-08-24 10:25:04.788603,1134.22,wallet,digital,0,3,0.24877173624150553,10,0,0,0.2,60.9,0
order_08899465b9,pay_f261ea7388,2026-08-23 00:30:19.788603,298.55,card,digital,0,6,0.28195790813956184,0,1,1,23.2,80.2,0
order_6712d6faa1,pay_2ac9592d2b,2026-08-22 08:01:46.788603,693.92,upi,digital,0,2,0.03486904889964658,8,1,0,2.3,37.7,0
order_f23e6b859c,pay_aa5ca29902,2026-08-17 05:04:52.788603,611.47,upi,apparel,0,7,0.2525655048903994,5,0,0,6.9,47.7,0
order_e8100c3dab,pay_db4bafc418,2026-08-03 08:52:19.788603,809.85,wallet,apparel,0,3,0.09262201419192513,8,0,0,1.7,30.9,0
order_5989a65091,pay_ee377677fc,2026-07-29 20:03:16.788603,763.71,card,digital,0,4,0.08099002113290336,20,0,0,19.7,123.7,0
order_097f7648a7,pay_3e2f6aabd7,2026-08-12 13:05:53.788603,418.79,upi,apparel,1,0,0.0,13,0,0,28.2,28.9,1
order_be49d0e96e,pay_0d9f8228d4,2026-08-10 20:10:03.788603,1225.25,cod,apparel,1,0,0.0,20,0,0,56.3,66.4,1
order_22ce1654a9,pay_6b21746ef6,2026-08-24 13:34:35.788603,570.11,upi,digital,1,0,0.0,13,0,0,4.6,90.8,0
order_5502694f23,pay_5f753276f1,2026-07-30 14:08:39.788603,3855.71,upi,grocery,0,5,0.2490433914305534,14,0,0,44.7,129.5,0
order_e8c666d97e,pay_6f7421c11d,2026-08-07 23:01:45.788603,519.4,upi,apparel,0,10,0.4136139950374756,23,0,1,25.5,93.0,0
order_706e38e0a8,pay_0cecdcec02,2026-08-26 22:52:40.788603,1824.35,upi,digital,1,0,0.0,22,0,0,16.6,116.5,0
order_632a8afeac,pay_0318a80303,2026-08-13 20:36:55.788603,146.8,upi,apparel,1,0,0.0,20,0,0,0.4,56.0,0
order_a6e72e6769,pay_0ec637be7e,2026-07-30 11:04:54.788603,649.37,upi,electronics,1,0,0.0,11,0,0,4.1,53.5,1
order_00cec0b1d3,pay_4c709f9039,2026-08-19 02:49:42.788603,1062.99,netbanking,electronics,1,0,0.0,2,0,1,4.1,43.1,0
order_b0571ee0e8,pay_024e30fa7d,2026-08-19 03:17:32.788603,885.72,upi,grocery,0,8,0.14250092659500063,3,0,1,0.4,107.2,0
order_e7a00c4aeb,pay_1705eeaca2,2026-08-20 17:49:22.788603,560.4,upi,apparel,1,0,0.0,17,0,0,8.8,50.5,0
order_922bfdcc69,pay_479d7a441a,2026-07-30 11:34:36.788603,1422.95,upi,home,0,2,0.09902211851988492,11,0,0,3.9,23.3,0
order_0d6f8b6cbc,pay_317feeaf76,2026-08-04 21:04:18.788603,1033.4,upi,digital,0,0,0.4713338603817375,21,0,0,35.5,43.5,0
order_3472a108bb,pay_cc197ca898,2026-08-19 00:19:12.788603,1229.45,wallet,grocery,0,6,0.10728701996385807,0,0,1,9.1,39.4,0
order_6dd0c7e113,pay_6fba819130,2026-07-31 00:28:22.788603,604.11,upi,grocery,1,0,0.0,0,0,1,43.6,29.8,0
order_a3c86a2be8,pay_58e1c2a2c2,2026-08-23 23:23:02.788603,1034.13,upi,electronics,0,3,0.01566158437124443,23,1,1,12.5,117.2,0
order_7bc206a80b,pay_1469af3a8d,2026-08-20 18:49:40.788603,545.85,upi,electronics,0,4,0.23825328663605283,18,0,0,17.8,38.3,0
order_22346f0959,pay_af93ca5a22,2026-08-15 09:50:25.788603,874.68,card,apparel,0,3,0.18583672025368336,9,1,0,0.4,108.9,1
order_4d9bccb5b9,pay_85c1ba7406,2026-07-28 14:08:45.788603,577.58,upi,home,0,7,0.10910232405031724,14,0,0,2.2,70.2,0
order_63aaa81620,pay_adf0d44a40,2026-08-20 11:11:11.788603,1052.47,upi,apparel,0,6,0.06522131006402904,11,0,0,15.8,28.4,0
order_ab5b3a4618,pay_00b7bf73a0,2026-08-16 00:41:59.788603,408.53,upi,apparel,0,3,0.07513372984514663,0,1,1,11.9,52.7,0
order_7ee87121be,pay_25a43e68b5,2026-08-21 22:28:10.788603,4503.25,upi,apparel,1,0,0.0,22,0,0,10.0,60.4,0
order_b7f8dcce3e,pay_d999e69542,2026-08-16 23:00:01.788603,105.78,upi,digital,1,0,0.0,23,1,1,0.7,79.2,0
order_3b94ceadcd,pay_0a55973635,2026-08-14 11:13:51.788603,836.16,upi,apparel,0,6,0.15532305711844102,11,0,0,44.5,32.2,0
order_286a7ab94c,pay_7ed7304ab3,2026-08-16 13:53:06.788603,59.61,upi,apparel,1,0,0.0,13,1,0,2.8,107.8,0
order_96491406bd,pay_8e46848f63,2026-08-09 04:15:27.788603,956.51,card,electronics,0,7,0.016780493265102808,4,1,1,20.3,86.0,0
order_e8794c1070,pay_bcc70523fb,2026-08-06 10:22:42.788603,109.87,cod,apparel,0,6,0.15170764170829468,10,0,0,8.3,37.6,1
order_221a3b68d9,pay_62690849fc,2026-08-16 04:57:03.788603,150.46,cod,electronics,0,6,0.03763618260879095,4,1,1,17.1,22.6,0
order_770ac89e20,pay_5d6605347e,2026-08-15 20:39:24.788603,242.53,wallet,apparel,0,3,0.2788315632724515,20,1,0,6.0,42.3,0
order_f79d08b198,pay_964626acb8,2026-08-07 09:00:35.788603,940.22,upi,grocery,1,0,0.0,9,0,0,0.2,47.4,0
order_b665f6d815,pay_7d1d9abe31,2026-08-14 13:04:41.788603,1768.7,card,electronics,0,6,0.32972582501260955,13,0,0,22.7,61.3,0
order_29d8620112,pay_c0d3737caa,2026-08-15 10:29:15.788603,750.84,cod,apparel,0,5,0.3302163378986986,10,1,0,11.3,46.9,0
order_66d5b60c32,pay_02c6a0b031,2026-08-15 01:03:16.788603,1051.13,netbanking,electronics,0,6,0.22277217095294896,1,1,1,5.1,277.7,0
order_e37abbcc72,pay_886bfbadb5,2026-08-26 05:10:15.788603,1651.1,card,home,1,0,0.0,5,0,0,41.5,23.7,1
order_28e6317d2c,pay_f2234c8578,2026-08-17 13:06:20.788603,851.8,cod,apparel,0,7,0.09118266569743139,13,0,0,34.3,101.5,0
order_f6884269e1,pay_b4a5174067,2026-08-04 03:50:56.788603,313.09,cod,digital,0,5,0.005299518395812053,3,0,1,2.0,129.8,0
order_0357dca345,pay_85035164f1,2026-08-25 23:57:10.788603,440.1,upi,home,0,7,0.0068101317977489065,23,0,1,40.9,17.5,0
order_364c10eed8,pay_58f1a01af8,2026-08-07 04:05:38.788603,7270.31,upi,home,0,5,0.05959655242352146,4,0,1,2.9,77.4,0
order_610100f56b,pay_83640f4e12,2026-08-03 01:11:37.788603,173.98,cod,apparel,0,4,0.35845291143623015,1,0,1,8.1,288.4,1
order_a5c55c341c,pay_a7f86af2e5,2026-08-24 23:55:37.788603,1081.79,cod,home,0,5,0.12425427567312486,23,0,1,31.4,20.6,0
order_96ae1dbcd9,pay_de050dd85b,2026-08-17 17:26:10.788603,176.17,netbanking,grocery,1,0,0.0,17,0,0,19.1,43.0,0
order_ba50d5819e,pay_ad806dc962,2026-08-17 18:40:20.788603,687.54,cod,digital,0,5,0.16085400169732578,18,0,0,18.0,77.8,0
order_126ccf09bb,pay_8208a962c3,2026-08-24 11:38:52.788603,138.51,upi,electronics,0,9,0.010113531839043167,11,0,0,50.4,81.4,0
order_789cc19b48,pay_5fc2a56144,2026-08-04 13:33:58.788603,1872.19,card,apparel,0,3,0.047151012290425794,13,0,0,2.1,26.2,0
order_0f4290f572,pay_3963747ba5,2026-07-29 22:43:20.788603,943.46,cod,home,0,2,0.26190980523081425,22,0,0,6.2,49.4,1
order_049c212dd8,pay_7ee80cfc25,2026-08-14 18:45:27.788603,2640.36,card,digital,1,0,0.0,18,0,0,10.3,69.6,0
order_139138dfed,pay_2996979cbb,2026-07-29 16:57:42.788603,2441.81,wallet,digital,1,0,0.0,16,0,0,7.4,27.6,0
order_cd76cbad51,pay_d2393c0dc7,2026-08-14 23:47:51.788603,1402.72,card,electronics,1,0,0.0,23,0,1,37.1,92.0,0
order_ed3a98dda2,pay_edf84452b4,2026-07-31 17:57:46.788603,1444.68,card,electronics,0,3,0.15873962363172406,17,0,0,1.8,143.6,0
order_7b4e749eae,pay_98e61245c6,2026-08-05 18:41:44.788603,262.95,upi,apparel,0,4,0.11222065076024458,18,0,0,18.0,135.0,0
order_58b66bbf64,pay_876b87002c,2026-08-06 03:22:37.788603,137.63,upi,digital,0,3,0.4205557721789815,3,0,1,0.7,74.2,0
order_f2210cadfa,pay_cf703b9014,2026-08-07 19:09:26.788603,1345.61,cod,grocery,0,6,0.1103010525404354,19,0,0,13.7,96.2,1
order_7ad31e625b,pay_a2e4b34609,2026-08-21 14:14:18.788603,701.72,card,electronics,0,5,0.03137059574725214,14,0,0,1.6,47.1,0
order_7dba365b25,pay_c2073a9024,2026-08-15 16:01:18.788603,293.52,upi,grocery,1,0,0.0,16,1,0,11.3,21.7,0
order_226aa5eb7b,pay_26932a1118,2026-08-02 23:17:41.788603,464.03,upi,apparel,1,0,0.0,23,1,1,4.6,47.6,0
order_37911f54f7,pay_650c34e40e,2026-08-13 17:37:46.788603,2240.42,upi,electronics,0,5,0.023237451883303496,17,0,0,29.3,63.4,0
order_797df8c11a,pay_d3f942f30e,2026-08-14 09:39:25.788603,543.99,cod,electronics,0,3,0.046119175765684924,9,0,0,14.8,105.3,0
order_cb435653a5,pay_1245e9e74e,2026-08-24 04:13:02.788603,583.34,upi,grocery,0,4,0.19053101834376052,4,0,1,16.1,135.9,0
order_c021425574,pay_115d276b91,2026-08-24 12:10:37.788603,4304.39,cod,grocery,0,4,0.03481282128456144,12,0,0,4.2,43.7,0
order_085a797491,pay_27f392c0ad,2026-07-31 02:33:48.788603,4991.69,card,apparel,0,6,0.047759854007445306,2,0,1,5.7,45.1,0
order_af292824ad,pay_6197a89e8a,2026-08-05 04:37:44.788603,586.81,netbanking,digital,1,0,0.0,4,0,1,1.6,35.6,0
order_ad66bafaa1,pay_90af5b1668,2026-08-24 01:58:42.788603,1993.75,cod,electronics,1,0,0.0,1,0,1,5.4,74.7,0
order_9be0f7da5f,pay_a54dace68c,2026-08-18 13:57:15.788603,757.29,cod,digital,1,0,0.0,13,0,0,1.4,208.8,0
order_cccb509bba,pay_e0feb81485,2026-08-07 21:39:23.788603,441.81,cod,apparel,1,0,0.0,21,0,0,10.4,30.3,0
order_ea75bf4e2d,pay_50cf970418,2026-08-06 18:26:45.788603,228.42,netbanking,apparel,1,0,0.0,18,0,0,2.5,73.3,0
order_cceb4f5140,pay_9908c5497b,2026-08-17 02:31:43.788603,640.2,cod,electronics,0,4,0.3768683655025139,2,0,1,2.2,100.5,1
order_2c61dbb671,pay_3e3ff002ed,2026-08-07 14:01:40.788603,50.0,upi,electronics,0,1,0.2977014421368414,14,0,0,38.1,65.2,0
order_d729f9988a,pay_11d12fb984,2026-08-21 23:17:53.788603,378.83,upi,electronics,0,5,0.0801694749877124,23,0,1,32.2,131.2,0
order_ee3712def2,pay_9bd57caadb,2026-08-17 03:58:58.788603,1912.53,card,apparel,0,5,0.050051724776974324,3,0,1,4.1,23.9,0
order_cb56c8bdd8,pay_f717e2b845,2026-08-20 03:39:36.788603,863.35,netbanking,home,1,0,0.0,3,0,1,5.7,25.1,0
order_6fd0d5df15,pay_5cc3ded0a6,2026-08-19 04:47:02.788603,2985.1,upi,apparel,0,8,0.038566791514506406,4,0,1,34.1,49.1,0
order_0c7ef5314e,pay_6fb8632268,2026-08-03 00:05:36.788603,2138.65,card,home,0,3,0.06916860884240424,0,0,1,39.1,33.8,0
order_db0176584b,pay_fb12834cbe,2026-08-08 22:20:07.788603,706.93,upi,grocery,0,2,0.026479256933049408,22,1,0,24.6,129.0,0
order_e6cbd68d52,pay_400375ccc9,2026-08-25 00:37:40.788603,3142.17,card,electronics,0,3,0.31439260907138206,0,0,1,22.8,16.2,0
order_4587f4ea49,pay_41bd75a97d,2026-08-06 07:51:39.788603,586.34,cod,home,1,0,0.0,7,0,0,4.4,77.6,0
order_d88ac71052,pay_35becb66e3,2026-08-17 11:12:19.788603,1370.21,cod,apparel,0,6,0.2582371206688718,11,0,0,13.2,171.1,0
order_33d324f0eb,pay_5c805d562f,2026-08-15 11:21:42.788603,441.17,netbanking,apparel,0,4,0.0020601604531015768,11,1,0,131.3,127.1,1
order_3a1e533077,pay_d23ebe1f80,2026-08-03 23:06:42.788603,1864.2,upi,apparel,0,4,0.1133441171293125,23,0,1,18.4,47.2,0
order_9d3cd2fc64,pay_126a23bd0e,2026-08-10 02:48:23.788603,792.11,upi,apparel,0,2,0.16243099542796716,2,0,1,3.4,25.1,0
order_4ee3b78b5d,pay_18312be524,2026-08-26 11:19:26.788603,116.82,card,apparel,0,6,0.01330057122666765,11,0,0,13.7,93.3,1
order_e7e09dfeb6,pay_b271707a82,2026-08-21 10:16:01.788603,231.06,card,digital,0,2,0.06166904274425311,10,0,0,5.4,48.5,0
order_3547a23c19,pay_3ea476af97,2026-08-22 23:56:35.788603,2314.79,cod,digital,0,6,0.014875490686262706,23,1,1,13.4,32.1,0
order_0077a8acb9,pay_009d1f0741,2026-08-23 11:39:00.788603,1022.85,cod,apparel,1,0,0.0,11,1,0,36.1,40.6,1
order_cba558ec7c,pay_a93daab3ae,2026-08-16 11:17:34.788603,1176.97,cod,apparel,0,3,0.2953349798357577,11,1,0,10.3,34.6,1
order_433cb038d6,pay_b9d88b3ad7,2026-08-10 12:58:14.788603,1538.81,upi,apparel,0,7,0.4068048574865499,12,0,0,22.4,52.6,1
order_5f9211fbb3,pay_93fa6fe27f,2026-08-17 20:38:06.788603,526.02,cod,grocery,1,0,0.0,20,0,0,10.3,24.2,1
order_e55d6d8bbf,pay_5343a12a71,2026-08-24 20:35:26.788603,1270.3,card,apparel,1,0,0.0,20,0,0,3.2,49.2,1
order_a61e682b37,pay_3328e5383d,2026-08-20 19:14:41.788603,1356.25,wallet,grocery,0,2,0.3343446389059617,19,0,0,25.3,152.5,0
order_94915cc72f,pay_c253028f40,2026-08-11 23:14:30.788603,1842.15,upi,apparel,0,2,0.145410382452763,23,0,1,27.3,34.2,0
order_3add202f5f,pay_5d2019c0f2,2026-08-17 09:50:40.788603,1638.44,card,grocery,0,2,0.3615989206632027,9,0,0,13.2,26.3,0
order_f302fc1ece,pay_a0bb2397dc,2026-08-15 16:48:40.788603,531.46,netbanking,apparel,0,6,0.02984684523381196,16,1,0,1.8,72.9,1
order_d9c3c55201,pay_864da351a9,2026-07-29 19:43:41.788603,609.52,upi,electronics,0,5,0.3678956631785676,19,0,0,11.9,32.0,0
order_f20108e4f1,pay_4682bcf469,2026-08-05 01:24:20.788603,464.9,cod,apparel,0,3,0.08940178077446252,1,0,1,3.3,24.2,0
order_647309baa9,pay_2e4682816b,2026-08-21 11:53:08.788603,1453.56,card,grocery,1,0,0.0,11,0,0,4.5,35.9,0
order_c2d52c803a,pay_ba15eaed63,2026-08-14 22:19:48.788603,884.03,upi,apparel,1,0,0.0,22,0,0,12.3,51.7,0
order_6b7db0e3da,pay_fe6b58aadd,2026-08-16 08:20:20.788603,151.89,upi,electronics,1,0,0.0,8,1,0,25.3,55.7,0
order_482a50d0cb,pay_ebc8c392df,2026-08-11 19:28:43.788603,445.64,upi,apparel,0,1,0.13213030606064066,19,0,0,12.3,435.4,0
order_0581baac81,pay_7c855dba70,2026-08-14 14:32:42.788603,957.62,upi,digital,0,5,0.04820097882306822,14,0,0,4.3,28.3,0
order_6e351d37d2,pay_3eb84e2184,2026-08-01 01:31:48.788603,402.68,card,electronics,0,5,0.2883585709168971,1,1,1,4.3,24.1,0
order_7c847d189a,pay_daea620061,2026-08-10 17:20:43.788603,227.5,wallet,apparel,0,1,0.059678372286249774,17,0,0,1.7,35.3,0
order_a1dac79132,pay_3d06e4a5ef,2026-08-17 18:39:17.788603,403.32,upi,grocery,0,4,0.1571099721903669,18,0,0,25.5,16.9,1
order_295da7eaa7,pay_336e324472,2026-08-17 18:27:40.788603,1073.75,upi,apparel,1,0,0.0,18,0,0,3.6,40.5,0
order_551ef6ebd6,pay_c1c372f1f2,2026-08-13 19:33:41.788603,173.06,upi,apparel,0,5,0.02805269907239663,19,0,0,0.9,35.8,0
order_5b00017e5d,pay_d97e4f87ff,2026-07-28 23:13:50.788603,536.91,upi,apparel,1,0,0.0,23,0,1,9.6,74.9,0
order_c1f30d3a67,pay_0100d491ea,2026-08-08 16:13:31.788603,251.23,upi,digital,0,9,0.13827652296032691,16,1,0,2.1,49.2,0
order_e2bfffc629,pay_6020a64008,2026-08-16 19:02:28.788603,3524.12,cod,digital,0,3,0.37561276329657234,19,1,0,5.9,15.7,0
order_0fffad4a93,pay_6f9a34ac9c,2026-08-07 23:55:26.788603,770.44,card,grocery,1,0,0.0,23,0,1,4.2,49.1,0
order_48a47530a1,pay_2de4335b76,2026-08-10 03:42:54.788603,2089.23,netbanking,electronics,0,4,0.055457211289171346,3,0,1,19.5,88.8,0
order_7f58d46186,pay_4f5df6b0c1,2026-08-20 13:38:42.788603,3429.42,upi,home,0,7,0.377144233573705,13,0,0,18.7,29.4,0
order_20acbc0c4c,pay_7720d8ea08,2026-08-05 16:21:46.788603,618.41,upi,home,1,0,0.0,16,0,0,17.3,40.2,0
order_7a319e9ff3,pay_672f738de1,2026-08-18 19:20:42.788603,126.0,card,electronics,0,9,0.14209647326858776,19,0,0,6.5,37.8,0
order_dffe4452ef,pay_a86d99aaf4,2026-08-16 15:51:20.788603,976.18,cod,grocery,0,4,0.1502444254596346,15,1,0,16.4,16.8,0
order_eb85ef3881,pay_8663ff4111,2026-08-05 10:38:58.788603,1399.89,cod,apparel,1,0,0.0,10,0,0,33.8,49.9,0
order_13e7f18ecf,pay_52f2a23973,2026-08-12 02:17:37.788603,84.16,cod,apparel,0,7,0.2276046157176732,2,0,1,3.2,126.6,1
order_f53157d5ca,pay_bb3ba5a263,2026-08-02 04:42:25.788603,571.1,upi,apparel,0,5,0.15589022532457034,4,1,1,3.3,13.5,0
order_45f0e97b99,pay_35e29f8799,2026-08-05 06:23:40.788603,3369.74,upi,electronics,0,8,0.15360769912044997,6,0,0,2.4,116.1,0
order_106379a6b1,pay_0d5239a648,2026-08-11 15:19:43.788603,359.69,upi,apparel,1,0,0.0,15,0,0,11.4,35.5,0
order_1e634e4aa5,pay_53b1ab7554,2026-08-15 10:00:16.788603,231.46,card,grocery,0,7,0.18511990531682526,10,1,0,15.7,48.8,0
order_97f49dba4e,pay_e979359433,2026-08-03 07:09:57.788603,428.14,wallet,apparel,0,4,0.2634886443731526,7,0,0,18.2,29.3,0
order_70e4992609,pay_dc5563adff,2026-08-06 00:29:54.788603,1280.23,upi,home,0,4,0.017192092967055542,0,0,1,8.4,7.9,0
order_f6bfbc362e,pay_e317197f74,2026-08-20 21:21:36.788603,208.89,upi,grocery,0,4,0.1492739636619447,21,0,0,3.3,36.5,0
order_9ab18414c9,pay_f2f115a556,2026-07-31 03:52:09.788603,1214.28,upi,grocery,1,0,0.0,3,0,1,5.2,38.4,0
order_119a4ca084,pay_1d5818377c,2026-08-14 01:33:24.788603,311.54,upi,apparel,0,4,0.1517199870047611,1,0,1,31.5,118.2,0
order_fab3097ac4,pay_81b7a21bc0,2026-08-08 20:00:43.788603,1798.58,upi,electronics,0,6,0.1448975409132719,20,1,0,5.9,48.5,0
order_763949a1ed,pay_f328c80e37,2026-08-12 12:14:22.788603,190.15,upi,apparel,0,7,0.30136469163218005,12,0,0,35.2,93.6,0
order_e05584e5e7,pay_3fe5c3a7ad,2026-08-04 12:41:49.788603,451.93,cod,electronics,0,7,0.31715102892055436,12,0,0,3.5,25.1,0
order_9e9b725d4e,pay_ecb547a12b,2026-08-04 01:25:24.788603,943.89,upi,grocery,0,7,0.0904743742596936,1,0,1,16.0,148.6,0
order_ccf7dcf017,pay_e88502a083,2026-08-01 20:53:59.788603,828.65,upi,electronics,0,4,0.2375457859300518,20,1,0,18.2,165.2,0
order_f5241782d9,pay_d88303f9a2,2026-07-29 22:29:23.788603,477.77,upi,grocery,1,0,0.0,22,0,0,11.6,22.0,0
order_3b397d49e0,pay_38c44cb337,2026-08-14 21:55:29.788603,218.67,cod,digital,1,0,0.0,21,0,0,16.7,40.0,0
order_bba7607539,pay_952f5c3169,2026-08-19 12:53:50.788603,2179.06,netbanking,apparel,0,5,0.35478931201134,12,0,0,17.6,25.1,0
order_8977c8155c,pay_03175c62b8,2026-08-21 14:23:50.788603,64.5,cod,apparel,1,0,0.0,14,0,0,3.3,540.5,1
order_afee899d9a,pay_9e4cc33bd5,2026-08-27 06:52:43.788603,244.21,upi,home,0,6,0.26085403477745084,6,0,0,3.2,59.9,0
order_67b0afbf47,pay_c13ab96087,2026-08-06 15:52:27.788603,282.73,cod,electronics,1,0,0.0,15,0,0,4.1,115.4,0
order_e633d3f697,pay_af09e64850,2026-08-26 10:49:13.788603,2076.63,cod,apparel,1,0,0.0,10,0,0,0.6,51.8,0
order_de9c5e8c71,pay_e8c51aa422,2026-08-16 18:24:06.788603,3967.53,wallet,grocery,1,0,0.0,18,1,0,6.9,33.5,0
order_e23026de45,pay_aebd285420,2026-07-29 06:59:04.788603,360.79,upi,apparel,0,5,0.05911532724228235,6,0,0,7.0,65.1,0
order_21c8da975e,pay_ab20f845ae,2026-08-15 06:01:33.788603,1629.19,wallet,electronics,0,1,0.37258802741439745,6,1,0,2.3,239.3,0
order_8de4800f8d,pay_1719674ee2,2026-08-26 17:57:36.788603,400.48,upi,grocery,0,3,0.3370635557106067,17,0,0,8.5,72.1,1
order_c651162e25,pay_094f96c59e,2026-08-04 13:13:28.788603,719.17,wallet,digital,0,4,0.012355704868600485,13,0,0,0.9,66.1,0
order_3daf12243c,pay_bda7b20a2d,2026-08-05 09:10:02.788603,464.9,card,home,0,9,0.009120350766021456,9,0,0,7.9,93.7,0
order_885226aac5,pay_dd9788b860,2026-08-08 20:39:27.788603,837.15,cod,grocery,0,2,0.015905348746583645,20,1,0,1.1,11.3,0
order_ac99162f83,pay_4c58ff3cc2,2026-08-02 18:29:43.788603,1865.77,upi,home,0,8,0.04614106814436485,18,1,0,30.2,45.4,0
order_24e9482d0e,pay_e4ed9baefe,2026-08-16 03:32:41.788603,347.63,card,electronics,0,10,0.07466236545062142,3,1,1,4.7,81.6,0
order_edf846885b,pay_007bf540e5,2026-08-06 11:54:39.788603,828.12,upi,electronics,0,6,0.15437441562338464,11,0,0,47.5,33.2,0
order_2e43d00daa,pay_8f4465aaf0,2026-08-04 22:51:51.788603,488.37,cod,grocery,0,5,0.2903989872894706,22,0,0,15.9,117.8,1
order_81dda4b33f,pay_7b7f90f149,2026-08-20 17:44:17.788603,2582.29,upi,apparel,1,0,0.0,17,0,0,5.0,27.3,1
order_5b75f91875,pay_b1ab8ccb30,2026-08-21 19:19:48.788603,587.65,cod,apparel,0,11,0.02475490860629421,19,0,0,25.5,55.1,1
order_d0aa14523b,pay_2fc2a560e2,2026-08-17 06:54:30.788603,796.02,cod,apparel,0,5,0.09112487780835016,6,0,0,15.3,112.3,0
order_b70db11388,pay_2955e440c2,2026-08-11 17:00:26.788603,933.13,upi,digital,1,0,0.0,17,0,0,19.3,38.5,0
order_90907e1bbd,pay_c737714e0a,2026-08-05 02:05:22.788603,1398.72,upi,grocery,0,3,0.22957248041510905,2,0,1,59.2,23.4,1
order_78c92f7541,pay_ab1bc66661,2026-08-11 10:48:31.788603,550.89,card,grocery,0,8,0.14968787370872477,10,0,0,8.8,66.6,0
order_09802642f1,pay_1c64981409,2026-08-06 20:29:04.788603,555.05,cod,grocery,0,9,0.11023118465365506,20,0,0,2.6,26.0,0
order_e1a055ff10,pay_b48f40595d,2026-08-15 12:54:59.788603,50.0,upi,apparel,1,0,0.0,12,1,0,11.4,107.2,0
order_951b88bde9,pay_e2beb20cb5,2026-08-09 23:04:50.788603,1814.93,cod,electronics,0,9,0.16897019439190228,23,1,1,1.2,77.0,1
order_0297cf1637,pay_366924b836,2026-08-14 10:15:37.788603,333.97,wallet,apparel,0,8,0.0607789433108008,10,0,0,3.6,52.0,0
order_a03cfb138f,pay_cc9b8848fd,2026-08-08 00:21:26.788603,286.03,netbanking,apparel,0,10,0.16719646058041762,0,1,1,12.7,20.5,0
order_3ec232db28,pay_40317943e8,2026-08-20 13:04:58.788603,608.36,wallet,apparel,1,0,0.0,13,0,0,16.7,76.5,0
order_7f70bcaa8d,pay_e9ac87f4fe,2026-08-20 14:12:05.788603,222.85,upi,electronics,0,2,0.056972116195659596,14,0,0,11.9,161.1,0
order_aceb0ba661,pay_1d803e357e,2026-08-12 17:05:51.788603,1104.49,cod,apparel,0,5,0.061288752936424606,17,0,0,4.5,278.1,0
order_5a88095476,pay_1f0186c576,2026-08-20 00:13:07.788603,639.88,cod,electronics,1,0,0.0,0,0,1,7.7,13.1,0
order_84c8aa0deb,pay_bafe99d573,2026-08-19 12:07:50.788603,1510.45,upi,grocery,1,0,0.0,12,0,0,2.9,110.7,0
order_7d59a4d74d,pay_a839c3666a,2026-08-05 14:03:39.788603,302.26,card,grocery,1,0,0.0,14,0,0,4.2,45.3,0
order_74ddac4d63,pay_e284e76e97,2026-08-14 00:39:42.788603,311.89,wallet,electronics,0,6,0.01702221987048895,0,0,1,12.2,79.0,0
order_5b2fccbb71,pay_f2faff96b5,2026-08-06 19:18:27.788603,621.09,card,home,0,1,0.198403464532737,19,0,0,8.9,14.9,1
order_d49a5c2647,pay_24ba5ca85e,2026-07-30 00:56:50.788603,691.98,cod,home,0,7,0.010345427705156738,0,0,1,26.9,160.9,0
order_f152a731b3,pay_b077187ff4,2026-08-04 20:50:34.788603,146.97,upi,grocery,1,0,0.0,20,0,0,44.4,134.9,0
order_0fc5c0f7b5,pay_5931cfcedc,2026-07-29 03:52:51.788603,1258.72,upi,grocery,1,0,0.0,3,0,1,4.6,57.6,0
order_ab33b10539,pay_f4dde04781,2026-08-19 03:02:35.788603,972.34,upi,apparel,0,6,0.05333695956042034,3,0,1,19.2,272.3,0
order_4f344e9874,pay_37dec26a34,2026-08-08 03:32:05.788603,561.87,cod,apparel,0,8,0.06232228537971935,3,1,1,4.9,81.8,1
order_c37f929178,pay_431cfd663f,2026-08-01 11:41:25.788603,164.11,cod,grocery,0,9,0.1411001740386797,11,1,0,28.3,220.3,0
order_af53e0aa9a,pay_8de867367e,2026-08-21 12:51:45.788603,795.58,upi,electronics,0,3,0.005741459174810982,12,0,0,2.8,230.6,0
order_b687031087,pay_09cd24f79c,2026-08-16 11:02:37.788603,290.8,netbanking,grocery,0,2,0.18079150181915402,11,1,0,7.3,41.2,0
order_dd7104e258,pay_d7464f2860,2026-08-11 17:05:43.788603,405.34,cod,grocery,1,0,0.0,17,0,0,17.2,155.4,0
order_5d643d0cbf,pay_fdec3618f3,2026-07-28 17:03:00.788603,958.77,upi,grocery,0,6,0.0662147035318427,17,0,0,41.9,107.7,0
order_6be3aee196,pay_47330978fc,2026-07-31 02:02:41.788603,287.26,upi,apparel,1,0,0.0,2,0,1,10.6,112.8,0
order_3ba434b944,pay_0914af304c,2026-08-17 14:49:30.788603,2570.46,cod,electronics,1,0,0.0,14,0,0,27.7,40.0,1
order_c01fb0e53f,pay_564798708c,2026-08-23 12:54:39.788603,6315.58,card,apparel,1,0,0.0,12,1,0,15.5,39.1,0
order_c669b50758,pay_cc08f6232b,2026-08-07 08:37:21.788603,483.66,wallet,home,0,3,0.7644165062764998,8,0,0,22.6,76.2,1
order_d437e70d04,pay_9acd186295,2026-08-15 09:47:37.788603,72.47,upi,digital,1,0,0.0,9,1,0,0.3,23.2,0
order_b89c1a026d,pay_372957217a,2026-08-05 01:58:55.788603,813.98,cod,digital,0,6,0.2819636877300264,1,0,1,16.8,182.8,0
order_84afec6552,pay_dafadab2d1,2026-08-05 17:34:52.788603,107.04,upi,electronics,1,0,0.0,17,0,0,1.5,54.2,1
order_f4fbb0ea33,pay_cf30d5b6f1,2026-08-18 02:50:54.788603,392.32,cod,apparel,1,0,0.0,2,0,1,34.6,463.3,1
order_522c132737,pay_6c9fabfcd0,2026-08-02 08:09:58.788603,978.63,upi,electronics,0,3,0.3834896133861918,8,1,0,2.0,119.2,0
order_29b2c4038f,pay_31db499821,2026-07-29 21:53:10.788603,934.26,netbanking,electronics,0,5,0.06626208430038213,21,0,0,25.1,35.4,0
order_8470375e2a,pay_8e81ecc4cb,2026-08-10 00:13:51.788603,109.51,wallet,grocery,1,0,0.0,0,0,1,27.9,88.4,0
order_fff384d1e4,pay_32b47a148f,2026-08-15 15:01:09.788603,4575.05,upi,apparel,1,0,0.0,15,1,0,14.0,19.7,0
order_79d17ae59d,pay_3d1acd5d4f,2026-08-02 14:27:21.788603,231.38,cod,apparel,1,0,0.0,14,1,0,10.5,75.7,1
order_b39f71adf5,pay_fbd10e70b6,2026-08-06 08:58:58.788603,1108.77,cod,electronics,0,7,0.6150741137202276,8,0,0,11.5,25.0,0
order_484dede314,pay_1bc1c684b4,2026-08-18 04:02:17.788603,847.46,cod,digital,0,6,0.04024266735785368,4,0,1,18.1,12.2,0
order_e6f30ca767,pay_d727eae820,2026-08-02 12:41:52.788603,364.31,upi,home,0,6,0.0064353385633411486,12,1,0,64.8,45.5,1
order_feb8d214bc,pay_c6122b623a,2026-08-05 20:22:29.788603,479.88,netbanking,home,0,5,0.17728895936270914,20,0,0,8.6,61.5,1
order_41d29a8178,pay_ce77871504,2026-08-27 02:50:33.788603,266.51,netbanking,digital,0,5,0.12713168091043714,2,0,1,55.0,34.0,0
order_d10263fc9e,pay_3bdc632271,2026-08-17 18:26:57.788603,2330.1,cod,electronics,0,8,0.026984381476515117,18,0,0,1.8,258.9,1
order_f5d34b4701,pay_32622f86eb,2026-08-16 09:07:04.788603,142.89,upi,apparel,1,0,0.0,9,1,0,48.3,16.5,0
order_bae05d3290,pay_e3b83377bf,2026-08-01 16:54:58.788603,141.62,cod,electronics,1,0,0.0,16,1,0,3.8,19.6,1
order_b8f67d4773,pay_890e49a4a5,2026-08-26 13:29:13.788603,547.9,cod,apparel,0,5,0.3798880608556269,13,0,0,22.1,25.7,0
order_0246e6a668,pay_fce041b5d6,2026-08-10 04:15:59.788603,418.65,upi,apparel,0,2,0.22367556013709894,4,0,1,1.8,16.0,0
order_a4ae91bebe,pay_9c60471452,2026-08-24 01:37:24.788603,1476.01,card,apparel,1,0,0.0,1,0,1,7.3,101.4,0
order_56f8aaf99b,pay_d464231208,2026-07-29 16:03:22.788603,564.42,card,apparel,0,2,0.1631003940823692,16,0,0,4.0,102.8,0
order_30a3bfbefe,pay_dcb8e7c07c,2026-08-15 00:19:28.788603,174.38,netbanking,electronics,0,4,0.5827429318787799,0,1,1,0.4,50.5,0
order_7ef80599da,pay_5f4361f2c3,2026-08-12 14:27:05.788603,3278.96,cod,digital,1,0,0.0,14,0,0,8.0,14.8,0
order_2f6014c414,pay_6f62d78c47,2026-08-17 04:27:01.788603,3704.6,upi,electronics,0,8,0.033045143387190494,4,0,1,13.8,64.9,0
order_3124f59f1e,pay_4c2aa86102,2026-08-25 23:50:14.788603,1486.79,netbanking,electronics,0,9,0.2026201208250001,23,0,1,1.5,114.7,0
order_864a5c564d,pay_551755afaa,2026-08-05 22:58:56.788603,807.88,upi,grocery,0,7,0.3989849294575126,22,0,0,0.6,174.9,0
order_48352e3f57,pay_22e837ab3f,2026-08-07 06:49:06.788603,2858.12,card,apparel,0,4,0.38425976341135937,6,0,0,31.4,37.4,1
order_585047ff8c,pay_12250fccc6,2026-08-26 10:38:22.788603,120.37,card,grocery,1,0,0.0,10,0,0,7.9,152.9,0
order_073e2676d2,pay_3218c1e590,2026-08-27 05:08:15.788603,296.79,wallet,home,1,0,0.0,5,0,0,0.1,47.8,0
order_29ceefa1d1,pay_9d5793c61b,2026-08-09 09:22:17.788603,778.24,wallet,apparel,0,8,0.09180120409258152,9,1,0,10.6,29.4,0
order_5e3699c7be,pay_aef9dcc3dc,2026-08-16 23:33:04.788603,329.15,upi,apparel,0,8,0.09495503544354586,23,1,1,10.4,58.3,0
order_b4ec788582,pay_626b447eb9,2026-08-23 05:45:25.788603,2013.15,card,digital,1,0,0.0,5,1,0,5.3,95.8,0
order_bc97534e8f,pay_937ab87bf3,2026-08-20 21:16:30.788603,763.91,upi,apparel,0,5,0.12800543947231477,21,0,0,4.7,163.9,0
order_6e344c7f1d,pay_971ef07a95,2026-08-14 05:45:54.788603,908.2,cod,apparel,0,5,0.0788579590101857,5,0,0,11.1,32.7,1
order_6f91534d87,pay_95fd9201d1,2026-08-08 17:30:00.788603,391.96,upi,home,1,0,0.0,17,1,0,78.1,164.6,0
order_368316cee9,pay_eef3cf70de,2026-08-23 15:40:31.788603,4401.21,upi,electronics,0,4,0.11485292984436364,15,1,0,18.5,111.8,0
order_3b1671abd3,pay_15afdb17ff,2026-08-12 15:03:39.788603,2454.37,upi,apparel,0,3,0.053155464322016316,15,0,0,6.9,125.8,0
order_df77c020fe,pay_5681244611,2026-08-21 14:09:40.788603,390.32,card,digital,1,0,0.0,14,0,0,2.2,31.7,0
order_60af92ad87,pay_bd149a7c01,2026-07-30 09:13:55.788603,679.93,cod,grocery,1,0,0.0,9,0,0,0.9,14.0,1
order_9bfdecb885,pay_f613314bdd,2026-08-18 08:59:11.788603,599.52,netbanking,apparel,0,3,0.10404816739880769,8,0,0,18.1,194.2,0
order_8a205650ad,pay_a2a54ff39f,2026-08-03 02:53:44.788603,121.72,wallet,apparel,1,0,0.0,2,0,1,10.1,41.9,0
order_af5c78afc2,pay_99bdf4a90e,2026-08-14 12:08:18.788603,2011.96,upi,grocery,0,7,0.07256014002742378,12,0,0,2.6,81.9,0
order_c7316f5855,pay_2126961f7a,2026-07-29 21:16:08.788603,2351.34,upi,apparel,0,9,0.02121801365651305,21,0,0,7.0,23.5,0
order_a8e3a5f03e,pay_284b34c6b1,2026-08-23 02:20:28.788603,326.52,card,apparel,0,2,0.12754621085378617,2,1,1,11.5,99.8,0
order_40cd681a68,pay_fcf40ba097,2026-07-30 19:38:25.788603,154.3,upi,digital,0,9,0.3795334869554979,19,0,0,3.0,131.0,0
order_71c16b5071,pay_a5a528aea5,2026-08-17 02:11:29.788603,1352.59,upi,apparel,1,0,0.0,2,0,1,2.1,115.5,1
order_9201b7e5f5,pay_22b0eca56c,2026-08-04 13:25:13.788603,481.85,upi,apparel,0,8,0.3540789408205077,13,0,0,46.7,148.3,1
order_d299357553,pay_d6bb0881fd,2026-07-30 04:52:09.788603,1178.23,upi,apparel,0,5,0.11365988371842957,4,0,1,6.7,211.3,0
order_d73a8f9994,pay_227242d7f0,2026-08-13 14:54:36.788603,263.68,cod,apparel,0,5,0.10275341136094175,14,0,0,2.3,49.0,0
order_ee2fdb3ffc,pay_0b2f95344a,2026-08-06 12:33:06.788603,122.91,upi,apparel,0,3,0.017401927717716533,12,0,0,34.1,7.7,0
order_745ac6477d,pay_22f14acb6e,2026-08-05 17:54:07.788603,5643.21,card,digital,1,0,0.0,17,0,0,5.0,52.6,0
order_2e4b9300fe,pay_e97b88da19,2026-08-23 18:44:09.788603,837.56,upi,electronics,0,5,0.0073914238291799385,18,1,0,15.0,58.5,0
order_5113c03bd7,pay_5ab39c94ed,2026-08-01 05:06:51.788603,2300.49,card,apparel,0,3,0.22491233713032113,5,1,0,13.7,236.7,0
order_23c2274cf2,pay_f1e11d0bdd,2026-08-21 22:34:49.788603,1625.05,cod,digital,0,4,0.21084949481870163,22,0,0,35.3,9.6,0
order_c6c3f5a674,pay_f301f7a0f4,2026-07-29 22:03:50.788603,914.07,upi,digital,0,8,0.326735827671774,22,0,0,5.2,17.3,0
order_53c72665c1,pay_6a0f00a1db,2026-08-26 01:01:39.788603,1991.08,upi,apparel,1,0,0.0,1,0,1,1.3,89.3,0
order_121f66cea6,pay_d5a410a6c3,2026-08-27 02:59:09.788603,657.15,card,grocery,0,5,0.04721419111141978,2,0,1,17.6,66.7,0
order_41cc8597e0,pay_f7a6fbbfdd,2026-08-05 01:24:22.788603,79.87,card,grocery,0,5,0.33094676914678084,1,0,1,18.1,177.6,1
order_e48319a936,pay_38026b914b,2026-08-23 21:51:21.788603,354.51,card,apparel,0,4,0.07766867322058002,21,1,0,41.3,26.2,0
order_8defeaff7d,pay_1a023ba52b,2026-08-06 08:36:38.788603,198.62,upi,electronics,1,0,0.0,8,0,0,13.4,132.5,0
order_e84a76d1ea,pay_c5cd59ff3b,2026-08-21 11:17:36.788603,197.54,card,grocery,0,4,0.19047586723532034,11,0,0,0.0,16.3,0
order_a1e8b75d0a,pay_b02d0a10f4,2026-07-29 09:36:32.788603,2691.42,upi,electronics,0,6,0.11342353301348494,9,0,0,7.7,163.7,0
order_0ca3f16747,pay_b945e023c5,2026-08-12 17:50:15.788603,1527.06,upi,digital,0,9,0.006541728171687589,17,0,0,42.2,49.0,0
order_986d6e52b1,pay_431903e9c7,2026-07-29 07:57:14.788603,690.78,upi,apparel,0,4,0.057732501361715656,7,0,0,0.3,90.7,0
order_83b5435317,pay_69c0cd26a5,2026-08-09 23:39:47.788603,927.98,wallet,apparel,1,0,0.0,23,1,1,9.2,138.9,0
order_0792de91c9,pay_c93ff5b8f7,2026-08-04 14:34:11.788603,105.11,cod,apparel,1,0,0.0,14,0,0,4.9,50.1,0
order_ea9216400c,pay_a504207e3e,2026-07-30 08:30:31.788603,2195.65,cod,electronics,0,2,0.022878959474564267,8,0,0,5.4,73.7,0
order_2c819523af,pay_840b996bf6,2026-08-24 20:00:20.788603,735.27,card,electronics,0,5,0.004502055523349549,20,0,0,15.8,9.2,0
order_14f7ec5f86,pay_8edce91d4e,2026-08-13 18:31:52.788603,1874.68,cod,apparel,0,11,0.5050567283902602,18,0,0,5.9,99.7,1
order_8616ca6692,pay_22aa7e1b58,2026-08-20 18:58:02.788603,1879.83,card,grocery,0,4,0.009595395680893,18,0,0,11.6,59.6,0
order_610102e7db,pay_ce7f1de2fb,2026-08-10 13:10:10.788603,5164.56,upi,digital,1,0,0.0,13,0,0,16.9,246.9,1
order_0f4bc43a29,pay_832af82ea4,2026-08-07 02:12:17.788603,718.35,upi,digital,0,8,0.1313725255655505,2,0,1,2.7,27.8,0
order_95578d7114,pay_66fbb5804e,2026-08-05 05:01:05.788603,3076.3,card,apparel,0,7,0.0031764956054428535,5,0,0,9.5,51.7,1
order_886d769d94,pay_06a49aaff2,2026-08-18 10:04:36.788603,2213.54,netbanking,apparel,1,0,0.0,10,0,0,0.6,54.6,0
order_3d349c48fa,pay_8ed631d2ed,2026-08-10 12:33:20.788603,1815.06,upi,grocery,0,5,0.07974892782090133,12,0,0,13.5,18.7,1
order_8b07e574a5,pay_3a5f31f9bf,2026-08-14 01:44:40.788603,148.19,cod,electronics,0,3,0.029687981010735786,1,0,1,10.1,30.1,0
order_e6f456fce6,pay_93df834a30,2026-08-21 01:12:47.788603,4606.61,card,electronics,1,0,0.0,1,0,1,18.5,51.8,0
order_53861cfd73,pay_d195677ac2,2026-07-30 06:05:27.788603,1844.47,cod,electronics,0,5,0.15757003913273293,6,0,0,10.2,139.7,0
order_56b1dd1bdc,pay_3d871f84a2,2026-08-20 09:14:44.788603,3357.89,upi,grocery,1,0,0.0,9,0,0,10.3,187.3,0
order_7c524a1904,pay_fce4037c2b,2026-08-16 18:16:03.788603,2058.34,cod,apparel,0,5,0.14505918430478712,18,1,0,3.0,30.4,0
order_83a67f114e,pay_73a257e365,2026-08-26 02:31:03.788603,323.04,upi,apparel,1,0,0.0,2,0,1,5.0,98.0,1
order_aa07454d9c,pay_3f7bebcb0c,2026-08-19 12:52:19.788603,599.6,card,electronics,0,6,0.3230506418417842,12,0,0,14.5,48.0,0
order_410585b46a,pay_e63229b4ff,2026-08-06 14:55:03.788603,81.31,upi,grocery,0,8,0.2321974548436678,14,0,0,1.5,131.2,0
order_835ddfd814,pay_2f8840ac98,2026-07-28 19:36:40.788603,185.86,upi,grocery,1,0,0.0,19,0,0,13.3,59.7,0
order_25ce8f174b,pay_6155e36dbd,2026-08-02 05:01:52.788603,145.79,card,electronics,0,3,0.2346327559097629,5,1,0,6.7,7.8,0
order_147e2d9c13,pay_5eaa2161c2,2026-08-24 12:49:57.788603,815.33,wallet,grocery,1,0,0.0,12,0,0,7.3,136.7,0
order_863c75956c,pay_c0c7e42e6b,2026-08-15 06:23:52.788603,509.64,cod,apparel,0,2,0.06461282150341899,6,1,0,9.9,27.3,0
order_25747bc109,pay_5ee7228f06,2026-08-07 23:21:24.788603,14668.09,upi,electronics,0,7,0.020526542498391996,23,0,1,11.0,130.5,0
order_78de63d559,pay_cda2cf46f8,2026-08-08 20:26:22.788603,1483.31,cod,home,1,0,0.0,20,1,0,6.2,50.4,1
order_d4ba8470fc,pay_a1dd0368f0,2026-08-06 19:15:29.788603,191.54,netbanking,grocery,0,3,0.016904154999587737,19,0,0,24.5,40.7,0
order_0f77230f14,pay_0ae8e76e41,2026-08-08 22:26:16.788603,920.18,upi,apparel,0,1,0.057445760572402665,22,1,0,10.3,268.1,0
order_73ce6472a6,pay_7b9c78ab8f,2026-08-01 15:45:00.788603,1387.87,upi,apparel,0,7,0.05801401328340352,15,1,0,25.2,11.4,0
order_403001a5e1,pay_5eb3800bd2,2026-08-10 10:05:51.788603,800.41,card,electronics,0,5,0.039972990782720375,10,0,0,52.3,10.7,1
order_525175a40b,pay_ab454a5800,2026-08-07 16:02:47.788603,576.98,netbanking,electronics,1,0,0.0,16,0,0,8.0,56.6,0
order_62eea8f66f,pay_7f541a0b5c,2026-08-08 22:19:13.788603,214.37,upi,apparel,0,3,0.12570923640501416,22,1,0,9.0,80.4,0
order_2e1c480472,pay_dc37a6e500,2026-08-12 21:42:53.788603,831.16,cod,home,0,1,0.030934147110345055,21,0,0,57.6,27.7,0
order_4103b2f205,pay_81e404ed42,2026-08-07 01:34:42.788603,1727.5,upi,apparel,0,7,0.08821091038528137,1,0,1,65.3,35.6,0
order_1934c9a264,pay_e65853488a,2026-08-07 03:06:16.788603,1734.92,card,grocery,0,9,0.3026207153125443,3,0,1,37.2,84.0,0
order_8a16031991,pay_5f071f8da8,2026-08-08 01:02:10.788603,383.77,card,apparel,0,6,0.06015480512492114,1,1,1,3.5,15.6,0
order_c28f6bb250,pay_e3e93739e7,2026-08-02 07:32:54.788603,331.52,cod,digital,0,6,0.023320726249105608,7,1,0,49.0,206.6,1
order_aeffd480bd,pay_0707885c22,2026-08-13 18:24:28.788603,8463.03,cod,home,0,6,0.07247748322484282,18,0,0,4.2,72.5,0
order_9fc3d62d99,pay_1dfdc8582b,2026-08-20 00:25:55.788603,155.85,upi,apparel,0,3,0.1295861946279534,0,0,1,26.7,37.8,0
order_ff45a298d6,pay_353d5a841b,2026-07-30 06:54:58.788603,740.28,card,apparel,1,0,0.0,6,0,0,11.1,36.3,0
order_0dae29b97d,pay_eeae8b989c,2026-08-08 19:37:25.788603,203.52,netbanking,home,0,5,0.004726208720478869,19,1,0,76.9,37.4,0
order_d4ffb16713,pay_8da57a6478,2026-08-01 16:44:39.788603,487.49,upi,electronics,0,4,0.034816690128389866,16,1,0,74.6,51.3,0
order_981a6b558b,pay_78a5496d63,2026-08-06 01:35:38.788603,364.57,cod,digital,0,2,0.22093611399111895,1,0,1,6.3,138.3,1
order_8ecd51d1a5,pay_8dc8d016fa,2026-08-17 23:35:00.788603,972.47,upi,grocery,0,7,0.025110158363349892,23,0,1,16.5,38.3,0
order_39febe6220,pay_22a20d8cee,2026-08-22 08:26:34.788603,305.17,cod,grocery,1,0,0.0,8,1,0,20.4,41.8,0
order_d4c94ccfcf,pay_51d0caf32a,2026-08-19 04:55:01.788603,585.26,upi,digital,0,6,0.10921126657953797,4,0,1,16.1,71.3,0
order_1e4db130c5,pay_3101d78aa6,2026-07-31 19:44:05.788603,211.01,upi,digital,0,2,0.20001667743226853,19,0,0,1.0,146.4,0
order_acb1ccd724,pay_17fd1ef96a,2026-07-30 11:02:38.788603,1065.8,card,apparel,1,0,0.0,11,0,0,0.4,82.6,0
order_d5038bfdc9,pay_1ce992aa8d,2026-08-26 15:41:05.788603,778.85,upi,digital,0,3,0.42497615855538584,15,0,0,9.2,33.4,0
order_ffe836e833,pay_a5bca196f9,2026-08-04 14:38:59.788603,262.56,netbanking,digital,0,6,0.0363786998325735,14,0,0,8.5,11.2,0
order_f84a51013b,pay_08f25203c5,2026-08-16 14:32:06.788603,779.67,upi,apparel,1,0,0.0,14,1,0,7.9,97.9,0
order_9a1e5ac3a5,pay_244f4d6859,2026-08-15 15:44:28.788603,540.59,cod,apparel,0,2,0.0007455584230127773,15,1,0,5.9,21.3,1
order_760a120934,pay_91ca4c2e96,2026-08-21 13:25:04.788603,1759.48,upi,home,0,5,0.06779931371069593,13,0,0,22.8,50.5,1
order_5faff60ed0,pay_b27b0cfed7,2026-08-19 15:25:18.788603,303.37,netbanking,home,0,10,0.07975079334650535,15,0,0,18.7,18.9,0
order_a490d49d3a,pay_dedeb21928,2026-08-18 19:29:22.788603,500.24,upi,apparel,0,5,0.22724113696693615,19,0,0,10.3,22.4,0
order_6d50ce9336,pay_f6aa85c29e,2026-08-20 22:31:29.788603,485.58,netbanking,apparel,1,0,0.0,22,0,0,9.5,13.4,0
order_29a0d45f85,pay_2005717133,2026-08-16 01:05:54.788603,1145.51,upi,digital,1,0,0.0,1,1,1,21.2,62.4,0
order_73366ef1cf,pay_88c5ad9e89,2026-08-07 21:45:15.788603,287.04,cod,electronics,0,2,0.11092622794717544,21,0,0,5.1,82.2,0
order_b7784f2e96,pay_93256779c5,2026-08-17 07:38:22.788603,526.04,card,apparel,1,0,0.0,7,0,0,10.1,76.1,1
order_fa1824ad64,pay_df9a502d3c,2026-07-29 13:04:24.788603,832.44,upi,digital,0,8,0.5167750192941939,13,0,0,10.7,64.9,0
order_b672bf0036,pay_bab15cea7f,2026-08-12 05:57:15.788603,280.68,card,apparel,1,0,0.0,5,0,0,3.2,23.5,0
order_a96da0324e,pay_96dad46bb5,2026-08-08 01:23:25.788603,123.57,card,apparel,0,4,0.01180783655278451,1,1,1,31.9,50.4,0
order_f50bbf5f21,pay_8db8d05a56,2026-08-21 21:03:58.788603,2365.21,upi,electronics,1,0,0.0,21,0,0,14.1,23.3,0
order_bae2325132,pay_b637d89bc0,2026-08-01 06:48:50.788603,580.02,cod,home,0,5,0.21195497808568312,6,1,0,9.3,29.6,0
order_3846be629f,pay_af4c56712b,2026-08-06 15:01:43.788603,571.31,card,apparel,1,0,0.0,15,0,0,18.2,130.5,0
order_ae92924060,pay_fd52b6f1f9,2026-08-25 20:50:39.788603,2895.72,upi,electronics,0,5,0.12823812113869043,20,0,0,3.5,167.1,0
order_94c8c06fa2,pay_6da2874970,2026-08-15 06:39:54.788603,1075.56,cod,digital,0,6,0.06848876114927935,6,1,0,1.9,192.6,0
order_b630275c5c,pay_d39974606a,2026-08-12 21:18:50.788603,3964.98,upi,apparel,0,4,0.14981366199414411,21,0,0,19.8,25.9,0
order_4cfdd3ceec,pay_c7ae776e99,2026-08-04 07:17:13.788603,917.25,card,grocery,1,0,0.0,7,0,0,29.1,112.4,1
order_3db931b837,pay_a9fa2d5fdd,2026-08-05 03:21:15.788603,257.32,upi,grocery,0,7,0.10234049612203869,3,0,1,18.6,67.4,0
order_2b63b35a05,pay_32d8020274,2026-08-03 17:17:41.788603,418.41,upi,grocery,1,0,0.0,17,0,0,13.9,34.8,0
order_aaf27044be,pay_b5d73837ad,2026-08-21 18:23:54.788603,747.98,cod,digital,0,4,0.1473623107098193,18,0,0,32.2,99.5,0
order_f2ef1ce0a8,pay_c08468411a,2026-08-05 05:24:28.788603,624.93,cod,apparel,0,4,0.3120185486155718,5,0,0,13.5,23.7,1
order_0e029c88cc,pay_46f4c9b5dd,2026-08-25 11:56:26.788603,970.16,cod,home,0,6,0.177639236769715,11,0,0,9.6,40.4,0
order_56ed396354,pay_ac9ebb7cf5,2026-08-05 16:49:10.788603,128.07,cod,home,0,8,0.2920810458372379,16,0,0,23.0,13.1,0
order_d2a3b9ea8c,pay_113a5a78d5,2026-08-23 10:41:15.788603,229.02,upi,electronics,0,3,0.02566531170022611,10,1,0,1.9,10.7,0
order_35702e0986,pay_7be8595a67,2026-08-14 22:32:57.788603,483.95,cod,grocery,1,0,0.0,22,0,0,27.8,60.0,1
order_d3a2fee197,pay_1dc87e1589,2026-08-03 13:23:38.788603,2621.2,upi,apparel,0,6,0.010609267012692698,13,0,0,37.0,111.7,1
order_9f6dca5116,pay_8bbf5124cd,2026-08-11 13:32:23.788603,155.33,upi,grocery,0,9,0.33369607003872725,13,0,0,4.7,44.5,0
order_f0240c6649,pay_a5137b240c,2026-08-04 12:08:25.788603,320.14,upi,apparel,0,6,0.026568104292541257,12,0,0,14.2,30.9,0
order_7b27afc2d7,pay_1efec6c96c,2026-08-10 05:18:43.788603,2236.76,upi,apparel,0,8,0.14287680094629818,5,0,0,14.2,13.2,0
order_d3df50d356,pay_1c6bf13c23,2026-08-19 03:46:18.788603,3216.26,card,grocery,0,7,0.08367126016098457,3,0,1,0.2,125.8,0
order_60c15be7f9,pay_8a3e50830e,2026-07-29 19:37:28.788603,353.02,upi,digital,0,7,0.05729186404383712,19,0,0,6.2,70.8,0
order_9bd42a946c,pay_d02c7ed426,2026-07-31 01:07:10.788603,569.47,netbanking,home,1,0,0.0,1,0,1,3.5,32.3,1
order_33612c76f9,pay_268366f417,2026-08-12 23:03:51.788603,315.36,cod,apparel,1,0,0.0,23,0,1,15.7,95.6,1
order_2b8c456fd3,pay_9c74199e34,2026-08-02 18:35:56.788603,249.57,upi,electronics,1,0,0.0,18,1,0,11.6,96.0,0
order_3c7845ff18,pay_c182fcf566,2026-07-31 11:27:24.788603,323.95,card,digital,0,9,0.202639622872891,11,0,0,9.7,96.6,0
order_290b291149,pay_5e61009f71,2026-07-29 22:34:10.788603,77.91,cod,electronics,1,0,0.0,22,0,0,1.4,120.4,0
order_e1030e27e7,pay_9e121bab3c,2026-08-25 06:53:47.788603,251.68,card,digital,0,6,0.5106210262691084,6,0,0,1.4,23.8,0
order_cc1558dfa6,pay_6d0cd1436b,2026-08-21 12:23:58.788603,255.96,cod,apparel,0,6,0.29290758290868524,12,0,0,8.8,39.0,0
order_7b47f00155,pay_9c89d4be6d,2026-08-10 13:53:51.788603,551.45,card,digital,0,3,0.16646989046570182,13,0,0,4.6,69.4,0
order_d9ee20d624,pay_d31247f49f,2026-08-27 07:04:20.788603,3043.27,cod,grocery,1,0,0.0,7,0,0,5.6,70.0,1
order_1577b84eab,pay_3a44cae787,2026-08-21 12:39:14.788603,819.9,cod,apparel,0,2,0.38259252807537003,12,0,0,5.3,99.7,1
order_2bae55c89e,pay_2c91a7ded6,2026-08-24 06:12:10.788603,701.57,upi,grocery,0,5,0.4245532563351892,6,0,0,28.0,36.8,1
order_4b91e032af,pay_d8ef05394e,2026-08-18 07:56:08.788603,975.28,cod,grocery,0,5,0.09191861646233576,7,0,0,1.8,69.9,0
order_e2b729e141,pay_34118dbd9c,2026-08-23 21:46:09.788603,352.01,netbanking,digital,0,2,0.00466604028522849,21,1,0,13.4,21.8,0
order_14d5e6cceb,pay_7bdfc9bd32,2026-08-26 15:31:05.788603,1754.67,netbanking,apparel,1,0,0.0,15,0,0,45.8,33.6,0
order_e151966379,pay_7d8918288e,2026-08-20 17:39:12.788603,2047.18,cod,home,0,3,0.05163337423653838,17,0,0,20.3,43.3,0
order_42748e4448,pay_2f2e29d0a1,2026-08-01 03:19:24.788603,1963.89,upi,electronics,0,8,0.04727235077736432,3,1,1,1.3,187.7,0
order_9805de6078,pay_87dbf0b0d5,2026-08-13 14:26:43.788603,129.38,card,apparel,0,3,0.10965129941009999,14,0,0,4.1,178.2,0
order_5c185cb31d,pay_47e76cfe04,2026-08-17 05:09:58.788603,1251.58,cod,digital,0,5,0.1235423580781175,5,0,0,15.8,16.0,1
order_73e8a686e6,pay_3b69f44938,2026-08-05 21:35:21.788603,329.56,netbanking,home,1,0,0.0,21,0,0,6.9,58.1,0
order_3241a3b4f8,pay_e8a7138beb,2026-08-17 13:28:54.788603,446.11,cod,electronics,0,4,0.2106535033516206,13,0,0,0.9,254.2,0
order_4de3eba12e,pay_51ec171a62,2026-08-18 19:14:45.788603,370.75,wallet,grocery,0,3,0.3077371388294435,19,0,0,1.3,99.9,1
order_f9d8a7c633,pay_e3f2c08366,2026-08-17 10:14:34.788603,721.36,upi,apparel,1,0,0.0,10,0,0,3.5,32.8,0
order_d2264e11e2,pay_9595f18d5c,2026-08-02 01:33:46.788603,402.61,upi,grocery,0,7,0.23491592472213707,1,1,1,4.3,70.1,0
order_8324c20471,pay_ad87944f87,2026-08-24 19:16:41.788603,1317.81,card,grocery,0,3,0.23471511706766437,19,0,0,8.1,37.1,0
order_098a0d5a0e,pay_d81248dabb,2026-07-29 16:12:04.788603,778.25,card,home,1,0,0.0,16,0,0,8.9,54.0,0
order_ec0ef2d559,pay_a10e65ac8b,2026-08-14 15:31:03.788603,301.6,upi,home,1,0,0.0,15,0,0,13.1,74.3,0
order_9786c46069,pay_0c1a06c51a,2026-08-18 03:54:01.788603,1217.33,wallet,digital,0,8,0.304219655061935,3,0,1,16.6,21.0,0
order_a927bcdc1c,pay_0d085a43e1,2026-08-10 20:02:40.788603,1760.53,upi,grocery,0,6,0.0876591537522728,20,0,0,2.4,69.1,0
order_8788426ca0,pay_0e2b6758c1,2026-08-11 18:56:17.788603,242.11,upi,digital,1,0,0.0,18,0,0,16.0,93.1,0
order_870ea3b77f,pay_12a7f79a88,2026-08-02 02:21:27.788603,769.26,upi,electronics,1,0,0.0,2,1,1,26.4,168.2,0
order_044cde0a37,pay_0e281b1435,2026-08-05 06:18:56.788603,764.06,cod,digital,0,2,0.042055846471176044,6,0,0,33.2,78.2,0
order_25ee154bd8,pay_d1aa34e7c8,2026-08-27 09:31:47.788603,1120.15,upi,electronics,1,0,0.0,9,0,0,0.9,53.0,0
order_1a0048677c,pay_0e3c090f3a,2026-08-12 07:48:33.788603,1368.17,upi,digital,1,0,0.0,7,0,0,5.6,67.0,0
order_c5f116ddf7,pay_a10e8e0cae,2026-08-15 03:03:49.788603,2257.92,wallet,home,0,6,0.007601048805366376,3,1,1,0.0,107.2,1
order_027a229ff1,pay_d90afab6da,2026-08-24 18:17:25.788603,85.25,wallet,apparel,0,5,0.1903236520658581,18,0,0,7.8,22.7,0
order_8741637850,pay_1d1839fc88,2026-08-25 02:59:43.788603,1365.47,upi,electronics,0,2,0.378840222682799,2,0,1,4.5,146.8,0
order_ab3f329ca5,pay_d3ab72d82d,2026-08-07 06:00:53.788603,170.07,cod,home,1,0,0.0,6,0,0,10.3,37.8,0
order_8960301840,pay_65aa0b16c3,2026-08-11 22:33:48.788603,136.42,card,grocery,1,0,0.0,22,0,0,2.6,29.7,0
order_f565323615,pay_e2cccbab89,2026-08-17 17:40:09.788603,229.69,cod,grocery,0,5,0.1756064833159194,17,0,0,1.9,21.1,0
order_2a9b83ebd7,pay_0b26d60666,2026-08-16 14:28:32.788603,478.83,card,grocery,1,0,0.0,14,1,0,40.5,116.6,1
order_99951bf42f,pay_269fd06a95,2026-07-29 04:00:49.788603,608.92,upi,electronics,1,0,0.0,4,0,1,20.9,82.8,0
order_a4942e0460,pay_1cb5870d76,2026-08-05 16:43:22.788603,193.68,upi,apparel,1,0,0.0,16,0,0,14.6,7.2,0
order_0fe91d4b7e,pay_6ed8deeea3,2026-08-11 00:15:31.788603,1709.59,wallet,electronics,1,0,0.0,0,0,1,8.9,32.7,0
order_69b7f45f5c,pay_4d116ee228,2026-08-20 13:20:55.788603,317.66,netbanking,home,0,10,0.02896870669946471,13,0,0,3.4,32.7,0
order_14625fd4bb,pay_fbf67394f3,2026-08-09 03:06:29.788603,394.85,upi,apparel,0,3,0.3437145769562818,3,1,1,0.6,74.2,0
order_adc840c944,pay_12847596ec,2026-08-24 14:12:42.788603,1325.35,upi,apparel,0,5,0.0703842637044395,14,0,0,1.1,150.6,0
order_07be9a34f2,pay_3e2aa9787c,2026-08-17 00:22:19.788603,939.32,card,apparel,1,0,0.0,0,0,1,50.3,32.7,0
order_828db7819b,pay_5f6e5c1b07,2026-08-07 11:47:34.788603,201.86,cod,apparel,0,3,0.2272768089803692,11,0,0,18.5,72.1,0
order_0ad47b9d0b,pay_7fb6eec647,2026-08-20 22:15:55.788603,1247.14,upi,apparel,0,1,0.17825713471540464,22,0,0,3.9,20.6,0
order_4bd28d058c,pay_0e66579c21,2026-07-29 17:13:42.788603,1279.24,upi,electronics,0,4,0.18797356850216837,17,0,0,3.4,67.7,0
order_a69bcf81af,pay_9264080135,2026-08-24 18:01:26.788603,616.63,upi,electronics,0,5,0.32283056206470656,18,0,0,4.8,78.0,0
order_5327072408,pay_fe92f86e48,2026-08-03 19:40:40.788603,152.48,card,electronics,0,5,0.1122460197170936,19,0,0,22.5,41.7,0
order_62497bbd1e,pay_b2b2163519,2026-07-30 16:13:48.788603,2904.59,card,digital,0,3,0.025749138524524047,16,0,0,8.6,53.9,0
order_36b83c4900,pay_fd63b0c3f1,2026-08-09 15:32:05.788603,417.88,cod,electronics,0,4,0.11156402750221292,15,1,0,11.9,41.7,1
order_76d3d644f1,pay_fdd2672538,2026-08-26 16:40:17.788603,3339.52,cod,home,0,8,0.1501578086639264,16,0,0,21.3,14.1,1
order_636ee0b66d,pay_70a07035dd,2026-07-31 16:14:12.788603,955.14,upi,electronics,1,0,0.0,16,0,0,39.4,15.3,0
order_796aa88996,pay_e21d96978f,2026-08-11 19:17:06.788603,4935.6,netbanking,apparel,0,4,0.29922693175169784,19,0,0,31.7,59.9,1
order_730b26b2cb,pay_e67b663ded,2026-08-20 02:13:50.788603,685.01,wallet,apparel,0,5,0.19312189753758977,2,0,1,19.6,25.3,0
order_29871006e6,pay_05c2b0bb9c,2026-08-26 00:35:58.788603,1315.06,cod,home,1,0,0.0,0,0,1,12.8,68.5,0
order_cacb37950a,pay_9ffbc165a2,2026-08-03 02:14:36.788603,671.05,card,apparel,0,6,0.40729246118072987,2,0,1,1.7,54.1,1
order_678cbd4e28,pay_119576e7e0,2026-08-18 06:41:33.788603,143.67,cod,grocery,0,7,0.11624247505239488,6,0,0,14.6,34.1,0
order_201740ec64,pay_0f6f9e7ea4,2026-08-10 16:59:40.788603,687.65,card,grocery,0,4,0.07973919181704632,16,0,0,9.3,136.6,0
order_961fe7e8bd,pay_da01140eb5,2026-08-02 01:16:07.788603,323.67,upi,home,1,0,0.0,1,1,1,16.5,17.0,0
order_f5889c270e,pay_567f0afacb,2026-08-24 00:29:05.788603,1174.36,card,grocery,0,3,0.5415604598464245,0,0,1,1.2,10.3,1
order_d74e43b1e5,pay_31549c14cc,2026-07-31 12:12:38.788603,72.66,card,apparel,0,5,0.13033940946263795,12,0,0,48.8,31.8,0
order_ae045fa26c,pay_8e094adb26,2026-08-26 01:16:25.788603,1035.43,netbanking,home,0,4,0.02472920382110413,1,0,1,0.2,83.4,0
order_8df91019ea,pay_8306d8bc08,2026-08-01 18:52:18.788603,545.29,netbanking,digital,0,6,0.1702933679407874,18,1,0,11.1,66.3,0
order_b19ec92227,pay_8819bd0b37,2026-08-11 23:43:52.788603,1507.45,card,grocery,0,8,0.08811609135618527,23,0,1,3.9,169.1,0
order_e1f2f041d8,pay_244f07e0d6,2026-08-18 19:15:33.788603,809.15,netbanking,digital,0,7,0.6273382980695786,19,0,0,22.6,50.8,0
order_d53d80c147,pay_99fc54fba3,2026-08-01 02:04:14.788603,714.7,card,apparel,0,8,0.25594528849898723,2,1,1,1.9,13.0,0
order_11559d67eb,pay_49201488bc,2026-08-14 11:08:37.788603,434.48,card,electronics,0,5,0.13438864762941666,11,0,0,43.4,36.1,0
order_4a0aa15f6c,pay_b0f1bc48ce,2026-08-05 23:34:32.788603,2083.13,cod,apparel,1,0,0.0,23,0,1,2.6,43.2,1
order_2908442519,pay_2d4e041bd1,2026-08-07 06:29:52.788603,1478.92,upi,home,1,0,0.0,6,0,0,8.1,388.0,0
order_ab4ce40f4f,pay_16366c4790,2026-08-20 08:24:53.788603,254.49,card,home,1,0,0.0,8,0,0,20.0,22.3,1
order_4700917714,pay_6e157596f7,2026-08-10 02:26:39.788603,1141.76,upi,home,0,7,0.2556377049898569,2,0,1,17.2,92.3,0
order_ef294aa107,pay_c0622a1439,2026-08-07 13:28:10.788603,1655.35,cod,home,1,0,0.0,13,0,0,24.8,17.2,0
order_be76318cb2,pay_058e299cc3,2026-07-28 09:40:05.788603,2585.88,wallet,home,1,0,0.0,9,0,0,19.2,41.5,1
order_468df87cf4,pay_d7616ed42c,2026-08-04 11:24:19.788603,364.16,cod,grocery,0,2,0.36958441646832524,11,0,0,14.7,50.8,0
order_6566e940ed,pay_ae4f1698fd,2026-07-30 05:27:21.788603,4587.59,cod,apparel,0,1,0.17868726754312236,5,0,0,23.7,99.2,1
order_ab430af449,pay_8e43390330,2026-08-11 14:18:42.788603,1679.19,cod,home,1,0,0.0,14,0,0,9.1,14.7,1
order_6a108fb2d0,pay_186a9a31d4,2026-08-17 11:44:51.788603,164.16,upi,electronics,0,3,0.003985769509380886,11,0,0,1.9,82.0,0
order_5ef3fee18f,pay_053b8857ef,2026-07-29 14:34:01.788603,301.85,netbanking,grocery,1,0,0.0,14,0,0,0.7,19.9,0
order_efe9b8237c,pay_be0f0fb9fc,2026-08-08 07:47:19.788603,962.11,cod,electronics,0,3,0.06142513990556223,7,1,0,65.3,58.7,1
order_247d4d7812,pay_208a1d535c,2026-08-16 20:33:29.788603,281.93,upi,grocery,0,4,0.11781699406073011,20,1,0,86.6,26.4,0
order_5e9feeb552,pay_3630583111,2026-08-02 10:38:50.788603,545.87,upi,apparel,0,5,0.36739264029132196,10,1,0,1.5,26.0,0
order_c6971117a8,pay_90fb8a57fc,2026-07-28 17:34:31.788603,2278.75,upi,electronics,0,6,0.08656777559016603,17,0,0,22.3,141.7,0
order_d43304c3ac,pay_154fbfb75e,2026-08-08 04:03:36.788603,238.79,netbanking,apparel,1,0,0.0,4,1,1,2.5,177.9,0
order_63190e75c7,pay_d319ff5e47,2026-07-29 17:16:22.788603,726.43,upi,grocery,0,4,0.43449953633887256,17,0,0,2.3,27.3,0
order_926c7ea37a,pay_21e633fe7c,2026-08-15 08:15:30.788603,384.48,upi,digital,0,7,0.18410097512911427,8,1,0,13.2,13.4,0
order_6bb7d11303,pay_f8e0ff87d5,2026-08-02 23:10:54.788603,1702.06,cod,digital,0,4,0.007651137837444057,23,1,1,0.0,57.3,0
order_b467eb5122,pay_775eb9ab0e,2026-08-10 21:41:56.788603,130.03,netbanking,electronics,1,0,0.0,21,0,0,13.4,38.9,0
order_7a51e27c97,pay_e0759f9f01,2026-08-16 19:44:56.788603,760.55,cod,electronics,0,2,0.3717982272979295,19,1,0,2.5,48.3,1
order_425963ede4,pay_40b728ba6a,2026-08-26 03:51:37.788603,1880.16,cod,apparel,0,6,0.538139586020618,3,0,1,22.2,115.3,1
order_487da4bb1f,pay_ee3563455f,2026-08-24 18:03:28.788603,576.65,cod,apparel,0,5,0.32248126100160657,18,0,0,21.8,72.6,1
order_1871e1286d,pay_a8baf0580d,2026-08-05 12:09:42.788603,970.33,upi,home,1,0,0.0,12,0,0,22.5,92.7,0
order_610002a436,pay_5e9e197705,2026-08-25 08:04:14.788603,747.53,cod,apparel,0,8,0.040674574139845585,8,0,0,21.4,334.3,1
order_1193de4e0d,pay_9dcb632296,2026-08-07 06:42:25.788603,751.08,upi,home,1,0,0.0,6,0,0,14.9,271.0,0
order_3ba1093211,pay_0ba331b6c6,2026-08-16 20:06:14.788603,4216.94,upi,electronics,0,4,0.060369148306886944,20,1,0,0.7,30.9,0
order_cac80aed99,pay_b956500b9b,2026-08-02 13:51:30.788603,324.49,netbanking,digital,1,0,0.0,13,1,0,3.4,74.0,0
order_9271be9d0e,pay_ee4bab7eb7,2026-08-11 21:07:37.788603,50.97,cod,digital,0,7,0.15359885458052433,21,0,0,2.2,50.1,0
order_86fe2798c2,pay_30999106ce,2026-08-15 23:58:38.788603,2009.44,upi,apparel,0,7,0.03837265494814276,23,1,1,5.8,88.9,0
order_178ea6c6e4,pay_165836e801,2026-08-18 20:24:13.788603,2722.15,upi,grocery,0,4,0.0691502727899534,20,0,0,29.5,127.9,1
order_b648140c30,pay_dd60159a07,2026-08-05 17:54:43.788603,780.65,card,apparel,1,0,0.0,17,0,0,15.4,179.7,0
order_4556b6debf,pay_1effc6e582,2026-08-14 23:53:46.788603,1896.49,card,grocery,0,6,0.24523516720303462,23,0,1,22.6,31.1,0
order_87f8a9c533,pay_a2269f2325,2026-08-07 02:13:59.788603,461.63,upi,apparel,1,0,0.0,2,0,1,13.8,43.4,1
order_3472b4803f,pay_8c1fa6a378,2026-08-23 03:13:27.788603,1254.86,cod,digital,1,0,0.0,3,1,1,8.7,229.7,0
order_c76b961bc7,pay_91e6bcb132,2026-08-02 00:53:39.788603,1471.81,upi,apparel,0,5,0.20142058900081009,0,1,1,8.4,44.9,0
order_b189d96351,pay_3307159a1b,2026-08-17 22:56:08.788603,619.37,upi,digital,0,8,0.05565703321786854,22,0,0,18.9,47.4,0
order_3425cf3075,pay_584e442256,2026-08-01 23:13:49.788603,2774.04,upi,digital,0,5,0.054324007025132154,23,1,1,8.2,168.5,0
order_b487bc0107,pay_842a4b72a6,2026-08-01 14:50:05.788603,1386.63,netbanking,digital,1,0,0.0,14,1,0,1.4,33.5,0
order_55694be858,pay_abf1866dfe,2026-08-07 17:42:19.788603,745.86,card,digital,0,6,0.24615495796000988,17,0,0,3.9,48.1,0
order_f1a13727cc,pay_cb37d5b6c0,2026-08-03 02:49:54.788603,1335.1,cod,grocery,1,0,0.0,2,0,1,8.8,41.4,0
order_9a39600be3,pay_ae7cf45ccc,2026-08-24 08:27:25.788603,1210.57,netbanking,apparel,0,5,0.2007201326616463,8,0,0,4.5,22.3,0
order_c14f45cb1e,pay_d9caef9a9a,2026-08-08 00:04:10.788603,377.45,upi,home,0,5,0.02730132185533242,0,1,1,23.6,12.7,0
order_4f8b1c8527,pay_9949f48e11,2026-08-05 12:19:09.788603,2024.08,upi,home,0,1,0.2339449946897098,12,0,0,13.7,24.7,0
order_4a0e31281d,pay_e7d335f967,2026-08-01 23:09:47.788603,4961.91,card,apparel,0,6,0.2476385769901365,23,1,1,5.3,16.6,0
order_07994ddb4b,pay_a9c9bce605,2026-07-29 09:16:52.788603,1370.96,card,apparel,0,2,0.20097949930476897,9,0,0,7.5,620.9,0
order_2d4ca37e0d,pay_3aa253741c,2026-08-09 09:20:57.788603,228.17,card,home,0,4,0.08274331269640413,9,1,0,1.2,27.2,0
order_dd37747a21,pay_b5a2b698a4,2026-08-23 21:04:29.788603,1967.32,upi,home,1,0,0.0,21,1,0,13.1,63.7,0
order_7b99f5f663,pay_3ba5bd5607,2026-08-22 14:25:50.788603,111.4,upi,electronics,0,9,0.09569755975469108,14,1,0,78.0,64.0,0
order_d4e8b11917,pay_e149bbece7,2026-08-02 17:37:22.788603,521.88,card,electronics,0,9,0.1961989988826946,17,1,0,6.9,110.1,0
order_377668d7df,pay_810cc4ced0,2026-08-09 06:32:41.788603,559.39,upi,apparel,0,6,0.004289293614888775,6,1,0,18.9,15.5,0
order_be6a2dbaff,pay_f56ce4ab75,2026-08-08 18:34:05.788603,535.17,card,electronics,1,0,0.0,18,1,0,18.0,18.9,0
order_09e7ca1cac,pay_d9fc4f6f52,2026-08-21 15:42:31.788603,2339.5,netbanking,grocery,0,7,0.20980786949332422,15,0,0,10.0,61.7,0
order_fc68ee8061,pay_e05354b68f,2026-08-15 03:41:40.788603,130.33,upi,grocery,0,8,0.23913693106978964,3,1,1,4.0,54.5,0
order_6541a71d02,pay_8995a0ef7e,2026-08-06 12:38:09.788603,849.28,upi,digital,0,8,0.15366756675482363,12,0,0,12.6,12.6,0
order_b81380a30e,pay_a2092f7a8b,2026-08-10 23:05:28.788603,3457.03,upi,digital,1,0,0.0,23,0,1,3.0,30.5,0
order_e1a48f529e,pay_4267499946,2026-08-01 15:34:09.788603,346.93,upi,grocery,0,3,0.4224604510189833,15,1,0,17.2,62.0,0
order_3c595e275e,pay_4a1b7e7ee3,2026-08-20 14:51:18.788603,997.97,card,electronics,1,0,0.0,14,0,0,5.8,117.0,0
order_ef84379d70,pay_09263175cb,2026-07-30 06:58:39.788603,1231.24,cod,apparel,1,0,0.0,6,0,0,5.6,14.2,1
order_976bfb5d43,pay_f5a570e728,2026-08-25 04:18:36.788603,611.92,card,electronics,0,3,0.35441641692278697,4,0,1,13.5,119.8,1
order_a1f5d7648d,pay_5b548d2299,2026-08-12 20:03:38.788603,766.9,upi,grocery,0,6,0.028523568436290378,20,0,0,7.2,184.5,0
order_d9fc3632bd,pay_76ca2c42b4,2026-08-15 15:29:23.788603,440.48,card,electronics,1,0,0.0,15,1,0,7.0,30.2,0
order_32a3c0b84a,pay_1a72b1dc4b,2026-08-20 11:54:57.788603,272.07,upi,electronics,0,4,0.08843053107991612,11,0,0,1.1,51.5,0
order_b606af945b,pay_f9e20d5539,2026-07-29 23:48:44.788603,1980.59,cod,apparel,0,5,0.23851025254494362,23,0,1,16.6,59.3,1
order_786f960075,pay_68ab2d26bb,2026-08-24 17:31:02.788603,1331.47,cod,digital,0,5,0.20858662806449813,17,0,0,8.5,104.5,0
order_825b98f976,pay_9c153c3dc5,2026-08-09 02:50:30.788603,1475.73,cod,digital,0,3,0.8211738015654507,2,1,1,5.6,93.7,0
order_d95ff15dd7,pay_af787d20e7,2026-08-27 05:42:39.788603,359.08,upi,home,0,3,0.022676614640721102,5,0,0,0.1,198.3,0
order_3677a71f43,pay_019ab43eeb,2026-08-07 09:30:07.788603,224.15,cod,grocery,1,0,0.0,9,0,0,3.5,17.2,0
order_65c3f54661,pay_0ab83b0099,2026-08-22 09:23:39.788603,679.99,upi,electronics,0,5,0.23274541722762032,9,1,0,28.3,68.6,0
order_b19d33c08f,pay_045edc2889,2026-08-10 19:26:07.788603,1000.97,cod,home,1,0,0.0,19,0,0,11.9,51.6,1
order_1105862f70,pay_d58994800a,2026-08-21 02:45:37.788603,320.61,cod,apparel,0,10,0.008808249232280213,2,0,1,16.7,115.3,1
order_b6a3ff700a,pay_745c762148,2026-08-08 08:48:02.788603,50.0,upi,home,0,7,0.10616842662458792,8,1,0,10.0,324.1,0
order_cf488b7f4d,pay_a279083d4a,2026-08-19 16:57:31.788603,433.8,wallet,apparel,1,0,0.0,16,0,0,31.5,37.8,0
order_1aa896ed23,pay_1e77ccf11e,2026-08-12 18:02:09.788603,3846.09,upi,apparel,0,4,0.40954421118037737,18,0,0,85.0,90.2,1
order_f997842542,pay_f44ac94664,2026-08-01 18:54:45.788603,629.16,upi,digital,1,0,0.0,18,1,0,0.7,80.0,0
order_00380daa28,pay_9fb49d507e,2026-08-07 21:40:29.788603,3351.38,card,apparel,1,0,0.0,21,0,0,9.7,41.0,0
order_cd8ecc1fa5,pay_4c752be4cb,2026-08-09 11:41:43.788603,2833.18,cod,home,1,0,0.0,11,1,0,14.3,34.1,1
order_855949cb7d,pay_741424ca9f,2026-08-04 19:24:59.788603,856.04,wallet,digital,0,4,0.15076022495885721,19,0,0,30.7,31.9,0
order_b32b7ba8d4,pay_f1662527bc,2026-08-06 00:51:41.788603,1849.07,upi,electronics,0,6,0.5777258038281593,0,0,1,38.8,152.3,1
order_69a85ccfea,pay_6187ca9d0c,2026-08-23 04:39:37.788603,955.86,netbanking,electronics,0,4,0.011068613099638639,4,1,1,6.2,42.6,0
order_ee7a67151a,pay_620af931bb,2026-08-25 08:24:08.788603,2336.87,card,electronics,0,9,0.2443581219679639,8,0,0,0.5,50.9,0
order_e1a7642391,pay_80795a00c2,2026-08-08 21:17:08.788603,708.75,upi,apparel,1,0,0.0,21,1,0,7.3,125.0,0
order_c84cc2b967,pay_4b12dd90b9,2026-08-19 23:33:27.788603,1471.82,upi,apparel,0,4,0.19111432706340156,23,0,1,27.9,98.5,0
order_e944a254a7,pay_c0e1c7668b,2026-08-11 17:26:01.788603,531.07,netbanking,electronics,0,3,0.22099168766160726,17,0,0,12.7,32.6,0
order_8762149d5d,pay_8cdb54c20f,2026-08-11 16:37:42.788603,319.03,cod,apparel,1,0,0.0,16,0,0,1.6,20.2,0
order_8b17af84e4,pay_537225a3f8,2026-08-24 05:08:44.788603,1150.05,cod,apparel,0,4,0.06612065239463001,5,0,0,19.3,204.7,1
order_e9690227d1,pay_3e7ca45e55,2026-08-05 23:03:04.788603,830.1,card,apparel,1,0,0.0,23,0,1,24.0,85.8,0
order_d13f4a7450,pay_1cc5a0e1b0,2026-08-14 05:07:17.788603,306.98,upi,apparel,0,6,0.18223006378874637,5,0,0,26.8,118.5,0
order_b810077bd4,pay_8337c5becc,2026-07-28 16:07:12.788603,367.73,netbanking,grocery,1,0,0.0,16,0,0,8.2,40.3,0
order_17c57d4dd4,pay_9ade823f1c,2026-07-31 14:59:01.788603,1022.33,cod,electronics,0,4,0.045289870942121856,14,0,0,4.7,93.2,0
order_f6c78542de,pay_1d9bf8d3b9,2026-08-21 23:22:17.788603,144.71,upi,digital,0,6,0.12401229094268852,23,0,1,41.8,52.3,0
order_4600b60700,pay_f0d27b87c8,2026-07-31 03:39:29.788603,113.93,upi,grocery,0,6,0.042810372100543954,3,0,1,22.7,70.7,0
order_d956c4af2a,pay_7a7ca1fc0b,2026-08-16 20:54:58.788603,517.87,card,digital,0,7,0.43819643153025134,20,1,0,3.6,57.4,1
order_b8fdb940f1,pay_51bd24eb2b,2026-08-13 22:18:46.788603,5785.45,netbanking,home,0,7,0.09846782507725625,22,0,0,10.9,100.8,0
order_a925bc54fc,pay_d27ad94002,2026-08-12 09:46:02.788603,1056.23,cod,digital,1,0,0.0,9,0,0,2.2,37.5,0
order_8ce9d51a93,pay_f69743acce,2026-08-06 09:01:21.788603,2409.48,card,apparel,0,3,0.03581236454789275,9,0,0,25.3,34.1,0
order_f2b0863298,pay_0994905272,2026-07-31 10:51:11.788603,1427.88,cod,home,0,3,0.05191780263180438,10,0,0,19.3,74.8,0
order_ade405dea8,pay_c5525ea6fa,2026-08-21 04:23:46.788603,1031.02,card,digital,0,4,0.3567405716515035,4,0,1,1.9,26.1,0
order_2802fd8c9b,pay_25dd7d068c,2026-08-08 10:25:23.788603,8077.34,upi,electronics,0,4,0.06196333924579538,10,1,0,2.6,104.7,0
order_df1bf0d94e,pay_244d070050,2026-08-03 11:41:16.788603,1313.91,cod,apparel,0,4,0.06210400944563517,11,0,0,7.9,160.5,0
order_45aa5041ba,pay_57d8a0044a,2026-07-31 19:15:40.788603,1416.57,cod,electronics,0,4,0.09043298041359144,19,0,0,8.6,21.2,0
order_92cbb82432,pay_1e56aede34,2026-08-24 22:09:41.788603,601.31,card,electronics,0,5,0.16061825027550714,22,0,0,0.6,8.6,0
order_d4498585de,pay_e1df7f9957,2026-08-15 10:43:27.788603,1605.45,upi,home,1,0,0.0,10,1,0,22.6,65.0,0
order_21653112bd,pay_8b27260896,2026-07-29 18:24:39.788603,1104.84,card,digital,0,3,0.22935079230152128,18,0,0,31.5,52.3,0
order_695d1d24f0,pay_cddf92371c,2026-07-29 15:14:17.788603,529.7,upi,digital,1,0,0.0,15,0,0,34.0,49.3,0
order_61f2c3eb4c,pay_1f17ad64bb,2026-08-14 19:59:51.788603,598.37,cod,electronics,1,0,0.0,19,0,0,13.3,54.1,1
order_15260d45d8,pay_c4fd01e761,2026-08-20 02:06:41.788603,149.71,card,grocery,0,5,0.730193790220778,2,0,1,19.4,50.4,0
order_d70a4edb20,pay_3c8ba6cf89,2026-08-19 09:15:38.788603,177.85,card,home,1,0,0.0,9,0,0,7.8,21.8,0
order_a6e4f9b82f,pay_195d78d92a,2026-08-26 15:47:12.788603,2150.62,upi,grocery,0,6,0.028911767852822914,15,0,0,10.1,122.3,1
order_d49bdbf7f7,pay_032e2bba4f,2026-08-02 01:43:17.788603,1229.29,upi,electronics,0,7,0.008020716088885119,1,1,1,19.2,132.2,0
order_28422e6d76,pay_7c919729dc,2026-08-05 05:29:02.788603,1688.01,card,grocery,1,0,0.0,5,0,0,72.8,38.6,0
order_9fe5a32fd5,pay_063a52c17b,2026-08-22 06:54:30.788603,409.82,cod,digital,0,3,0.17977187212859794,6,1,0,0.9,124.8,0
order_a370037789,pay_c3b6cf3a52,2026-08-26 13:42:37.788603,387.58,cod,grocery,1,0,0.0,13,0,0,1.6,27.4,0
order_e1cffa38d9,pay_6dad3e6688,2026-07-29 06:18:26.788603,469.19,card,apparel,0,5,0.117729821750265,6,0,0,14.2,40.5,0
order_83a44869a6,pay_258ae61454,2026-08-27 04:24:30.788603,655.67,cod,digital,0,4,0.07568554732934567,4,0,1,0.8,31.9,0
order_a1f6145821,pay_ed23e2f452,2026-08-10 07:57:21.788603,184.29,upi,apparel,0,5,0.01643188471152273,7,0,0,0.9,107.7,0
order_6355dbe9c7,pay_db524ba85e,2026-08-09 22:21:46.788603,1390.91,netbanking,digital,0,7,0.40492328188575966,22,1,0,28.2,71.4,0
order_be5f509831,pay_7f38ad94be,2026-08-14 07:51:22.788603,592.72,upi,home,0,3,0.3972888236019296,7,0,0,21.6,46.9,0
order_23767b1401,pay_f2d3949b97,2026-08-04 21:56:36.788603,560.58,netbanking,apparel,1,0,0.0,21,0,0,10.9,17.5,0
order_f73e702c91,pay_b7d80ca299,2026-08-16 13:42:47.788603,742.35,card,grocery,0,8,0.2032552311130201,13,1,0,4.7,61.7,0
order_173931a9c5,pay_6283944e19,2026-08-23 11:42:08.788603,780.45,upi,grocery,0,5,0.28705574567930375,11,1,0,7.0,35.2,0
order_febec33abc,pay_e468f07e88,2026-08-09 18:10:55.788603,2157.48,cod,apparel,1,0,0.0,18,1,0,6.9,98.2,0
order_5039922d94,pay_de7839ceeb,2026-08-01 04:57:47.788603,185.7,cod,grocery,1,0,0.0,4,1,1,14.3,91.5,0
order_89d804cd7c,pay_498d63acef,2026-08-13 08:26:50.788603,418.91,netbanking,electronics,0,5,0.09247140060040378,8,0,0,43.3,60.9,0
order_c338be16ee,pay_63590faf56,2026-08-17 09:39:02.788603,969.62,upi,home,0,8,0.12895412866657166,9,0,0,45.6,43.4,0
order_827676d8bc,pay_2a8278345d,2026-08-01 17:04:03.788603,244.51,upi,electronics,1,0,0.0,17,1,0,5.5,31.7,0
order_fbc5b1bfe6,pay_7c235f277c,2026-08-23 23:01:16.788603,1310.66,cod,apparel,0,7,0.15232211660417003,23,1,1,39.9,31.6,1
order_f30399ab65,pay_4fd4eb3ab8,2026-08-02 21:38:44.788603,1009.59,upi,electronics,0,5,0.09575420505539853,21,1,0,2.4,49.8,1
order_1cad1f6b27,pay_628f642077,2026-08-15 18:48:02.788603,1098.35,card,electronics,0,7,0.47317884850753106,18,1,0,48.9,74.5,1
order_5c1c6d767d,pay_2e3eabb507,2026-08-23 09:25:52.788603,542.49,card,grocery,1,0,0.0,9,1,0,5.3,55.2,0
order_6668e7837d,pay_e9562261f5,2026-08-22 01:15:31.788603,1153.81,upi,home,0,4,0.14688714893582575,1,1,1,17.9,56.8,0
order_2723ba9324,pay_9bc3ac4f29,2026-08-09 01:39:15.788603,139.69,cod,home,1,0,0.0,1,1,1,22.9,9.2,0
order_c84f0ad85c,pay_5d2850a87d,2026-08-15 02:57:17.788603,498.09,upi,grocery,1,0,0.0,2,1,1,4.6,141.3,1
order_b8af66ac1c,pay_07fc7e48af,2026-08-17 01:14:24.788603,505.72,netbanking,grocery,0,3,0.11175313292164953,1,0,1,1.1,63.8,0
order_682b0e181f,pay_6e1a62d86a,2026-08-24 22:06:56.788603,1090.35,cod,digital,0,4,0.020388972721867783,22,0,0,7.6,204.9,0
order_7b7ca0e3ab,pay_4b3dcbe26c,2026-08-17 18:53:35.788603,276.19,netbanking,home,0,2,0.3612175949781255,18,0,0,22.7,38.9,0
order_f415fdf66a,pay_750989e350,2026-08-11 08:13:31.788603,4097.0,card,digital,0,7,0.40101504402476895,8,0,0,6.1,41.4,0
order_de7d9cf016,pay_48e6facca8,2026-08-08 03:35:06.788603,573.28,upi,apparel,0,7,0.236934757076642,3,1,1,8.3,78.6,0
order_46402f7560,pay_90b5fcf5bb,2026-08-07 16:09:22.788603,357.1,wallet,electronics,0,5,0.3278881745626151,16,0,0,11.9,218.4,0
order_c93c79ff1d,pay_dadc342eba,2026-08-14 11:16:50.788603,257.94,upi,electronics,0,5,0.31773235486489343,11,0,0,2.1,6.3,0
order_02bd670bbe,pay_59359fae95,2026-08-09 21:22:37.788603,173.15,cod,electronics,0,5,0.3576524315446408,21,1,0,2.1,71.1,1
order_011df3fc59,pay_c3f4be6a40,2026-07-31 05:49:52.788603,1368.65,cod,electronics,0,3,0.2318402522114807,5,0,0,19.3,30.3,1
order_d66a115417,pay_9111fb7a7b,2026-08-15 19:10:35.788603,1077.02,card,electronics,0,4,0.16398588576684311,19,1,0,7.8,24.3,0
order_dc7bec4438,pay_444f8428f2,2026-07-29 00:12:54.788603,250.69,cod,electronics,0,2,0.19196979318955193,0,0,1,38.4,137.4,1
order_9f3a9dbe5d,pay_0f05914a48,2026-08-15 03:37:10.788603,755.62,netbanking,home,0,6,0.3144716342857624,3,1,1,0.7,16.6,0
order_174635cd24,pay_c52f738294,2026-08-25 00:04:39.788603,1374.55,cod,apparel,0,2,0.42281675063154966,0,0,1,1.9,24.2,1
order_cc7009c5a4,pay_4bb62b3081,2026-07-28 21:51:22.788603,220.28,cod,apparel,1,0,0.0,21,0,0,24.6,39.4,0
order_2626ea9f2b,pay_71d8428ad0,2026-08-17 16:23:40.788603,499.48,card,grocery,0,9,0.11065011155481283,16,0,0,6.6,23.1,0
order_7c98bb11b9,pay_dc79d54694,2026-08-11 04:18:22.788603,612.45,upi,home,0,5,0.26979167203613197,4,0,1,3.4,296.7,1
order_3d65331954,pay_a3dc10ec07,2026-08-17 15:11:00.788603,264.67,upi,grocery,1,0,0.0,15,0,0,28.0,102.4,0
order_b3281631f7,pay_4d0aeefec3,2026-08-27 07:41:17.788603,907.97,cod,grocery,1,0,0.0,7,0,0,12.4,7.4,1
order_5264b09f41,pay_1f548568a3,2026-08-14 22:12:27.788603,548.92,cod,digital,1,0,0.0,22,0,0,2.0,21.0,0
order_74217d7789,pay_454736402c,2026-08-24 17:41:50.788603,50.0,wallet,apparel,0,4,0.2676554372103184,17,0,0,14.0,35.0,0
order_8da8cb4a16,pay_3e4beaa15d,2026-08-14 04:32:29.788603,382.13,upi,digital,0,6,0.26619309248763223,4,0,1,14.5,13.9,0
order_b722973704,pay_45912f9ea4,2026-07-29 20:26:41.788603,345.79,upi,home,0,5,0.10955800015150939,20,0,0,38.8,45.5,0
order_7116d7db05,pay_09cf3e9fe8,2026-08-09 07:03:23.788603,755.36,card,apparel,1,0,0.0,7,1,0,25.7,41.3,0
order_fd360e78c0,pay_22258e0316,2026-07-29 03:08:03.788603,260.9,upi,electronics,0,5,0.03216513911230475,3,0,1,21.1,120.2,0
order_cbbc6dd986,pay_2ea9152b16,2026-07-29 06:08:35.788603,179.36,upi,apparel,0,5,0.15942850904997705,6,0,0,7.8,16.8,0
order_d87d908035,pay_4855f1aa12,2026-08-05 03:20:36.788603,445.22,wallet,electronics,1,0,0.0,3,0,1,18.0,118.0,0
order_918257d711,pay_2bb43f257e,2026-08-21 16:00:40.788603,133.9,upi,grocery,1,0,0.0,16,0,0,14.9,53.4,0
order_813b0efcdd,pay_bd3f3861f7,2026-08-23 02:33:23.788603,2952.3,upi,electronics,1,0,0.0,2,1,1,2.0,77.5,0
order_a30b6b0514,pay_5f12bae240,2026-07-31 13:49:55.788603,1085.63,upi,electronics,0,5,0.15702944569549507,13,0,0,7.2,409.2,0
order_ec7ff5e311,pay_5fe81b3eab,2026-08-23 11:56:22.788603,1590.91,upi,grocery,0,5,0.15746957311391377,11,1,0,37.5,23.9,0
order_90204677aa,pay_885c59f92d,2026-08-26 01:53:14.788603,1713.06,upi,digital,0,6,0.060492366535634494,1,0,1,23.8,110.1,0
order_445c2822c9,pay_bb584d9042,2026-08-26 01:06:54.788603,950.47,upi,home,0,8,0.11285428531129237,1,0,1,29.5,15.6,0
order_0424bc81bd,pay_05404f90f5,2026-08-06 17:40:10.788603,4031.12,cod,electronics,0,4,0.14217790187603843,17,0,0,0.0,21.2,0
order_5fc4f94a3b,pay_a8b6eb0ffa,2026-08-24 06:47:47.788603,140.6,cod,electronics,0,5,0.23985173452836842,6,0,0,5.2,150.0,0
order_8487ab1051,pay_2343f0c820,2026-08-20 01:41:23.788603,180.03,wallet,electronics,1,0,0.0,1,0,1,4.0,44.4,0
order_a66c313c20,pay_1a5e56fe54,2026-08-17 20:21:02.788603,821.02,card,digital,1,0,0.0,20,0,0,1.3,133.5,0
order_0679f9290d,pay_45c5af9071,2026-08-24 06:42:38.788603,381.08,upi,grocery,0,1,0.043481702652129126,6,0,0,9.2,53.9,0
order_9f70acf993,pay_0a22b362a7,2026-07-29 04:24:48.788603,175.27,cod,electronics,1,0,0.0,4,0,1,5.3,66.4,0
order_ba963f0a00,pay_76c09fec6a,2026-08-26 06:13:28.788603,169.7,cod,apparel,0,2,0.0014447358778847496,6,0,0,10.1,11.3,0
order_2ac4a4154f,pay_e424893063,2026-08-20 13:49:30.788603,573.8,cod,grocery,1,0,0.0,13,0,0,2.7,19.1,0
order_bc41f5d00e,pay_8bad9d51c6,2026-08-15 09:01:54.788603,858.71,cod,grocery,0,5,0.3614544857272432,9,1,0,9.6,16.3,1
order_7fba0c7db0,pay_f0f4d3b1bc,2026-08-14 23:56:59.788603,551.11,netbanking,electronics,0,4,0.08872561774143649,23,0,1,17.5,47.6,0
order_bff4b0051c,pay_642adecb95,2026-08-23 13:45:32.788603,354.51,card,home,0,7,0.06782466871300447,13,1,0,4.3,55.1,0
order_3806094cb8,pay_b1fa4575c8,2026-08-13 17:17:49.788603,236.7,upi,apparel,0,10,0.1572553700208655,17,0,0,12.1,49.1,0
order_936e3ad815,pay_11f59afb1e,2026-08-13 06:48:02.788603,4765.5,card,grocery,0,2,0.07870640342079138,6,0,0,2.7,69.9,0
order_f2c9c884cf,pay_82c14601d9,2026-08-20 11:06:55.788603,310.53,card,apparel,0,1,0.284792005448152,11,0,0,8.9,125.5,0
order_588f3ac792,pay_82bccdcc8a,2026-08-23 23:47:22.788603,3315.17,cod,electronics,1,0,0.0,23,1,1,2.7,32.4,0
order_18d809c54e,pay_4cbefc56aa,2026-08-08 12:28:18.788603,434.02,wallet,grocery,0,1,0.21812272020181248,12,1,0,6.5,427.4,0
order_18634cfcfd,pay_5035f396e3,2026-08-17 05:19:09.788603,1003.7,upi,home,0,4,0.005576322672822951,5,0,0,0.3,93.0,0
order_bbdb585f46,pay_a77fc2b802,2026-08-25 17:56:15.788603,271.5,upi,apparel,0,6,0.13470890237952085,17,0,0,0.9,146.1,0
order_9fa971d762,pay_709042ff89,2026-08-18 12:59:31.788603,487.49,cod,grocery,0,8,0.3118603777546791,12,0,0,69.7,55.6,1
order_cec08a00be,pay_449fa796ee,2026-08-13 04:46:59.788603,2661.22,cod,apparel,0,8,0.07900990918536654,4,0,1,35.5,84.3,1
order_7188daec7f,pay_badbb815ac,2026-08-03 00:42:01.788603,1212.92,netbanking,digital,0,6,0.11691367381969565,0,0,1,4.0,115.3,0
order_9ee419f048,pay_e03b854e6b,2026-08-15 00:33:00.788603,9314.33,upi,apparel,1,0,0.0,0,1,1,26.1,34.0,1
order_5ecb039d1b,pay_2cb7877805,2026-08-24 11:33:33.788603,562.53,cod,apparel,0,1,0.06482568413828882,11,0,0,7.5,162.0,0
order_d1a417ffd6,pay_f00a5f8403,2026-08-25 06:54:15.788603,1353.83,wallet,apparel,1,0,0.0,6,0,0,13.6,153.5,0
order_65899cd5f3,pay_b650e444d2,2026-08-22 02:37:19.788603,653.32,cod,grocery,0,4,0.10506805877243526,2,1,1,38.9,71.2,0
order_5a6061f211,pay_41533b32ef,2026-08-22 02:51:05.788603,2569.59,upi,electronics,0,4,0.105169478209298,2,1,1,3.5,47.5,0
order_372e399e17,pay_c401e9b7b5,2026-08-13 02:21:42.788603,2305.74,upi,home,1,0,0.0,2,0,1,5.6,55.3,0
order_ca1f5a60a5,pay_76c352b1ad,2026-08-07 05:26:09.788603,9485.42,netbanking,digital,0,6,0.04694512325542367,5,0,0,4.2,157.1,0
order_bae4a8df64,pay_564682ed6c,2026-08-22 21:21:49.788603,587.48,card,grocery,0,6,0.08678248426457,21,1,0,2.9,24.2,0
order_cd304966de,pay_1d38fa7129,2026-08-07 06:18:16.788603,694.18,cod,apparel,1,0,0.0,6,0,0,9.0,49.8,0
order_f86cf9b761,pay_a63941ccb8,2026-08-25 18:50:47.788603,11899.27,cod,home,0,7,0.18275893067039242,18,0,0,3.3,118.2,1
order_522c0b5423,pay_4c64545e3d,2026-08-13 18:30:43.788603,892.78,upi,home,0,6,0.03379033512054974,18,0,0,5.8,11.1,0
order_82493d099b,pay_798f08ef16,2026-08-26 05:42:44.788603,2377.19,card,grocery,0,5,0.06634282340357069,5,0,0,6.8,196.9,0
order_3ac712a5f0,pay_b6223cdcc2,2026-08-03 15:48:43.788603,50.0,cod,apparel,0,5,0.06837499226731426,15,0,0,13.7,59.4,1
order_cafff2019b,pay_75b6ab0639,2026-08-18 09:03:02.788603,750.4,cod,digital,0,4,0.19318013761404954,9,0,0,29.3,63.7,0
order_e0a4ec5ba4,pay_ae83cb2b48,2026-08-24 07:56:15.788603,511.87,netbanking,electronics,0,4,0.32024504730811226,7,0,0,7.0,27.6,0
order_7021bc8c7d,pay_a9bb346aac,2026-08-16 21:22:12.788603,2019.3,wallet,digital,1,0,0.0,21,1,0,28.2,124.1,0
order_e86c505616,pay_07c880da53,2026-08-20 17:48:20.788603,381.19,cod,home,0,4,0.036588607536658484,17,0,0,6.8,64.3,0
order_0eafbb5131,pay_215fbe8b0f,2026-08-09 16:02:46.788603,544.25,upi,home,0,5,0.04640124809162345,16,1,0,10.8,60.7,0
order_644b2d2b5d,pay_68708551a9,2026-07-28 19:48:49.788603,718.03,upi,electronics,1,0,0.0,19,0,0,27.4,12.4,1
order_877e0c3e64,pay_26d6d45e94,2026-07-29 02:42:02.788603,1140.41,upi,grocery,1,0,0.0,2,0,1,4.6,140.3,1
order_398e241ee9,pay_758ff5568f,2026-08-04 02:21:27.788603,263.75,card,apparel,0,4,0.07639688318506281,2,0,1,2.8,247.9,0
order_8a08789653,pay_2111814a82,2026-08-09 06:46:39.788603,536.78,upi,electronics,0,7,0.05358793350100017,6,1,0,19.3,70.6,0
order_c372c008bf,pay_f649d272c4,2026-08-09 15:50:11.788603,4505.91,card,apparel,0,5,0.4474270253191042,15,1,0,14.3,84.9,0
order_d2f3eab72c,pay_a3399ff629,2026-08-23 16:56:45.788603,786.01,card,electronics,0,5,0.2733638454006033,16,1,0,13.1,64.2,1
order_05f8cce496,pay_f3275959eb,2026-08-20 08:28:10.788603,293.05,upi,apparel,0,4,0.16256725981802908,8,0,0,20.2,108.7,0
order_3530592f73,pay_66d536cbd7,2026-08-14 04:40:22.788603,51.61,netbanking,grocery,0,5,0.482795238040809,4,0,1,22.3,62.5,0
order_db2274d5d1,pay_13260f7c6d,2026-08-16 11:04:42.788603,1179.59,netbanking,apparel,1,0,0.0,11,1,0,72.1,68.8,0
order_d8ff557bfd,pay_d1acf383af,2026-08-05 14:30:00.788603,1882.79,upi,home,0,5,0.2719663871365507,14,0,0,51.4,44.5,0
order_5f8b805051,pay_b2d6c8360d,2026-07-31 07:40:02.788603,487.8,card,apparel,0,9,0.06785776060014963,7,0,0,5.6,25.7,0
order_b5244f4548,pay_6f781568ac,2026-08-13 22:19:33.788603,1117.1,wallet,digital,1,0,0.0,22,0,0,4.7,35.5,0
order_7375a2e42e,pay_8353465e74,2026-08-20 20:30:07.788603,2909.3,upi,electronics,0,8,0.1195130505473465,20,0,0,6.6,67.7,0
order_a2d4dd1d25,pay_5fd9f27faf,2026-08-24 16:02:00.788603,317.25,card,apparel,0,3,0.05277545862687413,16,0,0,1.3,60.1,0
order_df340c373d,pay_d56c302f93,2026-08-14 09:03:26.788603,1168.64,upi,home,1,0,0.0,9,0,0,16.4,60.5,0
order_1714707b2b,pay_a4c0a68902,2026-07-31 23:18:15.788603,434.01,cod,apparel,0,6,0.416546202955314,23,0,1,11.0,104.4,0
order_0ca1db8be0,pay_bb4a7977fa,2026-08-13 22:04:03.788603,160.8,netbanking,home,0,7,0.01911269529702552,22,0,0,9.9,55.0,0
order_50960ce090,pay_c69eaab5bc,2026-08-08 22:14:49.788603,544.53,cod,electronics,1,0,0.0,22,1,0,13.3,74.8,0
order_da42a4106c,pay_1ef2e6f49b,2026-07-29 05:10:36.788603,584.8,card,home,0,5,0.044252830060182206,5,0,0,13.3,136.3,0
order_aa4ae284ca,pay_e943c09a00,2026-08-24 19:22:19.788603,2511.39,upi,electronics,0,7,0.07792943417459099,19,0,0,0.0,87.2,0
order_74703792c7,pay_47ba0bf0bb,2026-08-26 17:51:18.788603,965.86,cod,electronics,1,0,0.0,17,0,0,9.4,274.8,0
order_28d77c5a24,pay_a91ab61b99,2026-08-24 03:00:35.788603,301.85,upi,grocery,1,0,0.0,3,0,1,2.6,109.1,0
order_b07e0a1ed3,pay_718e215018,2026-08-22 12:15:01.788603,1109.04,netbanking,home,0,5,0.08835697906110855,12,1,0,5.7,125.2,0
order_8f1e37200c,pay_1995954b6e,2026-08-17 07:31:30.788603,2216.45,upi,grocery,0,4,0.16974192832342008,7,0,0,90.1,42.5,0
order_6d8ac6a985,pay_ea5b62e8d6,2026-08-05 07:13:34.788603,975.97,upi,apparel,0,4,0.11298833657712302,7,0,0,13.0,34.7,0
order_75114b28f1,pay_7568eea26c,2026-08-16 04:30:00.788603,503.67,cod,home,0,4,0.06893947719520843,4,1,1,2.2,35.0,0
order_fc3450342f,pay_4c0e707161,2026-08-16 07:50:02.788603,303.74,card,apparel,0,4,0.04935522147723514,7,1,0,14.0,45.3,0
order_f3f49e8f80,pay_1b6134a647,2026-08-09 19:58:59.788603,690.38,upi,apparel,0,11,0.00885595856978528,19,1,0,4.2,18.7,0
order_454445b71a,pay_7f60deb074,2026-08-08 22:19:27.788603,502.2,wallet,apparel,0,7,0.012964551939461576,22,1,0,13.5,23.5,0
order_47016b288f,pay_3df700adeb,2026-07-29 13:28:01.788603,4973.24,card,digital,0,2,0.08900199568384279,13,0,0,4.5,45.0,0
order_80c70fdcd4,pay_f31392687a,2026-08-17 13:08:53.788603,1598.92,upi,digital,0,7,0.07082675942612653,13,0,0,3.3,20.5,0
order_06d6f4e760,pay_543710527b,2026-08-03 11:18:46.788603,440.24,cod,digital,1,0,0.0,11,0,0,1.7,46.5,0
order_f72508c696,pay_1b7a5f0842,2026-08-13 18:13:20.788603,286.43,cod,grocery,0,4,0.17313200200237885,18,0,0,12.6,26.8,0
order_7201f443bc,pay_7d9d1b5b15,2026-08-16 07:49:31.788603,322.17,netbanking,apparel,0,5,0.5134889618793339,7,1,0,33.7,116.1,0
order_e8762fad35,pay_ab092e4392,2026-08-05 00:57:13.788603,271.39,cod,grocery,1,0,0.0,0,0,1,75.3,27.8,0
order_c48ec97e91,pay_2d986349ff,2026-08-07 12:04:40.788603,576.07,upi,digital,0,6,0.05199090432616615,12,0,0,5.5,45.3,1
order_e7e9ff5fe3,pay_b6f969aac5,2026-08-11 08:31:49.788603,1092.36,cod,home,0,4,0.14636405867036345,8,0,0,8.7,123.0,0
order_b271c9e9fe,pay_9caf7d822c,2026-08-06 01:56:57.788603,1428.52,upi,apparel,1,0,0.0,1,0,1,3.4,98.2,0
order_afb57fc558,pay_c1d38322d6,2026-08-12 19:27:46.788603,120.94,netbanking,grocery,1,0,0.0,19,0,0,30.0,256.9,0
order_74f8826890,pay_4352b3848c,2026-08-09 21:02:47.788603,1130.67,card,electronics,1,0,0.0,21,1,0,42.1,59.0,0
order_2fdac6e3d2,pay_bb78af9caa,2026-08-17 22:29:35.788603,3961.79,netbanking,electronics,0,7,0.16986499876310843,22,0,0,14.6,64.1,0
order_eb4e94028c,pay_efa8a3cbbc,2026-08-12 19:56:26.788603,774.37,card,home,0,6,0.013015750793251662,19,0,0,4.3,79.6,0
order_8c64ce88af,pay_e46f4fb058,2026-08-06 02:55:40.788603,1940.79,card,grocery,0,3,0.053625759205273404,2,0,1,1.4,106.5,0
order_56586f6931,pay_3ef2550ab7,2026-08-19 18:46:17.788603,485.09,upi,home,0,2,0.13200462498861928,18,0,0,23.2,33.5,0
order_63542ee445,pay_2337dceb9f,2026-08-19 00:48:25.788603,481.39,card,apparel,0,10,0.11373282059966058,0,0,1,3.5,9.5,0
order_8deae22087,pay_102bbbd8fc,2026-08-11 10:58:15.788603,501.6,card,grocery,1,0,0.0,10,0,0,3.8,57.3,0
order_dcc74d79f9,pay_9731690a84,2026-08-06 16:46:14.788603,450.92,upi,grocery,0,8,0.3024109153711704,16,0,0,10.3,29.8,0
order_70966003aa,pay_df10866572,2026-08-18 10:52:28.788603,796.91,upi,apparel,0,3,0.3103706563563314,10,0,0,16.0,31.1,1
order_594a6d6fd6,pay_ba8ccd4506,2026-08-20 16:52:47.788603,3325.19,upi,apparel,0,3,0.4795326697335487,16,0,0,12.3,50.3,1
order_da26f55167,pay_0e58a21d84,2026-07-28 20:56:24.788603,855.7,card,apparel,1,0,0.0,20,0,0,52.3,151.5,0
order_7e158b241f,pay_e08928e812,2026-08-17 06:15:26.788603,866.83,cod,apparel,0,3,0.2437107875673384,6,0,0,23.5,23.4,0
order_0d2d48f74b,pay_4920d3ec06,2026-08-17 17:18:58.788603,1535.02,netbanking,electronics,0,6,0.09501405239261408,17,0,0,17.8,92.1,1
order_999c7c09ca,pay_5e043cfc23,2026-08-07 08:11:09.788603,1023.94,upi,electronics,0,6,0.1427621673703116,8,0,0,13.8,54.0,1
order_b8c1879068,pay_f0417ba312,2026-08-14 14:46:17.788603,328.67,cod,electronics,1,0,0.0,14,0,0,33.5,55.6,1
order_dea81dafec,pay_458c21050e,2026-08-17 02:54:26.788603,113.65,card,home,1,0,0.0,2,0,1,12.3,25.7,0
order_e9337970ce,pay_ab8561c2ac,2026-07-30 14:35:52.788603,186.98,card,home,0,5,0.25573205053119497,14,0,0,6.2,69.4,0
order_6c85f9aa3e,pay_695458f04e,2026-08-14 22:36:22.788603,481.34,wallet,electronics,0,4,0.2554537991044943,22,0,0,8.2,27.9,1
order_c9f18277fb,pay_c8a276ee38,2026-08-24 16:14:38.788603,677.58,upi,apparel,0,5,0.05695016102635224,16,0,0,4.9,19.5,0
order_6791fe7d99,pay_29f56ce4ce,2026-08-16 01:59:05.788603,421.36,card,grocery,0,2,0.15588592646765134,1,1,1,12.6,106.3,0
order_fdd5d90dc7,pay_f611ffcd17,2026-08-09 08:39:22.788603,177.75,upi,digital,0,2,0.24174050938464697,8,1,0,36.6,27.6,0
order_023d9937f3,pay_151d536663,2026-07-29 15:53:10.788603,352.85,upi,electronics,0,7,0.13625354427373934,15,0,0,14.2,41.4,0
order_56ef2c3efd,pay_44525cbee2,2026-08-15 19:04:34.788603,2655.33,card,apparel,0,6,0.39665177079294256,19,1,0,12.6,128.0,0
order_d3729f3aa5,pay_89f3f44dac,2026-08-01 01:55:21.788603,976.36,wallet,electronics,0,2,0.30392859410826256,1,1,1,9.8,41.1,0
order_e8190f1113,pay_e97b2495d1,2026-08-03 20:53:47.788603,222.12,netbanking,digital,0,2,0.14376501663223465,20,0,0,14.4,61.4,0
order_4518a29501,pay_aae85ceb44,2026-08-10 20:08:34.788603,105.8,upi,apparel,0,5,0.08854794644053197,20,0,0,7.7,27.9,0
order_e1aa66d07e,pay_daf4cb7abf,2026-08-07 15:34:27.788603,763.05,cod,apparel,0,4,0.07103364454280726,15,0,0,18.8,48.7,0
order_8d28c67873,pay_1bfeb600dd,2026-08-21 22:02:50.788603,234.5,upi,apparel,0,6,0.10940641263494649,22,0,0,6.6,29.9,0
order_603048f4a7,pay_64335ff001,2026-07-28 16:04:53.788603,2002.11,netbanking,electronics,0,6,0.15464127730607977,16,0,0,25.1,130.4,0
order_7e19a8935b,pay_87f87eaed8,2026-08-20 07:42:16.788603,1251.02,upi,digital,0,4,0.15594713914977482,7,0,0,3.4,58.7,0
order_6a80c413bb,pay_f01666227e,2026-07-31 11:05:46.788603,265.57,upi,apparel,0,7,0.48063840157158044,11,0,0,25.3,34.8,0
order_e9e3de98c7,pay_ecd8478fde,2026-08-15 01:21:02.788603,213.76,cod,home,0,4,0.06427975896863224,1,1,1,6.0,36.2,0
order_607cf3ed76,pay_5227a4c2b0,2026-08-08 10:48:18.788603,233.61,cod,electronics,0,7,0.2862775348999725,10,1,0,2.2,92.3,0
order_ef8b2840f9,pay_5dcaf23099,2026-08-18 06:38:15.788603,234.99,upi,grocery,1,0,0.0,6,0,0,3.6,310.5,0
order_1986b1b29e,pay_ae0ae0c2f5,2026-08-02 10:07:42.788603,2382.67,cod,apparel,0,3,0.08356547606257307,10,1,0,12.0,14.7,1
order_2e9a993326,pay_0eb254b818,2026-07-30 10:36:41.788603,240.56,wallet,electronics,1,0,0.0,10,0,0,13.4,41.7,0
order_919eb4e511,pay_315803849b,2026-08-15 03:44:32.788603,425.24,upi,grocery,0,3,0.06132807238072428,3,1,1,0.3,40.9,0
order_679e88a6c0,pay_38bbd0bbad,2026-08-22 21:06:26.788603,1002.65,netbanking,grocery,0,6,0.13376245275045545,21,1,0,4.9,73.9,0
order_e678555c78,pay_88835453f2,2026-08-02 10:53:08.788603,1847.12,upi,apparel,0,4,0.18916056305835366,10,1,0,33.0,19.3,0
order_d6df958d50,pay_29ad3a8f12,2026-08-18 16:34:39.788603,3031.29,wallet,electronics,1,0,0.0,16,0,0,47.4,104.8,0
order_c1fbe02a03,pay_f467dff745,2026-07-29 04:33:14.788603,962.95,upi,apparel,1,0,0.0,4,0,1,18.2,39.7,0
order_b094b2943a,pay_0514652082,2026-08-15 09:53:48.788603,282.41,cod,home,1,0,0.0,9,1,0,60.9,30.5,0
order_61f666fd63,pay_4990ac00f5,2026-08-02 08:35:22.788603,564.23,netbanking,apparel,0,8,0.33062918404637676,8,1,0,13.5,76.7,1
order_21d4192122,pay_aa6bd0e2a5,2026-08-08 03:06:07.788603,154.92,cod,grocery,0,2,0.3100889500394954,3,1,1,43.6,563.3,1
order_b1d6dae334,pay_03b178bcff,2026-08-09 07:46:03.788603,2038.13,upi,digital,1,0,0.0,7,1,0,38.5,187.8,0
order_ab881bec01,pay_33f8e0ea6d,2026-08-09 05:00:00.788603,792.84,upi,grocery,0,6,0.07382692007854881,5,1,0,12.5,120.3,0
order_e9e9a401a7,pay_1d8e43b0f2,2026-08-22 12:21:53.788603,229.01,upi,grocery,0,8,0.11798944024979713,12,1,0,36.6,34.1,0
order_fb9af5c248,pay_9a7958e5c5,2026-08-23 00:32:23.788603,645.69,upi,apparel,0,8,0.24019958239084144,0,1,1,4.7,39.9,0
order_abfe93a61b,pay_cb7b3481d2,2026-08-18 02:53:12.788603,834.34,wallet,home,0,1,0.21741611049797332,2,0,1,23.9,55.1,0
order_49bf8f4648,pay_c80cce12f8,2026-07-28 15:43:25.788603,1093.1,upi,electronics,0,4,0.17345705982155382,15,0,0,17.0,79.6,0
order_da43b4fcfb,pay_55d9e67996,2026-08-05 02:42:52.788603,162.88,upi,home,0,7,0.11455905423466917,2,0,1,2.9,15.4,0
order_9418d9aa50,pay_4302995ae4,2026-08-15 07:27:45.788603,623.88,cod,apparel,0,7,0.044196504638776044,7,1,0,40.2,84.2,1
order_472fd1f4c4,pay_c06eb4a9be,2026-07-31 17:15:09.788603,1802.66,upi,apparel,1,0,0.0,17,0,0,3.8,25.8,0
order_584856baf8,pay_4c22d3e2fa,2026-08-21 17:33:12.788603,98.51,card,electronics,0,5,0.03507913168421764,17,0,0,11.5,68.6,0
order_d00aeceb95,pay_7dd9bf07e0,2026-07-29 11:44:24.788603,720.42,upi,home,0,7,0.1449792184509561,11,0,0,12.5,54.0,0
order_cd0c7f8746,pay_67a060f6e0,2026-08-07 22:35:27.788603,1859.16,upi,digital,1,0,0.0,22,0,0,15.7,74.3,0
order_a02ae85b9f,pay_818d2cd181,2026-08-11 18:34:41.788603,1853.72,upi,apparel,0,9,0.002879834407176146,18,0,0,14.0,164.2,0
order_6f25d79266,pay_cf7241429c,2026-07-31 15:57:43.788603,69.15,card,electronics,0,6,0.18613635485557353,15,0,0,28.4,63.3,0
order_92f672298c,pay_37c62924b4,2026-07-29 07:03:41.788603,821.91,wallet,electronics,0,3,0.06464399347637341,7,0,0,18.0,52.8,0
order_e57198a19c,pay_300aee00eb,2026-08-21 22:39:45.788603,1869.76,upi,grocery,0,4,0.28774857776069585,22,0,0,19.0,24.3,0
order_3386230525,pay_c9651c49e0,2026-08-14 04:15:12.788603,1040.0,upi,electronics,1,0,0.0,4,0,1,23.5,23.9,0
order_9d37a6cecd,pay_bcc05cd398,2026-08-08 07:45:27.788603,775.02,cod,apparel,1,0,0.0,7,1,0,8.3,24.4,0
order_e4cde38b2e,pay_ddd23abb44,2026-08-24 19:58:18.788603,473.69,upi,electronics,0,5,0.05899147975051105,19,0,0,3.0,210.7,0
order_f8e5e55bbf,pay_6d0fc8e973,2026-08-01 20:48:59.788603,2248.79,upi,grocery,0,4,0.08597353554185494,20,1,0,40.0,42.5,0
order_179b0d774a,pay_4aad4df0fb,2026-08-24 22:16:11.788603,183.86,cod,apparel,0,5,0.16277224376388108,22,0,0,7.4,45.1,1
order_cda761bb14,pay_15aa8d49dc,2026-08-08 09:46:08.788603,97.34,upi,apparel,1,0,0.0,9,1,0,10.9,15.6,0
order_fda48c6417,pay_0095c9667d,2026-08-19 16:19:20.788603,125.46,upi,grocery,0,3,0.013456243887915406,16,0,0,29.9,123.0,0
order_c3b5129e1c,pay_f310e41b64,2026-08-15 17:30:39.788603,3396.78,netbanking,electronics,1,0,0.0,17,1,0,7.2,57.5,0
order_1708dd634b,pay_43f636825b,2026-08-04 21:04:51.788603,812.62,cod,home,0,4,0.12800769829911765,21,0,0,1.1,29.7,0
order_4aaae14449,pay_dc0a95db16,2026-08-05 17:33:44.788603,410.88,card,apparel,1,0,0.0,17,0,0,4.3,32.1,0
order_782c064b2c,pay_620eea3e00,2026-08-06 18:36:28.788603,1086.72,upi,electronics,0,5,0.18361673077074586,18,0,0,34.2,55.7,0
order_20c1501f98,pay_83a03c1af6,2026-08-17 13:20:19.788603,380.12,netbanking,grocery,0,2,0.09565394224780968,13,0,0,3.8,54.0,1
order_58a5e97636,pay_3b663c641e,2026-08-10 13:03:30.788603,295.4,card,digital,0,5,0.3895683398849494,13,0,0,2.3,55.5,0
order_5f0cd87735,pay_9df26198aa,2026-08-05 02:07:06.788603,296.09,cod,digital,1,0,0.0,2,0,1,17.0,135.2,0
order_543fec86e2,pay_826dec5e03,2026-08-15 01:02:40.788603,298.94,wallet,apparel,0,8,0.2344322037543717,1,1,1,3.4,205.7,1
order_7c021e8417,pay_fffa482822,2026-08-18 09:49:17.788603,392.33,upi,electronics,1,0,0.0,9,0,0,9.6,25.7,0
order_80ff4c8a36,pay_dac2b723e2,2026-08-17 07:24:29.788603,578.57,upi,digital,0,4,0.08555467705908203,7,0,0,23.6,24.2,0
order_bf507f1634,pay_5772e98ed8,2026-08-24 18:28:09.788603,730.99,cod,apparel,0,6,0.018457603497194865,18,0,0,6.8,18.1,0
order_c4b1203d75,pay_ebeb931c1c,2026-08-10 21:10:41.788603,678.38,cod,digital,0,3,0.5954174866146854,21,0,0,7.1,34.5,0
order_e242d19837,pay_aad07f43d3,2026-08-05 11:56:25.788603,569.78,cod,home,1,0,0.0,11,0,0,12.8,43.6,0
order_b183ee8f48,pay_d4a40d603a,2026-08-13 11:07:10.788603,1057.6,upi,digital,0,1,0.17133606894706518,11,0,0,2.2,144.5,0
order_fd013cecd0,pay_e35bea5124,2026-08-06 11:46:18.788603,496.94,cod,digital,0,5,0.052039666270704624,11,0,0,2.8,67.1,0
order_533ed6b3d8,pay_a538c88f6c,2026-08-12 19:44:03.788603,299.78,cod,electronics,0,3,0.27530520527073055,19,0,0,38.4,88.5,1
order_a17ab3ec7a,pay_ad7d781305,2026-07-31 12:51:32.788603,1302.84,upi,apparel,0,4,0.34346842551469475,12,0,0,32.0,74.6,1
order_5e1073eba5,pay_e3a3623919,2026-07-29 11:28:44.788603,1085.18,cod,grocery,0,12,0.26175564019271963,11,0,0,23.2,78.0,1
order_36a4eb4f3e,pay_b7e67495d5,2026-07-31 13:10:13.788603,569.9,netbanking,electronics,0,2,0.03467257308577365,13,0,0,9.0,60.8,0
order_c6aadf8741,pay_09e5caba8e,2026-08-14 00:24:07.788603,512.03,card,digital,1,0,0.0,0,0,1,33.4,89.7,0
order_b4cfb2e475,pay_aa5930d21e,2026-08-21 03:04:59.788603,472.71,upi,home,1,0,0.0,3,0,1,65.0,64.7,0
order_b259a73f4c,pay_47d9571964,2026-08-21 15:33:11.788603,692.67,card,grocery,0,10,0.032266498858870146,15,0,0,31.6,173.6,0
order_83b922e513,pay_745facd7d6,2026-08-26 05:06:17.788603,853.58,card,digital,1,0,0.0,5,0,0,8.0,69.8,0
order_a83eac0eb8,pay_bed5d5ff86,2026-08-17 12:56:43.788603,2626.5,cod,apparel,0,3,0.10110538510381298,12,0,0,70.5,8.2,1
order_ff5a581be5,pay_40577e5c04,2026-08-24 15:28:13.788603,565.77,card,home,0,6,0.34569441455410227,15,0,0,6.2,194.1,1
order_4e2b93d8ef,pay_fec8c31d54,2026-08-11 22:23:30.788603,3967.42,upi,grocery,0,4,0.03309989557899784,22,0,0,18.1,51.7,0
order_fd3989135d,pay_1d31faac91,2026-08-08 18:22:09.788603,133.49,upi,electronics,0,6,0.17326968764347753,18,1,0,52.3,73.6,0
order_c54aa3bde9,pay_541544314f,2026-08-08 17:18:05.788603,1674.25,upi,grocery,0,6,0.053156839893556504,17,1,0,40.1,19.2,0
order_1481d5cfdc,pay_1d8f87c16d,2026-08-19 03:09:47.788603,1745.82,card,grocery,0,5,0.02180307864806436,3,0,1,40.1,74.6,0
order_c4f74aa3bb,pay_a7ce6d5b3e,2026-08-18 07:36:36.788603,174.31,card,home,0,11,0.0047789023999855905,7,0,0,21.0,35.4,0
order_cc3ec1b185,pay_a7205babea,2026-08-12 09:25:48.788603,2075.19,upi,home,0,7,0.43110465824044475,9,0,0,15.5,46.1,0
order_b45c8f12c3,pay_12b371488a,2026-07-31 20:23:52.788603,139.6,upi,apparel,0,2,0.17661977830565045,20,0,0,36.7,114.5,0
order_e9e0d97dcb,pay_bcc21003ff,2026-08-10 19:53:18.788603,1047.84,cod,apparel,1,0,0.0,19,0,0,26.3,20.7,0
order_daa76d36bf,pay_c45739cc11,2026-07-30 21:03:47.788603,604.75,netbanking,grocery,0,2,0.026293591250995226,21,0,0,1.8,66.7,0
order_0268dd9953,pay_8ec242c995,2026-08-16 06:30:15.788603,1993.82,cod,home,1,0,0.0,6,1,0,25.5,34.3,0
order_da37002f40,pay_72481d9618,2026-08-03 11:29:40.788603,970.75,cod,grocery,1,0,0.0,11,0,0,8.2,108.5,0
order_0efeb4cf8e,pay_5612ba7c94,2026-08-18 01:41:04.788603,700.59,cod,apparel,0,12,0.3092899238106008,1,0,1,2.4,40.2,0
order_92dfce5732,pay_7f12702b17,2026-08-19 13:56:20.788603,401.0,card,electronics,0,5,0.07464289149680925,13,0,0,3.1,61.4,0
order_f12113e397,pay_75e2cbc441,2026-08-06 16:17:51.788603,412.6,upi,electronics,0,5,0.40043450627406724,16,0,0,0.2,125.4,0
order_0e596b9216,pay_d6e854ec57,2026-08-18 15:40:31.788603,1226.3,upi,electronics,0,8,0.4202570407486604,15,0,0,53.7,15.9,0
order_fc9500e2b0,pay_2e178e8d05,2026-07-29 02:35:33.788603,1932.72,cod,electronics,0,10,0.4231789734847009,2,0,1,9.2,33.2,0
order_692a359373,pay_c9e1e59086,2026-08-14 09:49:45.788603,725.73,card,apparel,0,4,0.0998676843525617,9,0,0,17.4,147.3,0
order_a8836ed890,pay_906c890d27,2026-08-17 02:10:11.788603,166.75,card,apparel,0,5,0.15054303212006756,2,0,1,12.7,39.7,0
order_2c1d3362bf,pay_7529def512,2026-08-02 00:57:52.788603,393.12,upi,apparel,1,0,0.0,0,1,1,7.9,30.3,1
order_7e6a55f1bf,pay_6370e70eba,2026-07-29 16:00:19.788603,809.83,upi,home,0,3,0.002626436998498785,16,0,0,17.0,56.6,0
order_c7d5299863,pay_3601dd2d03,2026-08-26 19:11:20.788603,889.09,cod,apparel,0,7,0.12182176807843259,19,0,0,20.6,87.0,0
order_40c2c709a0,pay_3f6ead4505,2026-08-08 19:57:52.788603,2535.11,upi,home,0,4,0.06676246150870635,19,1,0,3.5,32.8,0
order_5f1f382119,pay_6e30a152db,2026-08-16 05:45:33.788603,302.55,upi,grocery,0,2,0.18091719712935048,5,1,0,12.2,34.7,0
order_921a0422e1,pay_5b7f15eb86,2026-08-19 11:41:27.788603,1184.04,netbanking,electronics,0,1,0.3754630245408666,11,0,0,9.9,57.3,0
order_7942525607,pay_38a485599a,2026-08-25 07:42:50.788603,1688.07,card,apparel,0,8,0.10381005414877043,7,0,0,6.2,52.6,0
order_5abf3b7933,pay_401eb70a91,2026-08-19 03:03:11.788603,994.89,card,electronics,0,2,0.03633909988273689,3,0,1,19.1,40.9,1
order_42d2770d76,pay_386e2f40ad,2026-07-30 16:41:23.788603,1066.45,card,grocery,1,0,0.0,16,0,0,58.1,16.4,1
order_1a8ea6fa66,pay_7292fe89de,2026-08-17 23:34:32.788603,183.89,upi,apparel,0,5,0.359944203770342,23,0,1,12.2,88.8,0
order_b341fccb04,pay_d2adda73da,2026-08-18 12:50:23.788603,88.89,upi,electronics,1,0,0.0,12,0,0,27.1,48.9,0
order_fb1f2726a6,pay_6ac2ded859,2026-08-08 04:05:37.788603,786.98,cod,apparel,0,3,0.40732217722985475,4,1,1,12.0,55.0,0
order_17cca0d629,pay_a3629287d6,2026-07-30 12:45:10.788603,2747.8,cod,digital,0,4,0.10037444567934622,12,0,0,1.3,18.2,0
order_ec45f28786,pay_c658718618,2026-08-13 02:28:54.788603,1490.95,upi,home,0,4,0.19536270530921213,2,0,1,11.7,41.0,1
order_2a6f0ba103,pay_d54bfe68da,2026-08-10 11:39:54.788603,440.92,upi,digital,0,4,0.2707624659184766,11,0,0,29.0,45.9,0
order_dd8c75f997,pay_273bc436b0,2026-08-10 01:58:53.788603,1349.55,card,grocery,1,0,0.0,1,0,1,0.5,41.8,1
order_a7b5a86d67,pay_d25ba4eabd,2026-08-26 18:02:19.788603,321.01,upi,electronics,0,3,0.24632841172521613,18,0,0,4.7,134.8,1
order_b6e197838d,pay_acc7816c87,2026-08-23 07:28:39.788603,1336.21,cod,digital,1,0,0.0,7,1,0,16.3,222.5,0
order_580991f8f7,pay_17dc1f96a6,2026-08-09 20:43:44.788603,772.05,card,digital,0,8,0.058249315925996754,20,1,0,29.5,27.8,0
order_4cc65808c3,pay_23f3f2db06,2026-08-09 14:43:12.788603,4869.16,upi,grocery,0,1,0.016356900522309845,14,1,0,14.3,160.0,0
order_317b344a7f,pay_d6cf09327e,2026-08-23 10:20:34.788603,723.47,wallet,home,0,4,0.2420300375204456,10,1,0,27.7,47.3,0
order_3cbe6c64b5,pay_c5d0ccc397,2026-08-13 17:15:00.788603,647.32,upi,grocery,0,6,0.24060869782703054,17,0,0,13.7,97.0,0
order_42adbffe08,pay_7595b67d02,2026-08-17 03:56:28.788603,1246.45,wallet,home,1,0,0.0,3,0,1,9.2,29.4,0
order_f7fb05e649,pay_1cd04ca384,2026-08-13 19:00:53.788603,237.41,upi,electronics,0,8,0.004540137981819516,19,0,0,10.2,52.4,0
order_e20af020e8,pay_1973769e58,2026-08-02 22:42:09.788603,1485.21,cod,grocery,0,6,0.18189532241199663,22,1,0,5.9,35.0,0
order_9a38599d8c,pay_3c7d881371,2026-07-30 15:28:05.788603,553.63,upi,home,0,4,0.2192782467565152,15,0,0,12.9,50.6,0
order_cf549044b1,pay_94c3794548,2026-08-11 16:44:08.788603,229.51,upi,home,0,5,0.2909364763679474,16,0,0,7.7,68.7,0
order_2729318709,pay_5ea5482369,2026-08-19 18:21:33.788603,470.64,cod,grocery,0,4,0.030871283508948542,18,0,0,8.1,60.5,0
order_bcb9602652,pay_fdf7b8a361,2026-08-11 13:48:31.788603,553.22,cod,digital,0,4,0.0649779191214137,13,0,0,73.2,21.4,0
order_7116d69da3,pay_3ef3a85e32,2026-08-25 10:05:18.788603,2372.52,cod,grocery,0,3,0.36327992366353234,10,0,0,0.9,24.3,1
order_ddb0389dff,pay_3374922a18,2026-08-19 09:29:47.788603,339.08,upi,grocery,0,4,0.18939836316063915,9,0,0,9.1,18.6,0
order_61d366dbae,pay_67e535588b,2026-07-31 11:45:55.788603,307.88,card,grocery,0,10,0.014075522733083722,11,0,0,14.8,109.8,0
order_fd97bbd36a,pay_3fe3c5e3ac,2026-08-12 17:10:19.788603,684.78,upi,grocery,0,4,0.3769149440220133,17,0,0,5.4,57.6,0
order_821e5353e4,pay_51552350fb,2026-08-21 06:08:49.788603,1417.29,upi,home,1,0,0.0,6,0,0,9.0,58.8,1
order_56629c2f21,pay_71f5941146,2026-08-21 03:34:17.788603,134.49,cod,electronics,0,3,0.025806384320601727,3,0,1,3.9,15.5,0
order_faa7e32c8a,pay_89bbf23857,2026-08-21 16:47:35.788603,604.83,wallet,electronics,1,0,0.0,16,0,0,1.5,42.2,0
order_fd7113767e,pay_d181e7b405,2026-08-18 16:54:40.788603,213.07,wallet,grocery,1,0,0.0,16,0,0,4.7,64.0,0
order_95d669203c,pay_9e123957f8,2026-08-11 09:18:34.788603,1288.97,card,digital,0,4,0.0426620619899969,9,0,0,1.7,131.4,0
order_80aed307c7,pay_dd5d36c041,2026-08-02 04:54:14.788603,153.11,netbanking,grocery,0,3,0.216927765132615,4,1,1,24.3,27.1,1
order_266a9e800a,pay_4d0ef7331d,2026-08-11 18:55:31.788603,2511.17,netbanking,apparel,0,4,0.0906596972820359,18,0,0,0.3,45.8,0
order_667edfcf6e,pay_c0edd03ce8,2026-08-25 05:11:01.788603,1338.12,upi,apparel,0,7,0.38825333949948115,5,0,0,19.3,59.0,0
order_c360bab8f5,pay_9edc481631,2026-08-23 02:34:11.788603,56.34,upi,electronics,0,4,0.05004364019819505,2,1,1,57.7,34.7,0
order_b9c232c819,pay_fa3f088a99,2026-08-15 12:22:42.788603,223.98,card,apparel,0,7,0.12443998139052233,12,1,0,13.9,124.3,0
order_8af5f54654,pay_d47ff8f4d6,2026-08-03 02:01:22.788603,734.23,netbanking,electronics,0,8,0.049986162320707656,2,0,1,14.0,22.3,0
order_277ba26aa2,pay_d6334a50b8,2026-07-31 22:07:50.788603,220.17,netbanking,grocery,0,8,0.3211212990089826,22,0,0,0.7,27.0,0
order_f09e4dab14,pay_e6b415364a,2026-08-08 09:24:03.788603,655.05,cod,apparel,0,5,0.5198045127316796,9,1,0,17.5,20.1,1
order_9c2b9b4aff,pay_ff7d3f4bcd,2026-08-07 15:44:46.788603,563.97,upi,electronics,1,0,0.0,15,0,0,7.4,194.0,0
order_ef141552f8,pay_4cfbdb10e1,2026-08-08 04:54:02.788603,213.86,upi,electronics,1,0,0.0,4,1,1,0.3,33.0,1
order_646a73526e,pay_f7ceaad47b,2026-08-08 02:47:05.788603,855.42,cod,home,0,5,0.26683890126454773,2,1,1,3.5,60.3,0
order_c8793d5758,pay_0cc26e7e7d,2026-07-29 11:11:22.788603,1992.17,upi,home,0,6,0.016729178363486145,11,0,0,3.2,18.5,0
order_67252d7c19,pay_218c5c37af,2026-08-24 10:23:07.788603,1086.44,upi,electronics,0,5,0.2754377146236107,10,0,0,44.0,63.3,0
order_6e95b70979,pay_762ad8011d,2026-08-18 02:18:19.788603,381.44,cod,home,0,7,0.16403756792345658,2,0,1,24.6,27.8,1
order_e2cee6b712,pay_b911a22b3c,2026-08-24 16:10:12.788603,1052.99,cod,apparel,0,4,0.1469572755698752,16,0,0,24.8,117.9,0
order_515a61bd25,pay_35b01cef7c,2026-08-14 08:49:21.788603,2122.38,upi,apparel,0,3,0.1845487193560164,8,0,0,2.3,94.5,0
order_89b114badf,pay_6f73793011,2026-08-22 00:02:06.788603,235.87,cod,electronics,1,0,0.0,0,1,1,23.3,31.7,1
order_d5e44589d8,pay_35e73ce832,2026-07-30 05:25:48.788603,262.53,netbanking,electronics,0,4,0.16372081947027803,5,0,0,5.6,31.9,0
order_af1726cef1,pay_c77578e6db,2026-07-31 15:38:18.788603,175.91,upi,digital,0,11,0.18373035594053694,15,0,0,5.0,15.3,0
order_1395d15d70,pay_de4009be9f,2026-07-30 10:41:01.788603,135.78,upi,apparel,0,6,0.02995211729226429,10,0,0,2.2,139.6,0
order_46584c4801,pay_d8cb2cdc3a,2026-08-05 00:02:28.788603,229.6,card,digital,0,6,0.07320545448311039,0,0,1,5.8,124.2,0
order_712a1f5e90,pay_a1ba3a7d6c,2026-08-10 23:58:12.788603,1435.03,wallet,grocery,1,0,0.0,23,0,1,66.4,48.7,1
order_afa350d36a,pay_08e397c85c,2026-08-07 09:31:49.788603,117.98,cod,apparel,0,4,0.008629390109634339,9,0,0,12.0,38.9,0
order_700ba69e32,pay_e9942274a8,2026-08-11 18:22:08.788603,309.44,upi,digital,1,0,0.0,18,0,0,2.9,155.3,0
order_893ec63630,pay_792985d7c9,2026-08-04 12:38:16.788603,632.96,cod,home,1,0,0.0,12,0,0,1.4,83.9,1
order_9eb1acb534,pay_732f5cd00f,2026-08-23 20:06:25.788603,191.59,card,grocery,0,11,0.14395889357398442,20,1,0,0.4,15.9,0
order_b22487af00,pay_0f829f40e7,2026-08-24 01:49:54.788603,1575.88,netbanking,digital,0,6,0.5697419175604228,1,0,1,15.0,41.2,1
order_6eb91ad17b,pay_8820b619d2,2026-07-28 23:59:51.788603,600.39,upi,electronics,0,5,0.3318330901614774,23,0,1,38.8,16.8,0
order_9367811a2d,pay_6eae8f48cb,2026-08-07 00:11:37.788603,637.17,cod,apparel,0,5,0.10720456842737242,0,0,1,14.4,56.1,0
order_c9c9cd8957,pay_1d2232e282,2026-07-31 15:19:19.788603,2341.88,upi,apparel,1,0,0.0,15,0,0,11.6,96.5,0
order_b28b2af460,pay_a830a34fae,2026-08-02 20:52:27.788603,467.0,card,grocery,1,0,0.0,20,1,0,49.5,32.4,0
order_4b58061797,pay_67200bcc18,2026-08-14 12:11:36.788603,954.53,upi,electronics,0,5,0.029109484873432477,12,0,0,7.1,68.5,0
order_19adc358da,pay_3fac0a46a2,2026-08-13 18:31:33.788603,170.19,cod,apparel,1,0,0.0,18,0,0,8.5,218.0,1
order_283d33c1ae,pay_b46a82af7f,2026-08-12 18:35:09.788603,413.58,netbanking,electronics,1,0,0.0,18,0,0,7.2,112.8,0
order_a377f3c202,pay_5a5d20b7bc,2026-08-22 15:42:39.788603,1204.03,upi,digital,0,3,0.16515700954758117,15,1,0,28.6,24.2,0
order_a72668dcb0,pay_3a57d14199,2026-08-18 18:19:06.788603,1071.55,upi,grocery,0,1,0.02619778187936865,18,0,0,2.6,21.1,0
order_7dfc109eee,pay_0d70533532,2026-08-12 06:35:22.788603,524.31,upi,home,1,0,0.0,6,0,0,1.6,234.7,0
order_673ded7cc6,pay_f894c2756e,2026-08-22 22:43:14.788603,353.04,cod,apparel,1,0,0.0,22,1,0,1.2,67.4,1
order_c395e59fb7,pay_924e684d1e,2026-08-15 05:38:55.788603,1138.56,cod,digital,0,4,0.01590035895441082,5,1,0,12.1,28.1,1
order_f908ae247a,pay_e2f9af55f5,2026-08-23 00:47:51.788603,1803.74,card,grocery,0,9,0.12138570407646167,0,1,1,0.7,49.0,0
order_81211b54e9,pay_9a49dc1c43,2026-08-14 21:50:06.788603,180.3,cod,digital,0,6,0.17398850645275865,21,0,0,69.0,24.1,0
order_b6d166d184,pay_96f87389e7,2026-08-10 16:49:28.788603,50.0,netbanking,home,0,1,0.10696519620598958,16,0,0,0.2,52.6,0
order_c69c320045,pay_d3541229f2,2026-08-12 10:44:41.788603,227.26,upi,home,0,7,0.1462575925849095,10,0,0,8.2,62.9,0
order_93d10684c6,pay_f7c5d4e4c6,2026-08-04 22:56:41.788603,177.54,upi,digital,0,3,0.13875194989584003,22,0,0,13.5,132.0,0
order_c84014048b,pay_5008094a79,2026-08-09 14:00:36.788603,737.87,cod,electronics,0,3,0.08922561865598626,14,1,0,14.6,51.9,0
order_281c992307,pay_6771d46e0c,2026-08-01 01:47:54.788603,170.46,wallet,apparel,0,5,0.11828821061555106,1,1,1,20.3,59.2,0
order_8f32687e03,pay_5ec4cc8eed,2026-07-28 19:42:47.788603,836.27,card,apparel,1,0,0.0,19,0,0,11.3,49.1,0
order_d64f8b9d27,pay_f3277dbc4d,2026-08-01 00:21:36.788603,733.48,cod,apparel,0,6,0.02313348133289722,0,1,1,1.5,17.7,0
order_98631d2b5d,pay_3522036ca7,2026-08-24 00:03:20.788603,2734.08,upi,home,0,6,0.01672093455227076,0,0,1,23.4,80.8,0
order_b3a83f2818,pay_b641552651,2026-08-25 03:38:04.788603,1805.64,card,apparel,0,4,0.08224789871830215,3,0,1,1.4,60.1,0
order_a59922621d,pay_c77ceb18e5,2026-08-17 21:25:31.788603,337.52,card,electronics,1,0,0.0,21,0,0,17.8,32.2,0
order_1244a3fd51,pay_3412bac7cc,2026-08-09 21:30:29.788603,155.93,cod,digital,0,2,0.4167252102682012,21,1,0,3.6,133.4,0
order_722e56b055,pay_3ef1218c9b,2026-08-05 15:56:22.788603,2237.24,upi,apparel,0,4,0.514574021911925,15,0,0,6.1,19.6,0
order_29263c6894,pay_eb377745ad,2026-08-09 23:10:56.788603,902.8,upi,home,1,0,0.0,23,1,1,29.8,18.5,0
order_4e34ec60bf,pay_847c817411,2026-08-13 01:28:04.788603,147.4,card,apparel,1,0,0.0,1,0,1,10.4,45.9,0
order_d72f9f9826,pay_8786e3bc28,2026-08-14 11:33:56.788603,412.72,cod,apparel,0,6,0.21615018714911538,11,0,0,10.1,242.2,0
order_4dbcb4874c,pay_9b702e9455,2026-08-14 03:50:06.788603,1149.57,cod,grocery,0,3,0.07523177657953443,3,0,1,14.3,70.6,0
order_0e1d7bb701,pay_35bd5558dd,2026-08-27 04:16:22.788603,507.06,card,grocery,0,4,0.04567854533204967,4,0,1,6.7,62.0,0
order_e0ab331462,pay_902da69abb,2026-08-24 04:48:24.788603,268.86,upi,digital,1,0,0.0,4,0,1,44.8,35.1,0
order_62e6d9790f,pay_eea03ed6b2,2026-08-07 11:43:01.788603,144.56,upi,home,0,5,0.5156359964154292,11,0,0,26.3,25.9,1
order_988a39ffac,pay_42606573e2,2026-08-17 17:21:42.788603,1094.65,upi,apparel,1,0,0.0,17,0,0,28.7,67.7,0
order_729199cf33,pay_3a39007114,2026-07-29 14:51:14.788603,133.45,wallet,apparel,0,3,0.0687044905314893,14,0,0,2.1,138.8,0
order_a49d4faf33,pay_375f5b291d,2026-08-23 09:29:15.788603,8093.91,upi,electronics,0,2,0.1156218968730566,9,1,0,4.6,53.8,0
order_c8120b05f2,pay_2dd667e140,2026-08-25 08:51:16.788603,592.47,upi,home,0,6,0.13544778382515563,8,0,0,1.2,16.7,0
order_93be0c12d0,pay_537ac68c58,2026-08-14 19:33:10.788603,811.35,card,apparel,0,8,0.1471459188993481,19,0,0,6.3,66.8,1
order_229d6263fb,pay_e9ef9bc6ff,2026-08-21 20:03:04.788603,794.75,cod,apparel,0,6,0.08732558981119437,20,0,0,27.0,19.4,0
order_f6a4ec6f21,pay_c8b940cf25,2026-08-16 02:27:03.788603,303.64,card,grocery,0,6,0.11286999325501502,2,1,1,30.6,127.8,0
order_6b20c1c63a,pay_fb21052b89,2026-08-18 05:51:16.788603,1691.86,upi,apparel,0,5,0.01842828625955111,5,0,0,2.5,32.1,0
order_cce7c6f571,pay_260c586d9b,2026-08-10 10:42:39.788603,1021.35,cod,home,0,4,0.27763507750976857,10,0,0,41.5,138.4,0
order_6b5e05c7f2,pay_e9a3f2cc5e,2026-08-26 22:19:37.788603,115.54,upi,grocery,1,0,0.0,22,0,0,2.3,60.8,0
order_d9a4eaf8ab,pay_c6796cda69,2026-08-25 13:33:45.788603,862.69,card,apparel,0,12,0.2392917925222206,13,0,0,4.9,23.3,0
order_027fa4d84f,pay_aeb126c048,2026-07-29 18:33:47.788603,2302.06,upi,electronics,1,0,0.0,18,0,0,1.2,35.2,0
order_5eada948f9,pay_f7c569bcc4,2026-08-18 07:50:38.788603,8369.82,cod,electronics,0,9,0.033277309675887275,7,0,0,4.4,38.5,0
order_c36ad18f85,pay_c51f81a928,2026-08-07 12:59:16.788603,90.75,cod,apparel,0,9,0.30580358846547007,12,0,0,10.0,121.6,1
order_ba353b26c8,pay_8ecc26e525,2026-08-11 19:40:49.788603,103.2,netbanking,apparel,1,0,0.0,19,0,0,17.0,26.8,0
order_c002887dfb,pay_c0db9cbd8d,2026-08-02 11:40:04.788603,1734.33,cod,electronics,0,4,0.15540827936758167,11,1,0,0.0,28.2,0
order_de7a6a2c1c,pay_8697d4de59,2026-08-20 22:16:00.788603,411.87,cod,digital,1,0,0.0,22,0,0,1.8,56.4,0
order_492f6befef,pay_98175c61a7,2026-07-31 23:50:21.788603,706.54,netbanking,apparel,0,5,0.1658056403285449,23,0,1,2.4,67.9,0
order_e246fb28dd,pay_76a26fbfb7,2026-08-12 07:04:42.788603,229.68,cod,apparel,0,10,0.14392804987248484,7,0,0,26.7,34.7,0
order_59fa1f32ce,pay_8de4d5841e,2026-08-24 14:36:56.788603,2048.16,upi,apparel,0,8,0.020681279928184415,14,0,0,34.7,30.4,0
order_d8bc40afd2,pay_d26964fd12,2026-08-15 06:27:38.788603,1706.59,cod,grocery,0,3,0.07012165730742556,6,1,0,5.6,142.1,0
order_f15fd071dd,pay_d48e0d11b0,2026-08-17 18:05:35.788603,1205.64,cod,apparel,0,2,0.2280329920835561,18,0,0,3.0,17.7,1
order_f1dd5efd66,pay_df7b44ee6a,2026-08-06 11:08:32.788603,1324.78,upi,home,1,0,0.0,11,0,0,0.5,38.5,0
order_6f1112a09a,pay_af749926e4,2026-08-01 04:15:30.788603,3445.81,upi,electronics,0,6,0.21214534557334966,4,1,1,47.0,54.4,0
order_cb4c9a597b,pay_7008a655f0,2026-08-06 05:55:11.788603,132.34,upi,electronics,0,5,0.1835735324005689,5,0,0,8.9,78.5,0
order_fe7287642d,pay_671a3ccb5d,2026-08-16 14:45:45.788603,383.15,netbanking,digital,1,0,0.0,14,1,0,9.6,51.8,0
order_96ca937bc6,pay_26b5503cbf,2026-08-22 03:01:19.788603,9396.98,upi,electronics,0,6,0.2889186526944734,3,1,1,12.6,79.7,0
order_f9aba5c02a,pay_bc36c06e56,2026-08-22 23:25:45.788603,673.12,card,apparel,0,5,0.2598208546450066,23,1,1,0.5,49.2,0
order_212d53e91d,pay_e46712a8b0,2026-08-09 15:07:26.788603,758.77,upi,apparel,0,5,0.6125410026358276,15,1,0,25.1,39.6,1
order_d536a484ac,pay_562e08eae7,2026-08-04 17:51:43.788603,1841.72,netbanking,grocery,0,6,0.1529341204183273,17,0,0,5.6,103.4,0
order_af989a68d6,pay_5fed80952e,2026-08-10 19:09:28.788603,189.86,wallet,digital,1,0,0.0,19,0,0,14.1,75.8,0
order_f74a27f774,pay_e32326f5ae,2026-08-17 09:14:11.788603,100.65,upi,grocery,1,0,0.0,9,0,0,6.9,70.3,0
order_52016360ba,pay_215cf19b85,2026-08-20 09:10:34.788603,816.99,card,grocery,0,4,0.13938669798328393,9,0,0,3.6,42.2,0
order_06aacf346b,pay_59374619ae,2026-08-05 19:09:01.788603,1459.12,upi,grocery,1,0,0.0,19,0,0,19.0,25.5,0
order_ee0fc8bca7,pay_7d8cf092f1,2026-08-18 07:28:50.788603,491.52,upi,apparel,0,9,0.20030592352975454,7,0,0,7.3,291.4,0
order_f85b91dd2b,pay_aef132efc6,2026-07-30 01:58:37.788603,1368.81,cod,home,0,5,0.05929785368932733,1,0,1,1.2,57.0,1
order_92d462fa98,pay_af4f471a24,2026-08-08 16:16:20.788603,1515.8,wallet,apparel,0,4,0.16581660650396915,16,1,0,2.2,115.9,0
order_c5e61420b7,pay_f55dce0f66,2026-08-08 16:03:14.788603,880.17,cod,apparel,1,0,0.0,16,1,0,6.1,48.6,0
order_7ec4b3c8c2,pay_d1ead955d2,2026-08-24 13:32:46.788603,241.64,cod,electronics,0,1,0.14269308386647248,13,0,0,14.3,14.4,1
order_2c85fa4298,pay_9b33d695ec,2026-08-24 02:18:47.788603,578.14,cod,grocery,0,8,0.1935330554328471,2,0,1,0.1,49.8,0
order_d5d70825e9,pay_70c1b92e18,2026-08-24 17:38:46.788603,646.46,upi,grocery,1,0,0.0,17,0,0,11.1,100.6,0
order_4655f857df,pay_094b106408,2026-08-06 01:37:04.788603,639.15,cod,home,0,5,0.005274297105792639,1,0,1,11.6,16.5,0
order_2ea2a6e371,pay_952de55734,2026-08-26 11:35:13.788603,1303.24,netbanking,home,1,0,0.0,11,0,0,22.7,121.8,0
order_1973433b3b,pay_ef07a87d52,2026-08-02 01:15:42.788603,360.95,card,apparel,0,4,0.19867781943702809,1,1,1,16.6,7.0,0
order_c1e0ffb707,pay_8623817654,2026-08-02 22:58:13.788603,117.52,upi,apparel,0,3,0.10942064488069288,22,1,0,15.9,78.0,0
order_c5ce902446,pay_19d05566e8,2026-08-07 10:21:37.788603,693.3,cod,apparel,0,3,0.002776573451134785,10,0,0,18.0,34.7,0
order_3112da2d66,pay_4e12b72375,2026-07-29 11:20:47.788603,280.32,upi,digital,0,5,0.06880334292384878,11,0,0,8.0,44.7,0
order_09fc047590,pay_ffd731c6a9,2026-08-11 07:22:08.788603,1977.17,wallet,apparel,1,0,0.0,7,0,0,10.1,84.8,0
order_54bfe1e71c,pay_5da28567c8,2026-08-13 02:52:52.788603,788.43,cod,digital,0,8,0.019970261433661506,2,0,1,10.5,87.7,0
order_0e5ccd494f,pay_50e9020533,2026-08-18 20:33:17.788603,640.66,upi,apparel,1,0,0.0,20,0,0,24.3,127.3,0
order_9452b1e525,pay_54d0fc39f2,2026-08-02 14:14:31.788603,666.91,upi,electronics,0,3,0.02796431580803761,14,1,0,18.4,37.2,0
order_56115ae118,pay_85cba58431,2026-08-24 23:08:52.788603,150.79,upi,home,0,10,0.020469997281413514,23,0,1,108.4,44.8,1
order_3c794298b5,pay_a6f6dc47bc,2026-08-09 09:13:20.788603,131.15,cod,electronics,1,0,0.0,9,1,0,53.3,62.0,0
order_eb21a632fd,pay_4d862e99d4,2026-08-16 15:49:06.788603,4792.47,card,apparel,0,10,0.4813606064151674,15,1,0,36.1,18.3,1
order_1913921de6,pay_4d0366bc69,2026-08-13 01:20:10.788603,1015.24,netbanking,apparel,0,4,0.11817579905454155,1,0,1,2.5,33.6,0
order_9c316fa43a,pay_30f1d1c6fb,2026-08-26 08:20:48.788603,347.75,upi,grocery,0,11,0.15048385590747917,8,0,0,8.6,196.6,0
order_cc937c7f15,pay_dd49772948,2026-08-07 16:18:02.788603,154.56,upi,electronics,0,4,0.25392984453762607,16,0,0,9.1,60.0,0
order_b44b3a720d,pay_5dcc6769ed,2026-07-31 16:01:58.788603,212.23,netbanking,grocery,1,0,0.0,16,0,0,4.3,38.7,0
order_b4584bdaeb,pay_20afc4b8f5,2026-08-14 08:14:13.788603,250.27,card,electronics,0,6,0.2184708461046847,8,0,0,12.6,58.6,0
order_3f8f8e519c,pay_56699dc453,2026-08-10 02:10:59.788603,1042.74,upi,electronics,0,7,0.10986092103586055,2,0,1,20.5,348.0,0
order_8558d1e6d7,pay_24103b5ec2,2026-08-05 17:02:38.788603,573.67,upi,grocery,0,3,0.23634556403592538,17,0,0,3.3,18.5,0
order_cad641e25e,pay_5f9ac01cc0,2026-08-12 03:07:23.788603,115.66,cod,apparel,0,4,0.008518776783411222,3,0,1,8.6,8.4,0
order_e26e97cd7d,pay_af84dbc532,2026-08-15 06:55:37.788603,1764.1,cod,apparel,1,0,0.0,6,1,0,11.7,131.5,0
order_95d80cae9c,pay_e1e227b787,2026-08-20 17:42:54.788603,260.34,upi,home,1,0,0.0,17,0,0,12.0,196.1,0
order_c901e1da92,pay_814524c01a,2026-08-21 08:00:47.788603,130.23,netbanking,apparel,1,0,0.0,8,0,0,3.6,68.2,0
order_27cc4544d1,pay_7756d8d5b4,2026-08-12 21:22:32.788603,352.86,wallet,grocery,0,10,0.04265235064822874,21,0,0,8.7,39.6,0
order_8ba68921d8,pay_e19ba357bd,2026-08-03 18:11:25.788603,309.52,upi,grocery,0,3,0.3860781826462903,18,0,0,2.9,26.5,0
order_fe517efc04,pay_1f79f1a539,2026-08-24 02:09:44.788603,2954.06,upi,digital,0,6,0.11456127697341786,2,0,1,21.4,29.2,0
order_6bcf05bafe,pay_493bd80340,2026-08-09 22:29:22.788603,889.32,upi,apparel,0,7,0.04904756951034617,22,1,0,6.7,77.5,0
order_885f9cc1e2,pay_d5643311ec,2026-08-06 15:02:05.788603,1118.63,wallet,apparel,0,3,0.13823770644672315,15,0,0,4.6,46.9,1
order_6d013adaba,pay_2cd06b0cb4,2026-08-13 17:55:36.788603,491.62,upi,home,1,0,0.0,17,0,0,27.8,101.7,0
order_5168f6884e,pay_3e30988100,2026-08-20 17:59:43.788603,606.85,wallet,home,1,0,0.0,17,0,0,13.0,70.8,0
order_5178c388af,pay_fb3e194327,2026-08-27 06:53:19.788603,4540.87,netbanking,digital,0,3,0.2953759664090711,6,0,0,7.6,85.7,0
order_6fd8ef725f,pay_f38e9f7def,2026-08-17 23:41:13.788603,729.87,cod,electronics,1,0,0.0,23,0,1,6.3,357.1,0
order_f92b22c72b,pay_0f8c356db2,2026-08-17 23:58:51.788603,746.12,upi,digital,0,4,0.2985957464047887,23,0,1,12.5,56.8,0
order_2a4d355302,pay_0bb86e5d0d,2026-08-04 05:07:05.788603,25788.96,card,grocery,1,0,0.0,5,0,0,2.5,126.5,0
order_773b82b034,pay_a5fc6ebfcb,2026-08-17 05:34:28.788603,239.86,card,grocery,0,3,0.025566950123157794,5,0,0,9.8,56.9,0
order_eb97da9268,pay_933050595b,2026-08-24 05:48:15.788603,1218.6,cod,electronics,0,7,0.21806955148837795,5,0,0,53.8,64.0,0
order_712237016d,pay_27c117e12d,2026-08-10 14:15:50.788603,1962.58,card,grocery,0,7,0.14199884770965318,14,0,0,13.1,45.4,0
order_5d38b32926,pay_080dc236d7,2026-08-20 10:23:34.788603,1604.34,cod,electronics,1,0,0.0,10,0,0,1.7,157.1,0
order_01e2f3d49a,pay_6eb8dba992,2026-08-22 06:18:57.788603,812.11,upi,home,0,6,0.3720222929767181,6,1,0,9.3,46.2,0
order_d0d3b3d593,pay_e439e85037,2026-08-11 05:28:48.788603,474.9,wallet,apparel,1,0,0.0,5,0,0,45.0,11.9,0
order_68d13b754a,pay_83c03778f7,2026-08-03 20:15:47.788603,1045.29,upi,apparel,1,0,0.0,20,0,0,15.1,124.1,1
order_47e4d45f60,pay_eb03fd0b76,2026-08-13 22:43:17.788603,994.45,upi,apparel,0,4,0.07610882771573788,22,0,0,0.3,62.8,1
order_a55bf174a0,pay_0a0a6b7dbd,2026-08-02 15:31:08.788603,388.49,card,digital,0,10,0.25727876358108276,15,1,0,27.1,18.2,0
order_88b775e88a,pay_13ad53da2f,2026-08-20 17:10:56.788603,505.33,wallet,grocery,1,0,0.0,17,0,0,9.2,145.2,0
order_ed98e08ef5,pay_53e01642cf,2026-08-27 02:08:45.788603,729.53,cod,home,0,5,0.07423796196499843,2,0,1,10.7,25.7,1
order_271ddedc11,pay_2204c4fb75,2026-08-05 07:37:55.788603,831.79,upi,grocery,0,1,0.04649601539777918,7,0,0,15.0,75.5,0
order_e29c10f857,pay_d1c69ace86,2026-07-31 15:55:00.788603,2226.63,upi,apparel,1,0,0.0,15,0,0,3.7,36.4,1
order_3d171e68cd,pay_c36607cf5e,2026-08-08 05:33:49.788603,393.71,upi,apparel,0,5,0.07039100225308154,5,1,0,23.3,17.4,1
order_a3775e5863,pay_196e4d0d3f,2026-08-20 22:17:42.788603,689.64,card,home,1,0,0.0,22,0,0,16.9,103.6,1
order_fd6ba105e5,pay_ce7740c094,2026-08-07 09:12:48.788603,58.97,upi,home,0,4,0.35128091498436637,9,0,0,7.1,14.3,0
order_528e2ad669,pay_cfa3fb6340,2026-08-07 10:50:20.788603,447.5,netbanking,electronics,1,0,0.0,10,0,0,3.2,19.0,0
order_cfc7c38901,pay_b1ad0e21a3,2026-08-19 14:34:02.788603,291.0,card,digital,1,0,0.0,14,0,0,15.6,53.5,0
order_a703ae4bff,pay_5d98530c34,2026-08-26 05:52:44.788603,1135.75,upi,home,0,2,0.1418535961025666,5,0,0,7.1,39.4,0
order_82571f5f1e,pay_9d84dfd3bd,2026-08-09 07:42:59.788603,1226.25,upi,electronics,0,5,0.01613169971992584,7,1,0,6.3,52.6,1
order_bbce390364,pay_a8622e58db,2026-08-02 07:10:23.788603,1325.02,upi,electronics,0,3,0.012739290696522099,7,1,0,38.4,73.3,0
order_b09ea1c8aa,pay_72e085f64d,2026-08-17 03:17:41.788603,468.01,card,apparel,0,9,0.0990637125527041,3,0,1,2.4,71.9,0
order_4eff92af91,pay_56fc98337c,2026-08-13 05:17:34.788603,968.92,upi,apparel,0,5,0.08557610643631601,5,0,0,37.4,19.5,0
order_4b46cdd448,pay_f168d5f8a9,2026-08-16 02:38:15.788603,1148.4,card,home,0,8,0.1355201470529277,2,1,1,6.0,108.7,0
order_37cc6118af,pay_4afe6d4193,2026-08-20 09:16:43.788603,121.58,cod,home,0,1,0.0338982392376598,9,0,0,2.2,26.7,0
order_5da24f606f,pay_fdee836523,2026-08-12 05:35:52.788603,594.08,cod,grocery,0,6,0.3175752897070552,5,0,0,12.0,70.2,1
order_4b18692c71,pay_7b9504a12d,2026-07-30 00:54:55.788603,114.09,card,digital,1,0,0.0,0,0,1,13.9,17.3,0
order_7eddbc349b,pay_bcaee5045b,2026-08-02 11:47:18.788603,580.37,netbanking,home,0,6,0.03140339208495317,11,1,0,8.6,25.9,0
order_ca6e008f40,pay_d2e27fa034,2026-08-16 15:13:59.788603,127.28,cod,digital,0,0,0.3555535942428184,15,1,0,14.6,88.3,0
order_7323b2f9e2,pay_c267351e2c,2026-08-02 08:20:33.788603,79.03,cod,digital,0,3,0.0785761738685208,8,1,0,10.0,49.2,0
order_80502a5314,pay_08332e95ea,2026-08-10 17:55:59.788603,183.03,netbanking,home,0,4,0.519241603331191,17,0,0,6.7,15.1,0
order_4c3a97baad,pay_4abe552e27,2026-08-12 13:59:42.788603,135.35,upi,apparel,0,2,0.5035539641997214,13,0,0,24.0,68.4,0
order_25cf6ef3b4,pay_b7d318f16e,2026-08-19 09:51:11.788603,334.01,card,grocery,1,0,0.0,9,0,0,5.6,46.5,0
order_6e9c7b0e89,pay_d239dc1ae6,2026-08-11 06:19:25.788603,696.19,cod,apparel,1,0,0.0,6,0,0,22.3,98.8,0
order_296e66e0ab,pay_e77fe041bc,2026-08-26 19:52:54.788603,391.44,card,electronics,0,6,0.26447370945401316,19,0,0,12.7,13.7,0
order_b2431db0fd,pay_29f72e0d66,2026-08-12 12:49:12.788603,431.8,upi,apparel,1,0,0.0,12,0,0,2.1,81.9,0
order_b669ce3c1f,pay_3ebfc61b31,2026-08-06 01:48:34.788603,910.87,cod,grocery,0,7,0.04169716319868842,1,0,1,18.0,25.4,1
order_b18c5ebceb,pay_589c91c4eb,2026-08-12 08:12:20.788603,168.87,upi,grocery,0,5,0.254474939721061,8,0,0,8.2,33.5,0
order_6858831e38,pay_4eb450b7af,2026-08-04 12:34:22.788603,1110.01,upi,digital,0,2,0.41122389782706936,12,0,0,18.0,32.9,0
order_d7a1b1fc4d,pay_478ccdc4a7,2026-08-12 01:15:44.788603,761.44,wallet,electronics,0,5,0.26434379891844656,1,0,1,10.5,73.1,0
order_80053bb2d1,pay_9255a34acf,2026-08-26 18:52:37.788603,128.26,upi,digital,0,6,0.08093620902535868,18,0,0,10.5,36.5,0
order_6d6c248c78,pay_f726e0ba2d,2026-08-26 07:34:20.788603,636.37,card,electronics,0,4,0.019849758926074518,7,0,0,13.6,59.9,0
order_10635dd3be,pay_e8a3c3a64d,2026-08-21 19:41:04.788603,1676.28,cod,apparel,0,2,0.2957934329552945,19,0,0,16.5,48.2,1
order_8b1aa91bee,pay_6c4b15d61d,2026-08-10 19:55:40.788603,2095.72,upi,electronics,0,5,0.15963328053203954,19,0,0,39.9,34.5,0
order_32ba1d1a65,pay_b3e6c9bb28,2026-08-05 04:47:38.788603,109.31,cod,grocery,1,0,0.0,4,0,1,9.0,17.4,0
order_fad8f1a052,pay_289bb308fa,2026-08-05 03:55:34.788603,102.79,netbanking,electronics,0,6,0.2745051363820608,3,0,1,18.9,39.5,0
order_b99e047ce1,pay_17c8f0f9f1,2026-08-18 17:11:34.788603,1774.23,upi,home,1,0,0.0,17,0,0,36.3,38.8,0
order_ec9f9afadd,pay_456e21351d,2026-08-25 01:51:05.788603,284.14,card,electronics,1,0,0.0,1,0,1,10.7,23.6,0
order_d05b6f43a5,pay_ae10c54d25,2026-08-24 15:38:42.788603,581.69,cod,apparel,0,4,0.24889585631737227,15,0,0,10.0,62.7,0
order_fbcd6181c6,pay_0175836a1a,2026-07-29 20:37:17.788603,544.29,card,grocery,0,9,0.275479093300376,20,0,0,5.6,63.7,1
order_6cd7458c41,pay_60ba899523,2026-08-10 15:06:39.788603,218.8,upi,electronics,1,0,0.0,15,0,0,30.9,37.7,0
order_7b594af41d,pay_1b07bfa4c2,2026-08-13 21:35:18.788603,725.18,wallet,grocery,1,0,0.0,21,0,0,0.2,18.2,0
order_a7648e6769,pay_3a3e7a9dc7,2026-08-06 02:00:47.788603,767.2,netbanking,electronics,0,6,0.021208087143335674,2,0,1,1.7,67.0,0
order_dacbb4b04e,pay_59054dc1e7,2026-08-27 07:07:11.788603,377.19,cod,electronics,1,0,0.0,7,0,0,4.2,61.3,0
order_b78c917634,pay_ce1930d855,2026-07-31 01:05:50.788603,548.83,upi,grocery,1,0,0.0,1,0,1,21.3,87.3,0
order_ae917cda54,pay_b7c36bc72c,2026-08-11 17:26:01.788603,1686.43,cod,home,0,9,0.14857491309127455,17,0,0,0.7,57.9,1
order_b99c438699,pay_3039f878c3,2026-08-10 09:40:35.788603,621.4,upi,electronics,0,5,0.051265559794016785,9,0,0,7.6,14.6,0
order_c5ec65235a,pay_6bf70a6ce5,2026-08-25 10:58:16.788603,50.0,wallet,digital,0,7,0.006938141008344464,10,0,0,3.0,142.9,0
order_418f8577af,pay_474fa6b832,2026-08-21 03:25:05.788603,244.26,cod,digital,1,0,0.0,3,0,1,0.4,89.1,0
order_d54dbdfcc3,pay_d1d3b8e3ee,2026-08-16 21:30:07.788603,358.82,wallet,grocery,1,0,0.0,21,1,0,1.9,98.3,0
order_098095f6cc,pay_c59b4ab652,2026-08-24 09:47:59.788603,463.54,upi,digital,1,0,0.0,9,0,0,45.6,12.8,0
order_06a723e2ad,pay_7088248a8d,2026-08-22 09:20:42.788603,157.09,upi,home,1,0,0.0,9,1,0,3.5,51.9,0
order_cca3c690e0,pay_600539b0d5,2026-08-15 03:48:29.788603,1896.49,cod,grocery,0,4,0.07691048634193083,3,1,1,17.5,147.8,1
order_1ef6f1befe,pay_0a33137d7d,2026-08-26 17:46:23.788603,258.17,upi,apparel,0,3,0.12135208534636444,17,0,0,53.4,44.5,0
order_2bf138b1ac,pay_ba14abee44,2026-08-05 14:18:58.788603,2170.43,cod,apparel,0,5,0.08092323176574034,14,0,0,6.2,11.4,0
order_5996b685b2,pay_ba3d7de68a,2026-08-24 16:48:04.788603,222.15,wallet,grocery,1,0,0.0,16,0,0,6.7,50.6,0
order_67998e1250,pay_bf9cd8d595,2026-08-06 02:52:41.788603,1873.82,cod,grocery,0,7,0.126741687054947,2,0,1,0.6,48.1,1
order_cc6ec1b0db,pay_04d1764419,2026-08-18 03:36:11.788603,120.33,upi,grocery,0,3,0.2705776195694294,3,0,1,58.1,47.3,0
order_7a7c3269cc,pay_8e030a3273,2026-08-02 20:19:35.788603,2856.89,cod,electronics,1,0,0.0,20,1,0,3.5,261.7,1
order_007dd66ee2,pay_2d95882d2a,2026-08-01 11:45:45.788603,436.36,cod,electronics,0,7,0.06481571563411502,11,1,0,3.8,34.8,0
order_88d420b3fa,pay_4bf2f01561,2026-08-14 07:09:06.788603,227.83,upi,grocery,1,0,0.0,7,0,0,42.5,38.7,0
order_b906ebc4ab,pay_c532b67b35,2026-07-29 05:25:41.788603,3107.81,card,electronics,0,7,0.40912205982337624,5,0,0,24.6,41.6,1
order_b3bf38ee57,pay_2b94cb33cc,2026-08-11 14:17:34.788603,1035.18,upi,apparel,0,7,0.0512678932973533,14,0,0,5.6,70.0,0
order_91e1e92fbe,pay_a16543d5eb,2026-08-14 17:56:57.788603,271.36,cod,apparel,0,3,0.2236396159034693,17,0,0,28.4,101.2,1
order_a1bcd7fed9,pay_73a8c8a9cb,2026-08-06 02:55:38.788603,5102.8,wallet,apparel,0,3,0.01434945743462419,2,0,1,4.5,82.6,0
order_e7c0ea4af2,pay_bb42faf0d2,2026-08-21 02:53:31.788603,229.33,card,electronics,0,5,0.2960662413626359,2,0,1,11.6,10.0,0
order_508f62d6dd,pay_5271cf8588,2026-08-11 00:25:49.788603,1430.1,upi,electronics,1,0,0.0,0,0,1,6.4,23.6,0
order_cc83d9d3d2,pay_c55902026e,2026-08-22 04:03:46.788603,840.79,card,grocery,0,6,0.04273030479517606,4,1,1,20.3,338.7,0
order_9531c7ac38,pay_a4b014bb29,2026-08-15 03:47:53.788603,342.86,netbanking,electronics,0,9,0.19211769979826107,3,1,1,1.8,54.6,0
order_a3e2618e3b,pay_863fffb527,2026-07-28 12:14:41.788603,1305.64,netbanking,digital,0,7,0.1717310927879882,12,0,0,54.6,39.2,0
order_8ef478a7e2,pay_d07e37f5ed,2026-08-12 21:13:34.788603,1097.48,cod,grocery,0,6,0.1273867563763821,21,0,0,5.3,55.3,0
order_02f662f161,pay_fc916bc268,2026-08-22 11:42:04.788603,136.57,upi,grocery,0,4,0.17848436133607914,11,1,0,52.0,43.2,0
order_1459d050a7,pay_e8876ec1e9,2026-08-18 03:13:42.788603,477.75,cod,grocery,0,5,0.190386031499865,3,0,1,3.9,69.8,0
order_db5f200459,pay_1a3d384162,2026-08-06 15:45:33.788603,1269.59,netbanking,electronics,1,0,0.0,15,0,0,14.7,34.7,0
order_4a2b977599,pay_8309f9aa4b,2026-08-23 21:21:13.788603,567.17,upi,electronics,1,0,0.0,21,1,0,20.5,50.6,0
order_7f42fb3d8f,pay_92285a25d1,2026-08-04 08:26:16.788603,2898.38,cod,digital,0,7,0.1672706156155642,8,0,0,27.5,89.0,0
order_5698d60172,pay_22e2950cbf,2026-08-12 06:52:51.788603,642.17,upi,home,0,2,0.14141404721881676,6,0,0,0.2,36.9,0
order_9ad9a12672,pay_b4031754cf,2026-08-12 19:07:54.788603,518.06,card,apparel,0,5,0.11578767498423789,19,0,0,21.4,251.4,0
order_3257af7e79,pay_a6f10bd7be,2026-08-09 06:02:46.788603,696.98,wallet,grocery,0,5,0.07175441149656923,6,1,0,37.7,14.1,0
order_1a07848206,pay_7c061951f9,2026-07-28 17:03:56.788603,1692.12,wallet,grocery,0,5,0.2407714489785035,17,0,0,9.6,99.9,0
order_beb4a0fe92,pay_75b1801a64,2026-08-19 17:18:00.788603,231.12,upi,grocery,0,4,0.3054528565572886,17,0,0,40.8,39.3,0
order_280ac59c4f,pay_41185681de,2026-08-02 18:23:13.788603,769.53,cod,digital,0,6,0.18849949326904603,18,1,0,1.6,105.1,0
order_c9c49928c0,pay_325c1d4983,2026-08-26 14:40:48.788603,718.39,upi,electronics,0,10,0.3910778521102465,14,0,0,1.6,43.0,0
order_625b520b26,pay_55a90cdd59,2026-08-16 13:48:37.788603,446.34,upi,digital,0,4,0.07187846472987863,13,1,0,2.6,25.4,0
order_91a159e8c8,pay_4103f7aaa5,2026-08-20 21:21:40.788603,743.36,upi,digital,0,3,0.18001817786227162,21,0,0,0.0,25.3,0
order_3690485c28,pay_27c6b21db7,2026-08-05 14:12:15.788603,1378.51,cod,apparel,0,4,0.3725368356518572,14,0,0,73.0,12.9,1
order_4dcbe75861,pay_9a285ab3e8,2026-08-08 00:48:04.788603,363.17,card,grocery,1,0,0.0,0,1,1,1.2,103.0,0
order_4cbecd72dd,pay_c29b94cf3d,2026-08-27 08:01:04.788603,1817.84,upi,electronics,0,6,0.037253517272274,8,0,0,15.4,97.2,0
order_0ec6a4eebc,pay_1bdbf7a290,2026-08-14 15:23:22.788603,1774.35,cod,digital,0,6,0.5269447493639187,15,0,0,5.5,25.9,0
order_25589428c3,pay_e1d45648c0,2026-08-07 06:03:27.788603,1700.16,upi,apparel,0,5,0.19628462768271435,6,0,0,10.1,247.2,0
order_6dbc8aa682,pay_63692c71ca,2026-08-26 01:41:00.788603,2534.64,netbanking,grocery,0,4,0.12345015010418163,1,0,1,13.3,40.3,0
order_e29b83b7d8,pay_e3a88fa1ef,2026-08-07 22:11:31.788603,513.14,netbanking,digital,0,6,0.2750632857221894,22,0,0,8.5,30.3,0
order_bfb04452aa,pay_f61340d1c7,2026-08-06 23:32:05.788603,928.24,upi,grocery,0,5,0.006122386480067655,23,0,1,6.6,69.0,0
order_61bc5fabde,pay_8648e41da0,2026-08-20 23:51:21.788603,9241.32,cod,apparel,1,0,0.0,23,0,1,9.6,21.1,1
order_f27cb758d9,pay_a8185ceb33,2026-07-30 15:05:58.788603,464.25,upi,digital,1,0,0.0,15,0,0,3.2,52.1,0
order_448dcfd1e8,pay_ed82a1452a,2026-07-30 11:08:40.788603,1648.5,cod,grocery,0,2,0.0719949084010174,11,0,0,25.6,98.7,0
order_6d5c17c623,pay_103aad776b,2026-08-13 18:16:48.788603,147.16,card,apparel,0,5,0.2304209905390579,18,0,0,7.4,40.4,0
order_2075e555d2,pay_756d1b7a44,2026-08-09 05:02:58.788603,129.85,card,digital,0,8,0.1762627583248512,5,1,0,21.9,61.7,0
order_139f9503de,pay_d9e4007a9b,2026-08-22 20:29:06.788603,269.38,upi,home,0,6,0.021620432418286293,20,1,0,1.0,73.2,0
order_5a09279f57,pay_38595fc518,2026-08-09 11:37:53.788603,1596.99,cod,digital,0,3,0.31084769617132674,11,1,0,14.3,54.7,0
order_fbfb6cfeeb,pay_5e1d855365,2026-08-08 16:51:19.788603,259.9,upi,digital,0,3,0.5880617672453445,16,1,0,7.0,58.9,0
order_0f2395d767,pay_69ac7854f9,2026-08-03 15:14:51.788603,304.8,upi,electronics,0,3,0.20632066807534205,15,0,0,19.3,70.1,1
order_52dd6dc68f,pay_5c8d81b192,2026-08-14 04:44:44.788603,158.82,cod,electronics,0,4,0.08793038183590345,4,0,1,10.8,39.0,1
order_475f7470f0,pay_96ec6f60b7,2026-08-15 07:19:39.788603,431.26,card,apparel,0,3,0.22240530571009606,7,1,0,17.2,24.5,1
order_b5caf8fde8,pay_3083d4df79,2026-08-24 09:32:40.788603,3492.89,card,apparel,1,0,0.0,9,0,0,9.7,95.6,0
order_a349989de7,pay_7015003b30,2026-08-14 21:24:58.788603,1574.94,card,apparel,0,3,0.09560101318842168,21,0,0,10.1,41.8,0
order_799f9d6777,pay_0a56bed0ae,2026-08-24 21:26:14.788603,1202.36,cod,apparel,1,0,0.0,21,0,0,3.3,17.8,1
order_357e10de37,pay_5a111f4d75,2026-08-05 11:46:42.788603,1517.8,cod,apparel,0,3,0.3622138738907307,11,0,0,9.2,62.8,1
order_e1c4bbc592,pay_994e71ea84,2026-08-06 07:01:09.788603,205.61,upi,home,0,12,0.03794044291511425,7,0,0,2.0,33.6,0
order_fdf6a6bb63,pay_600cb2c8b5,2026-08-10 04:17:28.788603,1880.85,upi,grocery,0,5,0.10558152157630755,4,0,1,1.5,125.6,1
order_50f9131fb2,pay_ea02179230,2026-08-09 04:14:39.788603,921.75,upi,apparel,1,0,0.0,4,1,1,2.3,107.5,0
order_e0c625c6c4,pay_4667cf373e,2026-08-23 03:44:04.788603,369.75,cod,apparel,0,4,0.1675470694385213,3,1,1,0.6,24.6,1
order_abed441505,pay_ceb7fb84cd,2026-08-07 12:30:17.788603,94.48,upi,grocery,0,5,0.19196220164818584,12,0,0,39.6,33.2,0
order_c678b4a44e,pay_e9ced6023d,2026-07-29 03:29:29.788603,3829.96,upi,grocery,1,0,0.0,3,0,1,31.8,88.4,1
order_f8120cff66,pay_55ce1d2575,2026-08-06 07:24:04.788603,1380.67,cod,apparel,0,3,0.14658291585010103,7,0,0,6.6,261.7,0
order_c8b24dc236,pay_960fd6da88,2026-07-30 10:51:27.788603,1289.7,upi,home,1,0,0.0,10,0,0,27.9,41.0,0
order_d69eed9407,pay_7c6b4c5c7f,2026-08-21 13:11:39.788603,1119.21,wallet,electronics,1,0,0.0,13,0,0,3.4,256.1,1
order_cb949d2a25,pay_8e98c862b5,2026-08-06 09:38:01.788603,1026.73,cod,apparel,0,5,0.07934614603583494,9,0,0,8.2,86.7,0
order_654a0fdebb,pay_744b4f616a,2026-08-11 15:13:53.788603,215.19,card,grocery,0,7,0.033367982713551,15,0,0,32.6,41.2,0
order_52851f91a1,pay_2f7d4f807b,2026-08-06 19:39:44.788603,556.21,netbanking,electronics,1,0,0.0,19,0,0,23.4,254.7,0
order_f7bbafa933,pay_8c2d5642d4,2026-08-16 15:54:27.788603,959.58,upi,home,1,0,0.0,15,1,0,1.1,38.7,0
order_59128a9b14,pay_557edcc5b5,2026-07-28 10:23:41.788603,569.96,netbanking,grocery,0,2,0.17250383255986787,10,0,0,5.7,16.5,1
order_8fae18205a,pay_8d0b3c5f08,2026-08-15 10:32:32.788603,2207.56,netbanking,digital,0,0,0.005838492017840149,10,1,0,65.0,41.8,0
order_fd94d5e601,pay_1a091e3e49,2026-08-27 08:23:17.788603,421.98,cod,home,0,5,0.218031752910994,8,0,0,18.5,29.4,0
order_195e452776,pay_d25c248275,2026-08-15 20:38:40.788603,472.28,upi,apparel,0,1,0.4815534801995574,20,1,0,0.6,63.2,0
order_dc711f8e56,pay_a4e4438076,2026-08-12 18:14:48.788603,2584.28,cod,apparel,1,0,0.0,18,0,0,32.0,39.0,1
order_f59c489399,pay_be1ee94153,2026-08-07 11:36:44.788603,1082.28,netbanking,grocery,0,2,0.016970804927146164,11,0,0,21.1,76.1,0
order_b8e79ed95a,pay_bd8374b124,2026-08-24 12:34:00.788603,2606.77,card,electronics,0,3,0.1515227466691388,12,0,0,10.0,26.9,0
order_474674d6a7,pay_fe98ba74eb,2026-08-19 03:42:16.788603,477.11,upi,electronics,1,0,0.0,3,0,1,45.9,64.3,0
order_8ee5dc6aab,pay_ac2a80dcc8,2026-08-13 21:50:34.788603,1130.67,upi,apparel,0,6,0.4101044172375267,21,0,0,35.1,31.9,1
order_bfccee1d6a,pay_24490d1aa0,2026-08-04 21:25:42.788603,283.57,card,grocery,1,0,0.0,21,0,0,15.4,148.9,0
order_49556d4b81,pay_f935d04645,2026-08-15 02:25:43.788603,1151.95,netbanking,electronics,1,0,0.0,2,1,1,1.6,72.3,0
order_15eb07fc02,pay_fa917d9d64,2026-08-21 01:13:04.788603,628.83,upi,home,0,4,0.05694504699089983,1,0,1,22.0,64.6,0
order_44ff9f45b7,pay_fc17da67d2,2026-08-25 12:16:45.788603,382.59,netbanking,grocery,1,0,0.0,12,0,0,4.5,121.5,0
order_4137bfec59,pay_1f9e47390c,2026-08-26 21:31:07.788603,814.97,upi,digital,0,4,0.4555934995699086,21,0,0,30.7,28.3,0
order_3ded0bb7e7,pay_1886cc4250,2026-08-18 06:42:45.788603,189.16,upi,apparel,0,3,0.7067842623551449,6,0,0,3.9,6.6,1
order_5659de3d1b,pay_224fc3c443,2026-08-05 08:56:11.788603,50.0,card,grocery,0,4,0.09504301362892797,8,0,0,0.2,48.4,0
order_b4c6d6f3ae,pay_9e33737888,2026-08-01 03:27:16.788603,1127.23,card,digital,1,0,0.0,3,1,1,0.8,17.0,0
order_b76e0c34dc,pay_3f1c1d95b1,2026-08-18 22:00:43.788603,425.35,upi,apparel,0,6,0.05057885516788167,22,0,0,25.4,67.1,0
order_17361710a3,pay_433ce05881,2026-08-10 15:01:33.788603,403.41,upi,electronics,0,5,0.04676103987256109,15,0,0,12.8,14.4,0
order_54b73f84d1,pay_a5ac6843d6,2026-08-16 01:20:00.788603,524.12,card,electronics,1,0,0.0,1,1,1,67.8,47.4,0
order_78c6b25366,pay_214212b484,2026-08-14 14:03:04.788603,2106.39,cod,home,0,1,0.42072725700154906,14,0,0,17.7,17.4,0
order_ff3f262e40,pay_7a112641ea,2026-08-03 16:33:17.788603,248.58,wallet,electronics,0,5,0.060590299378247225,16,0,0,13.5,22.7,0
order_7a24c63d5f,pay_f7e55b4ce4,2026-08-15 20:48:42.788603,325.17,upi,apparel,0,4,0.3632001131975574,20,1,0,13.5,28.9,0
order_f2847af15a,pay_de523ad443,2026-08-13 02:41:39.788603,1123.57,upi,electronics,1,0,0.0,2,0,1,5.2,34.8,0
order_7205cdd651,pay_479c161160,2026-08-10 01:19:20.788603,926.25,cod,electronics,0,4,0.055625368112223884,1,0,1,1.8,38.9,1
order_04da1a48c1,pay_cc52f9c17c,2026-08-17 16:46:53.788603,1459.51,cod,home,0,5,0.17041076957365087,16,0,0,7.3,30.3,0
order_e7f6afded3,pay_835a8ad956,2026-08-06 09:52:39.788603,2018.63,netbanking,electronics,1,0,0.0,9,0,0,14.7,103.3,0
order_f2b8bc9b6b,pay_c3bf963944,2026-08-16 21:02:04.788603,1370.7,card,home,1,0,0.0,21,1,0,6.6,442.9,1
order_a7a9a0d769,pay_25f98f550e,2026-08-14 07:32:38.788603,588.1,cod,apparel,1,0,0.0,7,0,0,1.9,133.2,0
order_c3ecbc62b2,pay_631ad0a657,2026-08-11 08:49:57.788603,440.31,upi,electronics,1,0,0.0,8,0,0,17.7,39.0,0
order_d48af8d9dd,pay_39df86218c,2026-08-05 06:01:36.788603,195.18,cod,home,0,8,0.1890611599622259,6,0,0,10.9,46.7,1
order_7d88ef1b47,pay_1fbc64ae4b,2026-08-14 20:36:35.788603,2196.37,upi,grocery,0,2,0.22787673652152968,20,0,0,2.3,34.4,0
order_c7f09ac9ac,pay_087ff7b8f0,2026-08-08 16:06:23.788603,3261.29,upi,apparel,0,3,0.05460755215757211,16,1,0,14.7,131.9,1
order_2f690c3466,pay_b60c2ce5b6,2026-08-14 18:12:24.788603,554.66,card,apparel,1,0,0.0,18,0,0,13.0,56.8,0
order_c148afb220,pay_fbac822961,2026-08-24 14:22:42.788603,96.67,wallet,apparel,0,8,0.18980977446571623,14,0,0,8.4,27.6,0
order_2777c0d414,pay_96da66f187,2026-08-03 04:09:22.788603,427.45,cod,grocery,0,5,0.11723022201375283,4,0,1,4.8,70.4,0
order_255667bbe9,pay_60df718e8a,2026-08-20 15:23:20.788603,518.03,upi,grocery,0,3,0.03757875054642394,15,0,0,3.2,56.7,0
order_159e1e2c4d,pay_c9f7bfdb9c,2026-08-07 09:48:56.788603,300.73,card,digital,1,0,0.0,9,0,0,3.2,230.6,0
order_1ab01f88c2,pay_b539257885,2026-08-21 06:49:05.788603,167.76,upi,digital,0,8,0.18983289001489226,6,0,0,0.9,65.3,0
order_0b145feec9,pay_68d479c0bc,2026-08-25 22:35:58.788603,438.4,cod,grocery,0,2,0.17080551803875882,22,0,0,1.5,136.2,0
order_6146705fca,pay_9d5c584317,2026-07-28 09:39:32.788603,51.97,cod,digital,1,0,0.0,9,0,0,5.7,32.4,1
order_9b0d266c83,pay_08fc7e7edf,2026-08-13 04:22:27.788603,218.19,upi,digital,0,4,0.04480736905147022,4,0,1,28.6,71.4,0
order_096e8849c5,pay_be79e70ce7,2026-08-04 17:39:24.788603,316.35,netbanking,digital,0,7,0.18247519894628644,17,0,0,17.0,87.2,0
order_0e5a5de379,pay_583e014f36,2026-08-25 20:04:45.788603,573.15,card,home,0,4,0.1739065733860808,20,0,0,23.6,86.3,0
order_c37a75211a,pay_b4bc7f5bb0,2026-07-28 20:33:19.788603,1920.61,card,home,1,0,0.0,20,0,0,20.1,21.3,0
order_a6621e5c3a,pay_b257384bad,2026-08-19 14:08:09.788603,1424.28,card,home,0,6,0.07993138969975803,14,0,0,5.1,89.6,0
order_24039bccdb,pay_29e0909a74,2026-08-10 14:21:20.788603,485.9,netbanking,apparel,0,2,0.016066066962791115,14,0,0,13.0,95.7,0
order_ae7af5a4a9,pay_6e3cf404ef,2026-08-19 09:53:06.788603,1253.21,upi,grocery,0,7,0.0714380514208101,9,0,0,5.6,79.0,0
order_7a5782d08a,pay_e393e4bf58,2026-08-22 22:43:35.788603,332.72,upi,digital,1,0,0.0,22,1,0,9.2,81.2,0
order_36a0fa37ab,pay_45437e6c57,2026-08-10 22:44:45.788603,243.19,card,digital,0,5,0.06803331377683075,22,0,0,11.0,91.4,0
order_8e49bbd42a,pay_bde2a76dd5,2026-08-19 14:48:52.788603,279.72,card,home,0,2,0.1502663817576735,14,0,0,3.2,54.0,0
order_6e2900db8d,pay_ff97f97e4f,2026-08-07 16:09:59.788603,1523.18,upi,apparel,0,5,0.11240905628264458,16,0,0,5.1,155.5,0
order_bbcac2284c,pay_8dedc86650,2026-08-25 13:33:17.788603,287.31,cod,home,0,8,0.14959899806090948,13,0,0,5.5,39.6,1
order_2b68145b34,pay_3424878ab4,2026-08-25 13:20:39.788603,320.92,upi,apparel,0,8,0.25612719762271163,13,0,0,20.5,10.1,0
order_880c17d8f7,pay_1adf75135d,2026-08-10 06:33:52.788603,2088.8,card,apparel,1,0,0.0,6,0,0,6.2,25.8,0
order_2d34630f5b,pay_e463b0a256,2026-08-11 11:41:46.788603,638.7,card,apparel,1,0,0.0,11,0,0,0.4,61.9,0
order_7253802d72,pay_46bd143d4a,2026-08-09 21:49:36.788603,1779.21,netbanking,apparel,0,9,0.058679926162013375,21,1,0,26.6,38.6,0
order_82c6c7af81,pay_10b63d5c67,2026-08-11 08:39:29.788603,345.27,wallet,apparel,0,3,0.03791816164548771,8,0,0,28.3,14.6,0
order_b49168620d,pay_501a0cf6e7,2026-08-13 03:45:49.788603,1773.55,wallet,grocery,1,0,0.0,3,0,1,0.5,120.5,0
order_1dcff30ab1,pay_e9caa19c1d,2026-08-16 12:16:29.788603,726.63,upi,apparel,1,0,0.0,12,1,0,10.7,165.9,0
order_8a143d51db,pay_67fb9fe8f0,2026-08-16 17:06:17.788603,1179.92,card,electronics,1,0,0.0,17,1,0,27.6,451.2,0
order_92bb865d08,pay_1acd089475,2026-08-06 01:09:14.788603,2846.29,upi,home,0,4,0.14779494327145098,1,0,1,17.4,158.2,0
order_d037b00016,pay_c6a468a4df,2026-07-29 15:22:22.788603,761.32,card,apparel,0,4,0.0015700147958334833,15,0,0,9.0,31.8,0
order_94a5d6a73d,pay_72f601263f,2026-08-03 02:47:40.788603,377.76,card,apparel,1,0,0.0,2,0,1,34.5,204.9,0
order_189a49928e,pay_f50c0d4c3b,2026-08-20 11:05:49.788603,898.78,upi,digital,0,2,0.19956412541429225,11,0,0,47.1,35.0,0
order_23d17ef385,pay_a798fce574,2026-08-13 07:44:13.788603,396.73,upi,home,0,4,0.04617378760176198,7,0,0,18.9,16.4,0
order_34c7dfc25f,pay_4d9b838bf1,2026-08-02 05:00:30.788603,582.49,cod,home,0,6,0.1061287842323908,5,1,0,1.5,17.7,0
order_dc4637f985,pay_ac332299ab,2026-08-11 14:31:08.788603,762.73,upi,electronics,1,0,0.0,14,0,0,29.2,13.4,0
order_630e3a30c8,pay_9682f81b4c,2026-08-16 20:03:27.788603,382.75,upi,apparel,0,3,0.14941630708661613,20,1,0,2.5,19.8,0
order_d57b9e51da,pay_31c7a375ba,2026-08-17 22:45:50.788603,2189.1,upi,grocery,1,0,0.0,22,0,0,33.6,314.3,0
order_d46ff8d72c,pay_c9a501607f,2026-08-25 12:49:27.788603,494.29,cod,grocery,1,0,0.0,12,0,0,8.2,98.7,1
order_a34ed5406e,pay_d5f5276b2f,2026-08-01 22:17:06.788603,14408.67,upi,grocery,0,3,0.10073598553883589,22,1,0,1.9,33.2,0
order_e907a00cb4,pay_c61d57b101,2026-08-09 14:13:51.788603,273.56,card,home,0,3,0.4324167377455858,14,1,0,5.3,21.2,0
order_c355f1ba73,pay_d283fda529,2026-08-15 00:09:07.788603,1914.46,upi,electronics,0,7,0.08354838647834792,0,1,1,2.2,91.8,0
order_9767557152,pay_eddfdf9957,2026-08-23 16:59:25.788603,1082.81,upi,digital,0,4,0.02621271134815714,16,1,0,1.2,120.6,0
order_8b246db435,pay_5752b325ef,2026-08-23 08:26:28.788603,554.0,netbanking,digital,1,0,0.0,8,1,0,34.9,115.3,0
order_7638a7d74b,pay_37e81f927a,2026-08-12 05:00:02.788603,179.79,netbanking,apparel,0,3,0.056074924827477335,5,0,0,23.5,60.6,0
order_00a81f64a9,pay_390d961518,2026-07-31 12:22:40.788603,1627.06,card,electronics,0,3,0.2620218974659716,12,0,0,137.1,38.2,0
order_818d3e799b,pay_2038ec2a84,2026-08-09 05:19:24.788603,244.54,wallet,home,0,10,0.2862967700890086,5,1,0,6.6,190.8,0
order_039797db6f,pay_ae047da91a,2026-08-25 16:28:17.788603,168.79,upi,apparel,0,1,0.24016853369882732,16,0,0,7.5,90.2,0
order_c44a62d710,pay_c577b0ded0,2026-08-11 15:43:00.788603,50.0,upi,electronics,1,0,0.0,15,0,0,17.9,27.6,0
order_b3ffca9993,pay_d6533571b8,2026-08-05 15:44:32.788603,2271.37,wallet,home,0,6,0.032294563752201036,15,0,0,23.6,42.5,0
order_f7d561b2e7,pay_1773a7aa56,2026-08-19 10:10:33.788603,3516.81,cod,apparel,0,4,0.4687573134854403,10,0,0,6.2,19.6,0
order_2af622c4db,pay_143ea99f02,2026-08-19 15:18:43.788603,461.61,netbanking,digital,1,0,0.0,15,0,0,9.3,58.7,0
order_cc9e71b2b9,pay_f03c36a102,2026-08-13 21:26:31.788603,2689.3,card,digital,1,0,0.0,21,0,0,17.1,113.2,0
order_e99847be3c,pay_a2d2717ee9,2026-08-18 03:25:59.788603,89.06,upi,home,0,7,0.25802221104970546,3,0,1,29.3,48.8,0
order_0295321243,pay_1a3776df3c,2026-08-21 18:15:29.788603,303.32,netbanking,apparel,0,1,0.27563530782159607,18,0,0,48.4,88.1,0
order_8ac73de6b1,pay_cb81fc7f7f,2026-08-03 19:19:49.788603,318.3,card,home,0,7,0.1966185041167764,19,0,0,3.4,10.2,0
order_20182f4605,pay_0a91b1a593,2026-08-16 10:12:33.788603,61.0,cod,digital,0,10,0.0007126418278859195,10,1,0,18.9,28.1,0
order_5c394ae2c3,pay_5aa5a6a086,2026-08-02 13:43:56.788603,353.79,upi,apparel,1,0,0.0,13,1,0,13.2,55.7,0
order_202bdef841,pay_ec70df2209,2026-08-20 01:52:36.788603,1986.48,upi,electronics,1,0,0.0,1,0,1,1.4,44.9,0
order_5202275699,pay_3c930cebac,2026-08-17 19:24:17.788603,1058.71,card,home,0,7,0.062338210618630034,19,0,0,0.7,7.5,0
order_06afbd3470,pay_d57a9a75f1,2026-08-14 16:39:45.788603,380.04,upi,apparel,0,10,0.30203234217403935,16,0,0,33.7,26.2,0
order_ce83784bcf,pay_f6f15b4a8a,2026-08-25 10:43:50.788603,798.33,upi,digital,0,5,0.027079911857829483,10,0,0,10.4,64.4,0
order_a67981526e,pay_864f0fb6c7,2026-08-17 12:42:06.788603,2035.36,cod,grocery,0,11,0.08934816307214496,12,0,0,5.6,30.8,0
order_f7dc0ee67d,pay_9b88f24cd6,2026-08-09 12:24:03.788603,80.9,upi,apparel,1,0,0.0,12,1,0,27.8,65.8,0
order_ce89e0ce1e,pay_cbacad6683,2026-08-11 03:37:09.788603,608.76,netbanking,apparel,0,4,0.04641705402362071,3,0,1,3.7,91.6,0
order_b8c7ac1d94,pay_26816b1e6f,2026-08-13 16:16:54.788603,4261.24,upi,home,1,0,0.0,16,0,0,30.6,30.0,0
order_9ed2992605,pay_b763bb608e,2026-08-17 14:47:47.788603,848.29,upi,apparel,0,4,0.060721192039569424,14,0,0,19.3,40.5,0
order_7434ba1637,pay_f47507fa54,2026-08-21 14:27:39.788603,867.33,upi,grocery,0,6,0.37301959700481135,14,0,0,4.4,97.6,0
order_e3bf413408,pay_8acb8dee65,2026-08-08 08:50:55.788603,196.27,card,apparel,0,8,0.14637727486557373,8,1,0,10.1,14.1,0
order_3dc90a8391,pay_a39789edf5,2026-08-04 22:34:12.788603,566.27,cod,grocery,0,1,0.21787505916222608,22,0,0,1.5,52.8,0
order_00958f8f5c,pay_3b255b9652,2026-07-31 15:50:16.788603,1487.38,wallet,digital,0,6,0.35124061683140223,15,0,0,27.6,76.0,0
order_c5eb1b4d5e,pay_437398c65e,2026-07-28 11:50:13.788603,2253.97,card,electronics,1,0,0.0,11,0,0,5.3,29.0,0
order_d2ad15d706,pay_a607b7f761,2026-08-07 18:34:15.788603,608.4,cod,grocery,0,4,0.023518308122208082,18,0,0,9.8,19.3,0
order_798ea1eed3,pay_bc21758e18,2026-08-06 12:43:34.788603,431.42,cod,home,0,5,0.042807836367825924,12,0,0,21.1,45.7,1
order_86e95a42b5,pay_1ae487d81f,2026-08-15 14:14:42.788603,1200.32,cod,digital,1,0,0.0,14,1,0,3.8,55.2,0
order_da558befcf,pay_8cc446822c,2026-08-22 10:15:47.788603,74.59,upi,apparel,0,2,0.24047949926212622,10,1,0,29.7,49.4,1
order_f217736f67,pay_9d4023a6dd,2026-08-06 23:01:02.788603,990.98,netbanking,apparel,0,0,0.04346817042580571,23,0,1,4.3,25.2,0
order_68d69c2449,pay_073dde32a9,2026-08-24 06:16:01.788603,519.51,upi,home,0,1,0.052625266058511005,6,0,0,34.0,38.8,0
order_1fc4b7064b,pay_e74ae54938,2026-08-14 07:09:39.788603,352.4,cod,home,0,2,0.18352221819448217,7,0,0,17.6,10.6,0
order_43979b736e,pay_7dd3929b49,2026-08-20 20:25:56.788603,3162.28,card,apparel,1,0,0.0,20,0,0,17.7,112.1,0
order_ce6d6ddb10,pay_d4fde3c755,2026-08-09 23:30:33.788603,1114.85,upi,apparel,1,0,0.0,23,1,1,58.6,55.3,0
order_9b53776867,pay_f295f67268,2026-08-04 01:46:01.788603,237.94,netbanking,grocery,0,5,0.1229452352534488,1,0,1,25.7,38.9,0
order_de8f4fa390,pay_69fe620188,2026-08-18 01:07:28.788603,185.84,netbanking,electronics,0,4,0.15241841680156787,1,0,1,10.4,163.7,0
order_280a95910d,pay_21a7e98109,2026-08-12 15:05:58.788603,1283.33,upi,apparel,1,0,0.0,15,0,0,1.6,89.3,0
order_4014e2cbcf,pay_367ea31aa3,2026-08-01 10:13:05.788603,2008.25,upi,grocery,0,5,0.06115901682613417,10,1,0,6.2,78.2,0
order_8d171ed55f,pay_9360e75615,2026-08-25 04:02:31.788603,257.2,upi,digital,1,0,0.0,4,0,1,8.5,113.1,1
order_47446382d0,pay_7893cf0ce2,2026-08-24 05:33:02.788603,388.88,upi,home,0,5,0.5429600097295045,5,0,0,3.2,108.5,0
order_d904278214,pay_ecf7139c34,2026-08-03 20:41:07.788603,1293.27,card,digital,0,11,0.23281686516662786,20,0,0,26.8,62.9,0
order_01bab5fdac,pay_3219eda9e8,2026-08-05 01:12:28.788603,2202.15,upi,electronics,1,0,0.0,1,0,1,7.5,67.3,0
order_f01901f2f3,pay_365e79d63c,2026-08-20 05:46:29.788603,8831.3,cod,digital,0,3,0.07642915244904494,5,0,0,20.1,26.8,0
order_299f3ebb07,pay_d9e66b7a9a,2026-08-03 02:01:58.788603,509.22,upi,home,0,8,0.23649491825456123,2,0,1,2.5,198.1,0
order_c84ba92dbd,pay_fbb99277af,2026-08-26 06:45:00.788603,207.41,upi,apparel,1,0,0.0,6,0,0,29.4,62.8,0
order_60879b35e2,pay_46e48e451b,2026-08-14 18:19:40.788603,1305.24,wallet,apparel,0,6,0.2220425289640103,18,0,0,17.5,43.3,1
order_a1a023ffc4,pay_4ca2c24d6b,2026-08-24 11:15:29.788603,211.84,cod,apparel,0,5,0.051396965609179654,11,0,0,10.1,156.2,0
order_5f008a2927,pay_51ab21d69a,2026-08-11 11:16:43.788603,882.75,cod,apparel,1,0,0.0,11,0,0,3.0,41.5,1
order_c0e2c1f9d1,pay_2e197e653e,2026-07-28 17:19:18.788603,1241.34,cod,home,0,4,0.08484594787313937,17,0,0,15.0,14.7,0
order_cebf5835f9,pay_ee667e2633,2026-08-17 16:09:04.788603,869.55,upi,electronics,1,0,0.0,16,0,0,4.4,36.3,0
order_c8df748eb9,pay_e58c515123,2026-08-06 07:33:39.788603,331.97,upi,apparel,1,0,0.0,7,0,0,12.7,89.0,0
order_090694b3ed,pay_349f4f406c,2026-08-04 15:31:31.788603,853.52,upi,electronics,0,5,0.16650518888851862,15,0,0,44.8,41.9,0
order_c64ec500ee,pay_27fafa8122,2026-08-05 06:21:33.788603,342.57,cod,apparel,0,8,0.16560917253162258,6,0,0,38.9,149.3,1
order_bc1fbe5ade,pay_f902af51c7,2026-07-30 11:26:38.788603,282.99,upi,electronics,0,5,0.03449032645216786,11,0,0,34.9,54.2,0
order_e02cf9f9bf,pay_b7655886af,2026-08-22 20:20:05.788603,1272.3,netbanking,apparel,0,4,0.502965844423694,20,1,0,15.1,33.5,0
order_bcd5da4c12,pay_0d9d909b0c,2026-08-24 17:58:20.788603,1437.27,cod,grocery,0,4,0.02171065357897743,17,0,0,22.5,20.0,0
order_7c72ba8813,pay_e771d9de46,2026-08-06 21:56:21.788603,841.12,upi,electronics,0,5,0.6229423157222154,21,0,0,67.8,12.7,0
order_0d529150f6,pay_7839de1c37,2026-08-19 10:53:16.788603,3747.63,upi,grocery,1,0,0.0,10,0,0,2.5,118.7,0
order_d8f731cc42,pay_7b12548d67,2026-08-02 02:47:33.788603,544.38,upi,digital,0,9,0.44330588866878096,2,1,1,41.7,47.9,1
order_0d5d87d0bd,pay_34b6dbfe46,2026-08-19 05:02:02.788603,791.15,card,apparel,0,7,0.09128837065846061,5,0,0,10.1,37.5,0
order_8c785dd0cd,pay_f62034cf7e,2026-07-31 12:18:20.788603,155.8,card,electronics,0,4,0.22328798351365822,12,0,0,14.3,80.2,0
order_159e6c363c,pay_d295b7e4f8,2026-08-17 10:56:53.788603,458.3,netbanking,grocery,1,0,0.0,10,0,0,7.5,136.4,0
order_eaefb82645,pay_8203fa5ad9,2026-08-02 12:39:05.788603,289.03,upi,digital,1,0,0.0,12,1,0,10.8,58.3,1
order_4fcf4b631b,pay_ac77983c03,2026-08-05 04:00:55.788603,860.47,cod,grocery,0,2,0.15350474862492453,4,0,1,6.4,33.8,0
order_42bf9b73d7,pay_c5e8b5e91c,2026-08-25 13:47:32.788603,986.73,cod,apparel,0,6,0.009302847960103802,13,0,0,44.4,114.0,0
order_d5ef240425,pay_1d2732a92e,2026-08-04 08:48:57.788603,655.57,upi,apparel,0,7,0.40248831669987367,8,0,0,2.8,89.8,0
order_daa9730009,pay_9730495c35,2026-08-14 05:55:11.788603,1813.55,cod,digital,1,0,0.0,5,0,0,19.0,7.6,1
order_35d93a2dcb,pay_b4d62dfe6d,2026-08-26 21:15:46.788603,714.99,wallet,grocery,0,6,0.1117554154928209,21,0,0,15.7,31.3,0
order_336149ea14,pay_cdb923e4fd,2026-08-13 20:18:24.788603,1262.46,upi,apparel,0,2,0.14660391926656682,20,0,0,47.6,36.8,0
order_7531677252,pay_3ac9fbd79d,2026-08-15 16:16:45.788603,638.55,wallet,apparel,1,0,0.0,16,1,0,6.8,63.2,0
order_cb72fad318,pay_ba664636ec,2026-08-06 08:32:46.788603,2161.22,upi,grocery,1,0,0.0,8,0,0,2.7,114.7,0
order_52cc654bf5,pay_dc252f360c,2026-07-29 07:30:27.788603,449.67,upi,digital,0,7,0.10002942603853571,7,0,0,16.2,85.3,0
order_b232bd1159,pay_e88bcb27f7,2026-08-15 22:02:34.788603,355.44,cod,apparel,1,0,0.0,22,1,0,17.3,101.4,0
order_30e93c2411,pay_875d30b6a3,2026-08-06 08:56:44.788603,3463.97,netbanking,grocery,0,4,0.1859826669509873,8,0,0,6.0,182.4,0
order_668bd1ceaa,pay_06885f1d40,2026-08-12 19:26:15.788603,2007.2,upi,apparel,0,5,0.19545386570543663,19,0,0,16.3,58.8,1
order_91412984b7,pay_7f15eb8765,2026-08-23 19:24:14.788603,1550.1,card,electronics,0,6,0.08460975972574392,19,1,0,31.0,41.6,0
order_f164496520,pay_08c1b536a0,2026-08-20 12:05:01.788603,158.61,upi,grocery,0,9,0.011547887428549243,12,0,0,9.3,66.9,0
order_71d6d0e8c2,pay_aac710a1b7,2026-08-24 11:04:11.788603,2567.69,cod,apparel,1,0,0.0,11,0,0,9.6,11.8,1
order_3e3ae99321,pay_2a1169cd0b,2026-08-05 12:03:49.788603,2078.94,card,apparel,0,5,0.1753010934947392,12,0,0,9.7,121.4,0
order_3f819304be,pay_1d7beffef3,2026-08-03 11:42:19.788603,1430.03,card,grocery,0,5,0.1242633633791088,11,0,0,92.8,28.7,0
order_4abf5883ae,pay_3b7c70c653,2026-08-05 15:01:30.788603,714.28,upi,home,0,8,0.01046691244073968,15,0,0,6.7,117.6,0
order_38df602602,pay_6927fd11c5,2026-07-28 17:01:02.788603,235.56,upi,grocery,0,0,0.3154072920931281,17,0,0,22.4,26.5,0
order_2d7ced1640,pay_a476f5282c,2026-07-28 14:25:43.788603,1492.0,upi,apparel,0,6,0.2796287207966675,14,0,0,12.1,475.8,0
order_97926d8b94,pay_9ba78fc3ce,2026-08-19 22:03:03.788603,3092.35,cod,digital,0,3,0.19795374485029976,22,0,0,2.9,23.3,0
order_5f96dc0272,pay_bcf257dc9b,2026-08-18 01:10:52.788603,644.74,upi,grocery,0,9,0.03261085624801635,1,0,1,22.9,35.8,0
order_2aaa74f32b,pay_ef9ece457d,2026-08-08 14:50:57.788603,1112.38,cod,electronics,0,3,0.26179568902813,14,1,0,9.4,92.5,1
order_dde5e76f3a,pay_8b1414ccef,2026-08-08 00:37:22.788603,2005.09,card,home,0,2,0.03208229261572246,0,1,1,36.9,191.1,0
order_317b5f09f4,pay_9993424234,2026-07-31 13:53:01.788603,2345.16,cod,home,0,3,0.27009782527855924,13,0,0,4.9,57.6,0
order_dc97e5440a,pay_87f9cda80b,2026-08-10 01:37:35.788603,1299.16,cod,grocery,1,0,0.0,1,0,1,5.2,92.3,0
order_856a22e496,pay_84826802aa,2026-07-30 17:16:25.788603,1828.23,card,apparel,0,7,0.290160518905977,17,0,0,4.9,147.1,0
order_b6506b0225,pay_23436c1c9e,2026-08-08 19:43:19.788603,1136.66,wallet,apparel,1,0,0.0,19,1,0,1.6,14.3,0
order_78abe0d7f0,pay_cd041012f3,2026-08-15 01:17:59.788603,2447.8,upi,electronics,0,12,0.1977265060204981,1,1,1,8.6,13.7,0
order_c699569104,pay_0bd5a3e971,2026-08-03 21:38:38.788603,385.25,card,electronics,1,0,0.0,21,0,0,11.8,96.2,0
order_47b7a27c89,pay_609d6471b1,2026-08-20 11:51:55.788603,138.38,upi,apparel,0,5,0.46802018931822037,11,0,0,13.1,19.1,0
order_af6f1e2bed,pay_ab05661ed1,2026-08-14 14:33:27.788603,1256.79,upi,electronics,0,5,0.07715200679980051,14,0,0,25.5,53.9,0
order_7a8628828e,pay_958127a1b4,2026-08-02 11:41:25.788603,2958.87,upi,grocery,0,3,0.2550995908591087,11,1,0,3.5,50.8,0
order_3de627d14f,pay_9b0056535b,2026-08-01 03:59:35.788603,878.72,cod,home,1,0,0.0,3,1,1,16.7,109.3,1
order_00302cc852,pay_1edc0045c0,2026-08-22 15:19:27.788603,250.77,card,apparel,1,0,0.0,15,1,0,9.8,14.2,0
order_7c515e05ad,pay_d8ba116bb3,2026-08-04 22:14:05.788603,1103.9,cod,digital,0,2,0.007949922815872406,22,0,0,22.8,47.0,0
order_e4d1c8ded9,pay_aa0b169d0a,2026-08-23 03:08:35.788603,1367.43,upi,apparel,0,3,0.4861122793176335,3,1,1,10.4,121.9,1
order_2cc800f390,pay_df66c7071a,2026-08-27 04:25:09.788603,2356.62,netbanking,electronics,0,8,0.206450869451554,4,0,1,8.6,112.7,0
order_68de0d62c3,pay_b6bcbd964d,2026-08-16 15:38:27.788603,493.61,cod,apparel,1,0,0.0,15,1,0,29.2,53.6,1
order_3611e5a71a,pay_351980d501,2026-08-11 16:19:47.788603,625.39,upi,grocery,0,5,0.09413759071402701,16,0,0,18.8,13.5,0
order_2910c3a4cc,pay_b20408a10e,2026-08-02 14:20:28.788603,2267.48,cod,apparel,1,0,0.0,14,1,0,5.1,61.3,1
order_29207796cc,pay_7331eeb250,2026-07-30 04:35:38.788603,609.43,upi,grocery,0,3,0.2022322513472006,4,0,1,4.2,59.5,1
order_8ff52dc39b,pay_19edd9ebfe,2026-08-19 22:23:59.788603,174.42,upi,digital,0,4,0.19454745140724755,22,0,0,4.7,46.4,0
order_8b4a76c9ff,pay_49d018d9e3,2026-08-06 07:49:54.788603,244.28,cod,grocery,1,0,0.0,7,0,0,15.1,143.8,0
order_2c6e1f6721,pay_19c98e6961,2026-08-14 12:14:42.788603,677.55,upi,home,0,8,0.07829433086197103,12,0,0,12.9,29.5,0
order_4391d290c4,pay_b06d59b10c,2026-08-09 09:33:14.788603,1757.43,cod,electronics,0,2,0.2311621889383757,9,1,0,12.7,52.7,0
order_86673248a1,pay_7e410f448f,2026-07-30 21:57:41.788603,577.03,card,digital,1,0,0.0,21,0,0,0.8,150.4,0
order_a79b1eda87,pay_9b2936414b,2026-08-08 08:30:51.788603,760.97,upi,apparel,0,5,0.4191063023769394,8,1,0,0.3,114.7,1
order_0562c4b5bf,pay_27c1e43819,2026-08-03 10:00:23.788603,563.41,card,apparel,0,4,0.04242737221719274,10,0,0,59.3,23.7,1
order_386cd289c1,pay_f187684f13,2026-08-25 06:16:39.788603,287.53,upi,electronics,0,1,0.03833405906855877,6,0,0,0.0,51.3,0
order_81aee2a0f2,pay_e9fbb9352e,2026-08-16 18:24:56.788603,448.39,upi,apparel,1,0,0.0,18,1,0,9.5,39.5,1
order_2a75f40b62,pay_6b1ca9a606,2026-08-08 04:58:54.788603,135.84,netbanking,home,0,4,0.009773311085920234,4,1,1,32.8,150.2,0
order_734e42891b,pay_fc882c07f1,2026-08-17 09:27:34.788603,855.9,upi,digital,0,4,0.5601138753905474,9,0,0,23.8,22.9,0
order_2558726586,pay_5c024531d6,2026-08-24 19:36:42.788603,814.24,upi,apparel,1,0,0.0,19,0,0,3.1,92.5,0
order_e1bf836592,pay_dadc85ff89,2026-08-01 04:27:51.788603,512.6,wallet,grocery,0,3,0.34912534566032133,4,1,1,11.2,83.4,0
order_29f6dd0064,pay_f036affe80,2026-08-03 19:13:25.788603,479.17,card,apparel,0,2,0.42807307260482524,19,0,0,0.5,58.0,1
order_4bdcbfe621,pay_5266c13537,2026-07-29 13:47:02.788603,172.91,cod,home,0,6,0.0648460392100163,13,0,0,23.7,14.9,0
order_a37dd592be,pay_b43e0ecb74,2026-08-23 12:39:54.788603,449.08,cod,electronics,0,11,0.008869151350395035,12,1,0,26.7,18.2,1
order_9313b54d53,pay_c0c732b157,2026-08-02 17:58:18.788603,347.63,cod,electronics,0,5,0.2605426865041465,17,1,0,6.7,49.8,0
order_07d8fa65fd,pay_3b1be434c0,2026-08-16 09:51:11.788603,417.7,netbanking,apparel,1,0,0.0,9,1,0,20.4,68.0,0
order_64c97d52e9,pay_85f6ba13eb,2026-07-28 16:05:21.788603,150.67,card,electronics,1,0,0.0,16,0,0,16.5,68.4,0
order_96a76b8e77,pay_7598ffff84,2026-08-22 11:21:25.788603,539.94,card,home,0,3,0.1979560126399385,11,1,0,11.7,36.1,0
order_034c877b8b,pay_8fda0b2340,2026-07-31 00:13:57.788603,375.98,upi,grocery,0,4,0.033184096568617656,0,0,1,32.9,4.9,0
order_489ae207cc,pay_bbef6d06a7,2026-08-20 12:20:07.788603,2389.14,netbanking,electronics,0,7,0.5160802168608241,12,0,0,3.4,108.8,0
order_0d878d4300,pay_d9ea7df3d0,2026-08-17 20:53:21.788603,324.61,cod,digital,0,8,0.01939270481722586,20,0,0,1.6,55.9,0
order_9b169d775a,pay_924cece4b6,2026-08-15 10:26:27.788603,4062.53,netbanking,electronics,0,4,0.11555153035583081,10,1,0,35.3,70.0,0
order_0c4ce6a7f4,pay_f367f0d5d2,2026-08-11 14:57:33.788603,871.08,upi,digital,0,5,0.04451366059776994,14,0,0,16.7,45.6,0
order_291b4b9e52,pay_9ab3a3351d,2026-07-30 22:06:56.788603,214.32,card,electronics,1,0,0.0,22,0,0,28.8,34.3,0
order_b4adfcdd54,pay_3a0e2f8a70,2026-08-19 12:26:33.788603,2184.92,upi,electronics,1,0,0.0,12,0,0,39.5,8.3,0
order_2ddf04cb0e,pay_9b5a925ca2,2026-07-29 14:46:13.788603,450.02,upi,grocery,1,0,0.0,14,0,0,17.1,54.5,0
order_9e3c6f4942,pay_bb9f884332,2026-07-30 02:18:36.788603,1033.58,netbanking,electronics,0,5,0.12273538164267775,2,0,1,13.8,41.0,0
order_c792ff1f20,pay_df647736ba,2026-08-08 02:54:21.788603,1886.6,cod,electronics,1,0,0.0,2,1,1,19.3,15.2,0
order_0724fde93f,pay_cdb026c7fa,2026-07-30 09:57:49.788603,742.72,card,apparel,0,5,0.04261858669817749,9,0,0,14.1,26.4,0
order_9871623e3f,pay_0b87d2766b,2026-08-06 17:59:50.788603,478.0,upi,digital,0,4,0.186809887512033,17,0,0,23.1,33.7,0
order_ae1c0781b8,pay_d360633527,2026-08-09 22:41:54.788603,660.15,card,apparel,1,0,0.0,22,1,0,11.4,79.2,0
order_050c8ea550,pay_796a550942,2026-08-24 22:59:38.788603,2597.75,netbanking,digital,0,2,0.29445316689646134,22,0,0,7.2,75.5,0
order_5ccb4ef0c9,pay_cf704fbe7c,2026-08-18 02:44:22.788603,184.46,cod,electronics,1,0,0.0,2,0,1,19.6,50.6,1
order_06fe8d7ee6,pay_c31214c5bd,2026-08-23 09:58:46.788603,123.96,upi,electronics,0,6,0.008886104805560149,9,1,0,5.8,144.0,1
order_99e69af2dc,pay_4459d6c0f4,2026-07-29 07:55:03.788603,1583.33,upi,digital,1,0,0.0,7,0,0,1.9,95.8,0
order_8b2720f69f,pay_169ecd5f8b,2026-08-16 06:53:00.788603,482.38,netbanking,apparel,0,5,0.039947528088423466,6,1,0,70.4,79.1,0
order_9afb7b75d7,pay_b61074dbb9,2026-08-07 10:26:50.788603,2687.43,upi,grocery,0,6,0.056300899001565485,10,0,0,7.7,36.5,0
order_33527d47b5,pay_09f73a113e,2026-08-11 14:17:28.788603,857.66,upi,digital,1,0,0.0,14,0,0,49.3,66.6,0
order_a64f93faae,pay_a607182020,2026-08-13 17:29:12.788603,920.89,upi,apparel,0,2,0.20316596027974929,17,0,0,60.2,50.6,0
order_adf4084991,pay_18b6f39459,2026-08-06 02:59:10.788603,789.55,upi,electronics,0,3,0.05807563333618794,2,0,1,6.5,273.5,0
order_776c5d341c,pay_f98d0384de,2026-08-12 12:12:15.788603,81.04,cod,apparel,1,0,0.0,12,0,0,4.3,64.9,0
order_431846620b,pay_fe56e7946a,2026-07-28 12:35:45.788603,58.89,upi,home,0,4,0.5830769365545638,12,0,0,16.2,70.4,1
order_57b228d09d,pay_be5b3a07e3,2026-08-11 16:39:21.788603,1131.71,upi,home,0,5,0.16159775781401692,16,0,0,14.9,55.4,0
order_6423befe98,pay_0941159414,2026-08-27 07:33:54.788603,459.01,card,grocery,1,0,0.0,7,0,0,47.3,52.2,1
order_4c7b4e3932,pay_19bf73978c,2026-08-25 01:49:04.788603,787.14,upi,grocery,1,0,0.0,1,0,1,6.6,128.6,0
order_d6d9efff5d,pay_2ff1adcbd4,2026-08-10 04:31:35.788603,226.68,netbanking,digital,0,4,0.01975842220705241,4,0,1,35.6,91.5,0
order_0d41e00f5e,pay_e6614b1ffd,2026-08-08 10:22:48.788603,1277.03,card,apparel,0,4,0.13322196120346158,10,1,0,0.1,222.2,0
order_e590de895a,pay_e4000c00a9,2026-08-23 09:50:21.788603,403.19,upi,home,1,0,0.0,9,1,0,3.8,158.6,0
order_f41121f286,pay_6cf936d986,2026-08-25 16:31:12.788603,119.91,cod,electronics,0,8,0.004147652028682101,16,0,0,5.6,25.3,0
order_464c80cbd9,pay_85cfb8d886,2026-08-21 13:58:03.788603,421.22,netbanking,apparel,1,0,0.0,13,0,0,0.6,149.6,0
order_fbfbe54eff,pay_14b90dfc23,2026-08-15 12:21:56.788603,1851.73,upi,digital,0,4,0.1818291121346581,12,1,0,4.7,14.6,0
order_b30d5f462b,pay_8608bfd011,2026-08-23 17:29:55.788603,1638.33,upi,apparel,0,5,0.12950076983862535,17,1,0,12.7,36.7,0
order_9da7df3f7f,pay_5102c48f4c,2026-08-23 11:22:54.788603,200.99,upi,apparel,1,0,0.0,11,1,0,3.1,66.4,0
order_2bbd8955cf,pay_96fd6eebad,2026-08-14 01:11:40.788603,2616.74,card,electronics,0,9,0.18263110192718074,1,0,1,33.1,42.5,0
order_014ac10629,pay_b11b2351d5,2026-08-24 01:30:00.788603,1970.22,netbanking,home,1,0,0.0,1,0,1,30.1,472.9,0
order_4f95dd6394,pay_4969f9c254,2026-08-14 00:17:03.788603,207.51,card,digital,0,3,0.2728190516279455,0,0,1,7.9,29.0,1
order_de1d4940f7,pay_0d39b3a49c,2026-08-23 05:10:39.788603,152.72,cod,home,1,0,0.0,5,1,0,0.2,332.1,0
order_92f8cfdf53,pay_abdf655ad7,2026-08-19 04:16:34.788603,1315.72,upi,apparel,0,3,0.27297864765144303,4,0,1,9.9,63.5,0
order_953d33df40,pay_b0d41b2836,2026-08-03 12:42:51.788603,1223.82,cod,grocery,0,5,0.26906438750866357,12,0,0,6.7,118.1,1
order_0e86df3b1d,pay_dc05244302,2026-08-17 02:18:33.788603,2544.65,upi,electronics,1,0,0.0,2,0,1,13.7,135.9,1
order_bdb5832895,pay_299c6f9e46,2026-08-11 11:13:24.788603,7858.94,cod,grocery,0,4,0.031297442765470196,11,0,0,4.9,48.5,1
order_b0199e7a1d,pay_236e674d95,2026-08-13 16:07:28.788603,1074.95,card,grocery,1,0,0.0,16,0,0,5.3,117.8,0
order_430ffaa591,pay_97a3a5cacf,2026-07-31 19:49:26.788603,881.82,cod,electronics,0,7,0.01877339156808039,19,0,0,26.7,35.6,0
order_6cadae6ea9,pay_c2963ea833,2026-08-09 00:41:32.788603,462.78,upi,apparel,0,6,0.21051602605364697,0,1,1,18.0,75.4,1
order_6003204eb6,pay_28ac0af293,2026-08-24 08:07:11.788603,620.29,netbanking,digital,1,0,0.0,8,0,0,7.1,109.3,0
order_b8a1c37e77,pay_fd1f4f823a,2026-08-12 17:08:28.788603,413.81,card,grocery,0,4,0.009217139572085415,17,0,0,8.8,136.2,0
order_b0835389dd,pay_4a626c0d57,2026-08-05 13:55:19.788603,443.59,card,home,1,0,0.0,13,0,0,10.2,133.3,0
order_124b9ac382,pay_d9300c2e04,2026-08-17 01:15:46.788603,244.89,cod,electronics,1,0,0.0,1,0,1,25.4,93.6,1
order_eb0c522f5a,pay_f4e731972f,2026-08-25 00:30:24.788603,651.86,netbanking,apparel,0,3,0.5819086533444141,0,0,1,12.0,86.7,0
order_861db66d6d,pay_f90cb44e7c,2026-08-13 05:58:43.788603,612.25,cod,apparel,0,3,0.0032895091005427936,5,0,0,39.6,156.7,0
order_0ff0aaabe6,pay_88ed70a54f,2026-08-02 12:22:30.788603,2089.5,upi,electronics,0,5,0.12749716467151068,12,1,0,6.7,37.5,0
order_aaa6721464,pay_d6fd83121f,2026-08-15 21:36:14.788603,470.15,cod,home,0,5,0.2498566590154233,21,1,0,12.1,268.7,1
order_235ffed4cf,pay_31aca45119,2026-07-30 18:27:41.788603,3377.32,card,digital,0,4,0.025328704938650852,18,0,0,17.3,138.2,0
order_05a4b0886d,pay_52f3782104,2026-08-01 00:16:41.788603,158.71,upi,home,0,5,0.41813729812361544,0,1,1,62.9,41.9,0
order_f61e63c977,pay_6a901485ea,2026-08-13 20:17:53.788603,146.14,upi,home,0,2,0.3187065650722862,20,0,0,6.7,202.4,0
order_9d5b238358,pay_2a3b81c702,2026-07-29 20:23:15.788603,8162.71,card,apparel,1,0,0.0,20,0,0,10.1,70.5,0
order_fdcd9c0aa1,pay_82d8ac6d2a,2026-08-20 02:02:51.788603,197.04,card,digital,0,5,0.34786369839241715,2,0,1,2.5,37.2,0
order_58932a41b9,pay_a312193b67,2026-08-13 19:45:43.788603,314.62,cod,apparel,0,4,0.10174336402517108,19,0,0,1.2,91.4,0
order_914c23b44e,pay_500fbd0afa,2026-08-21 16:06:38.788603,1044.01,netbanking,apparel,1,0,0.0,16,0,0,16.8,51.7,0
order_fdbc66845f,pay_ca7ac28fd4,2026-08-10 12:39:12.788603,337.29,wallet,apparel,0,6,0.07697814626922873,12,0,0,44.1,41.0,0
order_8477afeecc,pay_408b94f85c,2026-08-20 15:27:13.788603,7055.84,cod,apparel,0,2,0.13780848460873293,15,0,0,13.2,129.0,0
order_1700100182,pay_ab6d39251c,2026-07-29 22:38:38.788603,471.59,upi,grocery,0,3,0.06103714474364764,22,0,0,45.7,70.6,0
order_375b99b96b,pay_024f1666e3,2026-08-15 23:14:49.788603,701.97,cod,grocery,0,4,0.21293243497992423,23,1,1,5.6,18.4,0
order_c165a47c59,pay_35b76882e8,2026-07-30 17:14:41.788603,339.03,netbanking,apparel,0,7,0.03832439692373321,17,0,0,19.2,32.4,0
order_187d3c0b94,pay_1bf0d754a3,2026-08-24 17:51:46.788603,247.87,cod,home,0,5,0.547108621705833,17,0,0,2.8,82.3,1
order_39eb6d82e8,pay_9e059754f8,2026-07-28 12:34:57.788603,1362.62,netbanking,electronics,0,5,0.19898684414133125,12,0,0,9.9,51.8,0
order_a450386230,pay_963f3e7dff,2026-08-04 15:04:52.788603,761.78,upi,electronics,0,9,0.23109849698329085,15,0,0,27.1,26.3,0
order_a126870a3c,pay_44c1b0d9e6,2026-08-18 04:47:27.788603,523.56,upi,electronics,0,7,0.4762326321038562,4,0,1,6.1,55.0,0
order_30f39a11f6,pay_4425004a0b,2026-08-21 13:46:09.788603,1220.81,upi,apparel,0,4,0.164681677392395,13,0,0,5.1,41.0,0
order_f251fd1c05,pay_6fedac77ca,2026-08-23 15:55:16.788603,1587.43,upi,electronics,0,6,0.08715724813259779,15,1,0,0.0,73.7,0
order_29366e5383,pay_75cd7f2163,2026-08-09 09:14:14.788603,851.23,cod,electronics,0,7,0.013548659277930622,9,1,0,4.9,57.3,0
order_c9fd174a2a,pay_e4a3f8fa0d,2026-08-11 10:38:27.788603,2431.06,netbanking,electronics,0,8,0.19004953101197375,10,0,0,10.8,53.0,0
order_6905602729,pay_d1a1556354,2026-08-18 11:07:48.788603,265.2,card,electronics,1,0,0.0,11,0,0,2.9,46.6,0
order_0f235f5252,pay_748a8d64ce,2026-08-02 07:01:27.788603,769.05,netbanking,home,0,4,0.021360364812536985,7,1,0,12.8,87.2,0
order_03dc40e230,pay_3bfd3b73eb,2026-08-06 15:04:38.788603,353.44,netbanking,home,0,4,0.03457198430961624,15,0,0,41.1,51.3,0
order_a43a4c1881,pay_147c4033a3,2026-08-07 17:47:14.788603,672.98,upi,electronics,0,4,0.1680915935152428,17,0,0,48.6,24.2,0
order_2512ce8675,pay_32235e1cb1,2026-08-23 13:26:20.788603,272.89,upi,apparel,0,8,0.16488770864347935,13,1,0,0.8,64.4,0
order_4440b5c654,pay_7842c321a5,2026-08-17 15:00:24.788603,141.7,upi,home,0,3,0.020002044407571296,15,0,0,16.1,46.5,0
order_5fd34456c9,pay_ce66d9604a,2026-08-02 05:27:04.788603,133.72,card,grocery,1,0,0.0,5,1,0,27.9,46.1,0
order_b5dbe98b66,pay_0d000167d0,2026-08-18 21:26:12.788603,141.72,wallet,electronics,0,5,0.019560503868515173,21,0,0,10.5,21.1,0
order_e1f3f1c94b,pay_f853992b62,2026-08-24 15:28:05.788603,1754.95,cod,apparel,0,4,0.11325935753510852,15,0,0,6.1,26.0,0
order_8b0ba1ee62,pay_7d682f5998,2026-08-20 14:05:20.788603,767.66,upi,electronics,0,1,0.05109830365841307,14,0,0,3.6,75.7,0
order_80f8b5132a,pay_6ecd7641d0,2026-08-14 09:10:18.788603,418.82,cod,apparel,1,0,0.0,9,0,0,11.5,17.6,0
order_e4452f468f,pay_af9d0f5cb1,2026-08-06 17:34:48.788603,1823.98,upi,grocery,1,0,0.0,17,0,0,6.1,44.6,0
order_c2a5d56d0b,pay_c7a99b8f87,2026-08-05 23:52:14.788603,2044.89,cod,apparel,0,10,0.1350206315586629,23,0,1,12.2,63.8,1
order_0e82a86da3,pay_a2ffa07fa3,2026-08-10 22:58:14.788603,229.89,wallet,digital,0,8,0.022440284847458136,22,0,0,2.8,45.7,0
order_19db79bc14,pay_6ca5fe917e,2026-08-14 08:25:38.788603,439.08,netbanking,grocery,0,6,0.27454245704914887,8,0,0,2.1,30.7,0
order_186ac80b8f,pay_3b40eb57c9,2026-08-17 16:31:30.788603,3124.56,upi,apparel,0,4,0.08397911012720682,16,0,0,11.9,20.2,0
order_87ce1862c7,pay_b942ea9376,2026-08-15 15:03:11.788603,93.85,upi,grocery,0,5,0.019603848656292288,15,1,0,11.0,22.7,0
order_b2bc295a68,pay_c559bb8e81,2026-08-09 02:08:35.788603,2803.22,netbanking,home,0,7,0.11099387375015614,2,1,1,16.3,128.1,0
order_b014cc2b2d,pay_cbad855833,2026-08-10 18:15:08.788603,1422.78,cod,digital,0,3,0.3394196333504813,18,0,0,53.6,103.9,0
order_45bf73d152,pay_d734400400,2026-08-15 19:50:07.788603,4119.52,upi,grocery,0,6,0.023871777040257603,19,1,0,52.5,165.1,0
order_4ab9b3080f,pay_6d0ba10216,2026-08-04 18:10:51.788603,526.35,upi,home,0,7,0.09542594006430476,18,0,0,8.3,22.2,1
order_cf1ad89687,pay_2f56cb8ba2,2026-08-10 05:11:15.788603,624.76,card,electronics,0,5,0.2126190886143454,5,0,0,10.4,42.0,0
order_770b8aa91a,pay_b5fe23f7e4,2026-08-02 18:14:07.788603,420.83,upi,home,0,6,0.08266511570717892,18,1,0,1.3,10.5,0
order_c00110bdd2,pay_7b3e3a54d0,2026-08-23 16:46:44.788603,503.17,upi,home,0,6,0.19327864156795002,16,1,0,7.5,53.2,0
order_d86d24c8c3,pay_e50b2088d4,2026-08-25 02:51:36.788603,4552.23,netbanking,home,0,11,0.27644299399880057,2,0,1,0.1,15.3,1
order_93b46ef8cd,pay_8a63623eb4,2026-08-13 21:51:06.788603,123.46,cod,apparel,0,4,0.4785746190490161,21,0,0,55.5,126.1,1
order_cb5e7b8d89,pay_ce413d07cd,2026-08-13 22:38:56.788603,1709.93,netbanking,home,0,4,0.01634081746284726,22,0,0,0.8,16.9,1
order_4e70b04c44,pay_c27a3aa454,2026-08-20 07:54:25.788603,291.29,card,apparel,0,4,0.0633399601892885,7,0,0,7.1,729.1,1
order_830f1dc742,pay_cc2ae75127,2026-08-10 06:14:15.788603,400.05,card,apparel,0,5,0.36789080488914,6,0,0,16.1,100.4,0
order_27f005d305,pay_255a89dd1b,2026-08-25 01:02:04.788603,3491.79,card,electronics,1,0,0.0,1,0,1,29.9,81.4,0
order_34983fa933,pay_ffa871995d,2026-08-24 00:17:31.788603,4176.54,netbanking,grocery,0,5,0.19820676027276554,0,0,1,29.6,52.2,0
order_55a7c1cf1b,pay_a1ce862bfa,2026-08-10 19:24:29.788603,116.93,upi,apparel,0,5,0.34122046182410865,19,0,0,6.8,50.5,0
order_f2415924a6,pay_7bcd69b9d5,2026-07-29 23:13:36.788603,241.67,cod,electronics,0,3,0.0014671763339710949,23,0,1,2.7,57.1,0
order_f4a9fa853e,pay_2401383af0,2026-08-03 13:51:22.788603,5624.93,cod,apparel,1,0,0.0,13,0,0,45.7,80.9,0
order_60970fc1ad,pay_d5af220724,2026-08-18 16:45:29.788603,729.97,cod,electronics,0,3,0.42511182857845975,16,0,0,5.1,27.1,0
order_06138ba6c1,pay_a5115cf3d8,2026-08-19 05:30:59.788603,663.99,upi,grocery,0,7,0.06304230988834231,5,0,0,8.0,60.1,0
order_560af4852c,pay_45081731fd,2026-08-01 00:31:49.788603,735.24,card,apparel,0,4,0.06639344755232289,0,1,1,10.9,63.8,0
order_73081fbbbc,pay_6a4fbf31bc,2026-08-05 22:39:02.788603,343.13,card,apparel,0,8,0.1979092856782167,22,0,0,10.6,48.6,0
