review_threshold,hold_threshold,approval_rate,review_rate,hold_rate,total_intervention_rate,risky_order_recall,intervention_precision,false_positive_count,false_negative_count,review_cost,hold_cost,missed_risk_cost,total_estimated_cost,feasibility_status,rejection_reason
0.01,0.02,0.0,0.00875,0.99125,1.0,1.0,0.16375,669,0,350.0,118950.0,0.0,119300.0,Infeasible,Violates MAX_INTERVENTION_RATE
0.01,0.03,0.0,0.035,0.965,1.0,1.0,0.16375,669,0,1400.0,115800.0,0.0,117200.0,Infeasible,Violates MAX_INTERVENTION_RATE
0.01,0.04,0.0,0.07375,0.92625,1.0,1.0,0.16375,669,0,2988.315,111150.0,0.0,114138.315,Infeasible,Violates MAX_INTERVENTION_RATE
0.01,0.05,0.0,0.11875,0.88125,1.0,1.0,0.16375,669,0,5128.785,105750.0,0.0,110878.785,Infeasible,Violates MAX_INTERVENTION_RATE
0.01,0.06,0.0,0.165,0.835,1.0,1.0,0.16375,669,0,7674.747,100200.0,0.0,107874.747,Infeasible,Violates MAX_INTERVENTION_RATE
0.01,0.07,0.0,0.2175,0.7825,1.0,1.0,0.16375,669,0,9913.712,93900.0,0.0,103813.712,Infeasible,Violates MAX_INTERVENTION_RATE
0.01,0.08,0.0,0.28,0.72,1.0,1.0,0.16375,669,0,13016.042000000001,86400.0,0.0,99416.042,Infeasible,Violates MAX_INTERVENTION_RATE
0.01,0.09,0.0,0.33375,0.66625,1.0,1.0,0.16375,669,0,15935.816,79950.0,0.0,95885.816,Infeasible,Violates MAX_INTERVENTION_RATE
0.01,0.1,0.0,0.40375,0.59625,1.0,1.0,0.16375,669,0,19912.21,71550.0,0.0,91462.20999999999,Infeasible,Violates MAX_INTERVENTION_RATE
0.01,0.11,0.0,0.4625,0.5375,1.0,1.0,0.16375,669,0,22507.583,64500.0,0.0,87007.583,Infeasible,Violates MAX_INTERVENTION_RATE
0.01,0.12,0.0,0.51875,0.48125,1.0,1.0,0.16375,669,0,25742.066,57750.0,0.0,83492.06599999999,Infeasible,Violates MAX_INTERVENTION_RATE
0.01,0.13,0.0,0.55875,0.44125,1.0,1.0,0.16375,669,0,27478.746,52950.0,0.0,80428.746,Infeasible,Violates MAX_INTERVENTION_RATE
0.01,0.14,0.0,0.5925,0.4075,1.0,1.0,0.16375,669,0,29090.225,48900.0,0.0,77990.225,Infeasible,Violates MAX_INTERVENTION_RATE
0.01,0.15,0.0,0.6325,0.3675,1.0,1.0,0.16375,669,0,31389.436,44100.0,0.0,75489.436,Infeasible,Violates MAX_INTERVENTION_RATE
0.01,0.16,0.0,0.6625,0.3375,1.0,1.0,0.16375,669,0,33143.909,40500.0,0.0,73643.909,Infeasible,Violates MAX_INTERVENTION_RATE
0.01,0.17,0.0,0.68375,0.31625,1.0,1.0,0.16375,669,0,34704.546,37950.0,0.0,72654.546,Infeasible,Violates MAX_INTERVENTION_RATE
0.01,0.18,0.0,0.70125,0.29875,1.0,1.0,0.16375,669,0,35670.008,35850.0,0.0,71520.008,Infeasible,Violates MAX_INTERVENTION_RATE
0.01,0.19,0.0,0.725,0.275,1.0,1.0,0.16375,669,0,36708.845,33000.0,0.0,69708.845,Infeasible,Violates MAX_INTERVENTION_RATE
0.01,0.2,0.0,0.75375,0.24625,1.0,1.0,0.16375,669,0,37960.261,29550.0,0.0,67510.261,Infeasible,Violates MAX_INTERVENTION_RATE
0.01,0.21,0.0,0.77375,0.22625,1.0,1.0,0.16375,669,0,39599.145000000004,27150.0,0.0,66749.145,Infeasible,Violates MAX_INTERVENTION_RATE
0.01,0.22,0.0,0.78625,0.21375,1.0,1.0,0.16375,669,0,40474.522,25650.0,0.0,66124.522,Infeasible,Violates MAX_INTERVENTION_RATE
0.01,0.23,0.0,0.7975,0.2025,1.0,1.0,0.16375,669,0,41084.965,24300.0,0.0,65384.965,Infeasible,Violates MAX_INTERVENTION_RATE
0.01,0.24,0.0,0.81125,0.18875,1.0,1.0,0.16375,669,0,41772.165,22650.0,0.0,64422.165,Infeasible,Violates MAX_INTERVENTION_RATE
0.01,0.25,0.0,0.82,0.18,1.0,1.0,0.16375,669,0,42359.225,21600.0,0.0,63959.225,Infeasible,Violates MAX_INTERVENTION_RATE
0.01,0.26,0.0,0.825,0.175,1.0,1.0,0.16375,669,0,42559.225,21000.0,0.0,63559.225,Infeasible,Violates MAX_INTERVENTION_RATE
0.01,0.27,0.0,0.83375,0.16625,1.0,1.0,0.16375,669,0,42985.322,19950.0,0.0,62935.322,Infeasible,Violates MAX_INTERVENTION_RATE
0.01,0.28,0.0,0.84,0.16,1.0,1.0,0.16375,669,0,43265.654,19200.0,0.0,62465.654,Infeasible,Violates MAX_INTERVENTION_RATE
0.01,0.29,0.0,0.85125,0.14875,1.0,1.0,0.16375,669,0,43774.582,17850.0,0.0,61624.582,Infeasible,Violates MAX_INTERVENTION_RATE
0.01,0.3,0.0,0.8625,0.1375,1.0,1.0,0.16375,669,0,44651.925,16500.0,0.0,61151.925,Infeasible,Violates MAX_INTERVENTION_RATE
0.01,0.31,0.0,0.87625,0.12375,1.0,1.0,0.16375,669,0,45679.797,14850.0,0.0,60529.797,Infeasible,Violates MAX_INTERVENTION_RATE
0.01,0.32,0.0,0.8925,0.1075,1.0,1.0,0.16375,669,0,46437.755,12900.0,0.0,59337.755,Infeasible,Violates MAX_INTERVENTION_RATE
0.01,0.33,0.0,0.89875,0.10125,1.0,1.0,0.16375,669,0,46712.402,12150.0,0.0,58862.402,Infeasible,Violates MAX_INTERVENTION_RATE
0.01,0.34,0.0,0.91,0.09,1.0,1.0,0.16375,669,0,47483.846000000005,10800.0,0.0,58283.846000000005,Infeasible,Violates MAX_INTERVENTION_RATE
0.01,0.35,0.0,0.91375,0.08625,1.0,1.0,0.16375,669,0,47683.73,10350.0,0.0,58033.73,Infeasible,Violates MAX_INTERVENTION_RATE
0.01,0.36,0.0,0.92125,0.07875,1.0,1.0,0.16375,669,0,48164.037,9450.0,0.0,57614.037,Infeasible,Violates MAX_INTERVENTION_RATE
0.01,0.37,0.0,0.92625,0.07375,1.0,1.0,0.16375,669,0,48881.232,8850.0,0.0,57731.232,Infeasible,Violates MAX_INTERVENTION_RATE
0.01,0.38,0.0,0.92875,0.07125,1.0,1.0,0.16375,669,0,48981.232,8550.0,0.0,57531.232,Infeasible,Violates MAX_INTERVENTION_RATE
0.01,0.39,0.0,0.935,0.065,1.0,1.0,0.16375,669,0,49231.232,7800.0,0.0,57031.232,Infeasible,Violates MAX_INTERVENTION_RATE
0.01,0.4,0.0,0.945,0.055,1.0,1.0,0.16375,669,0,49947.555,6600.0,0.0,56547.555,Infeasible,Violates MAX_INTERVENTION_RATE
0.01,0.41,0.0,0.95125,0.04875,1.0,1.0,0.16375,669,0,50373.995,5850.0,0.0,56223.995,Infeasible,Violates MAX_INTERVENTION_RATE
0.01,0.42,0.0,0.95625,0.04375,1.0,1.0,0.16375,669,0,50774.944,5250.0,0.0,56024.944,Infeasible,Violates MAX_INTERVENTION_RATE
0.01,0.43,0.0,0.96,0.04,1.0,1.0,0.16375,669,0,50924.944,4800.0,0.0,55724.944,Infeasible,Violates MAX_INTERVENTION_RATE
0.01,0.44,0.0,0.96,0.04,1.0,1.0,0.16375,669,0,50924.944,4800.0,0.0,55724.944,Infeasible,Violates MAX_INTERVENTION_RATE
0.01,0.45,0.0,0.965,0.035,1.0,1.0,0.16375,669,0,51124.944,4200.0,0.0,55324.944,Infeasible,Violates MAX_INTERVENTION_RATE
0.01,0.46,0.0,0.9675,0.0325,1.0,1.0,0.16375,669,0,51361.965,3900.0,0.0,55261.965,Infeasible,Violates MAX_INTERVENTION_RATE
0.01,0.47,0.0,0.9725,0.0275,1.0,1.0,0.16375,669,0,52102.37,3300.0,0.0,55402.37,Infeasible,Violates MAX_INTERVENTION_RATE
0.01,0.48,0.0,0.97375,0.02625,1.0,1.0,0.16375,669,0,52174.398,3150.0,0.0,55324.398,Infeasible,Violates MAX_INTERVENTION_RATE
0.01,0.49,0.0,0.9775,0.0225,1.0,1.0,0.16375,669,0,52642.833,2700.0,0.0,55342.833,Infeasible,Violates MAX_INTERVENTION_RATE
0.01,0.5,0.0,0.98,0.02,1.0,1.0,0.16375,669,0,52858.527,2400.0,0.0,55258.527,Infeasible,Violates MAX_INTERVENTION_RATE
0.01,0.51,0.0,0.9825,0.0175,1.0,1.0,0.16375,669,0,53182.796,2100.0,0.0,55282.796,Infeasible,Violates MAX_INTERVENTION_RATE
0.01,0.52,0.0,0.98625,0.01375,1.0,1.0,0.16375,669,0,53480.305,1650.0,0.0,55130.305,Infeasible,Violates MAX_INTERVENTION_RATE
0.01,0.53,0.0,0.98625,0.01375,1.0,1.0,0.16375,669,0,53480.305,1650.0,0.0,55130.305,Infeasible,Violates MAX_INTERVENTION_RATE
0.01,0.54,0.0,0.9875,0.0125,1.0,1.0,0.16375,669,0,53594.825,1500.0,0.0,55094.825,Infeasible,Violates MAX_INTERVENTION_RATE
0.01,0.55,0.0,0.99,0.01,1.0,1.0,0.16375,669,0,53888.432,1200.0,0.0,55088.432,Infeasible,Violates MAX_INTERVENTION_RATE
0.01,0.56,0.0,0.99125,0.00875,1.0,1.0,0.16375,669,0,53938.432,1050.0,0.0,54988.432,Infeasible,Violates MAX_INTERVENTION_RATE
0.01,0.57,0.0,0.9925,0.0075,1.0,1.0,0.16375,669,0,54016.383,900.0,0.0,54916.383,Infeasible,Violates MAX_INTERVENTION_RATE
0.01,0.58,0.0,0.99375,0.00625,1.0,1.0,0.16375,669,0,54066.383,750.0,0.0,54816.383,Infeasible,Violates MAX_INTERVENTION_RATE
0.01,0.59,0.0,0.99375,0.00625,1.0,1.0,0.16375,669,0,54066.383,750.0,0.0,54816.383,Infeasible,Violates MAX_INTERVENTION_RATE
0.01,0.6,0.0,0.995,0.005,1.0,1.0,0.16375,669,0,54198.373,600.0,0.0,54798.373,Infeasible,Violates MAX_INTERVENTION_RATE
0.01,0.61,0.0,0.995,0.005,1.0,1.0,0.16375,669,0,54198.373,600.0,0.0,54798.373,Infeasible,Violates MAX_INTERVENTION_RATE
0.01,0.62,0.0,0.995,0.005,1.0,1.0,0.16375,669,0,54198.373,600.0,0.0,54798.373,Infeasible,Violates MAX_INTERVENTION_RATE
0.01,0.63,0.0,0.9975,0.0025,1.0,1.0,0.16375,669,0,54435.828,300.0,0.0,54735.828,Infeasible,Violates MAX_INTERVENTION_RATE
0.01,0.64,0.0,0.99875,0.00125,1.0,1.0,0.16375,669,0,54558.445,150.0,0.0,54708.445,Infeasible,Violates MAX_INTERVENTION_RATE
0.01,0.65,0.0,0.99875,0.00125,1.0,1.0,0.16375,669,0,54558.445,150.0,0.0,54708.445,Infeasible,Violates MAX_INTERVENTION_RATE
0.01,0.66,0.0,0.99875,0.00125,1.0,1.0,0.16375,669,0,54558.445,150.0,0.0,54708.445,Infeasible,Violates MAX_INTERVENTION_RATE
0.01,0.67,0.0,0.99875,0.00125,1.0,1.0,0.16375,669,0,54558.445,150.0,0.0,54708.445,Infeasible,Violates MAX_INTERVENTION_RATE
0.01,0.68,0.0,0.99875,0.00125,1.0,1.0,0.16375,669,0,54558.445,150.0,0.0,54708.445,Infeasible,Violates MAX_INTERVENTION_RATE
0.01,0.69,0.0,1.0,0.0,1.0,1.0,0.16375,669,0,54608.445,0.0,0.0,54608.445,Infeasible,Violates MAX_INTERVENTION_RATE
0.01,0.7,0.0,1.0,0.0,1.0,1.0,0.16375,669,0,54608.445,0.0,0.0,54608.445,Infeasible,Violates MAX_INTERVENTION_RATE
0.01,0.71,0.0,1.0,0.0,1.0,1.0,0.16375,669,0,54608.445,0.0,0.0,54608.445,Infeasible,Violates MAX_INTERVENTION_RATE
0.01,0.72,0.0,1.0,0.0,1.0,1.0,0.16375,669,0,54608.445,0.0,0.0,54608.445,Infeasible,Violates MAX_INTERVENTION_RATE
0.01,0.73,0.0,1.0,0.0,1.0,1.0,0.16375,669,0,54608.445,0.0,0.0,54608.445,Infeasible,Violates MAX_INTERVENTION_RATE
0.01,0.74,0.0,1.0,0.0,1.0,1.0,0.16375,669,0,54608.445,0.0,0.0,54608.445,Infeasible,Violates MAX_INTERVENTION_RATE
0.01,0.75,0.0,1.0,0.0,1.0,1.0,0.16375,669,0,54608.445,0.0,0.0,54608.445,Infeasible,Violates MAX_INTERVENTION_RATE
0.01,0.76,0.0,1.0,0.0,1.0,1.0,0.16375,669,0,54608.445,0.0,0.0,54608.445,Infeasible,Violates MAX_INTERVENTION_RATE
0.01,0.77,0.0,1.0,0.0,1.0,1.0,0.16375,669,0,54608.445,0.0,0.0,54608.445,Infeasible,Violates MAX_INTERVENTION_RATE
0.01,0.78,0.0,1.0,0.0,1.0,1.0,0.16375,669,0,54608.445,0.0,0.0,54608.445,Infeasible,Violates MAX_INTERVENTION_RATE
0.01,0.79,0.0,1.0,0.0,1.0,1.0,0.16375,669,0,54608.445,0.0,0.0,54608.445,Infeasible,Violates MAX_INTERVENTION_RATE
0.01,0.8,0.0,1.0,0.0,1.0,1.0,0.16375,669,0,54608.445,0.0,0.0,54608.445,Infeasible,Violates MAX_INTERVENTION_RATE
0.01,0.81,0.0,1.0,0.0,1.0,1.0,0.16375,669,0,54608.445,0.0,0.0,54608.445,Infeasible,Violates MAX_INTERVENTION_RATE
0.01,0.82,0.0,1.0,0.0,1.0,1.0,0.16375,669,0,54608.445,0.0,0.0,54608.445,Infeasible,Violates MAX_INTERVENTION_RATE
0.01,0.83,0.0,1.0,0.0,1.0,1.0,0.16375,669,0,54608.445,0.0,0.0,54608.445,Infeasible,Violates MAX_INTERVENTION_RATE
0.01,0.84,0.0,1.0,0.0,1.0,1.0,0.16375,669,0,54608.445,0.0,0.0,54608.445,Infeasible,Violates MAX_INTERVENTION_RATE
0.01,0.85,0.0,1.0,0.0,1.0,1.0,0.16375,669,0,54608.445,0.0,0.0,54608.445,Infeasible,Violates MAX_INTERVENTION_RATE
0.01,0.86,0.0,1.0,0.0,1.0,1.0,0.16375,669,0,54608.445,0.0,0.0,54608.445,Infeasible,Violates MAX_INTERVENTION_RATE
0.01,0.87,0.0,1.0,0.0,1.0,1.0,0.16375,669,0,54608.445,0.0,0.0,54608.445,Infeasible,Violates MAX_INTERVENTION_RATE
0.01,0.88,0.0,1.0,0.0,1.0,1.0,0.16375,669,0,54608.445,0.0,0.0,54608.445,Infeasible,Violates MAX_INTERVENTION_RATE
0.01,0.89,0.0,1.0,0.0,1.0,1.0,0.16375,669,0,54608.445,0.0,0.0,54608.445,Infeasible,Violates MAX_INTERVENTION_RATE
0.01,0.9,0.0,1.0,0.0,1.0,1.0,0.16375,669,0,54608.445,0.0,0.0,54608.445,Infeasible,Violates MAX_INTERVENTION_RATE
0.01,0.91,0.0,1.0,0.0,1.0,1.0,0.16375,669,0,54608.445,0.0,0.0,54608.445,Infeasible,Violates MAX_INTERVENTION_RATE
0.01,0.92,0.0,1.0,0.0,1.0,1.0,0.16375,669,0,54608.445,0.0,0.0,54608.445,Infeasible,Violates MAX_INTERVENTION_RATE
0.01,0.93,0.0,1.0,0.0,1.0,1.0,0.16375,669,0,54608.445,0.0,0.0,54608.445,Infeasible,Violates MAX_INTERVENTION_RATE
0.01,0.94,0.0,1.0,0.0,1.0,1.0,0.16375,669,0,54608.445,0.0,0.0,54608.445,Infeasible,Violates MAX_INTERVENTION_RATE
0.01,0.95,0.0,1.0,0.0,1.0,1.0,0.16375,669,0,54608.445,0.0,0.0,54608.445,Infeasible,Violates MAX_INTERVENTION_RATE
0.01,0.96,0.0,1.0,0.0,1.0,1.0,0.16375,669,0,54608.445,0.0,0.0,54608.445,Infeasible,Violates MAX_INTERVENTION_RATE
0.01,0.97,0.0,1.0,0.0,1.0,1.0,0.16375,669,0,54608.445,0.0,0.0,54608.445,Infeasible,Violates MAX_INTERVENTION_RATE
0.01,0.98,0.0,1.0,0.0,1.0,1.0,0.16375,669,0,54608.445,0.0,0.0,54608.445,Infeasible,Violates MAX_INTERVENTION_RATE
0.01,0.99,0.0,1.0,0.0,1.0,1.0,0.16375,669,0,54608.445,0.0,0.0,54608.445,Infeasible,Violates MAX_INTERVENTION_RATE
0.02,0.03,0.00875,0.02625,0.965,0.99125,1.0,0.16519546027742749,662,0,1050.0,115800.0,0.0,116850.0,Infeasible,Violates MAX_INTERVENTION_RATE
0.02,0.04,0.00875,0.065,0.92625,0.99125,1.0,0.16519546027742749,662,0,2638.315,111150.0,0.0,113788.315,Infeasible,Violates MAX_INTERVENTION_RATE
0.02,0.05,0.00875,0.11,0.88125,0.99125,1.0,0.16519546027742749,662,0,4778.785,105750.0,0.0,110528.785,Infeasible,Violates MAX_INTERVENTION_RATE
0.02,0.06,0.00875,0.15625,0.835,0.99125,1.0,0.16519546027742749,662,0,7324.747,100200.0,0.0,107524.747,Infeasible,Violates MAX_INTERVENTION_RATE
0.02,0.07,0.00875,0.20875,0.7825,0.99125,1.0,0.16519546027742749,662,0,9563.712,93900.0,0.0,103463.712,Infeasible,Violates MAX_INTERVENTION_RATE
0.02,0.08,0.00875,0.27125,0.72,0.99125,1.0,0.16519546027742749,662,0,12666.042000000001,86400.0,0.0,99066.042,Infeasible,Violates MAX_INTERVENTION_RATE
0.02,0.09,0.00875,0.325,0.66625,0.99125,1.0,0.16519546027742749,662,0,15585.816,79950.0,0.0,95535.816,Infeasible,Violates MAX_INTERVENTION_RATE
0.02,0.1,0.00875,0.395,0.59625,0.99125,1.0,0.16519546027742749,662,0,19562.21,71550.0,0.0,91112.20999999999,Infeasible,Violates MAX_INTERVENTION_RATE
0.02,0.11,0.00875,0.45375,0.5375,0.99125,1.0,0.16519546027742749,662,0,22157.583,64500.0,0.0,86657.583,Infeasible,Violates MAX_INTERVENTION_RATE
0.02,0.12,0.00875,0.51,0.48125,0.99125,1.0,0.16519546027742749,662,0,25392.066,57750.0,0.0,83142.06599999999,Infeasible,Violates MAX_INTERVENTION_RATE
0.02,0.13,0.00875,0.55,0.44125,0.99125,1.0,0.16519546027742749,662,0,27128.746,52950.0,0.0,80078.746,Infeasible,Violates MAX_INTERVENTION_RATE
0.02,0.14,0.00875,0.58375,0.4075,0.99125,1.0,0.16519546027742749,662,0,28740.225,48900.0,0.0,77640.225,Infeasible,Violates MAX_INTERVENTION_RATE
0.02,0.15,0.00875,0.62375,0.3675,0.99125,1.0,0.16519546027742749,662,0,31039.436,44100.0,0.0,75139.436,Infeasible,Violates MAX_INTERVENTION_RATE
0.02,0.16,0.00875,0.65375,0.3375,0.99125,1.0,0.16519546027742749,662,0,32793.909,40500.0,0.0,73293.909,Infeasible,Violates MAX_INTERVENTION_RATE
0.02,0.17,0.00875,0.675,0.31625,0.99125,1.0,0.16519546027742749,662,0,34354.546,37950.0,0.0,72304.546,Infeasible,Violates MAX_INTERVENTION_RATE
0.02,0.18,0.00875,0.6925,0.29875,0.99125,1.0,0.16519546027742749,662,0,35320.008,35850.0,0.0,71170.008,Infeasible,Violates MAX_INTERVENTION_RATE
0.02,0.19,0.00875,0.71625,0.275,0.99125,1.0,0.16519546027742749,662,0,36358.845,33000.0,0.0,69358.845,Infeasible,Violates MAX_INTERVENTION_RATE
0.02,0.2,0.00875,0.745,0.24625,0.99125,1.0,0.16519546027742749,662,0,37610.261,29550.0,0.0,67160.261,Infeasible,Violates MAX_INTERVENTION_RATE
0.02,0.21,0.00875,0.765,0.22625,0.99125,1.0,0.16519546027742749,662,0,39249.145000000004,27150.0,0.0,66399.145,Infeasible,Violates MAX_INTERVENTION_RATE
0.02,0.22,0.00875,0.7775,0.21375,0.99125,1.0,0.16519546027742749,662,0,40124.522,25650.0,0.0,65774.522,Infeasible,Violates MAX_INTERVENTION_RATE
0.02,0.23,0.00875,0.78875,0.2025,0.99125,1.0,0.16519546027742749,662,0,40734.965,24300.0,0.0,65034.965,Infeasible,Violates MAX_INTERVENTION_RATE
0.02,0.24,0.00875,0.8025,0.18875,0.99125,1.0,0.16519546027742749,662,0,41422.165,22650.0,0.0,64072.165,Infeasible,Violates MAX_INTERVENTION_RATE
0.02,0.25,0.00875,0.81125,0.18,0.99125,1.0,0.16519546027742749,662,0,42009.225,21600.0,0.0,63609.225,Infeasible,Violates MAX_INTERVENTION_RATE
0.02,0.26,0.00875,0.81625,0.175,0.99125,1.0,0.16519546027742749,662,0,42209.225,21000.0,0.0,63209.225,Infeasible,Violates MAX_INTERVENTION_RATE
0.02,0.27,0.00875,0.825,0.16625,0.99125,1.0,0.16519546027742749,662,0,42635.322,19950.0,0.0,62585.322,Infeasible,Violates MAX_INTERVENTION_RATE
0.02,0.28,0.00875,0.83125,0.16,0.99125,1.0,0.16519546027742749,662,0,42915.654,19200.0,0.0,62115.654,Infeasible,Violates MAX_INTERVENTION_RATE
0.02,0.29,0.00875,0.8425,0.14875,0.99125,1.0,0.16519546027742749,662,0,43424.582,17850.0,0.0,61274.582,Infeasible,Violates MAX_INTERVENTION_RATE
0.02,0.3,0.00875,0.85375,0.1375,0.99125,1.0,0.16519546027742749,662,0,44301.925,16500.0,0.0,60801.925,Infeasible,Violates MAX_INTERVENTION_RATE
0.02,0.31,0.00875,0.8675,0.12375,0.99125,1.0,0.16519546027742749,662,0,45329.797,14850.0,0.0,60179.797,Infeasible,Violates MAX_INTERVENTION_RATE
0.02,0.32,0.00875,0.88375,0.1075,0.99125,1.0,0.16519546027742749,662,0,46087.755,12900.0,0.0,58987.755,Infeasible,Violates MAX_INTERVENTION_RATE
0.02,0.33,0.00875,0.89,0.10125,0.99125,1.0,0.16519546027742749,662,0,46362.402,12150.0,0.0,58512.402,Infeasible,Violates MAX_INTERVENTION_RATE
0.02,0.34,0.00875,0.90125,0.09,0.99125,1.0,0.16519546027742749,662,0,47133.846000000005,10800.0,0.0,57933.846000000005,Infeasible,Violates MAX_INTERVENTION_RATE
0.02,0.35,0.00875,0.905,0.08625,0.99125,1.0,0.16519546027742749,662,0,47333.73,10350.0,0.0,57683.73,Infeasible,Violates MAX_INTERVENTION_RATE
0.02,0.36,0.00875,0.9125,0.07875,0.99125,1.0,0.16519546027742749,662,0,47814.037,9450.0,0.0,57264.037,Infeasible,Violates MAX_INTERVENTION_RATE
0.02,0.37,0.00875,0.9175,0.07375,0.99125,1.0,0.16519546027742749,662,0,48531.232,8850.0,0.0,57381.232,Infeasible,Violates MAX_INTERVENTION_RATE
0.02,0.38,0.00875,0.92,0.07125,0.99125,1.0,0.16519546027742749,662,0,48631.232,8550.0,0.0,57181.232,Infeasible,Violates MAX_INTERVENTION_RATE
0.02,0.39,0.00875,0.92625,0.065,0.99125,1.0,0.16519546027742749,662,0,48881.232,7800.0,0.0,56681.232,Infeasible,Violates MAX_INTERVENTION_RATE
0.02,0.4,0.00875,0.93625,0.055,0.99125,1.0,0.16519546027742749,662,0,49597.555,6600.0,0.0,56197.555,Infeasible,Violates MAX_INTERVENTION_RATE
0.02,0.41,0.00875,0.9425,0.04875,0.99125,1.0,0.16519546027742749,662,0,50023.995,5850.0,0.0,55873.995,Infeasible,Violates MAX_INTERVENTION_RATE
0.02,0.42,0.00875,0.9475,0.04375,0.99125,1.0,0.16519546027742749,662,0,50424.944,5250.0,0.0,55674.944,Infeasible,Violates MAX_INTERVENTION_RATE
0.02,0.43,0.00875,0.95125,0.04,0.99125,1.0,0.16519546027742749,662,0,50574.944,4800.0,0.0,55374.944,Infeasible,Violates MAX_INTERVENTION_RATE
0.02,0.44,0.00875,0.95125,0.04,0.99125,1.0,0.16519546027742749,662,0,50574.944,4800.0,0.0,55374.944,Infeasible,Violates MAX_INTERVENTION_RATE
0.02,0.45,0.00875,0.95625,0.035,0.99125,1.0,0.16519546027742749,662,0,50774.944,4200.0,0.0,54974.944,Infeasible,Violates MAX_INTERVENTION_RATE
0.02,0.46,0.00875,0.95875,0.0325,0.99125,1.0,0.16519546027742749,662,0,51011.965,3900.0,0.0,54911.965,Infeasible,Violates MAX_INTERVENTION_RATE
0.02,0.47,0.00875,0.96375,0.0275,0.99125,1.0,0.16519546027742749,662,0,51752.37,3300.0,0.0,55052.37,Infeasible,Violates MAX_INTERVENTION_RATE
0.02,0.48,0.00875,0.965,0.02625,0.99125,1.0,0.16519546027742749,662,0,51824.398,3150.0,0.0,54974.398,Infeasible,Violates MAX_INTERVENTION_RATE
0.02,0.49,0.00875,0.96875,0.0225,0.99125,1.0,0.16519546027742749,662,0,52292.833,2700.0,0.0,54992.833,Infeasible,Violates MAX_INTERVENTION_RATE
0.02,0.5,0.00875,0.97125,0.02,0.99125,1.0,0.16519546027742749,662,0,52508.527,2400.0,0.0,54908.527,Infeasible,Violates MAX_INTERVENTION_RATE
0.02,0.51,0.00875,0.97375,0.0175,0.99125,1.0,0.16519546027742749,662,0,52832.796,2100.0,0.0,54932.796,Infeasible,Violates MAX_INTERVENTION_RATE
0.02,0.52,0.00875,0.9775,0.01375,0.99125,1.0,0.16519546027742749,662,0,53130.305,1650.0,0.0,54780.305,Infeasible,Violates MAX_INTERVENTION_RATE
0.02,0.53,0.00875,0.9775,0.01375,0.99125,1.0,0.16519546027742749,662,0,53130.305,1650.0,0.0,54780.305,Infeasible,Violates MAX_INTERVENTION_RATE
0.02,0.54,0.00875,0.97875,0.0125,0.99125,1.0,0.16519546027742749,662,0,53244.825,1500.0,0.0,54744.825,Infeasible,Violates MAX_INTERVENTION_RATE
0.02,0.55,0.00875,0.98125,0.01,0.99125,1.0,0.16519546027742749,662,0,53538.432,1200.0,0.0,54738.432,Infeasible,Violates MAX_INTERVENTION_RATE
0.02,0.56,0.00875,0.9825,0.00875,0.99125,1.0,0.16519546027742749,662,0,53588.432,1050.0,0.0,54638.432,Infeasible,Violates MAX_INTERVENTION_RATE
0.02,0.57,0.00875,0.98375,0.0075,0.99125,1.0,0.16519546027742749,662,0,53666.383,900.0,0.0,54566.383,Infeasible,Violates MAX_INTERVENTION_RATE
0.02,0.58,0.00875,0.985,0.00625,0.99125,1.0,0.16519546027742749,662,0,53716.383,750.0,0.0,54466.383,Infeasible,Violates MAX_INTERVENTION_RATE
0.02,0.59,0.00875,0.985,0.00625,0.99125,1.0,0.16519546027742749,662,0,53716.383,750.0,0.0,54466.383,Infeasible,Violates MAX_INTERVENTION_RATE
0.02,0.6,0.00875,0.98625,0.005,0.99125,1.0,0.16519546027742749,662,0,53848.373,600.0,0.0,54448.373,Infeasible,Violates MAX_INTERVENTION_RATE
0.02,0.61,0.00875,0.98625,0.005,0.99125,1.0,0.16519546027742749,662,0,53848.373,600.0,0.0,54448.373,Infeasible,Violates MAX_INTERVENTION_RATE
0.02,0.62,0.00875,0.98625,0.005,0.99125,1.0,0.16519546027742749,662,0,53848.373,600.0,0.0,54448.373,Infeasible,Violates MAX_INTERVENTION_RATE
0.02,0.63,0.00875,0.98875,0.0025,0.99125,1.0,0.16519546027742749,662,0,54085.828,300.0,0.0,54385.828,Infeasible,Violates MAX_INTERVENTION_RATE
0.02,0.64,0.00875,0.99,0.00125,0.99125,1.0,0.16519546027742749,662,0,54208.445,150.0,0.0,54358.445,Infeasible,Violates MAX_INTERVENTION_RATE
0.02,0.65,0.00875,0.99,0.00125,0.99125,1.0,0.16519546027742749,662,0,54208.445,150.0,0.0,54358.445,Infeasible,Violates MAX_INTERVENTION_RATE
0.02,0.66,0.00875,0.99,0.00125,0.99125,1.0,0.16519546027742749,662,0,54208.445,150.0,0.0,54358.445,Infeasible,Violates MAX_INTERVENTION_RATE
0.02,0.67,0.00875,0.99,0.00125,0.99125,1.0,0.16519546027742749,662,0,54208.445,150.0,0.0,54358.445,Infeasible,Violates MAX_INTERVENTION_RATE
0.02,0.68,0.00875,0.99,0.00125,0.99125,1.0,0.16519546027742749,662,0,54208.445,150.0,0.0,54358.445,Infeasible,Violates MAX_INTERVENTION_RATE
0.02,0.69,0.00875,0.99125,0.0,0.99125,1.0,0.16519546027742749,662,0,54258.445,0.0,0.0,54258.445,Infeasible,Violates MAX_INTERVENTION_RATE
0.02,0.7,0.00875,0.99125,0.0,0.99125,1.0,0.16519546027742749,662,0,54258.445,0.0,0.0,54258.445,Infeasible,Violates MAX_INTERVENTION_RATE
0.02,0.71,0.00875,0.99125,0.0,0.99125,1.0,0.16519546027742749,662,0,54258.445,0.0,0.0,54258.445,Infeasible,Violates MAX_INTERVENTION_RATE
0.02,0.72,0.00875,0.99125,0.0,0.99125,1.0,0.16519546027742749,662,0,54258.445,0.0,0.0,54258.445,Infeasible,Violates MAX_INTERVENTION_RATE
0.02,0.73,0.00875,0.99125,0.0,0.99125,1.0,0.16519546027742749,662,0,54258.445,0.0,0.0,54258.445,Infeasible,Violates MAX_INTERVENTION_RATE
0.02,0.74,0.00875,0.99125,0.0,0.99125,1.0,0.16519546027742749,662,0,54258.445,0.0,0.0,54258.445,Infeasible,Violates MAX_INTERVENTION_RATE
0.02,0.75,0.00875,0.99125,0.0,0.99125,1.0,0.16519546027742749,662,0,54258.445,0.0,0.0,54258.445,Infeasible,Violates MAX_INTERVENTION_RATE
0.02,0.76,0.00875,0.99125,0.0,0.99125,1.0,0.16519546027742749,662,0,54258.445,0.0,0.0,54258.445,Infeasible,Violates MAX_INTERVENTION_RATE
0.02,0.77,0.00875,0.99125,0.0,0.99125,1.0,0.16519546027742749,662,0,54258.445,0.0,0.0,54258.445,Infeasible,Violates MAX_INTERVENTION_RATE
0.02,0.78,0.00875,0.99125,0.0,0.99125,1.0,0.16519546027742749,662,0,54258.445,0.0,0.0,54258.445,Infeasible,Violates MAX_INTERVENTION_RATE
0.02,0.79,0.00875,0.99125,0.0,0.99125,1.0,0.16519546027742749,662,0,54258.445,0.0,0.0,54258.445,Infeasible,Violates MAX_INTERVENTION_RATE
0.02,0.8,0.00875,0.99125,0.0,0.99125,1.0,0.16519546027742749,662,0,54258.445,0.0,0.0,54258.445,Infeasible,Violates MAX_INTERVENTION_RATE
0.02,0.81,0.00875,0.99125,0.0,0.99125,1.0,0.16519546027742749,662,0,54258.445,0.0,0.0,54258.445,Infeasible,Violates MAX_INTERVENTION_RATE
0.02,0.82,0.00875,0.99125,0.0,0.99125,1.0,0.16519546027742749,662,0,54258.445,0.0,0.0,54258.445,Infeasible,Violates MAX_INTERVENTION_RATE
0.02,0.83,0.00875,0.99125,0.0,0.99125,1.0,0.16519546027742749,662,0,54258.445,0.0,0.0,54258.445,Infeasible,Violates MAX_INTERVENTION_RATE
0.02,0.84,0.00875,0.99125,0.0,0.99125,1.0,0.16519546027742749,662,0,54258.445,0.0,0.0,54258.445,Infeasible,Violates MAX_INTERVENTION_RATE
0.02,0.85,0.00875,0.99125,0.0,0.99125,1.0,0.16519546027742749,662,0,54258.445,0.0,0.0,54258.445,Infeasible,Violates MAX_INTERVENTION_RATE
0.02,0.86,0.00875,0.99125,0.0,0.99125,1.0,0.16519546027742749,662,0,54258.445,0.0,0.0,54258.445,Infeasible,Violates MAX_INTERVENTION_RATE
0.02,0.87,0.00875,0.99125,0.0,0.99125,1.0,0.16519546027742749,662,0,54258.445,0.0,0.0,54258.445,Infeasible,Violates MAX_INTERVENTION_RATE
0.02,0.88,0.00875,0.99125,0.0,0.99125,1.0,0.16519546027742749,662,0,54258.445,0.0,0.0,54258.445,Infeasible,Violates MAX_INTERVENTION_RATE
0.02,0.89,0.00875,0.99125,0.0,0.99125,1.0,0.16519546027742749,662,0,54258.445,0.0,0.0,54258.445,Infeasible,Violates MAX_INTERVENTION_RATE
0.02,0.9,0.00875,0.99125,0.0,0.99125,1.0,0.16519546027742749,662,0,54258.445,0.0,0.0,54258.445,Infeasible,Violates MAX_INTERVENTION_RATE
0.02,0.91,0.00875,0.99125,0.0,0.99125,1.0,0.16519546027742749,662,0,54258.445,0.0,0.0,54258.445,Infeasible,Violates MAX_INTERVENTION_RATE
0.02,0.92,0.00875,0.99125,0.0,0.99125,1.0,0.16519546027742749,662,0,54258.445,0.0,0.0,54258.445,Infeasible,Violates MAX_INTERVENTION_RATE
0.02,0.93,0.00875,0.99125,0.0,0.99125,1.0,0.16519546027742749,662,0,54258.445,0.0,0.0,54258.445,Infeasible,Violates MAX_INTERVENTION_RATE
0.02,0.94,0.00875,0.99125,0.0,0.99125,1.0,0.16519546027742749,662,0,54258.445,0.0,0.0,54258.445,Infeasible,Violates MAX_INTERVENTION_RATE
0.02,0.95,0.00875,0.99125,0.0,0.99125,1.0,0.16519546027742749,662,0,54258.445,0.0,0.0,54258.445,Infeasible,Violates MAX_INTERVENTION_RATE
0.02,0.96,0.00875,0.99125,0.0,0.99125,1.0,0.16519546027742749,662,0,54258.445,0.0,0.0,54258.445,Infeasible,Violates MAX_INTERVENTION_RATE
0.02,0.97,0.00875,0.99125,0.0,0.99125,1.0,0.16519546027742749,662,0,54258.445,0.0,0.0,54258.445,Infeasible,Violates MAX_INTERVENTION_RATE
0.02,0.98,0.00875,0.99125,0.0,0.99125,1.0,0.16519546027742749,662,0,54258.445,0.0,0.0,54258.445,Infeasible,Violates MAX_INTERVENTION_RATE
0.02,0.99,0.00875,0.99125,0.0,0.99125,1.0,0.16519546027742749,662,0,54258.445,0.0,0.0,54258.445,Infeasible,Violates MAX_INTERVENTION_RATE
0.03,0.04,0.035,0.03875,0.92625,0.965,1.0,0.16968911917098445,641,0,1588.315,111150.0,0.0,112738.315,Infeasible,Violates MAX_INTERVENTION_RATE
0.03,0.05,0.035,0.08375,0.88125,0.965,1.0,0.16968911917098445,641,0,3728.785,105750.0,0.0,109478.785,Infeasible,Violates MAX_INTERVENTION_RATE
0.03,0.06,0.035,0.13,0.835,0.965,1.0,0.16968911917098445,641,0,6274.747,100200.0,0.0,106474.747,Infeasible,Violates MAX_INTERVENTION_RATE
0.03,0.07,0.035,0.1825,0.7825,0.965,1.0,0.16968911917098445,641,0,8513.712,93900.0,0.0,102413.712,Infeasible,Violates MAX_INTERVENTION_RATE
0.03,0.08,0.035,0.245,0.72,0.965,1.0,0.16968911917098445,641,0,11616.042000000001,86400.0,0.0,98016.042,Infeasible,Violates MAX_INTERVENTION_RATE
0.03,0.09,0.035,0.29875,0.66625,0.965,1.0,0.16968911917098445,641,0,14535.816,79950.0,0.0,94485.816,Infeasible,Violates MAX_INTERVENTION_RATE
0.03,0.1,0.035,0.36875,0.59625,0.965,1.0,0.16968911917098445,641,0,18512.21,71550.0,0.0,90062.20999999999,Infeasible,Violates MAX_INTERVENTION_RATE
0.03,0.11,0.035,0.4275,0.5375,0.965,1.0,0.16968911917098445,641,0,21107.583,64500.0,0.0,85607.583,Infeasible,Violates MAX_INTERVENTION_RATE
0.03,0.12,0.035,0.48375,0.48125,0.965,1.0,0.16968911917098445,641,0,24342.066,57750.0,0.0,82092.06599999999,Infeasible,Violates MAX_INTERVENTION_RATE
0.03,0.13,0.035,0.52375,0.44125,0.965,1.0,0.16968911917098445,641,0,26078.746,52950.0,0.0,79028.746,Infeasible,Violates MAX_INTERVENTION_RATE
0.03,0.14,0.035,0.5575,0.4075,0.965,1.0,0.16968911917098445,641,0,27690.225,48900.0,0.0,76590.225,Infeasible,Violates MAX_INTERVENTION_RATE
0.03,0.15,0.035,0.5975,0.3675,0.965,1.0,0.16968911917098445,641,0,29989.436,44100.0,0.0,74089.436,Infeasible,Violates MAX_INTERVENTION_RATE
0.03,0.16,0.035,0.6275,0.3375,0.965,1.0,0.16968911917098445,641,0,31743.909,40500.0,0.0,72243.909,Infeasible,Violates MAX_INTERVENTION_RATE
0.03,0.17,0.035,0.64875,0.31625,0.965,1.0,0.16968911917098445,641,0,33304.546,37950.0,0.0,71254.546,Infeasible,Violates MAX_INTERVENTION_RATE
0.03,0.18,0.035,0.66625,0.29875,0.965,1.0,0.16968911917098445,641,0,34270.008,35850.0,0.0,70120.008,Infeasible,Violates MAX_INTERVENTION_RATE
0.03,0.19,0.035,0.69,0.275,0.965,1.0,0.16968911917098445,641,0,35308.845,33000.0,0.0,68308.845,Infeasible,Violates MAX_INTERVENTION_RATE
0.03,0.2,0.035,0.71875,0.24625,0.965,1.0,0.16968911917098445,641,0,36560.261,29550.0,0.0,66110.261,Infeasible,Violates MAX_INTERVENTION_RATE
0.03,0.21,0.035,0.73875,0.22625,0.965,1.0,0.16968911917098445,641,0,38199.145000000004,27150.0,0.0,65349.145000000004,Infeasible,Violates MAX_INTERVENTION_RATE
0.03,0.22,0.035,0.75125,0.21375,0.965,1.0,0.16968911917098445,641,0,39074.522,25650.0,0.0,64724.522,Infeasible,Violates MAX_INTERVENTION_RATE
0.03,0.23,0.035,0.7625,0.2025,0.965,1.0,0.16968911917098445,641,0,39684.965,24300.0,0.0,63984.965,Infeasible,Violates MAX_INTERVENTION_RATE
0.03,0.24,0.035,0.77625,0.18875,0.965,1.0,0.16968911917098445,641,0,40372.165,22650.0,0.0,63022.165,Infeasible,Violates MAX_INTERVENTION_RATE
0.03,0.25,0.035,0.785,0.18,0.965,1.0,0.16968911917098445,641,0,40959.225,21600.0,0.0,62559.225,Infeasible,Violates MAX_INTERVENTION_RATE
0.03,0.26,0.035,0.79,0.175,0.965,1.0,0.16968911917098445,641,0,41159.225,21000.0,0.0,62159.225,Infeasible,Violates MAX_INTERVENTION_RATE
0.03,0.27,0.035,0.79875,0.16625,0.965,1.0,0.16968911917098445,641,0,41585.322,19950.0,0.0,61535.322,Infeasible,Violates MAX_INTERVENTION_RATE
0.03,0.28,0.035,0.805,0.16,0.965,1.0,0.16968911917098445,641,0,41865.654,19200.0,0.0,61065.654,Infeasible,Violates MAX_INTERVENTION_RATE
0.03,0.29,0.035,0.81625,0.14875,0.965,1.0,0.16968911917098445,641,0,42374.582,17850.0,0.0,60224.582,Infeasible,Violates MAX_INTERVENTION_RATE
0.03,0.3,0.035,0.8275,0.1375,0.965,1.0,0.16968911917098445,641,0,43251.925,16500.0,0.0,59751.925,Infeasible,Violates MAX_INTERVENTION_RATE
0.03,0.31,0.035,0.84125,0.12375,0.965,1.0,0.16968911917098445,641,0,44279.797,14850.0,0.0,59129.797,Infeasible,Violates MAX_INTERVENTION_RATE
0.03,0.32,0.035,0.8575,0.1075,0.965,1.0,0.16968911917098445,641,0,45037.755,12900.0,0.0,57937.755,Infeasible,Violates MAX_INTERVENTION_RATE
0.03,0.33,0.035,0.86375,0.10125,0.965,1.0,0.16968911917098445,641,0,45312.402,12150.0,0.0,57462.402,Infeasible,Violates MAX_INTERVENTION_RATE
0.03,0.34,0.035,0.875,0.09,0.965,1.0,0.16968911917098445,641,0,46083.846000000005,10800.0,0.0,56883.846000000005,Infeasible,Violates MAX_INTERVENTION_RATE
0.03,0.35,0.035,0.87875,0.08625,0.965,1.0,0.16968911917098445,641,0,46283.73,10350.0,0.0,56633.73,Infeasible,Violates MAX_INTERVENTION_RATE
0.03,0.36,0.035,0.88625,0.07875,0.965,1.0,0.16968911917098445,641,0,46764.037,9450.0,0.0,56214.037,Infeasible,Violates MAX_INTERVENTION_RATE
0.03,0.37,0.035,0.89125,0.07375,0.965,1.0,0.16968911917098445,641,0,47481.232,8850.0,0.0,56331.232,Infeasible,Violates MAX_INTERVENTION_RATE
0.03,0.38,0.035,0.89375,0.07125,0.965,1.0,0.16968911917098445,641,0,47581.232,8550.0,0.0,56131.232,Infeasible,Violates MAX_INTERVENTION_RATE
0.03,0.39,0.035,0.9,0.065,0.965,1.0,0.16968911917098445,641,0,47831.232,7800.0,0.0,55631.232,Infeasible,Violates MAX_INTERVENTION_RATE
0.03,0.4,0.035,0.91,0.055,0.965,1.0,0.16968911917098445,641,0,48547.555,6600.0,0.0,55147.555,Infeasible,Violates MAX_INTERVENTION_RATE
0.03,0.41,0.035,0.91625,0.04875,0.965,1.0,0.16968911917098445,641,0,48973.995,5850.0,0.0,54823.995,Infeasible,Violates MAX_INTERVENTION_RATE
0.03,0.42,0.035,0.92125,0.04375,0.965,1.0,0.16968911917098445,641,0,49374.944,5250.0,0.0,54624.944,Infeasible,Violates MAX_INTERVENTION_RATE
0.03,0.43,0.035,0.925,0.04,0.965,1.0,0.16968911917098445,641,0,49524.944,4800.0,0.0,54324.944,Infeasible,Violates MAX_INTERVENTION_RATE
0.03,0.44,0.035,0.925,0.04,0.965,1.0,0.16968911917098445,641,0,49524.944,4800.0,0.0,54324.944,Infeasible,Violates MAX_INTERVENTION_RATE
0.03,0.45,0.035,0.93,0.035,0.965,1.0,0.16968911917098445,641,0,49724.944,4200.0,0.0,53924.944,Infeasible,Violates MAX_INTERVENTION_RATE
0.03,0.46,0.035,0.9325,0.0325,0.965,1.0,0.16968911917098445,641,0,49961.965,3900.0,0.0,53861.965,Infeasible,Violates MAX_INTERVENTION_RATE
0.03,0.47,0.035,0.9375,0.0275,0.965,1.0,0.16968911917098445,641,0,50702.37,3300.0,0.0,54002.37,Infeasible,Violates MAX_INTERVENTION_RATE
0.03,0.48,0.035,0.93875,0.02625,0.965,1.0,0.16968911917098445,641,0,50774.398,3150.0,0.0,53924.398,Infeasible,Violates MAX_INTERVENTION_RATE
0.03,0.49,0.035,0.9425,0.0225,0.965,1.0,0.16968911917098445,641,0,51242.833,2700.0,0.0,53942.833,Infeasible,Violates MAX_INTERVENTION_RATE
0.03,0.5,0.035,0.945,0.02,0.965,1.0,0.16968911917098445,641,0,51458.527,2400.0,0.0,53858.527,Infeasible,Violates MAX_INTERVENTION_RATE
0.03,0.51,0.035,0.9475,0.0175,0.965,1.0,0.16968911917098445,641,0,51782.796,2100.0,0.0,53882.796,Infeasible,Violates MAX_INTERVENTION_RATE
0.03,0.52,0.035,0.95125,0.01375,0.965,1.0,0.16968911917098445,641,0,52080.305,1650.0,0.0,53730.305,Infeasible,Violates MAX_INTERVENTION_RATE
0.03,0.53,0.035,0.95125,0.01375,0.965,1.0,0.16968911917098445,641,0,52080.305,1650.0,0.0,53730.305,Infeasible,Violates MAX_INTERVENTION_RATE
0.03,0.54,0.035,0.9525,0.0125,0.965,1.0,0.16968911917098445,641,0,52194.825,1500.0,0.0,53694.825,Infeasible,Violates MAX_INTERVENTION_RATE
0.03,0.55,0.035,0.955,0.01,0.965,1.0,0.16968911917098445,641,0,52488.432,1200.0,0.0,53688.432,Infeasible,Violates MAX_INTERVENTION_RATE
0.03,0.56,0.035,0.95625,0.00875,0.965,1.0,0.16968911917098445,641,0,52538.432,1050.0,0.0,53588.432,Infeasible,Violates MAX_INTERVENTION_RATE
0.03,0.57,0.035,0.9575,0.0075,0.965,1.0,0.16968911917098445,641,0,52616.383,900.0,0.0,53516.383,Infeasible,Violates MAX_INTERVENTION_RATE
0.03,0.58,0.035,0.95875,0.00625,0.965,1.0,0.16968911917098445,641,0,52666.383,750.0,0.0,53416.383,Infeasible,Violates MAX_INTERVENTION_RATE
0.03,0.59,0.035,0.95875,0.00625,0.965,1.0,0.16968911917098445,641,0,52666.383,750.0,0.0,53416.383,Infeasible,Violates MAX_INTERVENTION_RATE
0.03,0.6,0.035,0.96,0.005,0.965,1.0,0.16968911917098445,641,0,52798.373,600.0,0.0,53398.373,Infeasible,Violates MAX_INTERVENTION_RATE
0.03,0.61,0.035,0.96,0.005,0.965,1.0,0.16968911917098445,641,0,52798.373,600.0,0.0,53398.373,Infeasible,Violates MAX_INTERVENTION_RATE
0.03,0.62,0.035,0.96,0.005,0.965,1.0,0.16968911917098445,641,0,52798.373,600.0,0.0,53398.373,Infeasible,Violates MAX_INTERVENTION_RATE
0.03,0.63,0.035,0.9625,0.0025,0.965,1.0,0.16968911917098445,641,0,53035.828,300.0,0.0,53335.828,Infeasible,Violates MAX_INTERVENTION_RATE
0.03,0.64,0.035,0.96375,0.00125,0.965,1.0,0.16968911917098445,641,0,53158.445,150.0,0.0,53308.445,Infeasible,Violates MAX_INTERVENTION_RATE
0.03,0.65,0.035,0.96375,0.00125,0.965,1.0,0.16968911917098445,641,0,53158.445,150.0,0.0,53308.445,Infeasible,Violates MAX_INTERVENTION_RATE
0.03,0.66,0.035,0.96375,0.00125,0.965,1.0,0.16968911917098445,641,0,53158.445,150.0,0.0,53308.445,Infeasible,Violates MAX_INTERVENTION_RATE
0.03,0.67,0.035,0.96375,0.00125,0.965,1.0,0.16968911917098445,641,0,53158.445,150.0,0.0,53308.445,Infeasible,Violates MAX_INTERVENTION_RATE
0.03,0.68,0.035,0.96375,0.00125,0.965,1.0,0.16968911917098445,641,0,53158.445,150.0,0.0,53308.445,Infeasible,Violates MAX_INTERVENTION_RATE
0.03,0.69,0.035,0.965,0.0,0.965,1.0,0.16968911917098445,641,0,53208.445,0.0,0.0,53208.445,Infeasible,Violates MAX_INTERVENTION_RATE
0.03,0.7,0.035,0.965,0.0,0.965,1.0,0.16968911917098445,641,0,53208.445,0.0,0.0,53208.445,Infeasible,Violates MAX_INTERVENTION_RATE
0.03,0.71,0.035,0.965,0.0,0.965,1.0,0.16968911917098445,641,0,53208.445,0.0,0.0,53208.445,Infeasible,Violates MAX_INTERVENTION_RATE
0.03,0.72,0.035,0.965,0.0,0.965,1.0,0.16968911917098445,641,0,53208.445,0.0,0.0,53208.445,Infeasible,Violates MAX_INTERVENTION_RATE
0.03,0.73,0.035,0.965,0.0,0.965,1.0,0.16968911917098445,641,0,53208.445,0.0,0.0,53208.445,Infeasible,Violates MAX_INTERVENTION_RATE
0.03,0.74,0.035,0.965,0.0,0.965,1.0,0.16968911917098445,641,0,53208.445,0.0,0.0,53208.445,Infeasible,Violates MAX_INTERVENTION_RATE
0.03,0.75,0.035,0.965,0.0,0.965,1.0,0.16968911917098445,641,0,53208.445,0.0,0.0,53208.445,Infeasible,Violates MAX_INTERVENTION_RATE
0.03,0.76,0.035,0.965,0.0,0.965,1.0,0.16968911917098445,641,0,53208.445,0.0,0.0,53208.445,Infeasible,Violates MAX_INTERVENTION_RATE
0.03,0.77,0.035,0.965,0.0,0.965,1.0,0.16968911917098445,641,0,53208.445,0.0,0.0,53208.445,Infeasible,Violates MAX_INTERVENTION_RATE
0.03,0.78,0.035,0.965,0.0,0.965,1.0,0.16968911917098445,641,0,53208.445,0.0,0.0,53208.445,Infeasible,Violates MAX_INTERVENTION_RATE
0.03,0.79,0.035,0.965,0.0,0.965,1.0,0.16968911917098445,641,0,53208.445,0.0,0.0,53208.445,Infeasible,Violates MAX_INTERVENTION_RATE
0.03,0.8,0.035,0.965,0.0,0.965,1.0,0.16968911917098445,641,0,53208.445,0.0,0.0,53208.445,Infeasible,Violates MAX_INTERVENTION_RATE
0.03,0.81,0.035,0.965,0.0,0.965,1.0,0.16968911917098445,641,0,53208.445,0.0,0.0,53208.445,Infeasible,Violates MAX_INTERVENTION_RATE
0.03,0.82,0.035,0.965,0.0,0.965,1.0,0.16968911917098445,641,0,53208.445,0.0,0.0,53208.445,Infeasible,Violates MAX_INTERVENTION_RATE
0.03,0.83,0.035,0.965,0.0,0.965,1.0,0.16968911917098445,641,0,53208.445,0.0,0.0,53208.445,Infeasible,Violates MAX_INTERVENTION_RATE
0.03,0.84,0.035,0.965,0.0,0.965,1.0,0.16968911917098445,641,0,53208.445,0.0,0.0,53208.445,Infeasible,Violates MAX_INTERVENTION_RATE
0.03,0.85,0.035,0.965,0.0,0.965,1.0,0.16968911917098445,641,0,53208.445,0.0,0.0,53208.445,Infeasible,Violates MAX_INTERVENTION_RATE
0.03,0.86,0.035,0.965,0.0,0.965,1.0,0.16968911917098445,641,0,53208.445,0.0,0.0,53208.445,Infeasible,Violates MAX_INTERVENTION_RATE
0.03,0.87,0.035,0.965,0.0,0.965,1.0,0.16968911917098445,641,0,53208.445,0.0,0.0,53208.445,Infeasible,Violates MAX_INTERVENTION_RATE
0.03,0.88,0.035,0.965,0.0,0.965,1.0,0.16968911917098445,641,0,53208.445,0.0,0.0,53208.445,Infeasible,Violates MAX_INTERVENTION_RATE
0.03,0.89,0.035,0.965,0.0,0.965,1.0,0.16968911917098445,641,0,53208.445,0.0,0.0,53208.445,Infeasible,Violates MAX_INTERVENTION_RATE
0.03,0.9,0.035,0.965,0.0,0.965,1.0,0.16968911917098445,641,0,53208.445,0.0,0.0,53208.445,Infeasible,Violates MAX_INTERVENTION_RATE
0.03,0.91,0.035,0.965,0.0,0.965,1.0,0.16968911917098445,641,0,53208.445,0.0,0.0,53208.445,Infeasible,Violates MAX_INTERVENTION_RATE
0.03,0.92,0.035,0.965,0.0,0.965,1.0,0.16968911917098445,641,0,53208.445,0.0,0.0,53208.445,Infeasible,Violates MAX_INTERVENTION_RATE
0.03,0.93,0.035,0.965,0.0,0.965,1.0,0.16968911917098445,641,0,53208.445,0.0,0.0,53208.445,Infeasible,Violates MAX_INTERVENTION_RATE
0.03,0.94,0.035,0.965,0.0,0.965,1.0,0.16968911917098445,641,0,53208.445,0.0,0.0,53208.445,Infeasible,Violates MAX_INTERVENTION_RATE
0.03,0.95,0.035,0.965,0.0,0.965,1.0,0.16968911917098445,641,0,53208.445,0.0,0.0,53208.445,Infeasible,Violates MAX_INTERVENTION_RATE
0.03,0.96,0.035,0.965,0.0,0.965,1.0,0.16968911917098445,641,0,53208.445,0.0,0.0,53208.445,Infeasible,Violates MAX_INTERVENTION_RATE
0.03,0.97,0.035,0.965,0.0,0.965,1.0,0.16968911917098445,641,0,53208.445,0.0,0.0,53208.445,Infeasible,Violates MAX_INTERVENTION_RATE
0.03,0.98,0.035,0.965,0.0,0.965,1.0,0.16968911917098445,641,0,53208.445,0.0,0.0,53208.445,Infeasible,Violates MAX_INTERVENTION_RATE
0.03,0.99,0.035,0.965,0.0,0.965,1.0,0.16968911917098445,641,0,53208.445,0.0,0.0,53208.445,Infeasible,Violates MAX_INTERVENTION_RATE
0.04,0.05,0.07375,0.045,0.88125,0.92625,0.9923664122137404,0.17543859649122806,611,1,2140.4700000000003,105750.0,383.15,108273.62,Infeasible,Violates MAX_INTERVENTION_RATE
0.04,0.06,0.07375,0.09125,0.835,0.92625,0.9923664122137404,0.17543859649122806,611,1,4686.432,100200.0,383.15,105269.582,Infeasible,Violates MAX_INTERVENTION_RATE
0.04,0.07,0.07375,0.14375,0.7825,0.92625,0.9923664122137404,0.17543859649122806,611,1,6925.397,93900.0,383.15,101208.547,Infeasible,Violates MAX_INTERVENTION_RATE
0.04,0.08,0.07375,0.20625,0.72,0.92625,0.9923664122137404,0.17543859649122806,611,1,10027.727,86400.0,383.15,96810.87700000001,Infeasible,Violates MAX_INTERVENTION_RATE
0.04,0.09,0.07375,0.26,0.66625,0.92625,0.9923664122137404,0.17543859649122806,611,1,12947.501,79950.0,383.15,93280.651,Infeasible,Violates MAX_INTERVENTION_RATE
0.04,0.1,0.07375,0.33,0.59625,0.92625,0.9923664122137404,0.17543859649122806,611,1,16923.895,71550.0,383.15,88857.045,Infeasible,Violates MAX_INTERVENTION_RATE
0.04,0.11,0.07375,0.38875,0.5375,0.92625,0.9923664122137404,0.17543859649122806,611,1,19519.268,64500.0,383.15,84402.418,Infeasible,Violates MAX_INTERVENTION_RATE
0.04,0.12,0.07375,0.445,0.48125,0.92625,0.9923664122137404,0.17543859649122806,611,1,22753.751,57750.0,383.15,80886.901,Infeasible,Violates MAX_INTERVENTION_RATE
0.04,0.13,0.07375,0.485,0.44125,0.92625,0.9923664122137404,0.17543859649122806,611,1,24490.431,52950.0,383.15,77823.581,Infeasible,Violates MAX_INTERVENTION_RATE
0.04,0.14,0.07375,0.51875,0.4075,0.92625,0.9923664122137404,0.17543859649122806,611,1,26101.91,48900.0,383.15,75385.06,Infeasible,Violates MAX_INTERVENTION_RATE
0.04,0.15,0.07375,0.55875,0.3675,0.92625,0.9923664122137404,0.17543859649122806,611,1,28401.121,44100.0,383.15,72884.27100000001,Infeasible,Violates MAX_INTERVENTION_RATE
0.04,0.16,0.07375,0.58875,0.3375,0.92625,0.9923664122137404,0.17543859649122806,611,1,30155.593999999997,40500.0,383.15,71038.744,Infeasible,Violates MAX_INTERVENTION_RATE
0.04,0.17,0.07375,0.61,0.31625,0.92625,0.9923664122137404,0.17543859649122806,611,1,31716.231,37950.0,383.15,70049.381,Infeasible,Violates MAX_INTERVENTION_RATE
0.04,0.18,0.07375,0.6275,0.29875,0.92625,0.9923664122137404,0.17543859649122806,611,1,32681.693,35850.0,383.15,68914.843,Infeasible,Violates MAX_INTERVENTION_RATE
0.04,0.19,0.07375,0.65125,0.275,0.92625,0.9923664122137404,0.17543859649122806,611,1,33720.53,33000.0,383.15,67103.68,Infeasible,Violates MAX_INTERVENTION_RATE
0.04,0.2,0.07375,0.68,0.24625,0.92625,0.9923664122137404,0.17543859649122806,611,1,34971.946,29550.0,383.15,64905.096000000005,Infeasible,Violates MAX_INTERVENTION_RATE
0.04,0.21,0.07375,0.7,0.22625,0.92625,0.9923664122137404,0.17543859649122806,611,1,36610.83,27150.0,383.15,64143.98,Infeasible,Violates MAX_INTERVENTION_RATE
0.04,0.22,0.07375,0.7125,0.21375,0.92625,0.9923664122137404,0.17543859649122806,611,1,37486.207,25650.0,383.15,63519.357,Infeasible,Violates MAX_INTERVENTION_RATE
0.04,0.23,0.07375,0.72375,0.2025,0.92625,0.9923664122137404,0.17543859649122806,611,1,38096.65,24300.0,383.15,62779.8,Infeasible,Violates MAX_INTERVENTION_RATE
0.04,0.24,0.07375,0.7375,0.18875,0.92625,0.9923664122137404,0.17543859649122806,611,1,38783.85,22650.0,383.15,61817.0,Infeasible,Violates MAX_INTERVENTION_RATE
0.04,0.25,0.07375,0.74625,0.18,0.92625,0.9923664122137404,0.17543859649122806,611,1,39370.91,21600.0,383.15,61354.060000000005,Infeasible,Violates MAX_INTERVENTION_RATE
0.04,0.26,0.07375,0.75125,0.175,0.92625,0.9923664122137404,0.17543859649122806,611,1,39570.91,21000.0,383.15,60954.060000000005,Infeasible,Violates MAX_INTERVENTION_RATE
0.04,0.27,0.07375,0.76,0.16625,0.92625,0.9923664122137404,0.17543859649122806,611,1,39997.007,19950.0,383.15,60330.157,Infeasible,Violates MAX_INTERVENTION_RATE
0.04,0.28,0.07375,0.76625,0.16,0.92625,0.9923664122137404,0.17543859649122806,611,1,40277.339,19200.0,383.15,59860.489,Infeasible,Violates MAX_INTERVENTION_RATE
0.04,0.29,0.07375,0.7775,0.14875,0.92625,0.9923664122137404,0.17543859649122806,611,1,40786.267,17850.0,383.15,59019.417,Infeasible,Violates MAX_INTERVENTION_RATE
0.04,0.3,0.07375,0.78875,0.1375,0.92625,0.9923664122137404,0.17543859649122806,611,1,41663.61,16500.0,383.15,58546.76,Infeasible,Violates MAX_INTERVENTION_RATE
0.04,0.31,0.07375,0.8025,0.12375,0.92625,0.9923664122137404,0.17543859649122806,611,1,42691.482,14850.0,383.15,57924.632000000005,Infeasible,Violates MAX_INTERVENTION_RATE
0.04,0.32,0.07375,0.81875,0.1075,0.92625,0.9923664122137404,0.17543859649122806,611,1,43449.44,12900.0,383.15,56732.590000000004,Infeasible,Violates MAX_INTERVENTION_RATE
0.04,0.33,0.07375,0.825,0.10125,0.92625,0.9923664122137404,0.17543859649122806,611,1,43724.087,12150.0,383.15,56257.237,Infeasible,Violates MAX_INTERVENTION_RATE
0.04,0.34,0.07375,0.83625,0.09,0.92625,0.9923664122137404,0.17543859649122806,611,1,44495.531,10800.0,383.15,55678.681000000004,Infeasible,Violates MAX_INTERVENTION_RATE
0.04,0.35,0.07375,0.84,0.08625,0.92625,0.9923664122137404,0.17543859649122806,611,1,44695.415,10350.0,383.15,55428.565,Infeasible,Violates MAX_INTERVENTION_RATE
0.04,0.36,0.07375,0.8475,0.07875,0.92625,0.9923664122137404,0.17543859649122806,611,1,45175.722,9450.0,383.15,55008.872,Infeasible,Violates MAX_INTERVENTION_RATE
0.04,0.37,0.07375,0.8525,0.07375,0.92625,0.9923664122137404,0.17543859649122806,611,1,45892.917,8850.0,383.15,55126.067,Infeasible,Violates MAX_INTERVENTION_RATE
0.04,0.38,0.07375,0.855,0.07125,0.92625,0.9923664122137404,0.17543859649122806,611,1,45992.917,8550.0,383.15,54926.067,Infeasible,Violates MAX_INTERVENTION_RATE
0.04,0.39,0.07375,0.86125,0.065,0.92625,0.9923664122137404,0.17543859649122806,611,1,46242.917,7800.0,383.15,54426.067,Infeasible,Violates MAX_INTERVENTION_RATE
0.04,0.4,0.07375,0.87125,0.055,0.92625,0.9923664122137404,0.17543859649122806,611,1,46959.24,6600.0,383.15,53942.39,Infeasible,Violates MAX_INTERVENTION_RATE
0.04,0.41,0.07375,0.8775,0.04875,0.92625,0.9923664122137404,0.17543859649122806,611,1,47385.68,5850.0,383.15,53618.83,Infeasible,Violates MAX_INTERVENTION_RATE
0.04,0.42,0.07375,0.8825,0.04375,0.92625,0.9923664122137404,0.17543859649122806,611,1,47786.629,5250.0,383.15,53419.779,Infeasible,Violates MAX_INTERVENTION_RATE
0.04,0.43,0.07375,0.88625,0.04,0.92625,0.9923664122137404,0.17543859649122806,611,1,47936.629,4800.0,383.15,53119.779,Infeasible,Violates MAX_INTERVENTION_RATE
0.04,0.44,0.07375,0.88625,0.04,0.92625,0.9923664122137404,0.17543859649122806,611,1,47936.629,4800.0,383.15,53119.779,Infeasible,Violates MAX_INTERVENTION_RATE
0.04,0.45,0.07375,0.89125,0.035,0.92625,0.9923664122137404,0.17543859649122806,611,1,48136.629,4200.0,383.15,52719.779,Infeasible,Violates MAX_INTERVENTION_RATE
0.04,0.46,0.07375,0.89375,0.0325,0.92625,0.9923664122137404,0.17543859649122806,611,1,48373.65,3900.0,383.15,52656.8,Infeasible,Violates MAX_INTERVENTION_RATE
0.04,0.47,0.07375,0.89875,0.0275,0.92625,0.9923664122137404,0.17543859649122806,611,1,49114.055,3300.0,383.15,52797.205,Infeasible,Violates MAX_INTERVENTION_RATE
0.04,0.48,0.07375,0.9,0.02625,0.92625,0.9923664122137404,0.17543859649122806,611,1,49186.083,3150.0,383.15,52719.233,Infeasible,Violates MAX_INTERVENTION_RATE
0.04,0.49,0.07375,0.90375,0.0225,0.92625,0.9923664122137404,0.17543859649122806,611,1,49654.518000000004,2700.0,383.15,52737.668000000005,Infeasible,Violates MAX_INTERVENTION_RATE
0.04,0.5,0.07375,0.90625,0.02,0.92625,0.9923664122137404,0.17543859649122806,611,1,49870.212,2400.0,383.15,52653.362,Infeasible,Violates MAX_INTERVENTION_RATE
0.04,0.51,0.07375,0.90875,0.0175,0.92625,0.9923664122137404,0.17543859649122806,611,1,50194.481,2100.0,383.15,52677.631,Infeasible,Violates MAX_INTERVENTION_RATE
0.04,0.52,0.07375,0.9125,0.01375,0.92625,0.9923664122137404,0.17543859649122806,611,1,50491.99,1650.0,383.15,52525.14,Infeasible,Violates MAX_INTERVENTION_RATE
0.04,0.53,0.07375,0.9125,0.01375,0.92625,0.9923664122137404,0.17543859649122806,611,1,50491.99,1650.0,383.15,52525.14,Infeasible,Violates MAX_INTERVENTION_RATE
0.04,0.54,0.07375,0.91375,0.0125,0.92625,0.9923664122137404,0.17543859649122806,611,1,50606.51,1500.0,383.15,52489.66,Infeasible,Violates MAX_INTERVENTION_RATE
0.04,0.55,0.07375,0.91625,0.01,0.92625,0.9923664122137404,0.17543859649122806,611,1,50900.117,1200.0,383.15,52483.267,Infeasible,Violates MAX_INTERVENTION_RATE
0.04,0.56,0.07375,0.9175,0.00875,0.92625,0.9923664122137404,0.17543859649122806,611,1,50950.117,1050.0,383.15,52383.267,Infeasible,Violates MAX_INTERVENTION_RATE
0.04,0.57,0.07375,0.91875,0.0075,0.92625,0.9923664122137404,0.17543859649122806,611,1,51028.068,900.0,383.15,52311.218,Infeasible,Violates MAX_INTERVENTION_RATE
0.04,0.58,0.07375,0.92,0.00625,0.92625,0.9923664122137404,0.17543859649122806,611,1,51078.068,750.0,383.15,52211.218,Infeasible,Violates MAX_INTERVENTION_RATE
0.04,0.59,0.07375,0.92,0.00625,0.92625,0.9923664122137404,0.17543859649122806,611,1,51078.068,750.0,383.15,52211.218,Infeasible,Violates MAX_INTERVENTION_RATE
0.04,0.6,0.07375,0.92125,0.005,0.92625,0.9923664122137404,0.17543859649122806,611,1,51210.058000000005,600.0,383.15,52193.208000000006,Infeasible,Violates MAX_INTERVENTION_RATE
0.04,0.61,0.07375,0.92125,0.005,0.92625,0.9923664122137404,0.17543859649122806,611,1,51210.058000000005,600.0,383.15,52193.208000000006,Infeasible,Violates MAX_INTERVENTION_RATE
0.04,0.62,0.07375,0.92125,0.005,0.92625,0.9923664122137404,0.17543859649122806,611,1,51210.058000000005,600.0,383.15,52193.208000000006,Infeasible,Violates MAX_INTERVENTION_RATE
0.04,0.63,0.07375,0.92375,0.0025,0.92625,0.9923664122137404,0.17543859649122806,611,1,51447.513,300.0,383.15,52130.663,Infeasible,Violates MAX_INTERVENTION_RATE
0.04,0.64,0.07375,0.925,0.00125,0.92625,0.9923664122137404,0.17543859649122806,611,1,51570.13,150.0,383.15,52103.28,Infeasible,Violates MAX_INTERVENTION_RATE
0.04,0.65,0.07375,0.925,0.00125,0.92625,0.9923664122137404,0.17543859649122806,611,1,51570.13,150.0,383.15,52103.28,Infeasible,Violates MAX_INTERVENTION_RATE
0.04,0.66,0.07375,0.925,0.00125,0.92625,0.9923664122137404,0.17543859649122806,611,1,51570.13,150.0,383.15,52103.28,Infeasible,Violates MAX_INTERVENTION_RATE
0.04,0.67,0.07375,0.925,0.00125,0.92625,0.9923664122137404,0.17543859649122806,611,1,51570.13,150.0,383.15,52103.28,Infeasible,Violates MAX_INTERVENTION_RATE
0.04,0.68,0.07375,0.925,0.00125,0.92625,0.9923664122137404,0.17543859649122806,611,1,51570.13,150.0,383.15,52103.28,Infeasible,Violates MAX_INTERVENTION_RATE
0.04,0.69,0.07375,0.92625,0.0,0.92625,0.9923664122137404,0.17543859649122806,611,1,51620.13,0.0,383.15,52003.28,Infeasible,Violates MAX_INTERVENTION_RATE
0.04,0.7,0.07375,0.92625,0.0,0.92625,0.9923664122137404,0.17543859649122806,611,1,51620.13,0.0,383.15,52003.28,Infeasible,Violates MAX_INTERVENTION_RATE
0.04,0.71,0.07375,0.92625,0.0,0.92625,0.9923664122137404,0.17543859649122806,611,1,51620.13,0.0,383.15,52003.28,Infeasible,Violates MAX_INTERVENTION_RATE
0.04,0.72,0.07375,0.92625,0.0,0.92625,0.9923664122137404,0.17543859649122806,611,1,51620.13,0.0,383.15,52003.28,Infeasible,Violates MAX_INTERVENTION_RATE
0.04,0.73,0.07375,0.92625,0.0,0.92625,0.9923664122137404,0.17543859649122806,611,1,51620.13,0.0,383.15,52003.28,Infeasible,Violates MAX_INTERVENTION_RATE
0.04,0.74,0.07375,0.92625,0.0,0.92625,0.9923664122137404,0.17543859649122806,611,1,51620.13,0.0,383.15,52003.28,Infeasible,Violates MAX_INTERVENTION_RATE
0.04,0.75,0.07375,0.92625,0.0,0.92625,0.9923664122137404,0.17543859649122806,611,1,51620.13,0.0,383.15,52003.28,Infeasible,Violates MAX_INTERVENTION_RATE
0.04,0.76,0.07375,0.92625,0.0,0.92625,0.9923664122137404,0.17543859649122806,611,1,51620.13,0.0,383.15,52003.28,Infeasible,Violates MAX_INTERVENTION_RATE
0.04,0.77,0.07375,0.92625,0.0,0.92625,0.9923664122137404,0.17543859649122806,611,1,51620.13,0.0,383.15,52003.28,Infeasible,Violates MAX_INTERVENTION_RATE
0.04,0.78,0.07375,0.92625,0.0,0.92625,0.9923664122137404,0.17543859649122806,611,1,51620.13,0.0,383.15,52003.28,Infeasible,Violates MAX_INTERVENTION_RATE
0.04,0.79,0.07375,0.92625,0.0,0.92625,0.9923664122137404,0.17543859649122806,611,1,51620.13,0.0,383.15,52003.28,Infeasible,Violates MAX_INTERVENTION_RATE
0.04,0.8,0.07375,0.92625,0.0,0.92625,0.9923664122137404,0.17543859649122806,611,1,51620.13,0.0,383.15,52003.28,Infeasible,Violates MAX_INTERVENTION_RATE
0.04,0.81,0.07375,0.92625,0.0,0.92625,0.9923664122137404,0.17543859649122806,611,1,51620.13,0.0,383.15,52003.28,Infeasible,Violates MAX_INTERVENTION_RATE
0.04,0.82,0.07375,0.92625,0.0,0.92625,0.9923664122137404,0.17543859649122806,611,1,51620.13,0.0,383.15,52003.28,Infeasible,Violates MAX_INTERVENTION_RATE
0.04,0.83,0.07375,0.92625,0.0,0.92625,0.9923664122137404,0.17543859649122806,611,1,51620.13,0.0,383.15,52003.28,Infeasible,Violates MAX_INTERVENTION_RATE
0.04,0.84,0.07375,0.92625,0.0,0.92625,0.9923664122137404,0.17543859649122806,611,1,51620.13,0.0,383.15,52003.28,Infeasible,Violates MAX_INTERVENTION_RATE
0.04,0.85,0.07375,0.92625,0.0,0.92625,0.9923664122137404,0.17543859649122806,611,1,51620.13,0.0,383.15,52003.28,Infeasible,Violates MAX_INTERVENTION_RATE
0.04,0.86,0.07375,0.92625,0.0,0.92625,0.9923664122137404,0.17543859649122806,611,1,51620.13,0.0,383.15,52003.28,Infeasible,Violates MAX_INTERVENTION_RATE
0.04,0.87,0.07375,0.92625,0.0,0.92625,0.9923664122137404,0.17543859649122806,611,1,51620.13,0.0,383.15,52003.28,Infeasible,Violates MAX_INTERVENTION_RATE
0.04,0.88,0.07375,0.92625,0.0,0.92625,0.9923664122137404,0.17543859649122806,611,1,51620.13,0.0,383.15,52003.28,Infeasible,Violates MAX_INTERVENTION_RATE
0.04,0.89,0.07375,0.92625,0.0,0.92625,0.9923664122137404,0.17543859649122806,611,1,51620.13,0.0,383.15,52003.28,Infeasible,Violates MAX_INTERVENTION_RATE
0.04,0.9,0.07375,0.92625,0.0,0.92625,0.9923664122137404,0.17543859649122806,611,1,51620.13,0.0,383.15,52003.28,Infeasible,Violates MAX_INTERVENTION_RATE
0.04,0.91,0.07375,0.92625,0.0,0.92625,0.9923664122137404,0.17543859649122806,611,1,51620.13,0.0,383.15,52003.28,Infeasible,Violates MAX_INTERVENTION_RATE
0.04,0.92,0.07375,0.92625,0.0,0.92625,0.9923664122137404,0.17543859649122806,611,1,51620.13,0.0,383.15,52003.28,Infeasible,Violates MAX_INTERVENTION_RATE
0.04,0.93,0.07375,0.92625,0.0,0.92625,0.9923664122137404,0.17543859649122806,611,1,51620.13,0.0,383.15,52003.28,Infeasible,Violates MAX_INTERVENTION_RATE
0.04,0.94,0.07375,0.92625,0.0,0.92625,0.9923664122137404,0.17543859649122806,611,1,51620.13,0.0,383.15,52003.28,Infeasible,Violates MAX_INTERVENTION_RATE
0.04,0.95,0.07375,0.92625,0.0,0.92625,0.9923664122137404,0.17543859649122806,611,1,51620.13,0.0,383.15,52003.28,Infeasible,Violates MAX_INTERVENTION_RATE
0.04,0.96,0.07375,0.92625,0.0,0.92625,0.9923664122137404,0.17543859649122806,611,1,51620.13,0.0,383.15,52003.28,Infeasible,Violates MAX_INTERVENTION_RATE
0.04,0.97,0.07375,0.92625,0.0,0.92625,0.9923664122137404,0.17543859649122806,611,1,51620.13,0.0,383.15,52003.28,Infeasible,Violates MAX_INTERVENTION_RATE
0.04,0.98,0.07375,0.92625,0.0,0.92625,0.9923664122137404,0.17543859649122806,611,1,51620.13,0.0,383.15,52003.28,Infeasible,Violates MAX_INTERVENTION_RATE
0.04,0.99,0.07375,0.92625,0.0,0.92625,0.9923664122137404,0.17543859649122806,611,1,51620.13,0.0,383.15,52003.28,Infeasible,Violates MAX_INTERVENTION_RATE
0.05,0.06,0.11875,0.04625,0.835,0.88125,0.9770992366412213,0.18156028368794327,577,3,2545.962,100200.0,3787.8500000000004,106533.812,Infeasible,Violates MAX_INTERVENTION_RATE
0.05,0.07,0.11875,0.09875,0.7825,0.88125,0.9770992366412213,0.18156028368794327,577,3,4784.927,93900.0,3787.8500000000004,102472.777,Infeasible,Violates MAX_INTERVENTION_RATE
0.05,0.08,0.11875,0.16125,0.72,0.88125,0.9770992366412213,0.18156028368794327,577,3,7887.257,86400.0,3787.8500000000004,98075.107,Infeasible,Violates MAX_INTERVENTION_RATE
0.05,0.09,0.11875,0.215,0.66625,0.88125,0.9770992366412213,0.18156028368794327,577,3,10807.031,79950.0,3787.8500000000004,94544.881,Infeasible,Violates MAX_INTERVENTION_RATE
0.05,0.1,0.11875,0.285,0.59625,0.88125,0.9770992366412213,0.18156028368794327,577,3,14783.425,71550.0,3787.8500000000004,90121.275,Infeasible,Violates MAX_INTERVENTION_RATE
0.05,0.11,0.11875,0.34375,0.5375,0.88125,0.9770992366412213,0.18156028368794327,577,3,17378.798000000003,64500.0,3787.8500000000004,85666.648,Infeasible,Violates MAX_INTERVENTION_RATE
0.05,0.12,0.11875,0.4,0.48125,0.88125,0.9770992366412213,0.18156028368794327,577,3,20613.281,57750.0,3787.8500000000004,82151.131,Infeasible,Violates MAX_INTERVENTION_RATE
0.05,0.13,0.11875,0.44,0.44125,0.88125,0.9770992366412213,0.18156028368794327,577,3,22349.961,52950.0,3787.8500000000004,79087.811,Infeasible,Violates MAX_INTERVENTION_RATE
0.05,0.14,0.11875,0.47375,0.4075,0.88125,0.9770992366412213,0.18156028368794327,577,3,23961.44,48900.0,3787.8500000000004,76649.29000000001,Infeasible,Violates MAX_INTERVENTION_RATE
0.05,0.15,0.11875,0.51375,0.3675,0.88125,0.9770992366412213,0.18156028368794327,577,3,26260.650999999998,44100.0,3787.8500000000004,74148.50099999999,Infeasible,Violates MAX_INTERVENTION_RATE
0.05,0.16,0.11875,0.54375,0.3375,0.88125,0.9770992366412213,0.18156028368794327,577,3,28015.124,40500.0,3787.8500000000004,72302.974,Infeasible,Violates MAX_INTERVENTION_RATE
0.05,0.17,0.11875,0.565,0.31625,0.88125,0.9770992366412213,0.18156028368794327,577,3,29575.761,37950.0,3787.8500000000004,71313.611,Infeasible,Violates MAX_INTERVENTION_RATE
0.05,0.18,0.11875,0.5825,0.29875,0.88125,0.9770992366412213,0.18156028368794327,577,3,30541.222999999998,35850.0,3787.8500000000004,70179.073,Infeasible,Violates MAX_INTERVENTION_RATE
0.05,0.19,0.11875,0.60625,0.275,0.88125,0.9770992366412213,0.18156028368794327,577,3,31580.059999999998,33000.0,3787.8500000000004,68367.91,Infeasible,Violates MAX_INTERVENTION_RATE
0.05,0.2,0.11875,0.635,0.24625,0.88125,0.9770992366412213,0.18156028368794327,577,3,32831.476,29550.0,3787.8500000000004,66169.326,Infeasible,Violates MAX_INTERVENTION_RATE
0.05,0.21,0.11875,0.655,0.22625,0.88125,0.9770992366412213,0.18156028368794327,577,3,34470.36,27150.0,3787.8500000000004,65408.21,Infeasible,Violates MAX_INTERVENTION_RATE
0.05,0.22,0.11875,0.6675,0.21375,0.88125,0.9770992366412213,0.18156028368794327,577,3,35345.737,25650.0,3787.8500000000004,64783.587,Infeasible,Violates MAX_INTERVENTION_RATE
0.05,0.23,0.11875,0.67875,0.2025,0.88125,0.9770992366412213,0.18156028368794327,577,3,35956.18,24300.0,3787.8500000000004,64044.03,Infeasible,Violates MAX_INTERVENTION_RATE
0.05,0.24,0.11875,0.6925,0.18875,0.88125,0.9770992366412213,0.18156028368794327,577,3,36643.38,22650.0,3787.8500000000004,63081.229999999996,Infeasible,Violates MAX_INTERVENTION_RATE
0.05,0.25,0.11875,0.70125,0.18,0.88125,0.9770992366412213,0.18156028368794327,577,3,37230.44,21600.0,3787.8500000000004,62618.29,Infeasible,Violates MAX_INTERVENTION_RATE
0.05,0.26,0.11875,0.70625,0.175,0.88125,0.9770992366412213,0.18156028368794327,577,3,37430.44,21000.0,3787.8500000000004,62218.29,Infeasible,Violates MAX_INTERVENTION_RATE
0.05,0.27,0.11875,0.715,0.16625,0.88125,0.9770992366412213,0.18156028368794327,577,3,37856.537,19950.0,3787.8500000000004,61594.386999999995,Infeasible,Violates MAX_INTERVENTION_RATE
0.05,0.28,0.11875,0.72125,0.16,0.88125,0.9770992366412213,0.18156028368794327,577,3,38136.869,19200.0,3787.8500000000004,61124.719,Infeasible,Violates MAX_INTERVENTION_RATE
0.05,0.29,0.11875,0.7325,0.14875,0.88125,0.9770992366412213,0.18156028368794327,577,3,38645.797,17850.0,3787.8500000000004,60283.647,Infeasible,Violates MAX_INTERVENTION_RATE
0.05,0.3,0.11875,0.74375,0.1375,0.88125,0.9770992366412213,0.18156028368794327,577,3,39523.14,16500.0,3787.8500000000004,59810.99,Infeasible,Violates MAX_INTERVENTION_RATE
0.05,0.31,0.11875,0.7575,0.12375,0.88125,0.9770992366412213,0.18156028368794327,577,3,40551.012,14850.0,3787.8500000000004,59188.862,Infeasible,Violates MAX_INTERVENTION_RATE
0.05,0.32,0.11875,0.77375,0.1075,0.88125,0.9770992366412213,0.18156028368794327,577,3,41308.97,12900.0,3787.8500000000004,57996.82,Infeasible,Violates MAX_INTERVENTION_RATE
0.05,0.33,0.11875,0.78,0.10125,0.88125,0.9770992366412213,0.18156028368794327,577,3,41583.617,12150.0,3787.8500000000004,57521.467,Infeasible,Violates MAX_INTERVENTION_RATE
0.05,0.34,0.11875,0.79125,0.09,0.88125,0.9770992366412213,0.18156028368794327,577,3,42355.061,10800.0,3787.8500000000004,56942.911,Infeasible,Violates MAX_INTERVENTION_RATE
0.05,0.35,0.11875,0.795,0.08625,0.88125,0.9770992366412213,0.18156028368794327,577,3,42554.945,10350.0,3787.8500000000004,56692.795,Infeasible,Violates MAX_INTERVENTION_RATE
0.05,0.36,0.11875,0.8025,0.07875,0.88125,0.9770992366412213,0.18156028368794327,577,3,43035.252,9450.0,3787.8500000000004,56273.102,Infeasible,Violates MAX_INTERVENTION_RATE
0.05,0.37,0.11875,0.8075,0.07375,0.88125,0.9770992366412213,0.18156028368794327,577,3,43752.447,8850.0,3787.8500000000004,56390.297,Infeasible,Violates MAX_INTERVENTION_RATE
0.05,0.38,0.11875,0.81,0.07125,0.88125,0.9770992366412213,0.18156028368794327,577,3,43852.447,8550.0,3787.8500000000004,56190.297,Infeasible,Violates MAX_INTERVENTION_RATE
0.05,0.39,0.11875,0.81625,0.065,0.88125,0.9770992366412213,0.18156028368794327,577,3,44102.447,7800.0,3787.8500000000004,55690.297,Infeasible,Violates MAX_INTERVENTION_RATE
0.05,0.4,0.11875,0.82625,0.055,0.88125,0.9770992366412213,0.18156028368794327,577,3,44818.770000000004,6600.0,3787.8500000000004,55206.62,Infeasible,Violates MAX_INTERVENTION_RATE
0.05,0.41,0.11875,0.8325,0.04875,0.88125,0.9770992366412213,0.18156028368794327,577,3,45245.21,5850.0,3787.8500000000004,54883.06,Infeasible,Violates MAX_INTERVENTION_RATE
0.05,0.42,0.11875,0.8375,0.04375,0.88125,0.9770992366412213,0.18156028368794327,577,3,45646.159,5250.0,3787.8500000000004,54684.009,Infeasible,Violates MAX_INTERVENTION_RATE
0.05,0.43,0.11875,0.84125,0.04,0.88125,0.9770992366412213,0.18156028368794327,577,3,45796.159,4800.0,3787.8500000000004,54384.009,Infeasible,Violates MAX_INTERVENTION_RATE
0.05,0.44,0.11875,0.84125,0.04,0.88125,0.9770992366412213,0.18156028368794327,577,3,45796.159,4800.0,3787.8500000000004,54384.009,Infeasible,Violates MAX_INTERVENTION_RATE
0.05,0.45,0.11875,0.84625,0.035,0.88125,0.9770992366412213,0.18156028368794327,577,3,45996.159,4200.0,3787.8500000000004,53984.009,Infeasible,Violates MAX_INTERVENTION_RATE
0.05,0.46,0.11875,0.84875,0.0325,0.88125,0.9770992366412213,0.18156028368794327,577,3,46233.18,3900.0,3787.8500000000004,53921.03,Infeasible,Violates MAX_INTERVENTION_RATE
0.05,0.47,0.11875,0.85375,0.0275,0.88125,0.9770992366412213,0.18156028368794327,577,3,46973.585,3300.0,3787.8500000000004,54061.435,Infeasible,Violates MAX_INTERVENTION_RATE
0.05,0.48,0.11875,0.855,0.02625,0.88125,0.9770992366412213,0.18156028368794327,577,3,47045.613,3150.0,3787.8500000000004,53983.462999999996,Infeasible,Violates MAX_INTERVENTION_RATE
0.05,0.49,0.11875,0.85875,0.0225,0.88125,0.9770992366412213,0.18156028368794327,577,3,47514.047999999995,2700.0,3787.8500000000004,54001.897999999994,Infeasible,Violates MAX_INTERVENTION_RATE
0.05,0.5,0.11875,0.86125,0.02,0.88125,0.9770992366412213,0.18156028368794327,577,3,47729.742,2400.0,3787.8500000000004,53917.592,Infeasible,Violates MAX_INTERVENTION_RATE
0.05,0.51,0.11875,0.86375,0.0175,0.88125,0.9770992366412213,0.18156028368794327,577,3,48054.011,2100.0,3787.8500000000004,53941.861,Infeasible,Violates MAX_INTERVENTION_RATE
0.05,0.52,0.11875,0.8675,0.01375,0.88125,0.9770992366412213,0.18156028368794327,577,3,48351.520000000004,1650.0,3787.8500000000004,53789.37,Infeasible,Violates MAX_INTERVENTION_RATE
0.05,0.53,0.11875,0.8675,0.01375,0.88125,0.9770992366412213,0.18156028368794327,577,3,48351.520000000004,1650.0,3787.8500000000004,53789.37,Infeasible,Violates MAX_INTERVENTION_RATE
0.05,0.54,0.11875,0.86875,0.0125,0.88125,0.9770992366412213,0.18156028368794327,577,3,48466.04,1500.0,3787.8500000000004,53753.89,Infeasible,Violates MAX_INTERVENTION_RATE
0.05,0.55,0.11875,0.87125,0.01,0.88125,0.9770992366412213,0.18156028368794327,577,3,48759.647000000004,1200.0,3787.8500000000004,53747.497,Infeasible,Violates MAX_INTERVENTION_RATE
0.05,0.56,0.11875,0.8725,0.00875,0.88125,0.9770992366412213,0.18156028368794327,577,3,48809.647000000004,1050.0,3787.8500000000004,53647.497,Infeasible,Violates MAX_INTERVENTION_RATE
0.05,0.57,0.11875,0.87375,0.0075,0.88125,0.9770992366412213,0.18156028368794327,577,3,48887.598,900.0,3787.8500000000004,53575.448,Infeasible,Violates MAX_INTERVENTION_RATE
0.05,0.58,0.11875,0.875,0.00625,0.88125,0.9770992366412213,0.18156028368794327,577,3,48937.598,750.0,3787.8500000000004,53475.448,Infeasible,Violates MAX_INTERVENTION_RATE
0.05,0.59,0.11875,0.875,0.00625,0.88125,0.9770992366412213,0.18156028368794327,577,3,48937.598,750.0,3787.8500000000004,53475.448,Infeasible,Violates MAX_INTERVENTION_RATE
0.05,0.6,0.11875,0.87625,0.005,0.88125,0.9770992366412213,0.18156028368794327,577,3,49069.588,600.0,3787.8500000000004,53457.438,Infeasible,Violates MAX_INTERVENTION_RATE
0.05,0.61,0.11875,0.87625,0.005,0.88125,0.9770992366412213,0.18156028368794327,577,3,49069.588,600.0,3787.8500000000004,53457.438,Infeasible,Violates MAX_INTERVENTION_RATE
0.05,0.62,0.11875,0.87625,0.005,0.88125,0.9770992366412213,0.18156028368794327,577,3,49069.588,600.0,3787.8500000000004,53457.438,Infeasible,Violates MAX_INTERVENTION_RATE
0.05,0.63,0.11875,0.87875,0.0025,0.88125,0.9770992366412213,0.18156028368794327,577,3,49307.043000000005,300.0,3787.8500000000004,53394.893000000004,Infeasible,Violates MAX_INTERVENTION_RATE
0.05,0.64,0.11875,0.88,0.00125,0.88125,0.9770992366412213,0.18156028368794327,577,3,49429.66,150.0,3787.8500000000004,53367.51,Infeasible,Violates MAX_INTERVENTION_RATE
0.05,0.65,0.11875,0.88,0.00125,0.88125,0.9770992366412213,0.18156028368794327,577,3,49429.66,150.0,3787.8500000000004,53367.51,Infeasible,Violates MAX_INTERVENTION_RATE
0.05,0.66,0.11875,0.88,0.00125,0.88125,0.9770992366412213,0.18156028368794327,577,3,49429.66,150.0,3787.8500000000004,53367.51,Infeasible,Violates MAX_INTERVENTION_RATE
0.05,0.67,0.11875,0.88,0.00125,0.88125,0.9770992366412213,0.18156028368794327,577,3,49429.66,150.0,3787.8500000000004,53367.51,Infeasible,Violates MAX_INTERVENTION_RATE
0.05,0.68,0.11875,0.88,0.00125,0.88125,0.9770992366412213,0.18156028368794327,577,3,49429.66,150.0,3787.8500000000004,53367.51,Infeasible,Violates MAX_INTERVENTION_RATE
0.05,0.69,0.11875,0.88125,0.0,0.88125,0.9770992366412213,0.18156028368794327,577,3,49479.66,0.0,3787.8500000000004,53267.51,Infeasible,Violates MAX_INTERVENTION_RATE
0.05,0.7,0.11875,0.88125,0.0,0.88125,0.9770992366412213,0.18156028368794327,577,3,49479.66,0.0,3787.8500000000004,53267.51,Infeasible,Violates MAX_INTERVENTION_RATE
0.05,0.71,0.11875,0.88125,0.0,0.88125,0.9770992366412213,0.18156028368794327,577,3,49479.66,0.0,3787.8500000000004,53267.51,Infeasible,Violates MAX_INTERVENTION_RATE
0.05,0.72,0.11875,0.88125,0.0,0.88125,0.9770992366412213,0.18156028368794327,577,3,49479.66,0.0,3787.8500000000004,53267.51,Infeasible,Violates MAX_INTERVENTION_RATE
0.05,0.73,0.11875,0.88125,0.0,0.88125,0.9770992366412213,0.18156028368794327,577,3,49479.66,0.0,3787.8500000000004,53267.51,Infeasible,Violates MAX_INTERVENTION_RATE
0.05,0.74,0.11875,0.88125,0.0,0.88125,0.9770992366412213,0.18156028368794327,577,3,49479.66,0.0,3787.8500000000004,53267.51,Infeasible,Violates MAX_INTERVENTION_RATE
0.05,0.75,0.11875,0.88125,0.0,0.88125,0.9770992366412213,0.18156028368794327,577,3,49479.66,0.0,3787.8500000000004,53267.51,Infeasible,Violates MAX_INTERVENTION_RATE
0.05,0.76,0.11875,0.88125,0.0,0.88125,0.9770992366412213,0.18156028368794327,577,3,49479.66,0.0,3787.8500000000004,53267.51,Infeasible,Violates MAX_INTERVENTION_RATE
0.05,0.77,0.11875,0.88125,0.0,0.88125,0.9770992366412213,0.18156028368794327,577,3,49479.66,0.0,3787.8500000000004,53267.51,Infeasible,Violates MAX_INTERVENTION_RATE
0.05,0.78,0.11875,0.88125,0.0,0.88125,0.9770992366412213,0.18156028368794327,577,3,49479.66,0.0,3787.8500000000004,53267.51,Infeasible,Violates MAX_INTERVENTION_RATE
0.05,0.79,0.11875,0.88125,0.0,0.88125,0.9770992366412213,0.18156028368794327,577,3,49479.66,0.0,3787.8500000000004,53267.51,Infeasible,Violates MAX_INTERVENTION_RATE
0.05,0.8,0.11875,0.88125,0.0,0.88125,0.9770992366412213,0.18156028368794327,577,3,49479.66,0.0,3787.8500000000004,53267.51,Infeasible,Violates MAX_INTERVENTION_RATE
0.05,0.81,0.11875,0.88125,0.0,0.88125,0.9770992366412213,0.18156028368794327,577,3,49479.66,0.0,3787.8500000000004,53267.51,Infeasible,Violates MAX_INTERVENTION_RATE
0.05,0.82,0.11875,0.88125,0.0,0.88125,0.9770992366412213,0.18156028368794327,577,3,49479.66,0.0,3787.8500000000004,53267.51,Infeasible,Violates MAX_INTERVENTION_RATE
0.05,0.83,0.11875,0.88125,0.0,0.88125,0.9770992366412213,0.18156028368794327,577,3,49479.66,0.0,3787.8500000000004,53267.51,Infeasible,Violates MAX_INTERVENTION_RATE
0.05,0.84,0.11875,0.88125,0.0,0.88125,0.9770992366412213,0.18156028368794327,577,3,49479.66,0.0,3787.8500000000004,53267.51,Infeasible,Violates MAX_INTERVENTION_RATE
0.05,0.85,0.11875,0.88125,0.0,0.88125,0.9770992366412213,0.18156028368794327,577,3,49479.66,0.0,3787.8500000000004,53267.51,Infeasible,Violates MAX_INTERVENTION_RATE
0.05,0.86,0.11875,0.88125,0.0,0.88125,0.9770992366412213,0.18156028368794327,577,3,49479.66,0.0,3787.8500000000004,53267.51,Infeasible,Violates MAX_INTERVENTION_RATE
0.05,0.87,0.11875,0.88125,0.0,0.88125,0.9770992366412213,0.18156028368794327,577,3,49479.66,0.0,3787.8500000000004,53267.51,Infeasible,Violates MAX_INTERVENTION_RATE
0.05,0.88,0.11875,0.88125,0.0,0.88125,0.9770992366412213,0.18156028368794327,577,3,49479.66,0.0,3787.8500000000004,53267.51,Infeasible,Violates MAX_INTERVENTION_RATE
0.05,0.89,0.11875,0.88125,0.0,0.88125,0.9770992366412213,0.18156028368794327,577,3,49479.66,0.0,3787.8500000000004,53267.51,Infeasible,Violates MAX_INTERVENTION_RATE
0.05,0.9,0.11875,0.88125,0.0,0.88125,0.9770992366412213,0.18156028368794327,577,3,49479.66,0.0,3787.8500000000004,53267.51,Infeasible,Violates MAX_INTERVENTION_RATE
0.05,0.91,0.11875,0.88125,0.0,0.88125,0.9770992366412213,0.18156028368794327,577,3,49479.66,0.0,3787.8500000000004,53267.51,Infeasible,Violates MAX_INTERVENTION_RATE
0.05,0.92,0.11875,0.88125,0.0,0.88125,0.9770992366412213,0.18156028368794327,577,3,49479.66,0.0,3787.8500000000004,53267.51,Infeasible,Violates MAX_INTERVENTION_RATE
0.05,0.93,0.11875,0.88125,0.0,0.88125,0.9770992366412213,0.18156028368794327,577,3,49479.66,0.0,3787.8500000000004,53267.51,Infeasible,Violates MAX_INTERVENTION_RATE
0.05,0.94,0.11875,0.88125,0.0,0.88125,0.9770992366412213,0.18156028368794327,577,3,49479.66,0.0,3787.8500000000004,53267.51,Infeasible,Violates MAX_INTERVENTION_RATE
0.05,0.95,0.11875,0.88125,0.0,0.88125,0.9770992366412213,0.18156028368794327,577,3,49479.66,0.0,3787.8500000000004,53267.51,Infeasible,Violates MAX_INTERVENTION_RATE
0.05,0.96,0.11875,0.88125,0.0,0.88125,0.9770992366412213,0.18156028368794327,577,3,49479.66,0.0,3787.8500000000004,53267.51,Infeasible,Violates MAX_INTERVENTION_RATE
0.05,0.97,0.11875,0.88125,0.0,0.88125,0.9770992366412213,0.18156028368794327,577,3,49479.66,0.0,3787.8500000000004,53267.51,Infeasible,Violates MAX_INTERVENTION_RATE
0.05,0.98,0.11875,0.88125,0.0,0.88125,0.9770992366412213,0.18156028368794327,577,3,49479.66,0.0,3787.8500000000004,53267.51,Infeasible,Violates MAX_INTERVENTION_RATE
0.05,0.99,0.11875,0.88125,0.0,0.88125,0.9770992366412213,0.18156028368794327,577,3,49479.66,0.0,3787.8500000000004,53267.51,Infeasible,Violates MAX_INTERVENTION_RATE
0.06,0.07,0.165,0.0525,0.7825,0.835,0.9465648854961832,0.18562874251497005,544,7,2238.965,93900.0,10747.47,106886.435,Infeasible,Violates MAX_INTERVENTION_RATE
0.06,0.08,0.165,0.115,0.72,0.835,0.9465648854961832,0.18562874251497005,544,7,5341.295,86400.0,10747.47,102488.765,Infeasible,Violates MAX_INTERVENTION_RATE
0.06,0.09,0.165,0.16875,0.66625,0.835,0.9465648854961832,0.18562874251497005,544,7,8261.069,79950.0,10747.47,98958.53899999999,Infeasible,Violates MAX_INTERVENTION_RATE
0.06,0.1,0.165,0.23875,0.59625,0.835,0.9465648854961832,0.18562874251497005,544,7,12237.463,71550.0,10747.47,94534.93299999999,Infeasible,Violates MAX_INTERVENTION_RATE
0.06,0.11,0.165,0.2975,0.5375,0.835,0.9465648854961832,0.18562874251497005,544,7,14832.836,64500.0,10747.47,90080.306,Infeasible,Violates MAX_INTERVENTION_RATE
0.06,0.12,0.165,0.35375,0.48125,0.835,0.9465648854961832,0.18562874251497005,544,7,18067.319,57750.0,10747.47,86564.78899999999,Infeasible,Violates MAX_INTERVENTION_RATE
0.06,0.13,0.165,0.39375,0.44125,0.835,0.9465648854961832,0.18562874251497005,544,7,19803.999,52950.0,10747.47,83501.469,Infeasible,Violates MAX_INTERVENTION_RATE
0.06,0.14,0.165,0.4275,0.4075,0.835,0.9465648854961832,0.18562874251497005,544,7,21415.478,48900.0,10747.47,81062.948,Infeasible,Violates MAX_INTERVENTION_RATE
0.06,0.15,0.165,0.4675,0.3675,0.835,0.9465648854961832,0.18562874251497005,544,7,23714.689,44100.0,10747.47,78562.159,Infeasible,Violates MAX_INTERVENTION_RATE
0.06,0.16,0.165,0.4975,0.3375,0.835,0.9465648854961832,0.18562874251497005,544,7,25469.162,40500.0,10747.47,76716.632,Infeasible,Violates MAX_INTERVENTION_RATE
0.06,0.17,0.165,0.51875,0.31625,0.835,0.9465648854961832,0.18562874251497005,544,7,27029.799,37950.0,10747.47,75727.269,Infeasible,Violates MAX_INTERVENTION_RATE
0.06,0.18,0.165,0.53625,0.29875,0.835,0.9465648854961832,0.18562874251497005,544,7,27995.261,35850.0,10747.47,74592.731,Infeasible,Violates MAX_INTERVENTION_RATE
0.06,0.19,0.165,0.56,0.275,0.835,0.9465648854961832,0.18562874251497005,544,7,29034.097999999998,33000.0,10747.47,72781.568,Infeasible,Violates MAX_INTERVENTION_RATE
0.06,0.2,0.165,0.58875,0.24625,0.835,0.9465648854961832,0.18562874251497005,544,7,30285.514,29550.0,10747.47,70582.984,Infeasible,Violates MAX_INTERVENTION_RATE
0.06,0.21,0.165,0.60875,0.22625,0.835,0.9465648854961832,0.18562874251497005,544,7,31924.398,27150.0,10747.47,69821.868,Infeasible,Violates MAX_INTERVENTION_RATE
0.06,0.22,0.165,0.62125,0.21375,0.835,0.9465648854961832,0.18562874251497005,544,7,32799.775,25650.0,10747.47,69197.245,Infeasible,Violates MAX_INTERVENTION_RATE
0.06,0.23,0.165,0.6325,0.2025,0.835,0.9465648854961832,0.18562874251497005,544,7,33410.218,24300.0,10747.47,68457.688,Infeasible,Violates MAX_INTERVENTION_RATE
0.06,0.24,0.165,0.64625,0.18875,0.835,0.9465648854961832,0.18562874251497005,544,7,34097.418,22650.0,10747.47,67494.888,Infeasible,Violates MAX_INTERVENTION_RATE
0.06,0.25,0.165,0.655,0.18,0.835,0.9465648854961832,0.18562874251497005,544,7,34684.478,21600.0,10747.47,67031.948,Infeasible,Violates MAX_INTERVENTION_RATE
0.06,0.26,0.165,0.66,0.175,0.835,0.9465648854961832,0.18562874251497005,544,7,34884.478,21000.0,10747.47,66631.948,Infeasible,Violates MAX_INTERVENTION_RATE
0.06,0.27,0.165,0.66875,0.16625,0.835,0.9465648854961832,0.18562874251497005,544,7,35310.575,19950.0,10747.47,66008.045,Infeasible,Violates MAX_INTERVENTION_RATE
0.06,0.28,0.165,0.675,0.16,0.835,0.9465648854961832,0.18562874251497005,544,7,35590.907,19200.0,10747.47,65538.37700000001,Infeasible,Violates MAX_INTERVENTION_RATE
0.06,0.29,0.165,0.68625,0.14875,0.835,0.9465648854961832,0.18562874251497005,544,7,36099.835,17850.0,10747.47,64697.305,Infeasible,Violates MAX_INTERVENTION_RATE
0.06,0.3,0.165,0.6975,0.1375,0.835,0.9465648854961832,0.18562874251497005,544,7,36977.178,16500.0,10747.47,64224.648,Infeasible,Violates MAX_INTERVENTION_RATE
0.06,0.31,0.165,0.71125,0.12375,0.835,0.9465648854961832,0.18562874251497005,544,7,38005.05,14850.0,10747.47,63602.520000000004,Infeasible,Violates MAX_INTERVENTION_RATE
0.06,0.32,0.165,0.7275,0.1075,0.835,0.9465648854961832,0.18562874251497005,544,7,38763.008,12900.0,10747.47,62410.478,Infeasible,Violates MAX_INTERVENTION_RATE
0.06,0.33,0.165,0.73375,0.10125,0.835,0.9465648854961832,0.18562874251497005,544,7,39037.655,12150.0,10747.47,61935.125,Infeasible,Violates MAX_INTERVENTION_RATE
0.06,0.34,0.165,0.745,0.09,0.835,0.9465648854961832,0.18562874251497005,544,7,39809.099,10800.0,10747.47,61356.569,Infeasible,Violates MAX_INTERVENTION_RATE
0.06,0.35,0.165,0.74875,0.08625,0.835,0.9465648854961832,0.18562874251497005,544,7,40008.983,10350.0,10747.47,61106.453,Infeasible,Violates MAX_INTERVENTION_RATE
0.06,0.36,0.165,0.75625,0.07875,0.835,0.9465648854961832,0.18562874251497005,544,7,40489.29,9450.0,10747.47,60686.76,Infeasible,Violates MAX_INTERVENTION_RATE
0.06,0.37,0.165,0.76125,0.07375,0.835,0.9465648854961832,0.18562874251497005,544,7,41206.485,8850.0,10747.47,60803.955,Infeasible,Violates MAX_INTERVENTION_RATE
0.06,0.38,0.165,0.76375,0.07125,0.835,0.9465648854961832,0.18562874251497005,544,7,41306.485,8550.0,10747.47,60603.955,Infeasible,Violates MAX_INTERVENTION_RATE
0.06,0.39,0.165,0.77,0.065,0.835,0.9465648854961832,0.18562874251497005,544,7,41556.485,7800.0,10747.47,60103.955,Infeasible,Violates MAX_INTERVENTION_RATE
0.06,0.4,0.165,0.78,0.055,0.835,0.9465648854961832,0.18562874251497005,544,7,42272.808,6600.0,10747.47,59620.278,Infeasible,Violates MAX_INTERVENTION_RATE
0.06,0.41,0.165,0.78625,0.04875,0.835,0.9465648854961832,0.18562874251497005,544,7,42699.248,5850.0,10747.47,59296.718,Infeasible,Violates MAX_INTERVENTION_RATE
0.06,0.42,0.165,0.79125,0.04375,0.835,0.9465648854961832,0.18562874251497005,544,7,43100.197,5250.0,10747.47,59097.667,Infeasible,Violates MAX_INTERVENTION_RATE
0.06,0.43,0.165,0.795,0.04,0.835,0.9465648854961832,0.18562874251497005,544,7,43250.197,4800.0,10747.47,58797.667,Infeasible,Violates MAX_INTERVENTION_RATE
0.06,0.44,0.165,0.795,0.04,0.835,0.9465648854961832,0.18562874251497005,544,7,43250.197,4800.0,10747.47,58797.667,Infeasible,Violates MAX_INTERVENTION_RATE
0.06,0.45,0.165,0.8,0.035,0.835,0.9465648854961832,0.18562874251497005,544,7,43450.197,4200.0,10747.47,58397.667,Infeasible,Violates MAX_INTERVENTION_RATE
0.06,0.46,0.165,0.8025,0.0325,0.835,0.9465648854961832,0.18562874251497005,544,7,43687.218,3900.0,10747.47,58334.688,Infeasible,Violates MAX_INTERVENTION_RATE
0.06,0.47,0.165,0.8075,0.0275,0.835,0.9465648854961832,0.18562874251497005,544,7,44427.623,3300.0,10747.47,58475.093,Infeasible,Violates MAX_INTERVENTION_RATE
0.06,0.48,0.165,0.80875,0.02625,0.835,0.9465648854961832,0.18562874251497005,544,7,44499.651,3150.0,10747.47,58397.121,Infeasible,Violates MAX_INTERVENTION_RATE
0.06,0.49,0.165,0.8125,0.0225,0.835,0.9465648854961832,0.18562874251497005,544,7,44968.086,2700.0,10747.47,58415.556000000004,Infeasible,Violates MAX_INTERVENTION_RATE
0.06,0.5,0.165,0.815,0.02,0.835,0.9465648854961832,0.18562874251497005,544,7,45183.78,2400.0,10747.47,58331.25,Infeasible,Violates MAX_INTERVENTION_RATE
0.06,0.51,0.165,0.8175,0.0175,0.835,0.9465648854961832,0.18562874251497005,544,7,45508.049,2100.0,10747.47,58355.519,Infeasible,Violates MAX_INTERVENTION_RATE
0.06,0.52,0.165,0.82125,0.01375,0.835,0.9465648854961832,0.18562874251497005,544,7,45805.558000000005,1650.0,10747.47,58203.028000000006,Infeasible,Violates MAX_INTERVENTION_RATE
0.06,0.53,0.165,0.82125,0.01375,0.835,0.9465648854961832,0.18562874251497005,544,7,45805.558000000005,1650.0,10747.47,58203.028000000006,Infeasible,Violates MAX_INTERVENTION_RATE
0.06,0.54,0.165,0.8225,0.0125,0.835,0.9465648854961832,0.18562874251497005,544,7,45920.078,1500.0,10747.47,58167.548,Infeasible,Violates MAX_INTERVENTION_RATE
0.06,0.55,0.165,0.825,0.01,0.835,0.9465648854961832,0.18562874251497005,544,7,46213.685,1200.0,10747.47,58161.155,Infeasible,Violates MAX_INTERVENTION_RATE
0.06,0.56,0.165,0.82625,0.00875,0.835,0.9465648854961832,0.18562874251497005,544,7,46263.685,1050.0,10747.47,58061.155,Infeasible,Violates MAX_INTERVENTION_RATE
0.06,0.57,0.165,0.8275,0.0075,0.835,0.9465648854961832,0.18562874251497005,544,7,46341.636,900.0,10747.47,57989.106,Infeasible,Violates MAX_INTERVENTION_RATE
0.06,0.58,0.165,0.82875,0.00625,0.835,0.9465648854961832,0.18562874251497005,544,7,46391.636,750.0,10747.47,57889.106,Infeasible,Violates MAX_INTERVENTION_RATE
0.06,0.59,0.165,0.82875,0.00625,0.835,0.9465648854961832,0.18562874251497005,544,7,46391.636,750.0,10747.47,57889.106,Infeasible,Violates MAX_INTERVENTION_RATE
0.06,0.6,0.165,0.83,0.005,0.835,0.9465648854961832,0.18562874251497005,544,7,46523.626000000004,600.0,10747.47,57871.096000000005,Infeasible,Violates MAX_INTERVENTION_RATE
0.06,0.61,0.165,0.83,0.005,0.835,0.9465648854961832,0.18562874251497005,544,7,46523.626000000004,600.0,10747.47,57871.096000000005,Infeasible,Violates MAX_INTERVENTION_RATE
0.06,0.62,0.165,0.83,0.005,0.835,0.9465648854961832,0.18562874251497005,544,7,46523.626000000004,600.0,10747.47,57871.096000000005,Infeasible,Violates MAX_INTERVENTION_RATE
0.06,0.63,0.165,0.8325,0.0025,0.835,0.9465648854961832,0.18562874251497005,544,7,46761.081,300.0,10747.47,57808.551,Infeasible,Violates MAX_INTERVENTION_RATE
0.06,0.64,0.165,0.83375,0.00125,0.835,0.9465648854961832,0.18562874251497005,544,7,46883.698000000004,150.0,10747.47,57781.168000000005,Infeasible,Violates MAX_INTERVENTION_RATE
0.06,0.65,0.165,0.83375,0.00125,0.835,0.9465648854961832,0.18562874251497005,544,7,46883.698000000004,150.0,10747.47,57781.168000000005,Infeasible,Violates MAX_INTERVENTION_RATE
0.06,0.66,0.165,0.83375,0.00125,0.835,0.9465648854961832,0.18562874251497005,544,7,46883.698000000004,150.0,10747.47,57781.168000000005,Infeasible,Violates MAX_INTERVENTION_RATE
0.06,0.67,0.165,0.83375,0.00125,0.835,0.9465648854961832,0.18562874251497005,544,7,46883.698000000004,150.0,10747.47,57781.168000000005,Infeasible,Violates MAX_INTERVENTION_RATE
0.06,0.68,0.165,0.83375,0.00125,0.835,0.9465648854961832,0.18562874251497005,544,7,46883.698000000004,150.0,10747.47,57781.168000000005,Infeasible,Violates MAX_INTERVENTION_RATE
0.06,0.69,0.165,0.835,0.0,0.835,0.9465648854961832,0.18562874251497005,544,7,46933.698000000004,0.0,10747.47,57681.168000000005,Infeasible,Violates MAX_INTERVENTION_RATE
0.06,0.7,0.165,0.835,0.0,0.835,0.9465648854961832,0.18562874251497005,544,7,46933.698000000004,0.0,10747.47,57681.168000000005,Infeasible,Violates MAX_INTERVENTION_RATE
0.06,0.71,0.165,0.835,0.0,0.835,0.9465648854961832,0.18562874251497005,544,7,46933.698000000004,0.0,10747.47,57681.168000000005,Infeasible,Violates MAX_INTERVENTION_RATE
0.06,0.72,0.165,0.835,0.0,0.835,0.9465648854961832,0.18562874251497005,544,7,46933.698000000004,0.0,10747.47,57681.168000000005,Infeasible,Violates MAX_INTERVENTION_RATE
0.06,0.73,0.165,0.835,0.0,0.835,0.9465648854961832,0.18562874251497005,544,7,46933.698000000004,0.0,10747.47,57681.168000000005,Infeasible,Violates MAX_INTERVENTION_RATE
0.06,0.74,0.165,0.835,0.0,0.835,0.9465648854961832,0.18562874251497005,544,7,46933.698000000004,0.0,10747.47,57681.168000000005,Infeasible,Violates MAX_INTERVENTION_RATE
0.06,0.75,0.165,0.835,0.0,0.835,0.9465648854961832,0.18562874251497005,544,7,46933.698000000004,0.0,10747.47,57681.168000000005,Infeasible,Violates MAX_INTERVENTION_RATE
0.06,0.76,0.165,0.835,0.0,0.835,0.9465648854961832,0.18562874251497005,544,7,46933.698000000004,0.0,10747.47,57681.168000000005,Infeasible,Violates MAX_INTERVENTION_RATE
0.06,0.77,0.165,0.835,0.0,0.835,0.9465648854961832,0.18562874251497005,544,7,46933.698000000004,0.0,10747.47,57681.168000000005,Infeasible,Violates MAX_INTERVENTION_RATE
0.06,0.78,0.165,0.835,0.0,0.835,0.9465648854961832,0.18562874251497005,544,7,46933.698000000004,0.0,10747.47,57681.168000000005,Infeasible,Violates MAX_INTERVENTION_RATE
0.06,0.79,0.165,0.835,0.0,0.835,0.9465648854961832,0.18562874251497005,544,7,46933.698000000004,0.0,10747.47,57681.168000000005,Infeasible,Violates MAX_INTERVENTION_RATE
0.06,0.8,0.165,0.835,0.0,0.835,0.9465648854961832,0.18562874251497005,544,7,46933.698000000004,0.0,10747.47,57681.168000000005,Infeasible,Violates MAX_INTERVENTION_RATE
0.06,0.81,0.165,0.835,0.0,0.835,0.9465648854961832,0.18562874251497005,544,7,46933.698000000004,0.0,10747.47,57681.168000000005,Infeasible,Violates MAX_INTERVENTION_RATE
0.06,0.82,0.165,0.835,0.0,0.835,0.9465648854961832,0.18562874251497005,544,7,46933.698000000004,0.0,10747.47,57681.168000000005,Infeasible,Violates MAX_INTERVENTION_RATE
0.06,0.83,0.165,0.835,0.0,0.835,0.9465648854961832,0.18562874251497005,544,7,46933.698000000004,0.0,10747.47,57681.168000000005,Infeasible,Violates MAX_INTERVENTION_RATE
0.06,0.84,0.165,0.835,0.0,0.835,0.9465648854961832,0.18562874251497005,544,7,46933.698000000004,0.0,10747.47,57681.168000000005,Infeasible,Violates MAX_INTERVENTION_RATE
0.06,0.85,0.165,0.835,0.0,0.835,0.9465648854961832,0.18562874251497005,544,7,46933.698000000004,0.0,10747.47,57681.168000000005,Infeasible,Violates MAX_INTERVENTION_RATE
0.06,0.86,0.165,0.835,0.0,0.835,0.9465648854961832,0.18562874251497005,544,7,46933.698000000004,0.0,10747.47,57681.168000000005,Infeasible,Violates MAX_INTERVENTION_RATE
0.06,0.87,0.165,0.835,0.0,0.835,0.9465648854961832,0.18562874251497005,544,7,46933.698000000004,0.0,10747.47,57681.168000000005,Infeasible,Violates MAX_INTERVENTION_RATE
0.06,0.88,0.165,0.835,0.0,0.835,0.9465648854961832,0.18562874251497005,544,7,46933.698000000004,0.0,10747.47,57681.168000000005,Infeasible,Violates MAX_INTERVENTION_RATE
0.06,0.89,0.165,0.835,0.0,0.835,0.9465648854961832,0.18562874251497005,544,7,46933.698000000004,0.0,10747.47,57681.168000000005,Infeasible,Violates MAX_INTERVENTION_RATE
0.06,0.9,0.165,0.835,0.0,0.835,0.9465648854961832,0.18562874251497005,544,7,46933.698000000004,0.0,10747.47,57681.168000000005,Infeasible,Violates MAX_INTERVENTION_RATE
0.06,0.91,0.165,0.835,0.0,0.835,0.9465648854961832,0.18562874251497005,544,7,46933.698000000004,0.0,10747.47,57681.168000000005,Infeasible,Violates MAX_INTERVENTION_RATE
0.06,0.92,0.165,0.835,0.0,0.835,0.9465648854961832,0.18562874251497005,544,7,46933.698000000004,0.0,10747.47,57681.168000000005,Infeasible,Violates MAX_INTERVENTION_RATE
0.06,0.93,0.165,0.835,0.0,0.835,0.9465648854961832,0.18562874251497005,544,7,46933.698000000004,0.0,10747.47,57681.168000000005,Infeasible,Violates MAX_INTERVENTION_RATE
0.06,0.94,0.165,0.835,0.0,0.835,0.9465648854961832,0.18562874251497005,544,7,46933.698000000004,0.0,10747.47,57681.168000000005,Infeasible,Violates MAX_INTERVENTION_RATE
0.06,0.95,0.165,0.835,0.0,0.835,0.9465648854961832,0.18562874251497005,544,7,46933.698000000004,0.0,10747.47,57681.168000000005,Infeasible,Violates MAX_INTERVENTION_RATE
0.06,0.96,0.165,0.835,0.0,0.835,0.9465648854961832,0.18562874251497005,544,7,46933.698000000004,0.0,10747.47,57681.168000000005,Infeasible,Violates MAX_INTERVENTION_RATE
0.06,0.97,0.165,0.835,0.0,0.835,0.9465648854961832,0.18562874251497005,544,7,46933.698000000004,0.0,10747.47,57681.168000000005,Infeasible,Violates MAX_INTERVENTION_RATE
0.06,0.98,0.165,0.835,0.0,0.835,0.9465648854961832,0.18562874251497005,544,7,46933.698000000004,0.0,10747.47,57681.168000000005,Infeasible,Violates MAX_INTERVENTION_RATE
0.06,0.99,0.165,0.835,0.0,0.835,0.9465648854961832,0.18562874251497005,544,7,46933.698000000004,0.0,10747.47,57681.168000000005,Infeasible,Violates MAX_INTERVENTION_RATE
0.07,0.08,0.2175,0.0625,0.72,0.7825,0.916030534351145,0.19169329073482427,506,11,3102.33,86400.0,12137.119999999999,101639.45,Infeasible,Violates MAX_INTERVENTION_RATE
0.07,0.09,0.2175,0.11625,0.66625,0.7825,0.916030534351145,0.19169329073482427,506,11,6022.104,79950.0,12137.119999999999,98109.224,Infeasible,Violates MAX_INTERVENTION_RATE
0.07,0.1,0.2175,0.18625,0.59625,0.7825,0.916030534351145,0.19169329073482427,506,11,9998.498,71550.0,12137.119999999999,93685.618,Infeasible,Violates MAX_INTERVENTION_RATE
0.07,0.11,0.2175,0.245,0.5375,0.7825,0.916030534351145,0.19169329073482427,506,11,12593.871,64500.0,12137.119999999999,89230.991,Infeasible,Violates MAX_INTERVENTION_RATE
0.07,0.12,0.2175,0.30125,0.48125,0.7825,0.916030534351145,0.19169329073482427,506,11,15828.354,57750.0,12137.119999999999,85715.474,Infeasible,Violates MAX_INTERVENTION_RATE
0.07,0.13,0.2175,0.34125,0.44125,0.7825,0.916030534351145,0.19169329073482427,506,11,17565.034,52950.0,12137.119999999999,82652.154,Infeasible,Violates MAX_INTERVENTION_RATE
0.07,0.14,0.2175,0.375,0.4075,0.7825,0.916030534351145,0.19169329073482427,506,11,19176.513,48900.0,12137.119999999999,80213.633,Infeasible,Violates MAX_INTERVENTION_RATE
0.07,0.15,0.2175,0.415,0.3675,0.7825,0.916030534351145,0.19169329073482427,506,11,21475.724,44100.0,12137.119999999999,77712.844,Infeasible,Violates MAX_INTERVENTION_RATE
0.07,0.16,0.2175,0.445,0.3375,0.7825,0.916030534351145,0.19169329073482427,506,11,23230.197,40500.0,12137.119999999999,75867.317,Infeasible,Violates MAX_INTERVENTION_RATE
0.07,0.17,0.2175,0.46625,0.31625,0.7825,0.916030534351145,0.19169329073482427,506,11,24790.834,37950.0,12137.119999999999,74877.954,Infeasible,Violates MAX_INTERVENTION_RATE
0.07,0.18,0.2175,0.48375,0.29875,0.7825,0.916030534351145,0.19169329073482427,506,11,25756.296000000002,35850.0,12137.119999999999,73743.416,Infeasible,Violates MAX_INTERVENTION_RATE
0.07,0.19,0.2175,0.5075,0.275,0.7825,0.916030534351145,0.19169329073482427,506,11,26795.133,33000.0,12137.119999999999,71932.253,Infeasible,Violates MAX_INTERVENTION_RATE
0.07,0.2,0.2175,0.53625,0.24625,0.7825,0.916030534351145,0.19169329073482427,506,11,28046.549,29550.0,12137.119999999999,69733.669,Infeasible,Violates MAX_INTERVENTION_RATE
0.07,0.21,0.2175,0.55625,0.22625,0.7825,0.916030534351145,0.19169329073482427,506,11,29685.433,27150.0,12137.119999999999,68972.553,Infeasible,Violates MAX_INTERVENTION_RATE
0.07,0.22,0.2175,0.56875,0.21375,0.7825,0.916030534351145,0.19169329073482427,506,11,30560.809999999998,25650.0,12137.119999999999,68347.93,Infeasible,Violates MAX_INTERVENTION_RATE
0.07,0.23,0.2175,0.58,0.2025,0.7825,0.916030534351145,0.19169329073482427,506,11,31171.253,24300.0,12137.119999999999,67608.37299999999,Infeasible,Violates MAX_INTERVENTION_RATE
0.07,0.24,0.2175,0.59375,0.18875,0.7825,0.916030534351145,0.19169329073482427,506,11,31858.453,22650.0,12137.119999999999,66645.573,Infeasible,Violates MAX_INTERVENTION_RATE
0.07,0.25,0.2175,0.6025,0.18,0.7825,0.916030534351145,0.19169329073482427,506,11,32445.513,21600.0,12137.119999999999,66182.633,Infeasible,Violates MAX_INTERVENTION_RATE
0.07,0.26,0.2175,0.6075,0.175,0.7825,0.916030534351145,0.19169329073482427,506,11,32645.513,21000.0,12137.119999999999,65782.633,Infeasible,Violates MAX_INTERVENTION_RATE
0.07,0.27,0.2175,0.61625,0.16625,0.7825,0.916030534351145,0.19169329073482427,506,11,33071.61,19950.0,12137.119999999999,65158.729999999996,Infeasible,Violates MAX_INTERVENTION_RATE
0.07,0.28,0.2175,0.6225,0.16,0.7825,0.916030534351145,0.19169329073482427,506,11,33351.942,19200.0,12137.119999999999,64689.062000000005,Infeasible,Violates MAX_INTERVENTION_RATE
0.07,0.29,0.2175,0.63375,0.14875,0.7825,0.916030534351145,0.19169329073482427,506,11,33860.87,17850.0,12137.119999999999,63847.990000000005,Infeasible,Violates MAX_INTERVENTION_RATE
0.07,0.3,0.2175,0.645,0.1375,0.7825,0.916030534351145,0.19169329073482427,506,11,34738.213,16500.0,12137.119999999999,63375.333,Infeasible,Violates MAX_INTERVENTION_RATE
0.07,0.31,0.2175,0.65875,0.12375,0.7825,0.916030534351145,0.19169329073482427,506,11,35766.085,14850.0,12137.119999999999,62753.205,Infeasible,Violates MAX_INTERVENTION_RATE
0.07,0.32,0.2175,0.675,0.1075,0.7825,0.916030534351145,0.19169329073482427,506,11,36524.043000000005,12900.0,12137.119999999999,61561.163,Infeasible,Violates MAX_INTERVENTION_RATE
0.07,0.33,0.2175,0.68125,0.10125,0.7825,0.916030534351145,0.19169329073482427,506,11,36798.69,12150.0,12137.119999999999,61085.81,Infeasible,Violates MAX_INTERVENTION_RATE
0.07,0.34,0.2175,0.6925,0.09,0.7825,0.916030534351145,0.19169329073482427,506,11,37570.134,10800.0,12137.119999999999,60507.254,Infeasible,Violates MAX_INTERVENTION_RATE
0.07,0.35,0.2175,0.69625,0.08625,0.7825,0.916030534351145,0.19169329073482427,506,11,37770.018,10350.0,12137.119999999999,60257.13799999999,Infeasible,Violates MAX_INTERVENTION_RATE
0.07,0.36,0.2175,0.70375,0.07875,0.7825,0.916030534351145,0.19169329073482427,506,11,38250.325,9450.0,12137.119999999999,59837.44499999999,Infeasible,Violates MAX_INTERVENTION_RATE
0.07,0.37,0.2175,0.70875,0.07375,0.7825,0.916030534351145,0.19169329073482427,506,11,38967.52,8850.0,12137.119999999999,59954.64,Infeasible,Violates MAX_INTERVENTION_RATE
0.07,0.38,0.2175,0.71125,0.07125,0.7825,0.916030534351145,0.19169329073482427,506,11,39067.52,8550.0,12137.119999999999,59754.64,Infeasible,Violates MAX_INTERVENTION_RATE
0.07,0.39,0.2175,0.7175,0.065,0.7825,0.916030534351145,0.19169329073482427,506,11,39317.52,7800.0,12137.119999999999,59254.64,Infeasible,Violates MAX_INTERVENTION_RATE
0.07,0.4,0.2175,0.7275,0.055,0.7825,0.916030534351145,0.19169329073482427,506,11,40033.843,6600.0,12137.119999999999,58770.963,Infeasible,Violates MAX_INTERVENTION_RATE
0.07,0.41,0.2175,0.73375,0.04875,0.7825,0.916030534351145,0.19169329073482427,506,11,40460.283,5850.0,12137.119999999999,58447.403000000006,Infeasible,Violates MAX_INTERVENTION_RATE
0.07,0.42,0.2175,0.73875,0.04375,0.7825,0.916030534351145,0.19169329073482427,506,11,40861.232,5250.0,12137.119999999999,58248.352,Infeasible,Violates MAX_INTERVENTION_RATE
0.07,0.43,0.2175,0.7425,0.04,0.7825,0.916030534351145,0.19169329073482427,506,11,41011.232,4800.0,12137.119999999999,57948.352,Infeasible,Violates MAX_INTERVENTION_RATE
0.07,0.44,0.2175,0.7425,0.04,0.7825,0.916030534351145,0.19169329073482427,506,11,41011.232,4800.0,12137.119999999999,57948.352,Infeasible,Violates MAX_INTERVENTION_RATE
0.07,0.45,0.2175,0.7475,0.035,0.7825,0.916030534351145,0.19169329073482427,506,11,41211.232,4200.0,12137.119999999999,57548.352,Infeasible,Violates MAX_INTERVENTION_RATE
0.07,0.46,0.2175,0.75,0.0325,0.7825,0.916030534351145,0.19169329073482427,506,11,41448.253,3900.0,12137.119999999999,57485.37299999999,Infeasible,Violates MAX_INTERVENTION_RATE
0.07,0.47,0.2175,0.755,0.0275,0.7825,0.916030534351145,0.19169329073482427,506,11,42188.658,3300.0,12137.119999999999,57625.778000000006,Infeasible,Violates MAX_INTERVENTION_RATE
0.07,0.48,0.2175,0.75625,0.02625,0.7825,0.916030534351145,0.19169329073482427,506,11,42260.686,3150.0,12137.119999999999,57547.806,Infeasible,Violates MAX_INTERVENTION_RATE
0.07,0.49,0.2175,0.76,0.0225,0.7825,0.916030534351145,0.19169329073482427,506,11,42729.121,2700.0,12137.119999999999,57566.240999999995,Infeasible,Violates MAX_INTERVENTION_RATE
0.07,0.5,0.2175,0.7625,0.02,0.7825,0.916030534351145,0.19169329073482427,506,11,42944.815,2400.0,12137.119999999999,57481.935,Infeasible,Violates MAX_INTERVENTION_RATE
0.07,0.51,0.2175,0.765,0.0175,0.7825,0.916030534351145,0.19169329073482427,506,11,43269.084,2100.0,12137.119999999999,57506.204,Infeasible,Violates MAX_INTERVENTION_RATE
0.07,0.52,0.2175,0.76875,0.01375,0.7825,0.916030534351145,0.19169329073482427,506,11,43566.593,1650.0,12137.119999999999,57353.713,Infeasible,Violates MAX_INTERVENTION_RATE
0.07,0.53,0.2175,0.76875,0.01375,0.7825,0.916030534351145,0.19169329073482427,506,11,43566.593,1650.0,12137.119999999999,57353.713,Infeasible,Violates MAX_INTERVENTION_RATE
0.07,0.54,0.2175,0.77,0.0125,0.7825,0.916030534351145,0.19169329073482427,506,11,43681.113,1500.0,12137.119999999999,57318.23299999999,Infeasible,Violates MAX_INTERVENTION_RATE
0.07,0.55,0.2175,0.7725,0.01,0.7825,0.916030534351145,0.19169329073482427,506,11,43974.72,1200.0,12137.119999999999,57311.84,Infeasible,Violates MAX_INTERVENTION_RATE
0.07,0.56,0.2175,0.77375,0.00875,0.7825,0.916030534351145,0.19169329073482427,506,11,44024.72,1050.0,12137.119999999999,57211.84,Infeasible,Violates MAX_INTERVENTION_RATE
0.07,0.57,0.2175,0.775,0.0075,0.7825,0.916030534351145,0.19169329073482427,506,11,44102.671,900.0,12137.119999999999,57139.791,Infeasible,Violates MAX_INTERVENTION_RATE
0.07,0.58,0.2175,0.77625,0.00625,0.7825,0.916030534351145,0.19169329073482427,506,11,44152.671,750.0,12137.119999999999,57039.791,Infeasible,Violates MAX_INTERVENTION_RATE
0.07,0.59,0.2175,0.77625,0.00625,0.7825,0.916030534351145,0.19169329073482427,506,11,44152.671,750.0,12137.119999999999,57039.791,Infeasible,Violates MAX_INTERVENTION_RATE
0.07,0.6,0.2175,0.7775,0.005,0.7825,0.916030534351145,0.19169329073482427,506,11,44284.661,600.0,12137.119999999999,57021.781,Infeasible,Violates MAX_INTERVENTION_RATE
0.07,0.61,0.2175,0.7775,0.005,0.7825,0.916030534351145,0.19169329073482427,506,11,44284.661,600.0,12137.119999999999,57021.781,Infeasible,Violates MAX_INTERVENTION_RATE
0.07,0.62,0.2175,0.7775,0.005,0.7825,0.916030534351145,0.19169329073482427,506,11,44284.661,600.0,12137.119999999999,57021.781,Infeasible,Violates MAX_INTERVENTION_RATE
0.07,0.63,0.2175,0.78,0.0025,0.7825,0.916030534351145,0.19169329073482427,506,11,44522.116,300.0,12137.119999999999,56959.236000000004,Infeasible,Violates MAX_INTERVENTION_RATE
0.07,0.64,0.2175,0.78125,0.00125,0.7825,0.916030534351145,0.19169329073482427,506,11,44644.733,150.0,12137.119999999999,56931.853,Infeasible,Violates MAX_INTERVENTION_RATE
0.07,0.65,0.2175,0.78125,0.00125,0.7825,0.916030534351145,0.19169329073482427,506,11,44644.733,150.0,12137.119999999999,56931.853,Infeasible,Violates MAX_INTERVENTION_RATE
0.07,0.66,0.2175,0.78125,0.00125,0.7825,0.916030534351145,0.19169329073482427,506,11,44644.733,150.0,12137.119999999999,56931.853,Infeasible,Violates MAX_INTERVENTION_RATE
0.07,0.67,0.2175,0.78125,0.00125,0.7825,0.916030534351145,0.19169329073482427,506,11,44644.733,150.0,12137.119999999999,56931.853,Infeasible,Violates MAX_INTERVENTION_RATE
0.07,0.68,0.2175,0.78125,0.00125,0.7825,0.916030534351145,0.19169329073482427,506,11,44644.733,150.0,12137.119999999999,56931.853,Infeasible,Violates MAX_INTERVENTION_RATE
0.07,0.69,0.2175,0.7825,0.0,0.7825,0.916030534351145,0.19169329073482427,506,11,44694.733,0.0,12137.119999999999,56831.853,Infeasible,Violates MAX_INTERVENTION_RATE
0.07,0.7,0.2175,0.7825,0.0,0.7825,0.916030534351145,0.19169329073482427,506,11,44694.733,0.0,12137.119999999999,56831.853,Infeasible,Violates MAX_INTERVENTION_RATE
0.07,0.71,0.2175,0.7825,0.0,0.7825,0.916030534351145,0.19169329073482427,506,11,44694.733,0.0,12137.119999999999,56831.853,Infeasible,Violates MAX_INTERVENTION_RATE
0.07,0.72,0.2175,0.7825,0.0,0.7825,0.916030534351145,0.19169329073482427,506,11,44694.733,0.0,12137.119999999999,56831.853,Infeasible,Violates MAX_INTERVENTION_RATE
0.07,0.73,0.2175,0.7825,0.0,0.7825,0.916030534351145,0.19169329073482427,506,11,44694.733,0.0,12137.119999999999,56831.853,Infeasible,Violates MAX_INTERVENTION_RATE
0.07,0.74,0.2175,0.7825,0.0,0.7825,0.916030534351145,0.19169329073482427,506,11,44694.733,0.0,12137.119999999999,56831.853,Infeasible,Violates MAX_INTERVENTION_RATE
0.07,0.75,0.2175,0.7825,0.0,0.7825,0.916030534351145,0.19169329073482427,506,11,44694.733,0.0,12137.119999999999,56831.853,Infeasible,Violates MAX_INTERVENTION_RATE
0.07,0.76,0.2175,0.7825,0.0,0.7825,0.916030534351145,0.19169329073482427,506,11,44694.733,0.0,12137.119999999999,56831.853,Infeasible,Violates MAX_INTERVENTION_RATE
0.07,0.77,0.2175,0.7825,0.0,0.7825,0.916030534351145,0.19169329073482427,506,11,44694.733,0.0,12137.119999999999,56831.853,Infeasible,Violates MAX_INTERVENTION_RATE
0.07,0.78,0.2175,0.7825,0.0,0.7825,0.916030534351145,0.19169329073482427,506,11,44694.733,0.0,12137.119999999999,56831.853,Infeasible,Violates MAX_INTERVENTION_RATE
0.07,0.79,0.2175,0.7825,0.0,0.7825,0.916030534351145,0.19169329073482427,506,11,44694.733,0.0,12137.119999999999,56831.853,Infeasible,Violates MAX_INTERVENTION_RATE
0.07,0.8,0.2175,0.7825,0.0,0.7825,0.916030534351145,0.19169329073482427,506,11,44694.733,0.0,12137.119999999999,56831.853,Infeasible,Violates MAX_INTERVENTION_RATE
0.07,0.81,0.2175,0.7825,0.0,0.7825,0.916030534351145,0.19169329073482427,506,11,44694.733,0.0,12137.119999999999,56831.853,Infeasible,Violates MAX_INTERVENTION_RATE
0.07,0.82,0.2175,0.7825,0.0,0.7825,0.916030534351145,0.19169329073482427,506,11,44694.733,0.0,12137.119999999999,56831.853,Infeasible,Violates MAX_INTERVENTION_RATE
0.07,0.83,0.2175,0.7825,0.0,0.7825,0.916030534351145,0.19169329073482427,506,11,44694.733,0.0,12137.119999999999,56831.853,Infeasible,Violates MAX_INTERVENTION_RATE
0.07,0.84,0.2175,0.7825,0.0,0.7825,0.916030534351145,0.19169329073482427,506,11,44694.733,0.0,12137.119999999999,56831.853,Infeasible,Violates MAX_INTERVENTION_RATE
0.07,0.85,0.2175,0.7825,0.0,0.7825,0.916030534351145,0.19169329073482427,506,11,44694.733,0.0,12137.119999999999,56831.853,Infeasible,Violates MAX_INTERVENTION_RATE
0.07,0.86,0.2175,0.7825,0.0,0.7825,0.916030534351145,0.19169329073482427,506,11,44694.733,0.0,12137.119999999999,56831.853,Infeasible,Violates MAX_INTERVENTION_RATE
0.07,0.87,0.2175,0.7825,0.0,0.7825,0.916030534351145,0.19169329073482427,506,11,44694.733,0.0,12137.119999999999,56831.853,Infeasible,Violates MAX_INTERVENTION_RATE
0.07,0.88,0.2175,0.7825,0.0,0.7825,0.916030534351145,0.19169329073482427,506,11,44694.733,0.0,12137.119999999999,56831.853,Infeasible,Violates MAX_INTERVENTION_RATE
0.07,0.89,0.2175,0.7825,0.0,0.7825,0.916030534351145,0.19169329073482427,506,11,44694.733,0.0,12137.119999999999,56831.853,Infeasible,Violates MAX_INTERVENTION_RATE
0.07,0.9,0.2175,0.7825,0.0,0.7825,0.916030534351145,0.19169329073482427,506,11,44694.733,0.0,12137.119999999999,56831.853,Infeasible,Violates MAX_INTERVENTION_RATE
0.07,0.91,0.2175,0.7825,0.0,0.7825,0.916030534351145,0.19169329073482427,506,11,44694.733,0.0,12137.119999999999,56831.853,Infeasible,Violates MAX_INTERVENTION_RATE
0.07,0.92,0.2175,0.7825,0.0,0.7825,0.916030534351145,0.19169329073482427,506,11,44694.733,0.0,12137.119999999999,56831.853,Infeasible,Violates MAX_INTERVENTION_RATE
0.07,0.93,0.2175,0.7825,0.0,0.7825,0.916030534351145,0.19169329073482427,506,11,44694.733,0.0,12137.119999999999,56831.853,Infeasible,Violates MAX_INTERVENTION_RATE
0.07,0.94,0.2175,0.7825,0.0,0.7825,0.916030534351145,0.19169329073482427,506,11,44694.733,0.0,12137.119999999999,56831.853,Infeasible,Violates MAX_INTERVENTION_RATE
0.07,0.95,0.2175,0.7825,0.0,0.7825,0.916030534351145,0.19169329073482427,506,11,44694.733,0.0,12137.119999999999,56831.853,Infeasible,Violates MAX_INTERVENTION_RATE
0.07,0.96,0.2175,0.7825,0.0,0.7825,0.916030534351145,0.19169329073482427,506,11,44694.733,0.0,12137.119999999999,56831.853,Infeasible,Violates MAX_INTERVENTION_RATE
0.07,0.97,0.2175,0.7825,0.0,0.7825,0.916030534351145,0.19169329073482427,506,11,44694.733,0.0,12137.119999999999,56831.853,Infeasible,Violates MAX_INTERVENTION_RATE
0.07,0.98,0.2175,0.7825,0.0,0.7825,0.916030534351145,0.19169329073482427,506,11,44694.733,0.0,12137.119999999999,56831.853,Infeasible,Violates MAX_INTERVENTION_RATE
0.07,0.99,0.2175,0.7825,0.0,0.7825,0.916030534351145,0.19169329073482427,506,11,44694.733,0.0,12137.119999999999,56831.853,Infeasible,Violates MAX_INTERVENTION_RATE
0.08,0.09,0.28,0.05375,0.66625,0.72,0.8854961832061069,0.2013888888888889,460,15,2919.774,79950.0,18160.420000000002,101030.194,Infeasible,Violates MAX_INTERVENTION_RATE
0.08,0.1,0.28,0.12375,0.59625,0.72,0.8854961832061069,0.2013888888888889,460,15,6896.168,71550.0,18160.420000000002,96606.588,Infeasible,Violates MAX_INTERVENTION_RATE
0.08,0.11,0.28,0.1825,0.5375,0.72,0.8854961832061069,0.2013888888888889,460,15,9491.541000000001,64500.0,18160.420000000002,92151.96100000001,Infeasible,Violates MAX_INTERVENTION_RATE
0.08,0.12,0.28,0.23875,0.48125,0.72,0.8854961832061069,0.2013888888888889,460,15,12726.024000000001,57750.0,18160.420000000002,88636.444,Infeasible,Violates MAX_INTERVENTION_RATE
0.08,0.13,0.28,0.27875,0.44125,0.72,0.8854961832061069,0.2013888888888889,460,15,14462.704,52950.0,18160.420000000002,85573.12400000001,Infeasible,Violates MAX_INTERVENTION_RATE
0.08,0.14,0.28,0.3125,0.4075,0.72,0.8854961832061069,0.2013888888888889,460,15,16074.182999999999,48900.0,18160.420000000002,83134.603,Infeasible,Violates MAX_INTERVENTION_RATE
0.08,0.15,0.28,0.3525,0.3675,0.72,0.8854961832061069,0.2013888888888889,460,15,18373.394,44100.0,18160.420000000002,80633.814,Infeasible,Violates MAX_INTERVENTION_RATE
0.08,0.16,0.28,0.3825,0.3375,0.72,0.8854961832061069,0.2013888888888889,460,15,20127.867,40500.0,18160.420000000002,78788.287,Infeasible,Violates MAX_INTERVENTION_RATE
0.08,0.17,0.28,0.40375,0.31625,0.72,0.8854961832061069,0.2013888888888889,460,15,21688.504,37950.0,18160.420000000002,77798.924,Infeasible,Violates MAX_INTERVENTION_RATE
0.08,0.18,0.28,0.42125,0.29875,0.72,0.8854961832061069,0.2013888888888889,460,15,22653.966,35850.0,18160.420000000002,76664.386,Infeasible,Violates MAX_INTERVENTION_RATE
0.08,0.19,0.28,0.445,0.275,0.72,0.8854961832061069,0.2013888888888889,460,15,23692.803,33000.0,18160.420000000002,74853.223,Infeasible,Violates MAX_INTERVENTION_RATE
0.08,0.2,0.28,0.47375,0.24625,0.72,0.8854961832061069,0.2013888888888889,460,15,24944.219,29550.0,18160.420000000002,72654.639,Infeasible,Violates MAX_INTERVENTION_RATE
0.08,0.21,0.28,0.49375,0.22625,0.72,0.8854961832061069,0.2013888888888889,460,15,26583.103,27150.0,18160.420000000002,71893.523,Infeasible,Violates MAX_INTERVENTION_RATE
0.08,0.22,0.28,0.50625,0.21375,0.72,0.8854961832061069,0.2013888888888889,460,15,27458.48,25650.0,18160.420000000002,71268.9,Infeasible,Violates MAX_INTERVENTION_RATE
0.08,0.23,0.28,0.5175,0.2025,0.72,0.8854961832061069,0.2013888888888889,460,15,28068.923,24300.0,18160.420000000002,70529.343,Infeasible,Violates MAX_INTERVENTION_RATE
0.08,0.24,0.28,0.53125,0.18875,0.72,0.8854961832061069,0.2013888888888889,460,15,28756.123,22650.0,18160.420000000002,69566.543,Infeasible,Violates MAX_INTERVENTION_RATE
0.08,0.25,0.28,0.54,0.18,0.72,0.8854961832061069,0.2013888888888889,460,15,29343.182999999997,21600.0,18160.420000000002,69103.603,Infeasible,Violates MAX_INTERVENTION_RATE
0.08,0.26,0.28,0.545,0.175,0.72,0.8854961832061069,0.2013888888888889,460,15,29543.182999999997,21000.0,18160.420000000002,68703.603,Infeasible,Violates MAX_INTERVENTION_RATE
0.08,0.27,0.28,0.55375,0.16625,0.72,0.8854961832061069,0.2013888888888889,460,15,29969.28,19950.0,18160.420000000002,68079.7,Infeasible,Violates MAX_INTERVENTION_RATE
0.08,0.28,0.28,0.56,0.16,0.72,0.8854961832061069,0.2013888888888889,460,15,30249.612,19200.0,18160.420000000002,67610.032,Infeasible,Violates MAX_INTERVENTION_RATE
0.08,0.29,0.28,0.57125,0.14875,0.72,0.8854961832061069,0.2013888888888889,460,15,30758.54,17850.0,18160.420000000002,66768.96,Infeasible,Violates MAX_INTERVENTION_RATE
0.08,0.3,0.28,0.5825,0.1375,0.72,0.8854961832061069,0.2013888888888889,460,15,31635.883,16500.0,18160.420000000002,66296.303,Infeasible,Violates MAX_INTERVENTION_RATE
0.08,0.31,0.28,0.59625,0.12375,0.72,0.8854961832061069,0.2013888888888889,460,15,32663.754999999997,14850.0,18160.420000000002,65674.175,Infeasible,Violates MAX_INTERVENTION_RATE
0.08,0.32,0.28,0.6125,0.1075,0.72,0.8854961832061069,0.2013888888888889,460,15,33421.713,12900.0,18160.420000000002,64482.133,Infeasible,Violates MAX_INTERVENTION_RATE
0.08,0.33,0.28,0.61875,0.10125,0.72,0.8854961832061069,0.2013888888888889,460,15,33696.36,12150.0,18160.420000000002,64006.78,Infeasible,Violates MAX_INTERVENTION_RATE
0.08,0.34,0.28,0.63,0.09,0.72,0.8854961832061069,0.2013888888888889,460,15,34467.804000000004,10800.0,18160.420000000002,63428.224,Infeasible,Violates MAX_INTERVENTION_RATE
0.08,0.35,0.28,0.63375,0.08625,0.72,0.8854961832061069,0.2013888888888889,460,15,34667.688,10350.0,18160.420000000002,63178.10800000001,Infeasible,Violates MAX_INTERVENTION_RATE
0.08,0.36,0.28,0.64125,0.07875,0.72,0.8854961832061069,0.2013888888888889,460,15,35147.994999999995,9450.0,18160.420000000002,62758.41499999999,Infeasible,Violates MAX_INTERVENTION_RATE
0.08,0.37,0.28,0.64625,0.07375,0.72,0.8854961832061069,0.2013888888888889,460,15,35865.19,8850.0,18160.420000000002,62875.61,Infeasible,Violates MAX_INTERVENTION_RATE
0.08,0.38,0.28,0.64875,0.07125,0.72,0.8854961832061069,0.2013888888888889,460,15,35965.19,8550.0,18160.420000000002,62675.61,Infeasible,Violates MAX_INTERVENTION_RATE
0.08,0.39,0.28,0.655,0.065,0.72,0.8854961832061069,0.2013888888888889,460,15,36215.19,7800.0,18160.420000000002,62175.61,Infeasible,Violates MAX_INTERVENTION_RATE
0.08,0.4,0.28,0.665,0.055,0.72,0.8854961832061069,0.2013888888888889,460,15,36931.513,6600.0,18160.420000000002,61691.933000000005,Infeasible,Violates MAX_INTERVENTION_RATE
0.08,0.41,0.28,0.67125,0.04875,0.72,0.8854961832061069,0.2013888888888889,460,15,37357.953,5850.0,18160.420000000002,61368.37300000001,Infeasible,Violates MAX_INTERVENTION_RATE
0.08,0.42,0.28,0.67625,0.04375,0.72,0.8854961832061069,0.2013888888888889,460,15,37758.902,5250.0,18160.420000000002,61169.322,Infeasible,Violates MAX_INTERVENTION_RATE
0.08,0.43,0.28,0.68,0.04,0.72,0.8854961832061069,0.2013888888888889,460,15,37908.902,4800.0,18160.420000000002,60869.322,Infeasible,Violates MAX_INTERVENTION_RATE
0.08,0.44,0.28,0.68,0.04,0.72,0.8854961832061069,0.2013888888888889,460,15,37908.902,4800.0,18160.420000000002,60869.322,Infeasible,Violates MAX_INTERVENTION_RATE
0.08,0.45,0.28,0.685,0.035,0.72,0.8854961832061069,0.2013888888888889,460,15,38108.902,4200.0,18160.420000000002,60469.322,Infeasible,Violates MAX_INTERVENTION_RATE
0.08,0.46,0.28,0.6875,0.0325,0.72,0.8854961832061069,0.2013888888888889,460,15,38345.923,3900.0,18160.420000000002,60406.34300000001,Infeasible,Violates MAX_INTERVENTION_RATE
0.08,0.47,0.28,0.6925,0.0275,0.72,0.8854961832061069,0.2013888888888889,460,15,39086.328,3300.0,18160.420000000002,60546.74800000001,Infeasible,Violates MAX_INTERVENTION_RATE
0.08,0.48,0.28,0.69375,0.02625,0.72,0.8854961832061069,0.2013888888888889,460,15,39158.356,3150.0,18160.420000000002,60468.776,Infeasible,Violates MAX_INTERVENTION_RATE
0.08,0.49,0.28,0.6975,0.0225,0.72,0.8854961832061069,0.2013888888888889,460,15,39626.791,2700.0,18160.420000000002,60487.210999999996,Infeasible,Violates MAX_INTERVENTION_RATE
0.08,0.5,0.28,0.7,0.02,0.72,0.8854961832061069,0.2013888888888889,460,15,39842.485,2400.0,18160.420000000002,60402.905,Infeasible,Violates MAX_INTERVENTION_RATE
0.08,0.51,0.28,0.7025,0.0175,0.72,0.8854961832061069,0.2013888888888889,460,15,40166.754,2100.0,18160.420000000002,60427.174,Infeasible,Violates MAX_INTERVENTION_RATE
0.08,0.52,0.28,0.70625,0.01375,0.72,0.8854961832061069,0.2013888888888889,460,15,40464.263,1650.0,18160.420000000002,60274.683000000005,Infeasible,Violates MAX_INTERVENTION_RATE
0.08,0.53,0.28,0.70625,0.01375,0.72,0.8854961832061069,0.2013888888888889,460,15,40464.263,1650.0,18160.420000000002,60274.683000000005,Infeasible,Violates MAX_INTERVENTION_RATE
0.08,0.54,0.28,0.7075,0.0125,0.72,0.8854961832061069,0.2013888888888889,460,15,40578.783,1500.0,18160.420000000002,60239.20300000001,Infeasible,Violates MAX_INTERVENTION_RATE
0.08,0.55,0.28,0.71,0.01,0.72,0.8854961832061069,0.2013888888888889,460,15,40872.39,1200.0,18160.420000000002,60232.81,Infeasible,Violates MAX_INTERVENTION_RATE
0.08,0.56,0.28,0.71125,0.00875,0.72,0.8854961832061069,0.2013888888888889,460,15,40922.39,1050.0,18160.420000000002,60132.81,Infeasible,Violates MAX_INTERVENTION_RATE
0.08,0.57,0.28,0.7125,0.0075,0.72,0.8854961832061069,0.2013888888888889,460,15,41000.341,900.0,18160.420000000002,60060.761,Infeasible,Violates MAX_INTERVENTION_RATE
0.08,0.58,0.28,0.71375,0.00625,0.72,0.8854961832061069,0.2013888888888889,460,15,41050.341,750.0,18160.420000000002,59960.761,Infeasible,Violates MAX_INTERVENTION_RATE
0.08,0.59,0.28,0.71375,0.00625,0.72,0.8854961832061069,0.2013888888888889,460,15,41050.341,750.0,18160.420000000002,59960.761,Infeasible,Violates MAX_INTERVENTION_RATE
0.08,0.6,0.28,0.715,0.005,0.72,0.8854961832061069,0.2013888888888889,460,15,41182.331,600.0,18160.420000000002,59942.751000000004,Infeasible,Violates MAX_INTERVENTION_RATE
0.08,0.61,0.28,0.715,0.005,0.72,0.8854961832061069,0.2013888888888889,460,15,41182.331,600.0,18160.420000000002,59942.751000000004,Infeasible,Violates MAX_INTERVENTION_RATE
0.08,0.62,0.28,0.715,0.005,0.72,0.8854961832061069,0.2013888888888889,460,15,41182.331,600.0,18160.420000000002,59942.751000000004,Infeasible,Violates MAX_INTERVENTION_RATE
0.08,0.63,0.28,0.7175,0.0025,0.72,0.8854961832061069,0.2013888888888889,460,15,41419.786,300.0,18160.420000000002,59880.206000000006,Infeasible,Violates MAX_INTERVENTION_RATE
0.08,0.64,0.28,0.71875,0.00125,0.72,0.8854961832061069,0.2013888888888889,460,15,41542.403,150.0,18160.420000000002,59852.823000000004,Infeasible,Violates MAX_INTERVENTION_RATE
0.08,0.65,0.28,0.71875,0.00125,0.72,0.8854961832061069,0.2013888888888889,460,15,41542.403,150.0,18160.420000000002,59852.823000000004,Infeasible,Violates MAX_INTERVENTION_RATE
0.08,0.66,0.28,0.71875,0.00125,0.72,0.8854961832061069,0.2013888888888889,460,15,41542.403,150.0,18160.420000000002,59852.823000000004,Infeasible,Violates MAX_INTERVENTION_RATE
0.08,0.67,0.28,0.71875,0.00125,0.72,0.8854961832061069,0.2013888888888889,460,15,41542.403,150.0,18160.420000000002,59852.823000000004,Infeasible,Violates MAX_INTERVENTION_RATE
0.08,0.68,0.28,0.71875,0.00125,0.72,0.8854961832061069,0.2013888888888889,460,15,41542.403,150.0,18160.420000000002,59852.823000000004,Infeasible,Violates MAX_INTERVENTION_RATE
0.08,0.69,0.28,0.72,0.0,0.72,0.8854961832061069,0.2013888888888889,460,15,41592.403,0.0,18160.420000000002,59752.823000000004,Infeasible,Violates MAX_INTERVENTION_RATE
0.08,0.7,0.28,0.72,0.0,0.72,0.8854961832061069,0.2013888888888889,460,15,41592.403,0.0,18160.420000000002,59752.823000000004,Infeasible,Violates MAX_INTERVENTION_RATE
0.08,0.71,0.28,0.72,0.0,0.72,0.8854961832061069,0.2013888888888889,460,15,41592.403,0.0,18160.420000000002,59752.823000000004,Infeasible,Violates MAX_INTERVENTION_RATE
0.08,0.72,0.28,0.72,0.0,0.72,0.8854961832061069,0.2013888888888889,460,15,41592.403,0.0,18160.420000000002,59752.823000000004,Infeasible,Violates MAX_INTERVENTION_RATE
0.08,0.73,0.28,0.72,0.0,0.72,0.8854961832061069,0.2013888888888889,460,15,41592.403,0.0,18160.420000000002,59752.823000000004,Infeasible,Violates MAX_INTERVENTION_RATE
0.08,0.74,0.28,0.72,0.0,0.72,0.8854961832061069,0.2013888888888889,460,15,41592.403,0.0,18160.420000000002,59752.823000000004,Infeasible,Violates MAX_INTERVENTION_RATE
0.08,0.75,0.28,0.72,0.0,0.72,0.8854961832061069,0.2013888888888889,460,15,41592.403,0.0,18160.420000000002,59752.823000000004,Infeasible,Violates MAX_INTERVENTION_RATE
0.08,0.76,0.28,0.72,0.0,0.72,0.8854961832061069,0.2013888888888889,460,15,41592.403,0.0,18160.420000000002,59752.823000000004,Infeasible,Violates MAX_INTERVENTION_RATE
0.08,0.77,0.28,0.72,0.0,0.72,0.8854961832061069,0.2013888888888889,460,15,41592.403,0.0,18160.420000000002,59752.823000000004,Infeasible,Violates MAX_INTERVENTION_RATE
0.08,0.78,0.28,0.72,0.0,0.72,0.8854961832061069,0.2013888888888889,460,15,41592.403,0.0,18160.420000000002,59752.823000000004,Infeasible,Violates MAX_INTERVENTION_RATE
0.08,0.79,0.28,0.72,0.0,0.72,0.8854961832061069,0.2013888888888889,460,15,41592.403,0.0,18160.420000000002,59752.823000000004,Infeasible,Violates MAX_INTERVENTION_RATE
0.08,0.8,0.28,0.72,0.0,0.72,0.8854961832061069,0.2013888888888889,460,15,41592.403,0.0,18160.420000000002,59752.823000000004,Infeasible,Violates MAX_INTERVENTION_RATE
0.08,0.81,0.28,0.72,0.0,0.72,0.8854961832061069,0.2013888888888889,460,15,41592.403,0.0,18160.420000000002,59752.823000000004,Infeasible,Violates MAX_INTERVENTION_RATE
0.08,0.82,0.28,0.72,0.0,0.72,0.8854961832061069,0.2013888888888889,460,15,41592.403,0.0,18160.420000000002,59752.823000000004,Infeasible,Violates MAX_INTERVENTION_RATE
0.08,0.83,0.28,0.72,0.0,0.72,0.8854961832061069,0.2013888888888889,460,15,41592.403,0.0,18160.420000000002,59752.823000000004,Infeasible,Violates MAX_INTERVENTION_RATE
0.08,0.84,0.28,0.72,0.0,0.72,0.8854961832061069,0.2013888888888889,460,15,41592.403,0.0,18160.420000000002,59752.823000000004,Infeasible,Violates MAX_INTERVENTION_RATE
0.08,0.85,0.28,0.72,0.0,0.72,0.8854961832061069,0.2013888888888889,460,15,41592.403,0.0,18160.420000000002,59752.823000000004,Infeasible,Violates MAX_INTERVENTION_RATE
0.08,0.86,0.28,0.72,0.0,0.72,0.8854961832061069,0.2013888888888889,460,15,41592.403,0.0,18160.420000000002,59752.823000000004,Infeasible,Violates MAX_INTERVENTION_RATE
0.08,0.87,0.28,0.72,0.0,0.72,0.8854961832061069,0.2013888888888889,460,15,41592.403,0.0,18160.420000000002,59752.823000000004,Infeasible,Violates MAX_INTERVENTION_RATE
0.08,0.88,0.28,0.72,0.0,0.72,0.8854961832061069,0.2013888888888889,460,15,41592.403,0.0,18160.420000000002,59752.823000000004,Infeasible,Violates MAX_INTERVENTION_RATE
0.08,0.89,0.28,0.72,0.0,0.72,0.8854961832061069,0.2013888888888889,460,15,41592.403,0.0,18160.420000000002,59752.823000000004,Infeasible,Violates MAX_INTERVENTION_RATE
0.08,0.9,0.28,0.72,0.0,0.72,0.8854961832061069,0.2013888888888889,460,15,41592.403,0.0,18160.420000000002,59752.823000000004,Infeasible,Violates MAX_INTERVENTION_RATE
0.08,0.91,0.28,0.72,0.0,0.72,0.8854961832061069,0.2013888888888889,460,15,41592.403,0.0,18160.420000000002,59752.823000000004,Infeasible,Violates MAX_INTERVENTION_RATE
0.08,0.92,0.28,0.72,0.0,0.72,0.8854961832061069,0.2013888888888889,460,15,41592.403,0.0,18160.420000000002,59752.823000000004,Infeasible,Violates MAX_INTERVENTION_RATE
0.08,0.93,0.28,0.72,0.0,0.72,0.8854961832061069,0.2013888888888889,460,15,41592.403,0.0,18160.420000000002,59752.823000000004,Infeasible,Violates MAX_INTERVENTION_RATE
0.08,0.94,0.28,0.72,0.0,0.72,0.8854961832061069,0.2013888888888889,460,15,41592.403,0.0,18160.420000000002,59752.823000000004,Infeasible,Violates MAX_INTERVENTION_RATE
0.08,0.95,0.28,0.72,0.0,0.72,0.8854961832061069,0.2013888888888889,460,15,41592.403,0.0,18160.420000000002,59752.823000000004,Infeasible,Violates MAX_INTERVENTION_RATE
0.08,0.96,0.28,0.72,0.0,0.72,0.8854961832061069,0.2013888888888889,460,15,41592.403,0.0,18160.420000000002,59752.823000000004,Infeasible,Violates MAX_INTERVENTION_RATE
0.08,0.97,0.28,0.72,0.0,0.72,0.8854961832061069,0.2013888888888889,460,15,41592.403,0.0,18160.420000000002,59752.823000000004,Infeasible,Violates MAX_INTERVENTION_RATE
0.08,0.98,0.28,0.72,0.0,0.72,0.8854961832061069,0.2013888888888889,460,15,41592.403,0.0,18160.420000000002,59752.823000000004,Infeasible,Violates MAX_INTERVENTION_RATE
0.08,0.99,0.28,0.72,0.0,0.72,0.8854961832061069,0.2013888888888889,460,15,41592.403,0.0,18160.420000000002,59752.823000000004,Infeasible,Violates MAX_INTERVENTION_RATE
0.09,0.1,0.33375,0.07,0.59625,0.66625,0.8549618320610687,0.2101313320825516,421,19,3976.3940000000002,71550.0,25858.16,101384.554,Infeasible,Violates MAX_INTERVENTION_RATE
0.09,0.11,0.33375,0.12875,0.5375,0.66625,0.8549618320610687,0.2101313320825516,421,19,6571.767,64500.0,25858.16,96929.927,Infeasible,Violates MAX_INTERVENTION_RATE
0.09,0.12,0.33375,0.185,0.48125,0.66625,0.8549618320610687,0.2101313320825516,421,19,9806.25,57750.0,25858.16,93414.41,Infeasible,Violates MAX_INTERVENTION_RATE
0.09,0.13,0.33375,0.225,0.44125,0.66625,0.8549618320610687,0.2101313320825516,421,19,11542.93,52950.0,25858.16,90351.09,Infeasible,Violates MAX_INTERVENTION_RATE
0.09,0.14,0.33375,0.25875,0.4075,0.66625,0.8549618320610687,0.2101313320825516,421,19,13154.409,48900.0,25858.16,87912.569,Infeasible,Violates MAX_INTERVENTION_RATE
0.09,0.15,0.33375,0.29875,0.3675,0.66625,0.8549618320610687,0.2101313320825516,421,19,15453.619999999999,44100.0,25858.16,85411.78,Infeasible,Violates MAX_INTERVENTION_RATE
0.09,0.16,0.33375,0.32875,0.3375,0.66625,0.8549618320610687,0.2101313320825516,421,19,17208.093,40500.0,25858.16,83566.253,Infeasible,Violates MAX_INTERVENTION_RATE
0.09,0.17,0.33375,0.35,0.31625,0.66625,0.8549618320610687,0.2101313320825516,421,19,18768.73,37950.0,25858.16,82576.89,Infeasible,Violates MAX_INTERVENTION_RATE
0.09,0.18,0.33375,0.3675,0.29875,0.66625,0.8549618320610687,0.2101313320825516,421,19,19734.192000000003,35850.0,25858.16,81442.352,Infeasible,Violates MAX_INTERVENTION_RATE
0.09,0.19,0.33375,0.39125,0.275,0.66625,0.8549618320610687,0.2101313320825516,421,19,20773.029000000002,33000.0,25858.16,79631.189,Infeasible,Violates MAX_INTERVENTION_RATE
0.09,0.2,0.33375,0.42,0.24625,0.66625,0.8549618320610687,0.2101313320825516,421,19,22024.445,29550.0,25858.16,77432.605,Infeasible,Violates MAX_INTERVENTION_RATE
0.09,0.21,0.33375,0.44,0.22625,0.66625,0.8549618320610687,0.2101313320825516,421,19,23663.329,27150.0,25858.16,76671.489,Infeasible,Violates MAX_INTERVENTION_RATE
0.09,0.22,0.33375,0.4525,0.21375,0.66625,0.8549618320610687,0.2101313320825516,421,19,24538.706,25650.0,25858.16,76046.866,Infeasible,Violates MAX_INTERVENTION_RATE
0.09,0.23,0.33375,0.46375,0.2025,0.66625,0.8549618320610687,0.2101313320825516,421,19,25149.148999999998,24300.0,25858.16,75307.309,Infeasible,Violates MAX_INTERVENTION_RATE
0.09,0.24,0.33375,0.4775,0.18875,0.66625,0.8549618320610687,0.2101313320825516,421,19,25836.349,22650.0,25858.16,74344.50899999999,Infeasible,Violates MAX_INTERVENTION_RATE
0.09,0.25,0.33375,0.48625,0.18,0.66625,0.8549618320610687,0.2101313320825516,421,19,26423.409,21600.0,25858.16,73881.569,Infeasible,Violates MAX_INTERVENTION_RATE
0.09,0.26,0.33375,0.49125,0.175,0.66625,0.8549618320610687,0.2101313320825516,421,19,26623.409,21000.0,25858.16,73481.569,Infeasible,Violates MAX_INTERVENTION_RATE
0.09,0.27,0.33375,0.5,0.16625,0.66625,0.8549618320610687,0.2101313320825516,421,19,27049.506,19950.0,25858.16,72857.666,Infeasible,Violates MAX_INTERVENTION_RATE
0.09,0.28,0.33375,0.50625,0.16,0.66625,0.8549618320610687,0.2101313320825516,421,19,27329.838,19200.0,25858.16,72387.99799999999,Infeasible,Violates MAX_INTERVENTION_RATE
0.09,0.29,0.33375,0.5175,0.14875,0.66625,0.8549618320610687,0.2101313320825516,421,19,27838.766,17850.0,25858.16,71546.926,Infeasible,Violates MAX_INTERVENTION_RATE
0.09,0.3,0.33375,0.52875,0.1375,0.66625,0.8549618320610687,0.2101313320825516,421,19,28716.109,16500.0,25858.16,71074.269,Infeasible,Violates MAX_INTERVENTION_RATE
0.09,0.31,0.33375,0.5425,0.12375,0.66625,0.8549618320610687,0.2101313320825516,421,19,29743.981,14850.0,25858.16,70452.141,Infeasible,Violates MAX_INTERVENTION_RATE
0.09,0.32,0.33375,0.55875,0.1075,0.66625,0.8549618320610687,0.2101313320825516,421,19,30501.939000000002,12900.0,25858.16,69260.099,Infeasible,Violates MAX_INTERVENTION_RATE
0.09,0.33,0.33375,0.565,0.10125,0.66625,0.8549618320610687,0.2101313320825516,421,19,30776.586,12150.0,25858.16,68784.746,Infeasible,Violates MAX_INTERVENTION_RATE
0.09,0.34,0.33375,0.57625,0.09,0.66625,0.8549618320610687,0.2101313320825516,421,19,31548.03,10800.0,25858.16,68206.19,Infeasible,Violates MAX_INTERVENTION_RATE
0.09,0.35,0.33375,0.58,0.08625,0.66625,0.8549618320610687,0.2101313320825516,421,19,31747.914,10350.0,25858.16,67956.074,Infeasible,Violates MAX_INTERVENTION_RATE
0.09,0.36,0.33375,0.5875,0.07875,0.66625,0.8549618320610687,0.2101313320825516,421,19,32228.220999999998,9450.0,25858.16,67536.381,Infeasible,Violates MAX_INTERVENTION_RATE
0.09,0.37,0.33375,0.5925,0.07375,0.66625,0.8549618320610687,0.2101313320825516,421,19,32945.416,8850.0,25858.16,67653.576,Infeasible,Violates MAX_INTERVENTION_RATE
0.09,0.38,0.33375,0.595,0.07125,0.66625,0.8549618320610687,0.2101313320825516,421,19,33045.416,8550.0,25858.16,67453.576,Infeasible,Violates MAX_INTERVENTION_RATE
0.09,0.39,0.33375,0.60125,0.065,0.66625,0.8549618320610687,0.2101313320825516,421,19,33295.416,7800.0,25858.16,66953.576,Infeasible,Violates MAX_INTERVENTION_RATE
0.09,0.4,0.33375,0.61125,0.055,0.66625,0.8549618320610687,0.2101313320825516,421,19,34011.739,6600.0,25858.16,66469.899,Infeasible,Violates MAX_INTERVENTION_RATE
0.09,0.41,0.33375,0.6175,0.04875,0.66625,0.8549618320610687,0.2101313320825516,421,19,34438.179000000004,5850.0,25858.16,66146.339,Infeasible,Violates MAX_INTERVENTION_RATE
0.09,0.42,0.33375,0.6225,0.04375,0.66625,0.8549618320610687,0.2101313320825516,421,19,34839.128,5250.0,25858.16,65947.288,Infeasible,Violates MAX_INTERVENTION_RATE
0.09,0.43,0.33375,0.62625,0.04,0.66625,0.8549618320610687,0.2101313320825516,421,19,34989.128,4800.0,25858.16,65647.288,Infeasible,Violates MAX_INTERVENTION_RATE
0.09,0.44,0.33375,0.62625,0.04,0.66625,0.8549618320610687,0.2101313320825516,421,19,34989.128,4800.0,25858.16,65647.288,Infeasible,Violates MAX_INTERVENTION_RATE
0.09,0.45,0.33375,0.63125,0.035,0.66625,0.8549618320610687,0.2101313320825516,421,19,35189.128,4200.0,25858.16,65247.288,Infeasible,Violates MAX_INTERVENTION_RATE
0.09,0.46,0.33375,0.63375,0.0325,0.66625,0.8549618320610687,0.2101313320825516,421,19,35426.149,3900.0,25858.16,65184.308999999994,Infeasible,Violates MAX_INTERVENTION_RATE
0.09,0.47,0.33375,0.63875,0.0275,0.66625,0.8549618320610687,0.2101313320825516,421,19,36166.554000000004,3300.0,25858.16,65324.71400000001,Infeasible,Violates MAX_INTERVENTION_RATE
0.09,0.48,0.33375,0.64,0.02625,0.66625,0.8549618320610687,0.2101313320825516,421,19,36238.582,3150.0,25858.16,65246.742,Infeasible,Violates MAX_INTERVENTION_RATE
0.09,0.49,0.33375,0.64375,0.0225,0.66625,0.8549618320610687,0.2101313320825516,421,19,36707.017,2700.0,25858.16,65265.176999999996,Infeasible,Violates MAX_INTERVENTION_RATE
0.09,0.5,0.33375,0.64625,0.02,0.66625,0.8549618320610687,0.2101313320825516,421,19,36922.711,2400.0,25858.16,65180.871,Infeasible,Violates MAX_INTERVENTION_RATE
0.09,0.51,0.33375,0.64875,0.0175,0.66625,0.8549618320610687,0.2101313320825516,421,19,37246.98,2100.0,25858.16,65205.14,Infeasible,Violates MAX_INTERVENTION_RATE
0.09,0.52,0.33375,0.6525,0.01375,0.66625,0.8549618320610687,0.2101313320825516,421,19,37544.489,1650.0,25858.16,65052.649000000005,Infeasible,Violates MAX_INTERVENTION_RATE
0.09,0.53,0.33375,0.6525,0.01375,0.66625,0.8549618320610687,0.2101313320825516,421,19,37544.489,1650.0,25858.16,65052.649000000005,Infeasible,Violates MAX_INTERVENTION_RATE
0.09,0.54,0.33375,0.65375,0.0125,0.66625,0.8549618320610687,0.2101313320825516,421,19,37659.009,1500.0,25858.16,65017.168999999994,Infeasible,Violates MAX_INTERVENTION_RATE
0.09,0.55,0.33375,0.65625,0.01,0.66625,0.8549618320610687,0.2101313320825516,421,19,37952.616,1200.0,25858.16,65010.776,Infeasible,Violates MAX_INTERVENTION_RATE
0.09,0.56,0.33375,0.6575,0.00875,0.66625,0.8549618320610687,0.2101313320825516,421,19,38002.616,1050.0,25858.16,64910.776,Infeasible,Violates MAX_INTERVENTION_RATE
0.09,0.57,0.33375,0.65875,0.0075,0.66625,0.8549618320610687,0.2101313320825516,421,19,38080.567,900.0,25858.16,64838.727,Infeasible,Violates MAX_INTERVENTION_RATE
0.09,0.58,0.33375,0.66,0.00625,0.66625,0.8549618320610687,0.2101313320825516,421,19,38130.567,750.0,25858.16,64738.727,Infeasible,Violates MAX_INTERVENTION_RATE
0.09,0.59,0.33375,0.66,0.00625,0.66625,0.8549618320610687,0.2101313320825516,421,19,38130.567,750.0,25858.16,64738.727,Infeasible,Violates MAX_INTERVENTION_RATE
0.09,0.6,0.33375,0.66125,0.005,0.66625,0.8549618320610687,0.2101313320825516,421,19,38262.557,600.0,25858.16,64720.717000000004,Infeasible,Violates MAX_INTERVENTION_RATE
0.09,0.61,0.33375,0.66125,0.005,0.66625,0.8549618320610687,0.2101313320825516,421,19,38262.557,600.0,25858.16,64720.717000000004,Infeasible,Violates MAX_INTERVENTION_RATE
0.09,0.62,0.33375,0.66125,0.005,0.66625,0.8549618320610687,0.2101313320825516,421,19,38262.557,600.0,25858.16,64720.717000000004,Infeasible,Violates MAX_INTERVENTION_RATE
0.09,0.63,0.33375,0.66375,0.0025,0.66625,0.8549618320610687,0.2101313320825516,421,19,38500.012,300.0,25858.16,64658.172000000006,Infeasible,Violates MAX_INTERVENTION_RATE
0.09,0.64,0.33375,0.665,0.00125,0.66625,0.8549618320610687,0.2101313320825516,421,19,38622.629,150.0,25858.16,64630.789000000004,Infeasible,Violates MAX_INTERVENTION_RATE
0.09,0.65,0.33375,0.665,0.00125,0.66625,0.8549618320610687,0.2101313320825516,421,19,38622.629,150.0,25858.16,64630.789000000004,Infeasible,Violates MAX_INTERVENTION_RATE
0.09,0.66,0.33375,0.665,0.00125,0.66625,0.8549618320610687,0.2101313320825516,421,19,38622.629,150.0,25858.16,64630.789000000004,Infeasible,Violates MAX_INTERVENTION_RATE
0.09,0.67,0.33375,0.665,0.00125,0.66625,0.8549618320610687,0.2101313320825516,421,19,38622.629,150.0,25858.16,64630.789000000004,Infeasible,Violates MAX_INTERVENTION_RATE
0.09,0.68,0.33375,0.665,0.00125,0.66625,0.8549618320610687,0.2101313320825516,421,19,38622.629,150.0,25858.16,64630.789000000004,Infeasible,Violates MAX_INTERVENTION_RATE
0.09,0.69,0.33375,0.66625,0.0,0.66625,0.8549618320610687,0.2101313320825516,421,19,38672.629,0.0,25858.16,64530.789000000004,Infeasible,Violates MAX_INTERVENTION_RATE
0.09,0.7,0.33375,0.66625,0.0,0.66625,0.8549618320610687,0.2101313320825516,421,19,38672.629,0.0,25858.16,64530.789000000004,Infeasible,Violates MAX_INTERVENTION_RATE
0.09,0.71,0.33375,0.66625,0.0,0.66625,0.8549618320610687,0.2101313320825516,421,19,38672.629,0.0,25858.16,64530.789000000004,Infeasible,Violates MAX_INTERVENTION_RATE
0.09,0.72,0.33375,0.66625,0.0,0.66625,0.8549618320610687,0.2101313320825516,421,19,38672.629,0.0,25858.16,64530.789000000004,Infeasible,Violates MAX_INTERVENTION_RATE
0.09,0.73,0.33375,0.66625,0.0,0.66625,0.8549618320610687,0.2101313320825516,421,19,38672.629,0.0,25858.16,64530.789000000004,Infeasible,Violates MAX_INTERVENTION_RATE
0.09,0.74,0.33375,0.66625,0.0,0.66625,0.8549618320610687,0.2101313320825516,421,19,38672.629,0.0,25858.16,64530.789000000004,Infeasible,Violates MAX_INTERVENTION_RATE
0.09,0.75,0.33375,0.66625,0.0,0.66625,0.8549618320610687,0.2101313320825516,421,19,38672.629,0.0,25858.16,64530.789000000004,Infeasible,Violates MAX_INTERVENTION_RATE
0.09,0.76,0.33375,0.66625,0.0,0.66625,0.8549618320610687,0.2101313320825516,421,19,38672.629,0.0,25858.16,64530.789000000004,Infeasible,Violates MAX_INTERVENTION_RATE
0.09,0.77,0.33375,0.66625,0.0,0.66625,0.8549618320610687,0.2101313320825516,421,19,38672.629,0.0,25858.16,64530.789000000004,Infeasible,Violates MAX_INTERVENTION_RATE
0.09,0.78,0.33375,0.66625,0.0,0.66625,0.8549618320610687,0.2101313320825516,421,19,38672.629,0.0,25858.16,64530.789000000004,Infeasible,Violates MAX_INTERVENTION_RATE
0.09,0.79,0.33375,0.66625,0.0,0.66625,0.8549618320610687,0.2101313320825516,421,19,38672.629,0.0,25858.16,64530.789000000004,Infeasible,Violates MAX_INTERVENTION_RATE
0.09,0.8,0.33375,0.66625,0.0,0.66625,0.8549618320610687,0.2101313320825516,421,19,38672.629,0.0,25858.16,64530.789000000004,Infeasible,Violates MAX_INTERVENTION_RATE
0.09,0.81,0.33375,0.66625,0.0,0.66625,0.8549618320610687,0.2101313320825516,421,19,38672.629,0.0,25858.16,64530.789000000004,Infeasible,Violates MAX_INTERVENTION_RATE
0.09,0.82,0.33375,0.66625,0.0,0.66625,0.8549618320610687,0.2101313320825516,421,19,38672.629,0.0,25858.16,64530.789000000004,Infeasible,Violates MAX_INTERVENTION_RATE
0.09,0.83,0.33375,0.66625,0.0,0.66625,0.8549618320610687,0.2101313320825516,421,19,38672.629,0.0,25858.16,64530.789000000004,Infeasible,Violates MAX_INTERVENTION_RATE
0.09,0.84,0.33375,0.66625,0.0,0.66625,0.8549618320610687,0.2101313320825516,421,19,38672.629,0.0,25858.16,64530.789000000004,Infeasible,Violates MAX_INTERVENTION_RATE
0.09,0.85,0.33375,0.66625,0.0,0.66625,0.8549618320610687,0.2101313320825516,421,19,38672.629,0.0,25858.16,64530.789000000004,Infeasible,Violates MAX_INTERVENTION_RATE
0.09,0.86,0.33375,0.66625,0.0,0.66625,0.8549618320610687,0.2101313320825516,421,19,38672.629,0.0,25858.16,64530.789000000004,Infeasible,Violates MAX_INTERVENTION_RATE
0.09,0.87,0.33375,0.66625,0.0,0.66625,0.8549618320610687,0.2101313320825516,421,19,38672.629,0.0,25858.16,64530.789000000004,Infeasible,Violates MAX_INTERVENTION_RATE
0.09,0.88,0.33375,0.66625,0.0,0.66625,0.8549618320610687,0.2101313320825516,421,19,38672.629,0.0,25858.16,64530.789000000004,Infeasible,Violates MAX_INTERVENTION_RATE
0.09,0.89,0.33375,0.66625,0.0,0.66625,0.8549618320610687,0.2101313320825516,421,19,38672.629,0.0,25858.16,64530.789000000004,Infeasible,Violates MAX_INTERVENTION_RATE
0.09,0.9,0.33375,0.66625,0.0,0.66625,0.8549618320610687,0.2101313320825516,421,19,38672.629,0.0,25858.16,64530.789000000004,Infeasible,Violates MAX_INTERVENTION_RATE
0.09,0.91,0.33375,0.66625,0.0,0.66625,0.8549618320610687,0.2101313320825516,421,19,38672.629,0.0,25858.16,64530.789000000004,Infeasible,Violates MAX_INTERVENTION_RATE
0.09,0.92,0.33375,0.66625,0.0,0.66625,0.8549618320610687,0.2101313320825516,421,19,38672.629,0.0,25858.16,64530.789000000004,Infeasible,Violates MAX_INTERVENTION_RATE
0.09,0.93,0.33375,0.66625,0.0,0.66625,0.8549618320610687,0.2101313320825516,421,19,38672.629,0.0,25858.16,64530.789000000004,Infeasible,Violates MAX_INTERVENTION_RATE
0.09,0.94,0.33375,0.66625,0.0,0.66625,0.8549618320610687,0.2101313320825516,421,19,38672.629,0.0,25858.16,64530.789000000004,Infeasible,Violates MAX_INTERVENTION_RATE
0.09,0.95,0.33375,0.66625,0.0,0.66625,0.8549618320610687,0.2101313320825516,421,19,38672.629,0.0,25858.16,64530.789000000004,Infeasible,Violates MAX_INTERVENTION_RATE
0.09,0.96,0.33375,0.66625,0.0,0.66625,0.8549618320610687,0.2101313320825516,421,19,38672.629,0.0,25858.16,64530.789000000004,Infeasible,Violates MAX_INTERVENTION_RATE
0.09,0.97,0.33375,0.66625,0.0,0.66625,0.8549618320610687,0.2101313320825516,421,19,38672.629,0.0,25858.16,64530.789000000004,Infeasible,Violates MAX_INTERVENTION_RATE
0.09,0.98,0.33375,0.66625,0.0,0.66625,0.8549618320610687,0.2101313320825516,421,19,38672.629,0.0,25858.16,64530.789000000004,Infeasible,Violates MAX_INTERVENTION_RATE
0.09,0.99,0.33375,0.66625,0.0,0.66625,0.8549618320610687,0.2101313320825516,421,19,38672.629,0.0,25858.16,64530.789000000004,Infeasible,Violates MAX_INTERVENTION_RATE
0.1,0.11,0.40375,0.05875,0.5375,0.59625,0.8091603053435115,0.2222222222222222,371,25,2595.373,64500.0,37622.100000000006,104717.473,Infeasible,Violates MAX_INTERVENTION_RATE
0.1,0.12,0.40375,0.115,0.48125,0.59625,0.8091603053435115,0.2222222222222222,371,25,5829.856,57750.0,37622.100000000006,101201.956,Infeasible,Violates MAX_INTERVENTION_RATE
0.1,0.13,0.40375,0.155,0.44125,0.59625,0.8091603053435115,0.2222222222222222,371,25,7566.536,52950.0,37622.100000000006,98138.636,Infeasible,Violates MAX_INTERVENTION_RATE
0.1,0.14,0.40375,0.18875,0.4075,0.59625,0.8091603053435115,0.2222222222222222,371,25,9178.015,48900.0,37622.100000000006,95700.115,Infeasible,Violates MAX_INTERVENTION_RATE
0.1,0.15,0.40375,0.22875,0.3675,0.59625,0.8091603053435115,0.2222222222222222,371,25,11477.226,44100.0,37622.100000000006,93199.326,Infeasible,Violates MAX_INTERVENTION_RATE
0.1,0.16,0.40375,0.25875,0.3375,0.59625,0.8091603053435115,0.2222222222222222,371,25,13231.699,40500.0,37622.100000000006,91353.799,Infeasible,Violates MAX_INTERVENTION_RATE
0.1,0.17,0.40375,0.28,0.31625,0.59625,0.8091603053435115,0.2222222222222222,371,25,14792.336,37950.0,37622.100000000006,90364.436,Infeasible,Violates MAX_INTERVENTION_RATE
0.1,0.18,0.40375,0.2975,0.29875,0.59625,0.8091603053435115,0.2222222222222222,371,25,15757.798,35850.0,37622.100000000006,89229.89800000002,Infeasible,Violates MAX_INTERVENTION_RATE
0.1,0.19,0.40375,0.32125,0.275,0.59625,0.8091603053435115,0.2222222222222222,371,25,16796.635000000002,33000.0,37622.100000000006,87418.73500000002,Infeasible,Violates MAX_INTERVENTION_RATE
0.1,0.2,0.40375,0.35,0.24625,0.59625,0.8091603053435115,0.2222222222222222,371,25,18048.051,29550.0,37622.100000000006,85220.15100000001,Infeasible,Violates MAX_INTERVENTION_RATE
0.1,0.21,0.40375,0.37,0.22625,0.59625,0.8091603053435115,0.2222222222222222,371,25,19686.935,27150.0,37622.100000000006,84459.035,Infeasible,Violates MAX_INTERVENTION_RATE
0.1,0.22,0.40375,0.3825,0.21375,0.59625,0.8091603053435115,0.2222222222222222,371,25,20562.312,25650.0,37622.100000000006,83834.41200000001,Infeasible,Violates MAX_INTERVENTION_RATE
0.1,0.23,0.40375,0.39375,0.2025,0.59625,0.8091603053435115,0.2222222222222222,371,25,21172.755,24300.0,37622.100000000006,83094.85500000001,Infeasible,Violates MAX_INTERVENTION_RATE
0.1,0.24,0.40375,0.4075,0.18875,0.59625,0.8091603053435115,0.2222222222222222,371,25,21859.955,22650.0,37622.100000000006,82132.05500000001,Infeasible,Violates MAX_INTERVENTION_RATE
0.1,0.25,0.40375,0.41625,0.18,0.59625,0.8091603053435115,0.2222222222222222,371,25,22447.015,21600.0,37622.100000000006,81669.115,Infeasible,Violates MAX_INTERVENTION_RATE
0.1,0.26,0.40375,0.42125,0.175,0.59625,0.8091603053435115,0.2222222222222222,371,25,22647.015,21000.0,37622.100000000006,81269.115,Infeasible,Violates MAX_INTERVENTION_RATE
0.1,0.27,0.40375,0.43,0.16625,0.59625,0.8091603053435115,0.2222222222222222,371,25,23073.112,19950.0,37622.100000000006,80645.212,Infeasible,Violates MAX_INTERVENTION_RATE
0.1,0.28,0.40375,0.43625,0.16,0.59625,0.8091603053435115,0.2222222222222222,371,25,23353.444,19200.0,37622.100000000006,80175.54400000001,Infeasible,Violates MAX_INTERVENTION_RATE
0.1,0.29,0.40375,0.4475,0.14875,0.59625,0.8091603053435115,0.2222222222222222,371,25,23862.372,17850.0,37622.100000000006,79334.47200000001,Infeasible,Violates MAX_INTERVENTION_RATE
0.1,0.3,0.40375,0.45875,0.1375,0.59625,0.8091603053435115,0.2222222222222222,371,25,24739.715,16500.0,37622.100000000006,78861.815,Infeasible,Violates MAX_INTERVENTION_RATE
0.1,0.31,0.40375,0.4725,0.12375,0.59625,0.8091603053435115,0.2222222222222222,371,25,25767.587,14850.0,37622.100000000006,78239.687,Infeasible,Violates MAX_INTERVENTION_RATE
0.1,0.32,0.40375,0.48875,0.1075,0.59625,0.8091603053435115,0.2222222222222222,371,25,26525.545,12900.0,37622.100000000006,77047.645,Infeasible,Violates MAX_INTERVENTION_RATE
0.1,0.33,0.40375,0.495,0.10125,0.59625,0.8091603053435115,0.2222222222222222,371,25,26800.192,12150.0,37622.100000000006,76572.292,Infeasible,Violates MAX_INTERVENTION_RATE
0.1,0.34,0.40375,0.50625,0.09,0.59625,0.8091603053435115,0.2222222222222222,371,25,27571.636,10800.0,37622.100000000006,75993.736,Infeasible,Violates MAX_INTERVENTION_RATE
0.1,0.35,0.40375,0.51,0.08625,0.59625,0.8091603053435115,0.2222222222222222,371,25,27771.52,10350.0,37622.100000000006,75743.62000000001,Infeasible,Violates MAX_INTERVENTION_RATE
0.1,0.36,0.40375,0.5175,0.07875,0.59625,0.8091603053435115,0.2222222222222222,371,25,28251.826999999997,9450.0,37622.100000000006,75323.927,Infeasible,Violates MAX_INTERVENTION_RATE
0.1,0.37,0.40375,0.5225,0.07375,0.59625,0.8091603053435115,0.2222222222222222,371,25,28969.021999999997,8850.0,37622.100000000006,75441.122,Infeasible,Violates MAX_INTERVENTION_RATE
0.1,0.38,0.40375,0.525,0.07125,0.59625,0.8091603053435115,0.2222222222222222,371,25,29069.021999999997,8550.0,37622.100000000006,75241.122,Infeasible,Violates MAX_INTERVENTION_RATE
0.1,0.39,0.40375,0.53125,0.065,0.59625,0.8091603053435115,0.2222222222222222,371,25,29319.021999999997,7800.0,37622.100000000006,74741.122,Infeasible,Violates MAX_INTERVENTION_RATE
0.1,0.4,0.40375,0.54125,0.055,0.59625,0.8091603053435115,0.2222222222222222,371,25,30035.345,6600.0,37622.100000000006,74257.445,Infeasible,Violates MAX_INTERVENTION_RATE
0.1,0.41,0.40375,0.5475,0.04875,0.59625,0.8091603053435115,0.2222222222222222,371,25,30461.785,5850.0,37622.100000000006,73933.88500000001,Infeasible,Violates MAX_INTERVENTION_RATE
0.1,0.42,0.40375,0.5525,0.04375,0.59625,0.8091603053435115,0.2222222222222222,371,25,30862.734,5250.0,37622.100000000006,73734.834,Infeasible,Violates MAX_INTERVENTION_RATE
0.1,0.43,0.40375,0.55625,0.04,0.59625,0.8091603053435115,0.2222222222222222,371,25,31012.734,4800.0,37622.100000000006,73434.834,Infeasible,Violates MAX_INTERVENTION_RATE
0.1,0.44,0.40375,0.55625,0.04,0.59625,0.8091603053435115,0.2222222222222222,371,25,31012.734,4800.0,37622.100000000006,73434.834,Infeasible,Violates MAX_INTERVENTION_RATE
0.1,0.45,0.40375,0.56125,0.035,0.59625,0.8091603053435115,0.2222222222222222,371,25,31212.734,4200.0,37622.100000000006,73034.834,Infeasible,Violates MAX_INTERVENTION_RATE
0.1,0.46,0.40375,0.56375,0.0325,0.59625,0.8091603053435115,0.2222222222222222,371,25,31449.755,3900.0,37622.100000000006,72971.85500000001,Infeasible,Violates MAX_INTERVENTION_RATE
0.1,0.47,0.40375,0.56875,0.0275,0.59625,0.8091603053435115,0.2222222222222222,371,25,32190.160000000003,3300.0,37622.100000000006,73112.26000000001,Infeasible,Violates MAX_INTERVENTION_RATE
0.1,0.48,0.40375,0.57,0.02625,0.59625,0.8091603053435115,0.2222222222222222,371,25,32262.188000000002,3150.0,37622.100000000006,73034.288,Infeasible,Violates MAX_INTERVENTION_RATE
0.1,0.49,0.40375,0.57375,0.0225,0.59625,0.8091603053435115,0.2222222222222222,371,25,32730.623,2700.0,37622.100000000006,73052.723,Infeasible,Violates MAX_INTERVENTION_RATE
0.1,0.5,0.40375,0.57625,0.02,0.59625,0.8091603053435115,0.2222222222222222,371,25,32946.317,2400.0,37622.100000000006,72968.41700000002,Infeasible,Violates MAX_INTERVENTION_RATE
0.1,0.51,0.40375,0.57875,0.0175,0.59625,0.8091603053435115,0.2222222222222222,371,25,33270.586,2100.0,37622.100000000006,72992.68600000002,Infeasible,Violates MAX_INTERVENTION_RATE
0.1,0.52,0.40375,0.5825,0.01375,0.59625,0.8091603053435115,0.2222222222222222,371,25,33568.095,1650.0,37622.100000000006,72840.195,Infeasible,Violates MAX_INTERVENTION_RATE
0.1,0.53,0.40375,0.5825,0.01375,0.59625,0.8091603053435115,0.2222222222222222,371,25,33568.095,1650.0,37622.100000000006,72840.195,Infeasible,Violates MAX_INTERVENTION_RATE
0.1,0.54,0.40375,0.58375,0.0125,0.59625,0.8091603053435115,0.2222222222222222,371,25,33682.615,1500.0,37622.100000000006,72804.715,Infeasible,Violates MAX_INTERVENTION_RATE
0.1,0.55,0.40375,0.58625,0.01,0.59625,0.8091603053435115,0.2222222222222222,371,25,33976.222,1200.0,37622.100000000006,72798.32200000001,Infeasible,Violates MAX_INTERVENTION_RATE
0.1,0.56,0.40375,0.5875,0.00875,0.59625,0.8091603053435115,0.2222222222222222,371,25,34026.222,1050.0,37622.100000000006,72698.32200000001,Infeasible,Violates MAX_INTERVENTION_RATE
0.1,0.57,0.40375,0.58875,0.0075,0.59625,0.8091603053435115,0.2222222222222222,371,25,34104.173,900.0,37622.100000000006,72626.27300000002,Infeasible,Violates MAX_INTERVENTION_RATE
0.1,0.58,0.40375,0.59,0.00625,0.59625,0.8091603053435115,0.2222222222222222,371,25,34154.173,750.0,37622.100000000006,72526.27300000002,Infeasible,Violates MAX_INTERVENTION_RATE
0.1,0.59,0.40375,0.59,0.00625,0.59625,0.8091603053435115,0.2222222222222222,371,25,34154.173,750.0,37622.100000000006,72526.27300000002,Infeasible,Violates MAX_INTERVENTION_RATE
0.1,0.6,0.40375,0.59125,0.005,0.59625,0.8091603053435115,0.2222222222222222,371,25,34286.163,600.0,37622.100000000006,72508.263,Infeasible,Violates MAX_INTERVENTION_RATE
0.1,0.61,0.40375,0.59125,0.005,0.59625,0.8091603053435115,0.2222222222222222,371,25,34286.163,600.0,37622.100000000006,72508.263,Infeasible,Violates MAX_INTERVENTION_RATE
0.1,0.62,0.40375,0.59125,0.005,0.59625,0.8091603053435115,0.2222222222222222,371,25,34286.163,600.0,37622.100000000006,72508.263,Infeasible,Violates MAX_INTERVENTION_RATE
0.1,0.63,0.40375,0.59375,0.0025,0.59625,0.8091603053435115,0.2222222222222222,371,25,34523.618,300.0,37622.100000000006,72445.71800000001,Infeasible,Violates MAX_INTERVENTION_RATE
0.1,0.64,0.40375,0.595,0.00125,0.59625,0.8091603053435115,0.2222222222222222,371,25,34646.235,150.0,37622.100000000006,72418.335,Infeasible,Violates MAX_INTERVENTION_RATE
0.1,0.65,0.40375,0.595,0.00125,0.59625,0.8091603053435115,0.2222222222222222,371,25,34646.235,150.0,37622.100000000006,72418.335,Infeasible,Violates MAX_INTERVENTION_RATE
0.1,0.66,0.40375,0.595,0.00125,0.59625,0.8091603053435115,0.2222222222222222,371,25,34646.235,150.0,37622.100000000006,72418.335,Infeasible,Violates MAX_INTERVENTION_RATE
0.1,0.67,0.40375,0.595,0.00125,0.59625,0.8091603053435115,0.2222222222222222,371,25,34646.235,150.0,37622.100000000006,72418.335,Infeasible,Violates MAX_INTERVENTION_RATE
0.1,0.68,0.40375,0.595,0.00125,0.59625,0.8091603053435115,0.2222222222222222,371,25,34646.235,150.0,37622.100000000006,72418.335,Infeasible,Violates MAX_INTERVENTION_RATE
0.1,0.69,0.40375,0.59625,0.0,0.59625,0.8091603053435115,0.2222222222222222,371,25,34696.235,0.0,37622.100000000006,72318.335,Infeasible,Violates MAX_INTERVENTION_RATE
0.1,0.7,0.40375,0.59625,0.0,0.59625,0.8091603053435115,0.2222222222222222,371,25,34696.235,0.0,37622.100000000006,72318.335,Infeasible,Violates MAX_INTERVENTION_RATE
0.1,0.71,0.40375,0.59625,0.0,0.59625,0.8091603053435115,0.2222222222222222,371,25,34696.235,0.0,37622.100000000006,72318.335,Infeasible,Violates MAX_INTERVENTION_RATE
0.1,0.72,0.40375,0.59625,0.0,0.59625,0.8091603053435115,0.2222222222222222,371,25,34696.235,0.0,37622.100000000006,72318.335,Infeasible,Violates MAX_INTERVENTION_RATE
0.1,0.73,0.40375,0.59625,0.0,0.59625,0.8091603053435115,0.2222222222222222,371,25,34696.235,0.0,37622.100000000006,72318.335,Infeasible,Violates MAX_INTERVENTION_RATE
0.1,0.74,0.40375,0.59625,0.0,0.59625,0.8091603053435115,0.2222222222222222,371,25,34696.235,0.0,37622.100000000006,72318.335,Infeasible,Violates MAX_INTERVENTION_RATE
0.1,0.75,0.40375,0.59625,0.0,0.59625,0.8091603053435115,0.2222222222222222,371,25,34696.235,0.0,37622.100000000006,72318.335,Infeasible,Violates MAX_INTERVENTION_RATE
0.1,0.76,0.40375,0.59625,0.0,0.59625,0.8091603053435115,0.2222222222222222,371,25,34696.235,0.0,37622.100000000006,72318.335,Infeasible,Violates MAX_INTERVENTION_RATE
0.1,0.77,0.40375,0.59625,0.0,0.59625,0.8091603053435115,0.2222222222222222,371,25,34696.235,0.0,37622.100000000006,72318.335,Infeasible,Violates MAX_INTERVENTION_RATE
0.1,0.78,0.40375,0.59625,0.0,0.59625,0.8091603053435115,0.2222222222222222,371,25,34696.235,0.0,37622.100000000006,72318.335,Infeasible,Violates MAX_INTERVENTION_RATE
0.1,0.79,0.40375,0.59625,0.0,0.59625,0.8091603053435115,0.2222222222222222,371,25,34696.235,0.0,37622.100000000006,72318.335,Infeasible,Violates MAX_INTERVENTION_RATE
0.1,0.8,0.40375,0.59625,0.0,0.59625,0.8091603053435115,0.2222222222222222,371,25,34696.235,0.0,37622.100000000006,72318.335,Infeasible,Violates MAX_INTERVENTION_RATE
0.1,0.81,0.40375,0.59625,0.0,0.59625,0.8091603053435115,0.2222222222222222,371,25,34696.235,0.0,37622.100000000006,72318.335,Infeasible,Violates MAX_INTERVENTION_RATE
0.1,0.82,0.40375,0.59625,0.0,0.59625,0.8091603053435115,0.2222222222222222,371,25,34696.235,0.0,37622.100000000006,72318.335,Infeasible,Violates MAX_INTERVENTION_RATE
0.1,0.83,0.40375,0.59625,0.0,0.59625,0.8091603053435115,0.2222222222222222,371,25,34696.235,0.0,37622.100000000006,72318.335,Infeasible,Violates MAX_INTERVENTION_RATE
0.1,0.84,0.40375,0.59625,0.0,0.59625,0.8091603053435115,0.2222222222222222,371,25,34696.235,0.0,37622.100000000006,72318.335,Infeasible,Violates MAX_INTERVENTION_RATE
0.1,0.85,0.40375,0.59625,0.0,0.59625,0.8091603053435115,0.2222222222222222,371,25,34696.235,0.0,37622.100000000006,72318.335,Infeasible,Violates MAX_INTERVENTION_RATE
0.1,0.86,0.40375,0.59625,0.0,0.59625,0.8091603053435115,0.2222222222222222,371,25,34696.235,0.0,37622.100000000006,72318.335,Infeasible,Violates MAX_INTERVENTION_RATE
0.1,0.87,0.40375,0.59625,0.0,0.59625,0.8091603053435115,0.2222222222222222,371,25,34696.235,0.0,37622.100000000006,72318.335,Infeasible,Violates MAX_INTERVENTION_RATE
0.1,0.88,0.40375,0.59625,0.0,0.59625,0.8091603053435115,0.2222222222222222,371,25,34696.235,0.0,37622.100000000006,72318.335,Infeasible,Violates MAX_INTERVENTION_RATE
0.1,0.89,0.40375,0.59625,0.0,0.59625,0.8091603053435115,0.2222222222222222,371,25,34696.235,0.0,37622.100000000006,72318.335,Infeasible,Violates MAX_INTERVENTION_RATE
0.1,0.9,0.40375,0.59625,0.0,0.59625,0.8091603053435115,0.2222222222222222,371,25,34696.235,0.0,37622.100000000006,72318.335,Infeasible,Violates MAX_INTERVENTION_RATE
0.1,0.91,0.40375,0.59625,0.0,0.59625,0.8091603053435115,0.2222222222222222,371,25,34696.235,0.0,37622.100000000006,72318.335,Infeasible,Violates MAX_INTERVENTION_RATE
0.1,0.92,0.40375,0.59625,0.0,0.59625,0.8091603053435115,0.2222222222222222,371,25,34696.235,0.0,37622.100000000006,72318.335,Infeasible,Violates MAX_INTERVENTION_RATE
0.1,0.93,0.40375,0.59625,0.0,0.59625,0.8091603053435115,0.2222222222222222,371,25,34696.235,0.0,37622.100000000006,72318.335,Infeasible,Violates MAX_INTERVENTION_RATE
0.1,0.94,0.40375,0.59625,0.0,0.59625,0.8091603053435115,0.2222222222222222,371,25,34696.235,0.0,37622.100000000006,72318.335,Infeasible,Violates MAX_INTERVENTION_RATE
0.1,0.95,0.40375,0.59625,0.0,0.59625,0.8091603053435115,0.2222222222222222,371,25,34696.235,0.0,37622.100000000006,72318.335,Infeasible,Violates MAX_INTERVENTION_RATE
0.1,0.96,0.40375,0.59625,0.0,0.59625,0.8091603053435115,0.2222222222222222,371,25,34696.235,0.0,37622.100000000006,72318.335,Infeasible,Violates MAX_INTERVENTION_RATE
0.1,0.97,0.40375,0.59625,0.0,0.59625,0.8091603053435115,0.2222222222222222,371,25,34696.235,0.0,37622.100000000006,72318.335,Infeasible,Violates MAX_INTERVENTION_RATE
0.1,0.98,0.40375,0.59625,0.0,0.59625,0.8091603053435115,0.2222222222222222,371,25,34696.235,0.0,37622.100000000006,72318.335,Infeasible,Violates MAX_INTERVENTION_RATE
0.1,0.99,0.40375,0.59625,0.0,0.59625,0.8091603053435115,0.2222222222222222,371,25,34696.235,0.0,37622.100000000006,72318.335,Infeasible,Violates MAX_INTERVENTION_RATE
0.11,0.12,0.4625,0.05625,0.48125,0.5375,0.7786259541984732,0.2372093023255814,328,29,3234.4829999999997,57750.0,40075.83,101060.313,Infeasible,Violates MAX_INTERVENTION_RATE
0.11,0.13,0.4625,0.09625,0.44125,0.5375,0.7786259541984732,0.2372093023255814,328,29,4971.1630000000005,52950.0,40075.83,97996.993,Infeasible,Violates MAX_INTERVENTION_RATE
0.11,0.14,0.4625,0.13,0.4075,0.5375,0.7786259541984732,0.2372093023255814,328,29,6582.642,48900.0,40075.83,95558.47200000001,Infeasible,Violates MAX_INTERVENTION_RATE
0.11,0.15,0.4625,0.17,0.3675,0.5375,0.7786259541984732,0.2372093023255814,328,29,8881.853,44100.0,40075.83,93057.683,Infeasible,Violates MAX_INTERVENTION_RATE
0.11,0.16,0.4625,0.2,0.3375,0.5375,0.7786259541984732,0.2372093023255814,328,29,10636.326000000001,40500.0,40075.83,91212.156,Infeasible,Violates MAX_INTERVENTION_RATE
0.11,0.17,0.4625,0.22125,0.31625,0.5375,0.7786259541984732,0.2372093023255814,328,29,12196.963,37950.0,40075.83,90222.793,Infeasible,Violates MAX_INTERVENTION_RATE
0.11,0.18,0.4625,0.23875,0.29875,0.5375,0.7786259541984732,0.2372093023255814,328,29,13162.425,35850.0,40075.83,89088.255,Infeasible,Violates MAX_INTERVENTION_RATE
0.11,0.19,0.4625,0.2625,0.275,0.5375,0.7786259541984732,0.2372093023255814,328,29,14201.262,33000.0,40075.83,87277.092,Infeasible,Violates MAX_INTERVENTION_RATE
0.11,0.2,0.4625,0.29125,0.24625,0.5375,0.7786259541984732,0.2372093023255814,328,29,15452.678,29550.0,40075.83,85078.508,Infeasible,Violates MAX_INTERVENTION_RATE
0.11,0.21,0.4625,0.31125,0.22625,0.5375,0.7786259541984732,0.2372093023255814,328,29,17091.562,27150.0,40075.83,84317.392,Infeasible,Violates MAX_INTERVENTION_RATE
0.11,0.22,0.4625,0.32375,0.21375,0.5375,0.7786259541984732,0.2372093023255814,328,29,17966.939,25650.0,40075.83,83692.769,Infeasible,Violates MAX_INTERVENTION_RATE
0.11,0.23,0.4625,0.335,0.2025,0.5375,0.7786259541984732,0.2372093023255814,328,29,18577.382,24300.0,40075.83,82953.212,Infeasible,Violates MAX_INTERVENTION_RATE
0.11,0.24,0.4625,0.34875,0.18875,0.5375,0.7786259541984732,0.2372093023255814,328,29,19264.582000000002,22650.0,40075.83,81990.41200000001,Infeasible,Violates MAX_INTERVENTION_RATE
0.11,0.25,0.4625,0.3575,0.18,0.5375,0.7786259541984732,0.2372093023255814,328,29,19851.642,21600.0,40075.83,81527.47200000001,Infeasible,Violates MAX_INTERVENTION_RATE
0.11,0.26,0.4625,0.3625,0.175,0.5375,0.7786259541984732,0.2372093023255814,328,29,20051.642,21000.0,40075.83,81127.47200000001,Infeasible,Violates MAX_INTERVENTION_RATE
0.11,0.27,0.4625,0.37125,0.16625,0.5375,0.7786259541984732,0.2372093023255814,328,29,20477.739,19950.0,40075.83,80503.569,Infeasible,Violates MAX_INTERVENTION_RATE
0.11,0.28,0.4625,0.3775,0.16,0.5375,0.7786259541984732,0.2372093023255814,328,29,20758.071,19200.0,40075.83,80033.901,Infeasible,Violates MAX_INTERVENTION_RATE
0.11,0.29,0.4625,0.38875,0.14875,0.5375,0.7786259541984732,0.2372093023255814,328,29,21266.999,17850.0,40075.83,79192.829,Infeasible,Violates MAX_INTERVENTION_RATE
0.11,0.3,0.4625,0.4,0.1375,0.5375,0.7786259541984732,0.2372093023255814,328,29,22144.342,16500.0,40075.83,78720.172,Infeasible,Violates MAX_INTERVENTION_RATE
0.11,0.31,0.4625,0.41375,0.12375,0.5375,0.7786259541984732,0.2372093023255814,328,29,23172.214,14850.0,40075.83,78098.044,Infeasible,Violates MAX_INTERVENTION_RATE
0.11,0.32,0.4625,0.43,0.1075,0.5375,0.7786259541984732,0.2372093023255814,328,29,23930.172,12900.0,40075.83,76906.00200000001,Infeasible,Violates MAX_INTERVENTION_RATE
0.11,0.33,0.4625,0.43625,0.10125,0.5375,0.7786259541984732,0.2372093023255814,328,29,24204.819,12150.0,40075.83,76430.649,Infeasible,Violates MAX_INTERVENTION_RATE
0.11,0.34,0.4625,0.4475,0.09,0.5375,0.7786259541984732,0.2372093023255814,328,29,24976.263,10800.0,40075.83,75852.093,Infeasible,Violates MAX_INTERVENTION_RATE
0.11,0.35,0.4625,0.45125,0.08625,0.5375,0.7786259541984732,0.2372093023255814,328,29,25176.147,10350.0,40075.83,75601.977,Infeasible,Violates MAX_INTERVENTION_RATE
0.11,0.36,0.4625,0.45875,0.07875,0.5375,0.7786259541984732,0.2372093023255814,328,29,25656.453999999998,9450.0,40075.83,75182.284,Infeasible,Violates MAX_INTERVENTION_RATE
0.11,0.37,0.4625,0.46375,0.07375,0.5375,0.7786259541984732,0.2372093023255814,328,29,26373.648999999998,8850.0,40075.83,75299.47899999999,Infeasible,Violates MAX_INTERVENTION_RATE
0.11,0.38,0.4625,0.46625,0.07125,0.5375,0.7786259541984732,0.2372093023255814,328,29,26473.648999999998,8550.0,40075.83,75099.47899999999,Infeasible,Violates MAX_INTERVENTION_RATE
0.11,0.39,0.4625,0.4725,0.065,0.5375,0.7786259541984732,0.2372093023255814,328,29,26723.648999999998,7800.0,40075.83,74599.47899999999,Infeasible,Violates MAX_INTERVENTION_RATE
0.11,0.4,0.4625,0.4825,0.055,0.5375,0.7786259541984732,0.2372093023255814,328,29,27439.971999999998,6600.0,40075.83,74115.802,Infeasible,Violates MAX_INTERVENTION_RATE
0.11,0.41,0.4625,0.48875,0.04875,0.5375,0.7786259541984732,0.2372093023255814,328,29,27866.412,5850.0,40075.83,73792.242,Infeasible,Violates MAX_INTERVENTION_RATE
0.11,0.42,0.4625,0.49375,0.04375,0.5375,0.7786259541984732,0.2372093023255814,328,29,28267.361,5250.0,40075.83,73593.191,Infeasible,Violates MAX_INTERVENTION_RATE
0.11,0.43,0.4625,0.4975,0.04,0.5375,0.7786259541984732,0.2372093023255814,328,29,28417.361,4800.0,40075.83,73293.191,Infeasible,Violates MAX_INTERVENTION_RATE
0.11,0.44,0.4625,0.4975,0.04,0.5375,0.7786259541984732,0.2372093023255814,328,29,28417.361,4800.0,40075.83,73293.191,Infeasible,Violates MAX_INTERVENTION_RATE
0.11,0.45,0.4625,0.5025,0.035,0.5375,0.7786259541984732,0.2372093023255814,328,29,28617.361,4200.0,40075.83,72893.191,Infeasible,Violates MAX_INTERVENTION_RATE
0.11,0.46,0.4625,0.505,0.0325,0.5375,0.7786259541984732,0.2372093023255814,328,29,28854.381999999998,3900.0,40075.83,72830.212,Infeasible,Violates MAX_INTERVENTION_RATE
0.11,0.47,0.4625,0.51,0.0275,0.5375,0.7786259541984732,0.2372093023255814,328,29,29594.787,3300.0,40075.83,72970.617,Infeasible,Violates MAX_INTERVENTION_RATE
0.11,0.48,0.4625,0.51125,0.02625,0.5375,0.7786259541984732,0.2372093023255814,328,29,29666.815000000002,3150.0,40075.83,72892.645,Infeasible,Violates MAX_INTERVENTION_RATE
0.11,0.49,0.4625,0.515,0.0225,0.5375,0.7786259541984732,0.2372093023255814,328,29,30135.25,2700.0,40075.83,72911.08,Infeasible,Violates MAX_INTERVENTION_RATE
0.11,0.5,0.4625,0.5175,0.02,0.5375,0.7786259541984732,0.2372093023255814,328,29,30350.944,2400.0,40075.83,72826.774,Infeasible,Violates MAX_INTERVENTION_RATE
0.11,0.51,0.4625,0.52,0.0175,0.5375,0.7786259541984732,0.2372093023255814,328,29,30675.213,2100.0,40075.83,72851.043,Infeasible,Violates MAX_INTERVENTION_RATE
0.11,0.52,0.4625,0.52375,0.01375,0.5375,0.7786259541984732,0.2372093023255814,328,29,30972.722,1650.0,40075.83,72698.552,Infeasible,Violates MAX_INTERVENTION_RATE
0.11,0.53,0.4625,0.52375,0.01375,0.5375,0.7786259541984732,0.2372093023255814,328,29,30972.722,1650.0,40075.83,72698.552,Infeasible,Violates MAX_INTERVENTION_RATE
0.11,0.54,0.4625,0.525,0.0125,0.5375,0.7786259541984732,0.2372093023255814,328,29,31087.242,1500.0,40075.83,72663.072,Infeasible,Violates MAX_INTERVENTION_RATE
0.11,0.55,0.4625,0.5275,0.01,0.5375,0.7786259541984732,0.2372093023255814,328,29,31380.849000000002,1200.0,40075.83,72656.679,Infeasible,Violates MAX_INTERVENTION_RATE
0.11,0.56,0.4625,0.52875,0.00875,0.5375,0.7786259541984732,0.2372093023255814,328,29,31430.849000000002,1050.0,40075.83,72556.679,Infeasible,Violates MAX_INTERVENTION_RATE
0.11,0.57,0.4625,0.53,0.0075,0.5375,0.7786259541984732,0.2372093023255814,328,29,31508.800000000003,900.0,40075.83,72484.63,Infeasible,Violates MAX_INTERVENTION_RATE
0.11,0.58,0.4625,0.53125,0.00625,0.5375,0.7786259541984732,0.2372093023255814,328,29,31558.800000000003,750.0,40075.83,72384.63,Infeasible,Violates MAX_INTERVENTION_RATE
0.11,0.59,0.4625,0.53125,0.00625,0.5375,0.7786259541984732,0.2372093023255814,328,29,31558.800000000003,750.0,40075.83,72384.63,Infeasible,Violates MAX_INTERVENTION_RATE
0.11,0.6,0.4625,0.5325,0.005,0.5375,0.7786259541984732,0.2372093023255814,328,29,31690.79,600.0,40075.83,72366.62,Infeasible,Violates MAX_INTERVENTION_RATE
0.11,0.61,0.4625,0.5325,0.005,0.5375,0.7786259541984732,0.2372093023255814,328,29,31690.79,600.0,40075.83,72366.62,Infeasible,Violates MAX_INTERVENTION_RATE
0.11,0.62,0.4625,0.5325,0.005,0.5375,0.7786259541984732,0.2372093023255814,328,29,31690.79,600.0,40075.83,72366.62,Infeasible,Violates MAX_INTERVENTION_RATE
0.11,0.63,0.4625,0.535,0.0025,0.5375,0.7786259541984732,0.2372093023255814,328,29,31928.245000000003,300.0,40075.83,72304.07500000001,Infeasible,Violates MAX_INTERVENTION_RATE
0.11,0.64,0.4625,0.53625,0.00125,0.5375,0.7786259541984732,0.2372093023255814,328,29,32050.862,150.0,40075.83,72276.69200000001,Infeasible,Violates MAX_INTERVENTION_RATE
0.11,0.65,0.4625,0.53625,0.00125,0.5375,0.7786259541984732,0.2372093023255814,328,29,32050.862,150.0,40075.83,72276.69200000001,Infeasible,Violates MAX_INTERVENTION_RATE
0.11,0.66,0.4625,0.53625,0.00125,0.5375,0.7786259541984732,0.2372093023255814,328,29,32050.862,150.0,40075.83,72276.69200000001,Infeasible,Violates MAX_INTERVENTION_RATE
0.11,0.67,0.4625,0.53625,0.00125,0.5375,0.7786259541984732,0.2372093023255814,328,29,32050.862,150.0,40075.83,72276.69200000001,Infeasible,Violates MAX_INTERVENTION_RATE
0.11,0.68,0.4625,0.53625,0.00125,0.5375,0.7786259541984732,0.2372093023255814,328,29,32050.862,150.0,40075.83,72276.69200000001,Infeasible,Violates MAX_INTERVENTION_RATE
0.11,0.69,0.4625,0.5375,0.0,0.5375,0.7786259541984732,0.2372093023255814,328,29,32100.862,0.0,40075.83,72176.69200000001,Infeasible,Violates MAX_INTERVENTION_RATE
0.11,0.7,0.4625,0.5375,0.0,0.5375,0.7786259541984732,0.2372093023255814,328,29,32100.862,0.0,40075.83,72176.69200000001,Infeasible,Violates MAX_INTERVENTION_RATE
0.11,0.71,0.4625,0.5375,0.0,0.5375,0.7786259541984732,0.2372093023255814,328,29,32100.862,0.0,40075.83,72176.69200000001,Infeasible,Violates MAX_INTERVENTION_RATE
0.11,0.72,0.4625,0.5375,0.0,0.5375,0.7786259541984732,0.2372093023255814,328,29,32100.862,0.0,40075.83,72176.69200000001,Infeasible,Violates MAX_INTERVENTION_RATE
0.11,0.73,0.4625,0.5375,0.0,0.5375,0.7786259541984732,0.2372093023255814,328,29,32100.862,0.0,40075.83,72176.69200000001,Infeasible,Violates MAX_INTERVENTION_RATE
0.11,0.74,0.4625,0.5375,0.0,0.5375,0.7786259541984732,0.2372093023255814,328,29,32100.862,0.0,40075.83,72176.69200000001,Infeasible,Violates MAX_INTERVENTION_RATE
0.11,0.75,0.4625,0.5375,0.0,0.5375,0.7786259541984732,0.2372093023255814,328,29,32100.862,0.0,40075.83,72176.69200000001,Infeasible,Violates MAX_INTERVENTION_RATE
0.11,0.76,0.4625,0.5375,0.0,0.5375,0.7786259541984732,0.2372093023255814,328,29,32100.862,0.0,40075.83,72176.69200000001,Infeasible,Violates MAX_INTERVENTION_RATE
0.11,0.77,0.4625,0.5375,0.0,0.5375,0.7786259541984732,0.2372093023255814,328,29,32100.862,0.0,40075.83,72176.69200000001,Infeasible,Violates MAX_INTERVENTION_RATE
0.11,0.78,0.4625,0.5375,0.0,0.5375,0.7786259541984732,0.2372093023255814,328,29,32100.862,0.0,40075.83,72176.69200000001,Infeasible,Violates MAX_INTERVENTION_RATE
0.11,0.79,0.4625,0.5375,0.0,0.5375,0.7786259541984732,0.2372093023255814,328,29,32100.862,0.0,40075.83,72176.69200000001,Infeasible,Violates MAX_INTERVENTION_RATE
0.11,0.8,0.4625,0.5375,0.0,0.5375,0.7786259541984732,0.2372093023255814,328,29,32100.862,0.0,40075.83,72176.69200000001,Infeasible,Violates MAX_INTERVENTION_RATE
0.11,0.81,0.4625,0.5375,0.0,0.5375,0.7786259541984732,0.2372093023255814,328,29,32100.862,0.0,40075.83,72176.69200000001,Infeasible,Violates MAX_INTERVENTION_RATE
0.11,0.82,0.4625,0.5375,0.0,0.5375,0.7786259541984732,0.2372093023255814,328,29,32100.862,0.0,40075.83,72176.69200000001,Infeasible,Violates MAX_INTERVENTION_RATE
0.11,0.83,0.4625,0.5375,0.0,0.5375,0.7786259541984732,0.2372093023255814,328,29,32100.862,0.0,40075.83,72176.69200000001,Infeasible,Violates MAX_INTERVENTION_RATE
0.11,0.84,0.4625,0.5375,0.0,0.5375,0.7786259541984732,0.2372093023255814,328,29,32100.862,0.0,40075.83,72176.69200000001,Infeasible,Violates MAX_INTERVENTION_RATE
0.11,0.85,0.4625,0.5375,0.0,0.5375,0.7786259541984732,0.2372093023255814,328,29,32100.862,0.0,40075.83,72176.69200000001,Infeasible,Violates MAX_INTERVENTION_RATE
0.11,0.86,0.4625,0.5375,0.0,0.5375,0.7786259541984732,0.2372093023255814,328,29,32100.862,0.0,40075.83,72176.69200000001,Infeasible,Violates MAX_INTERVENTION_RATE
0.11,0.87,0.4625,0.5375,0.0,0.5375,0.7786259541984732,0.2372093023255814,328,29,32100.862,0.0,40075.83,72176.69200000001,Infeasible,Violates MAX_INTERVENTION_RATE
0.11,0.88,0.4625,0.5375,0.0,0.5375,0.7786259541984732,0.2372093023255814,328,29,32100.862,0.0,40075.83,72176.69200000001,Infeasible,Violates MAX_INTERVENTION_RATE
0.11,0.89,0.4625,0.5375,0.0,0.5375,0.7786259541984732,0.2372093023255814,328,29,32100.862,0.0,40075.83,72176.69200000001,Infeasible,Violates MAX_INTERVENTION_RATE
0.11,0.9,0.4625,0.5375,0.0,0.5375,0.7786259541984732,0.2372093023255814,328,29,32100.862,0.0,40075.83,72176.69200000001,Infeasible,Violates MAX_INTERVENTION_RATE
0.11,0.91,0.4625,0.5375,0.0,0.5375,0.7786259541984732,0.2372093023255814,328,29,32100.862,0.0,40075.83,72176.69200000001,Infeasible,Violates MAX_INTERVENTION_RATE
0.11,0.92,0.4625,0.5375,0.0,0.5375,0.7786259541984732,0.2372093023255814,328,29,32100.862,0.0,40075.83,72176.69200000001,Infeasible,Violates MAX_INTERVENTION_RATE
0.11,0.93,0.4625,0.5375,0.0,0.5375,0.7786259541984732,0.2372093023255814,328,29,32100.862,0.0,40075.83,72176.69200000001,Infeasible,Violates MAX_INTERVENTION_RATE
0.11,0.94,0.4625,0.5375,0.0,0.5375,0.7786259541984732,0.2372093023255814,328,29,32100.862,0.0,40075.83,72176.69200000001,Infeasible,Violates MAX_INTERVENTION_RATE
0.11,0.95,0.4625,0.5375,0.0,0.5375,0.7786259541984732,0.2372093023255814,328,29,32100.862,0.0,40075.83,72176.69200000001,Infeasible,Violates MAX_INTERVENTION_RATE
0.11,0.96,0.4625,0.5375,0.0,0.5375,0.7786259541984732,0.2372093023255814,328,29,32100.862,0.0,40075.83,72176.69200000001,Infeasible,Violates MAX_INTERVENTION_RATE
0.11,0.97,0.4625,0.5375,0.0,0.5375,0.7786259541984732,0.2372093023255814,328,29,32100.862,0.0,40075.83,72176.69200000001,Infeasible,Violates MAX_INTERVENTION_RATE
0.11,0.98,0.4625,0.5375,0.0,0.5375,0.7786259541984732,0.2372093023255814,328,29,32100.862,0.0,40075.83,72176.69200000001,Infeasible,Violates MAX_INTERVENTION_RATE
0.11,0.99,0.4625,0.5375,0.0,0.5375,0.7786259541984732,0.2372093023255814,328,29,32100.862,0.0,40075.83,72176.69200000001,Infeasible,Violates MAX_INTERVENTION_RATE
0.12,0.13,0.51875,0.04,0.44125,0.48125,0.7175572519083969,0.24415584415584415,291,37,1736.68,52950.0,49920.66,104607.34,Infeasible,Violates MAX_INTERVENTION_RATE
0.12,0.14,0.51875,0.07375,0.4075,0.48125,0.7175572519083969,0.24415584415584415,291,37,3348.159,48900.0,49920.66,102168.819,Infeasible,Violates MAX_INTERVENTION_RATE
0.12,0.15,0.51875,0.11375,0.3675,0.48125,0.7175572519083969,0.24415584415584415,291,37,5647.37,44100.0,49920.66,99668.03,Infeasible,Violates MAX_INTERVENTION_RATE
0.12,0.16,0.51875,0.14375,0.3375,0.48125,0.7175572519083969,0.24415584415584415,291,37,7401.843,40500.0,49920.66,97822.503,Infeasible,Violates MAX_INTERVENTION_RATE
0.12,0.17,0.51875,0.165,0.31625,0.48125,0.7175572519083969,0.24415584415584415,291,37,8962.48,37950.0,49920.66,96833.14,Infeasible,Violates MAX_INTERVENTION_RATE
0.12,0.18,0.51875,0.1825,0.29875,0.48125,0.7175572519083969,0.24415584415584415,291,37,9927.942,35850.0,49920.66,95698.602,Infeasible,Violates MAX_INTERVENTION_RATE
0.12,0.19,0.51875,0.20625,0.275,0.48125,0.7175572519083969,0.24415584415584415,291,37,10966.779,33000.0,49920.66,93887.43900000001,Infeasible,Violates MAX_INTERVENTION_RATE
0.12,0.2,0.51875,0.235,0.24625,0.48125,0.7175572519083969,0.24415584415584415,291,37,12218.195,29550.0,49920.66,91688.85500000001,Infeasible,Violates MAX_INTERVENTION_RATE
0.12,0.21,0.51875,0.255,0.22625,0.48125,0.7175572519083969,0.24415584415584415,291,37,13857.079000000002,27150.0,49920.66,90927.739,Infeasible,Violates MAX_INTERVENTION_RATE
0.12,0.22,0.51875,0.2675,0.21375,0.48125,0.7175572519083969,0.24415584415584415,291,37,14732.456,25650.0,49920.66,90303.11600000001,Infeasible,Violates MAX_INTERVENTION_RATE
0.12,0.23,0.51875,0.27875,0.2025,0.48125,0.7175572519083969,0.24415584415584415,291,37,15342.899000000001,24300.0,49920.66,89563.55900000001,Infeasible,Violates MAX_INTERVENTION_RATE
0.12,0.24,0.51875,0.2925,0.18875,0.48125,0.7175572519083969,0.24415584415584415,291,37,16030.099,22650.0,49920.66,88600.759,Infeasible,Violates MAX_INTERVENTION_RATE
0.12,0.25,0.51875,0.30125,0.18,0.48125,0.7175572519083969,0.24415584415584415,291,37,16617.159,21600.0,49920.66,88137.819,Infeasible,Violates MAX_INTERVENTION_RATE
0.12,0.26,0.51875,0.30625,0.175,0.48125,0.7175572519083969,0.24415584415584415,291,37,16817.159,21000.0,49920.66,87737.819,Infeasible,Violates MAX_INTERVENTION_RATE
0.12,0.27,0.51875,0.315,0.16625,0.48125,0.7175572519083969,0.24415584415584415,291,37,17243.256,19950.0,49920.66,87113.916,Infeasible,Violates MAX_INTERVENTION_RATE
0.12,0.28,0.51875,0.32125,0.16,0.48125,0.7175572519083969,0.24415584415584415,291,37,17523.588,19200.0,49920.66,86644.248,Infeasible,Violates MAX_INTERVENTION_RATE
0.12,0.29,0.51875,0.3325,0.14875,0.48125,0.7175572519083969,0.24415584415584415,291,37,18032.516,17850.0,49920.66,85803.176,Infeasible,Violates MAX_INTERVENTION_RATE
0.12,0.3,0.51875,0.34375,0.1375,0.48125,0.7175572519083969,0.24415584415584415,291,37,18909.859,16500.0,49920.66,85330.519,Infeasible,Violates MAX_INTERVENTION_RATE
0.12,0.31,0.51875,0.3575,0.12375,0.48125,0.7175572519083969,0.24415584415584415,291,37,19937.731,14850.0,49920.66,84708.391,Infeasible,Violates MAX_INTERVENTION_RATE
0.12,0.32,0.51875,0.37375,0.1075,0.48125,0.7175572519083969,0.24415584415584415,291,37,20695.689,12900.0,49920.66,83516.349,Infeasible,Violates MAX_INTERVENTION_RATE
0.12,0.33,0.51875,0.38,0.10125,0.48125,0.7175572519083969,0.24415584415584415,291,37,20970.336,12150.0,49920.66,83040.996,Infeasible,Violates MAX_INTERVENTION_RATE
0.12,0.34,0.51875,0.39125,0.09,0.48125,0.7175572519083969,0.24415584415584415,291,37,21741.78,10800.0,49920.66,82462.44,Infeasible,Violates MAX_INTERVENTION_RATE
0.12,0.35,0.51875,0.395,0.08625,0.48125,0.7175572519083969,0.24415584415584415,291,37,21941.664,10350.0,49920.66,82212.32400000001,Infeasible,Violates MAX_INTERVENTION_RATE
0.12,0.36,0.51875,0.4025,0.07875,0.48125,0.7175572519083969,0.24415584415584415,291,37,22421.971,9450.0,49920.66,81792.63100000001,Infeasible,Violates MAX_INTERVENTION_RATE
0.12,0.37,0.51875,0.4075,0.07375,0.48125,0.7175572519083969,0.24415584415584415,291,37,23139.166,8850.0,49920.66,81909.826,Infeasible,Violates MAX_INTERVENTION_RATE
0.12,0.38,0.51875,0.41,0.07125,0.48125,0.7175572519083969,0.24415584415584415,291,37,23239.166,8550.0,49920.66,81709.826,Infeasible,Violates MAX_INTERVENTION_RATE
0.12,0.39,0.51875,0.41625,0.065,0.48125,0.7175572519083969,0.24415584415584415,291,37,23489.166,7800.0,49920.66,81209.826,Infeasible,Violates MAX_INTERVENTION_RATE
0.12,0.4,0.51875,0.42625,0.055,0.48125,0.7175572519083969,0.24415584415584415,291,37,24205.489,6600.0,49920.66,80726.149,Infeasible,Violates MAX_INTERVENTION_RATE
0.12,0.41,0.51875,0.4325,0.04875,0.48125,0.7175572519083969,0.24415584415584415,291,37,24631.929,5850.0,49920.66,80402.589,Infeasible,Violates MAX_INTERVENTION_RATE
0.12,0.42,0.51875,0.4375,0.04375,0.48125,0.7175572519083969,0.24415584415584415,291,37,25032.878,5250.0,49920.66,80203.538,Infeasible,Violates MAX_INTERVENTION_RATE
0.12,0.43,0.51875,0.44125,0.04,0.48125,0.7175572519083969,0.24415584415584415,291,37,25182.878,4800.0,49920.66,79903.538,Infeasible,Violates MAX_INTERVENTION_RATE
0.12,0.44,0.51875,0.44125,0.04,0.48125,0.7175572519083969,0.24415584415584415,291,37,25182.878,4800.0,49920.66,79903.538,Infeasible,Violates MAX_INTERVENTION_RATE
0.12,0.45,0.51875,0.44625,0.035,0.48125,0.7175572519083969,0.24415584415584415,291,37,25382.878,4200.0,49920.66,79503.538,Infeasible,Violates MAX_INTERVENTION_RATE
0.12,0.46,0.51875,0.44875,0.0325,0.48125,0.7175572519083969,0.24415584415584415,291,37,25619.899,3900.0,49920.66,79440.55900000001,Infeasible,Violates MAX_INTERVENTION_RATE
0.12,0.47,0.51875,0.45375,0.0275,0.48125,0.7175572519083969,0.24415584415584415,291,37,26360.304,3300.0,49920.66,79580.964,Infeasible,Violates MAX_INTERVENTION_RATE
0.12,0.48,0.51875,0.455,0.02625,0.48125,0.7175572519083969,0.24415584415584415,291,37,26432.332000000002,3150.0,49920.66,79502.992,Infeasible,Violates MAX_INTERVENTION_RATE
0.12,0.49,0.51875,0.45875,0.0225,0.48125,0.7175572519083969,0.24415584415584415,291,37,26900.767,2700.0,49920.66,79521.427,Infeasible,Violates MAX_INTERVENTION_RATE
0.12,0.5,0.51875,0.46125,0.02,0.48125,0.7175572519083969,0.24415584415584415,291,37,27116.461000000003,2400.0,49920.66,79437.12100000001,Infeasible,Violates MAX_INTERVENTION_RATE
0.12,0.51,0.51875,0.46375,0.0175,0.48125,0.7175572519083969,0.24415584415584415,291,37,27440.730000000003,2100.0,49920.66,79461.39000000001,Infeasible,Violates MAX_INTERVENTION_RATE
0.12,0.52,0.51875,0.4675,0.01375,0.48125,0.7175572519083969,0.24415584415584415,291,37,27738.239,1650.0,49920.66,79308.899,Infeasible,Violates MAX_INTERVENTION_RATE
0.12,0.53,0.51875,0.4675,0.01375,0.48125,0.7175572519083969,0.24415584415584415,291,37,27738.239,1650.0,49920.66,79308.899,Infeasible,Violates MAX_INTERVENTION_RATE
0.12,0.54,0.51875,0.46875,0.0125,0.48125,0.7175572519083969,0.24415584415584415,291,37,27852.759,1500.0,49920.66,79273.419,Infeasible,Violates MAX_INTERVENTION_RATE
0.12,0.55,0.51875,0.47125,0.01,0.48125,0.7175572519083969,0.24415584415584415,291,37,28146.366,1200.0,49920.66,79267.02600000001,Infeasible,Violates MAX_INTERVENTION_RATE
0.12,0.56,0.51875,0.4725,0.00875,0.48125,0.7175572519083969,0.24415584415584415,291,37,28196.366,1050.0,49920.66,79167.02600000001,Infeasible,Violates MAX_INTERVENTION_RATE
0.12,0.57,0.51875,0.47375,0.0075,0.48125,0.7175572519083969,0.24415584415584415,291,37,28274.317000000003,900.0,49920.66,79094.97700000001,Infeasible,Violates MAX_INTERVENTION_RATE
0.12,0.58,0.51875,0.475,0.00625,0.48125,0.7175572519083969,0.24415584415584415,291,37,28324.317000000003,750.0,49920.66,78994.97700000001,Infeasible,Violates MAX_INTERVENTION_RATE
0.12,0.59,0.51875,0.475,0.00625,0.48125,0.7175572519083969,0.24415584415584415,291,37,28324.317000000003,750.0,49920.66,78994.97700000001,Infeasible,Violates MAX_INTERVENTION_RATE
0.12,0.6,0.51875,0.47625,0.005,0.48125,0.7175572519083969,0.24415584415584415,291,37,28456.307,600.0,49920.66,78976.967,Infeasible,Violates MAX_INTERVENTION_RATE
0.12,0.61,0.51875,0.47625,0.005,0.48125,0.7175572519083969,0.24415584415584415,291,37,28456.307,600.0,49920.66,78976.967,Infeasible,Violates MAX_INTERVENTION_RATE
0.12,0.62,0.51875,0.47625,0.005,0.48125,0.7175572519083969,0.24415584415584415,291,37,28456.307,600.0,49920.66,78976.967,Infeasible,Violates MAX_INTERVENTION_RATE
0.12,0.63,0.51875,0.47875,0.0025,0.48125,0.7175572519083969,0.24415584415584415,291,37,28693.762000000002,300.0,49920.66,78914.422,Infeasible,Violates MAX_INTERVENTION_RATE
0.12,0.64,0.51875,0.48,0.00125,0.48125,0.7175572519083969,0.24415584415584415,291,37,28816.379,150.0,49920.66,78887.039,Infeasible,Violates MAX_INTERVENTION_RATE
0.12,0.65,0.51875,0.48,0.00125,0.48125,0.7175572519083969,0.24415584415584415,291,37,28816.379,150.0,49920.66,78887.039,Infeasible,Violates MAX_INTERVENTION_RATE
0.12,0.66,0.51875,0.48,0.00125,0.48125,0.7175572519083969,0.24415584415584415,291,37,28816.379,150.0,49920.66,78887.039,Infeasible,Violates MAX_INTERVENTION_RATE
0.12,0.67,0.51875,0.48,0.00125,0.48125,0.7175572519083969,0.24415584415584415,291,37,28816.379,150.0,49920.66,78887.039,Infeasible,Violates MAX_INTERVENTION_RATE
0.12,0.68,0.51875,0.48,0.00125,0.48125,0.7175572519083969,0.24415584415584415,291,37,28816.379,150.0,49920.66,78887.039,Infeasible,Violates MAX_INTERVENTION_RATE
0.12,0.69,0.51875,0.48125,0.0,0.48125,0.7175572519083969,0.24415584415584415,291,37,28866.379,0.0,49920.66,78787.039,Infeasible,Violates MAX_INTERVENTION_RATE
0.12,0.7,0.51875,0.48125,0.0,0.48125,0.7175572519083969,0.24415584415584415,291,37,28866.379,0.0,49920.66,78787.039,Infeasible,Violates MAX_INTERVENTION_RATE
0.12,0.71,0.51875,0.48125,0.0,0.48125,0.7175572519083969,0.24415584415584415,291,37,28866.379,0.0,49920.66,78787.039,Infeasible,Violates MAX_INTERVENTION_RATE
0.12,0.72,0.51875,0.48125,0.0,0.48125,0.7175572519083969,0.24415584415584415,291,37,28866.379,0.0,49920.66,78787.039,Infeasible,Violates MAX_INTERVENTION_RATE
0.12,0.73,0.51875,0.48125,0.0,0.48125,0.7175572519083969,0.24415584415584415,291,37,28866.379,0.0,49920.66,78787.039,Infeasible,Violates MAX_INTERVENTION_RATE
0.12,0.74,0.51875,0.48125,0.0,0.48125,0.7175572519083969,0.24415584415584415,291,37,28866.379,0.0,49920.66,78787.039,Infeasible,Violates MAX_INTERVENTION_RATE
0.12,0.75,0.51875,0.48125,0.0,0.48125,0.7175572519083969,0.24415584415584415,291,37,28866.379,0.0,49920.66,78787.039,Infeasible,Violates MAX_INTERVENTION_RATE
0.12,0.76,0.51875,0.48125,0.0,0.48125,0.7175572519083969,0.24415584415584415,291,37,28866.379,0.0,49920.66,78787.039,Infeasible,Violates MAX_INTERVENTION_RATE
0.12,0.77,0.51875,0.48125,0.0,0.48125,0.7175572519083969,0.24415584415584415,291,37,28866.379,0.0,49920.66,78787.039,Infeasible,Violates MAX_INTERVENTION_RATE
0.12,0.78,0.51875,0.48125,0.0,0.48125,0.7175572519083969,0.24415584415584415,291,37,28866.379,0.0,49920.66,78787.039,Infeasible,Violates MAX_INTERVENTION_RATE
0.12,0.79,0.51875,0.48125,0.0,0.48125,0.7175572519083969,0.24415584415584415,291,37,28866.379,0.0,49920.66,78787.039,Infeasible,Violates MAX_INTERVENTION_RATE
0.12,0.8,0.51875,0.48125,0.0,0.48125,0.7175572519083969,0.24415584415584415,291,37,28866.379,0.0,49920.66,78787.039,Infeasible,Violates MAX_INTERVENTION_RATE
0.12,0.81,0.51875,0.48125,0.0,0.48125,0.7175572519083969,0.24415584415584415,291,37,28866.379,0.0,49920.66,78787.039,Infeasible,Violates MAX_INTERVENTION_RATE
0.12,0.82,0.51875,0.48125,0.0,0.48125,0.7175572519083969,0.24415584415584415,291,37,28866.379,0.0,49920.66,78787.039,Infeasible,Violates MAX_INTERVENTION_RATE
0.12,0.83,0.51875,0.48125,0.0,0.48125,0.7175572519083969,0.24415584415584415,291,37,28866.379,0.0,49920.66,78787.039,Infeasible,Violates MAX_INTERVENTION_RATE
0.12,0.84,0.51875,0.48125,0.0,0.48125,0.7175572519083969,0.24415584415584415,291,37,28866.379,0.0,49920.66,78787.039,Infeasible,Violates MAX_INTERVENTION_RATE
0.12,0.85,0.51875,0.48125,0.0,0.48125,0.7175572519083969,0.24415584415584415,291,37,28866.379,0.0,49920.66,78787.039,Infeasible,Violates MAX_INTERVENTION_RATE
0.12,0.86,0.51875,0.48125,0.0,0.48125,0.7175572519083969,0.24415584415584415,291,37,28866.379,0.0,49920.66,78787.039,Infeasible,Violates MAX_INTERVENTION_RATE
0.12,0.87,0.51875,0.48125,0.0,0.48125,0.7175572519083969,0.24415584415584415,291,37,28866.379,0.0,49920.66,78787.039,Infeasible,Violates MAX_INTERVENTION_RATE
0.12,0.88,0.51875,0.48125,0.0,0.48125,0.7175572519083969,0.24415584415584415,291,37,28866.379,0.0,49920.66,78787.039,Infeasible,Violates MAX_INTERVENTION_RATE
0.12,0.89,0.51875,0.48125,0.0,0.48125,0.7175572519083969,0.24415584415584415,291,37,28866.379,0.0,49920.66,78787.039,Infeasible,Violates MAX_INTERVENTION_RATE
0.12,0.9,0.51875,0.48125,0.0,0.48125,0.7175572519083969,0.24415584415584415,291,37,28866.379,0.0,49920.66,78787.039,Infeasible,Violates MAX_INTERVENTION_RATE
0.12,0.91,0.51875,0.48125,0.0,0.48125,0.7175572519083969,0.24415584415584415,291,37,28866.379,0.0,49920.66,78787.039,Infeasible,Violates MAX_INTERVENTION_RATE
0.12,0.92,0.51875,0.48125,0.0,0.48125,0.7175572519083969,0.24415584415584415,291,37,28866.379,0.0,49920.66,78787.039,Infeasible,Violates MAX_INTERVENTION_RATE
0.12,0.93,0.51875,0.48125,0.0,0.48125,0.7175572519083969,0.24415584415584415,291,37,28866.379,0.0,49920.66,78787.039,Infeasible,Violates MAX_INTERVENTION_RATE
0.12,0.94,0.51875,0.48125,0.0,0.48125,0.7175572519083969,0.24415584415584415,291,37,28866.379,0.0,49920.66,78787.039,Infeasible,Violates MAX_INTERVENTION_RATE
0.12,0.95,0.51875,0.48125,0.0,0.48125,0.7175572519083969,0.24415584415584415,291,37,28866.379,0.0,49920.66,78787.039,Infeasible,Violates MAX_INTERVENTION_RATE
0.12,0.96,0.51875,0.48125,0.0,0.48125,0.7175572519083969,0.24415584415584415,291,37,28866.379,0.0,49920.66,78787.039,Infeasible,Violates MAX_INTERVENTION_RATE
0.12,0.97,0.51875,0.48125,0.0,0.48125,0.7175572519083969,0.24415584415584415,291,37,28866.379,0.0,49920.66,78787.039,Infeasible,Violates MAX_INTERVENTION_RATE
0.12,0.98,0.51875,0.48125,0.0,0.48125,0.7175572519083969,0.24415584415584415,291,37,28866.379,0.0,49920.66,78787.039,Infeasible,Violates MAX_INTERVENTION_RATE
0.12,0.99,0.51875,0.48125,0.0,0.48125,0.7175572519083969,0.24415584415584415,291,37,28866.379,0.0,49920.66,78787.039,Infeasible,Violates MAX_INTERVENTION_RATE
0.13,0.14,0.55875,0.03375,0.4075,0.44125,0.7022900763358778,0.26062322946175637,261,39,1611.479,48900.0,51287.46,101798.939,Infeasible,Violates MAX_INTERVENTION_RATE
0.13,0.15,0.55875,0.07375,0.3675,0.44125,0.7022900763358778,0.26062322946175637,261,39,3910.69,44100.0,51287.46,99298.15,Infeasible,Violates MAX_INTERVENTION_RATE
0.13,0.16,0.55875,0.10375,0.3375,0.44125,0.7022900763358778,0.26062322946175637,261,39,5665.1630000000005,40500.0,51287.46,97452.62299999999,Infeasible,Violates MAX_INTERVENTION_RATE
0.13,0.17,0.55875,0.125,0.31625,0.44125,0.7022900763358778,0.26062322946175637,261,39,7225.8,37950.0,51287.46,96463.26000000001,Infeasible,Violates MAX_INTERVENTION_RATE
0.13,0.18,0.55875,0.1425,0.29875,0.44125,0.7022900763358778,0.26062322946175637,261,39,8191.262000000001,35850.0,51287.46,95328.72200000001,Infeasible,Violates MAX_INTERVENTION_RATE
0.13,0.19,0.55875,0.16625,0.275,0.44125,0.7022900763358778,0.26062322946175637,261,39,9230.099,33000.0,51287.46,93517.55900000001,Infeasible,Violates MAX_INTERVENTION_RATE
0.13,0.2,0.55875,0.195,0.24625,0.44125,0.7022900763358778,0.26062322946175637,261,39,10481.515,29550.0,51287.46,91318.975,Infeasible,Violates MAX_INTERVENTION_RATE
0.13,0.21,0.55875,0.215,0.22625,0.44125,0.7022900763358778,0.26062322946175637,261,39,12120.399000000001,27150.0,51287.46,90557.859,Infeasible,Violates MAX_INTERVENTION_RATE
0.13,0.22,0.55875,0.2275,0.21375,0.44125,0.7022900763358778,0.26062322946175637,261,39,12995.776,25650.0,51287.46,89933.236,Infeasible,Violates MAX_INTERVENTION_RATE
0.13,0.23,0.55875,0.23875,0.2025,0.44125,0.7022900763358778,0.26062322946175637,261,39,13606.219000000001,24300.0,51287.46,89193.679,Infeasible,Violates MAX_INTERVENTION_RATE
0.13,0.24,0.55875,0.2525,0.18875,0.44125,0.7022900763358778,0.26062322946175637,261,39,14293.419,22650.0,51287.46,88230.879,Infeasible,Violates MAX_INTERVENTION_RATE
0.13,0.25,0.55875,0.26125,0.18,0.44125,0.7022900763358778,0.26062322946175637,261,39,14880.479,21600.0,51287.46,87767.939,Infeasible,Violates MAX_INTERVENTION_RATE
0.13,0.26,0.55875,0.26625,0.175,0.44125,0.7022900763358778,0.26062322946175637,261,39,15080.479,21000.0,51287.46,87367.939,Infeasible,Violates MAX_INTERVENTION_RATE
0.13,0.27,0.55875,0.275,0.16625,0.44125,0.7022900763358778,0.26062322946175637,261,39,15506.576000000001,19950.0,51287.46,86744.036,Infeasible,Violates MAX_INTERVENTION_RATE
0.13,0.28,0.55875,0.28125,0.16,0.44125,0.7022900763358778,0.26062322946175637,261,39,15786.908,19200.0,51287.46,86274.368,Infeasible,Violates MAX_INTERVENTION_RATE
0.13,0.29,0.55875,0.2925,0.14875,0.44125,0.7022900763358778,0.26062322946175637,261,39,16295.836,17850.0,51287.46,85433.296,Infeasible,Violates MAX_INTERVENTION_RATE
0.13,0.3,0.55875,0.30375,0.1375,0.44125,0.7022900763358778,0.26062322946175637,261,39,17173.179,16500.0,51287.46,84960.639,Infeasible,Violates MAX_INTERVENTION_RATE
0.13,0.31,0.55875,0.3175,0.12375,0.44125,0.7022900763358778,0.26062322946175637,261,39,18201.051,14850.0,51287.46,84338.511,Infeasible,Violates MAX_INTERVENTION_RATE
0.13,0.32,0.55875,0.33375,0.1075,0.44125,0.7022900763358778,0.26062322946175637,261,39,18959.009,12900.0,51287.46,83146.469,Infeasible,Violates MAX_INTERVENTION_RATE
0.13,0.33,0.55875,0.34,0.10125,0.44125,0.7022900763358778,0.26062322946175637,261,39,19233.656,12150.0,51287.46,82671.116,Infeasible,Violates MAX_INTERVENTION_RATE
0.13,0.34,0.55875,0.35125,0.09,0.44125,0.7022900763358778,0.26062322946175637,261,39,20005.1,10800.0,51287.46,82092.56,Infeasible,Violates MAX_INTERVENTION_RATE
0.13,0.35,0.55875,0.355,0.08625,0.44125,0.7022900763358778,0.26062322946175637,261,39,20204.984,10350.0,51287.46,81842.444,Infeasible,Violates MAX_INTERVENTION_RATE
0.13,0.36,0.55875,0.3625,0.07875,0.44125,0.7022900763358778,0.26062322946175637,261,39,20685.291,9450.0,51287.46,81422.751,Infeasible,Violates MAX_INTERVENTION_RATE
0.13,0.37,0.55875,0.3675,0.07375,0.44125,0.7022900763358778,0.26062322946175637,261,39,21402.485999999997,8850.0,51287.46,81539.946,Infeasible,Violates MAX_INTERVENTION_RATE
0.13,0.38,0.55875,0.37,0.07125,0.44125,0.7022900763358778,0.26062322946175637,261,39,21502.485999999997,8550.0,51287.46,81339.946,Infeasible,Violates MAX_INTERVENTION_RATE
0.13,0.39,0.55875,0.37625,0.065,0.44125,0.7022900763358778,0.26062322946175637,261,39,21752.485999999997,7800.0,51287.46,80839.946,Infeasible,Violates MAX_INTERVENTION_RATE
0.13,0.4,0.55875,0.38625,0.055,0.44125,0.7022900763358778,0.26062322946175637,261,39,22468.809,6600.0,51287.46,80356.269,Infeasible,Violates MAX_INTERVENTION_RATE
0.13,0.41,0.55875,0.3925,0.04875,0.44125,0.7022900763358778,0.26062322946175637,261,39,22895.249,5850.0,51287.46,80032.709,Infeasible,Violates MAX_INTERVENTION_RATE
0.13,0.42,0.55875,0.3975,0.04375,0.44125,0.7022900763358778,0.26062322946175637,261,39,23296.198,5250.0,51287.46,79833.658,Infeasible,Violates MAX_INTERVENTION_RATE
0.13,0.43,0.55875,0.40125,0.04,0.44125,0.7022900763358778,0.26062322946175637,261,39,23446.198,4800.0,51287.46,79533.658,Infeasible,Violates MAX_INTERVENTION_RATE
0.13,0.44,0.55875,0.40125,0.04,0.44125,0.7022900763358778,0.26062322946175637,261,39,23446.198,4800.0,51287.46,79533.658,Infeasible,Violates MAX_INTERVENTION_RATE
0.13,0.45,0.55875,0.40625,0.035,0.44125,0.7022900763358778,0.26062322946175637,261,39,23646.198,4200.0,51287.46,79133.658,Infeasible,Violates MAX_INTERVENTION_RATE
0.13,0.46,0.55875,0.40875,0.0325,0.44125,0.7022900763358778,0.26062322946175637,261,39,23883.219,3900.0,51287.46,79070.679,Infeasible,Violates MAX_INTERVENTION_RATE
0.13,0.47,0.55875,0.41375,0.0275,0.44125,0.7022900763358778,0.26062322946175637,261,39,24623.624,3300.0,51287.46,79211.084,Infeasible,Violates MAX_INTERVENTION_RATE
0.13,0.48,0.55875,0.415,0.02625,0.44125,0.7022900763358778,0.26062322946175637,261,39,24695.652000000002,3150.0,51287.46,79133.112,Infeasible,Violates MAX_INTERVENTION_RATE
0.13,0.49,0.55875,0.41875,0.0225,0.44125,0.7022900763358778,0.26062322946175637,261,39,25164.087,2700.0,51287.46,79151.54699999999,Infeasible,Violates MAX_INTERVENTION_RATE
0.13,0.5,0.55875,0.42125,0.02,0.44125,0.7022900763358778,0.26062322946175637,261,39,25379.781000000003,2400.0,51287.46,79067.24100000001,Infeasible,Violates MAX_INTERVENTION_RATE
0.13,0.51,0.55875,0.42375,0.0175,0.44125,0.7022900763358778,0.26062322946175637,261,39,25704.050000000003,2100.0,51287.46,79091.51000000001,Infeasible,Violates MAX_INTERVENTION_RATE
0.13,0.52,0.55875,0.4275,0.01375,0.44125,0.7022900763358778,0.26062322946175637,261,39,26001.559,1650.0,51287.46,78939.019,Infeasible,Violates MAX_INTERVENTION_RATE
0.13,0.53,0.55875,0.4275,0.01375,0.44125,0.7022900763358778,0.26062322946175637,261,39,26001.559,1650.0,51287.46,78939.019,Infeasible,Violates MAX_INTERVENTION_RATE
0.13,0.54,0.55875,0.42875,0.0125,0.44125,0.7022900763358778,0.26062322946175637,261,39,26116.078999999998,1500.0,51287.46,78903.53899999999,Infeasible,Violates MAX_INTERVENTION_RATE
0.13,0.55,0.55875,0.43125,0.01,0.44125,0.7022900763358778,0.26062322946175637,261,39,26409.686,1200.0,51287.46,78897.14600000001,Infeasible,Violates MAX_INTERVENTION_RATE
0.13,0.56,0.55875,0.4325,0.00875,0.44125,0.7022900763358778,0.26062322946175637,261,39,26459.686,1050.0,51287.46,78797.14600000001,Infeasible,Violates MAX_INTERVENTION_RATE
0.13,0.57,0.55875,0.43375,0.0075,0.44125,0.7022900763358778,0.26062322946175637,261,39,26537.637000000002,900.0,51287.46,78725.09700000001,Infeasible,Violates MAX_INTERVENTION_RATE
0.13,0.58,0.55875,0.435,0.00625,0.44125,0.7022900763358778,0.26062322946175637,261,39,26587.637000000002,750.0,51287.46,78625.09700000001,Infeasible,Violates MAX_INTERVENTION_RATE
0.13,0.59,0.55875,0.435,0.00625,0.44125,0.7022900763358778,0.26062322946175637,261,39,26587.637000000002,750.0,51287.46,78625.09700000001,Infeasible,Violates MAX_INTERVENTION_RATE
0.13,0.6,0.55875,0.43625,0.005,0.44125,0.7022900763358778,0.26062322946175637,261,39,26719.627,600.0,51287.46,78607.087,Infeasible,Violates MAX_INTERVENTION_RATE
0.13,0.61,0.55875,0.43625,0.005,0.44125,0.7022900763358778,0.26062322946175637,261,39,26719.627,600.0,51287.46,78607.087,Infeasible,Violates MAX_INTERVENTION_RATE
0.13,0.62,0.55875,0.43625,0.005,0.44125,0.7022900763358778,0.26062322946175637,261,39,26719.627,600.0,51287.46,78607.087,Infeasible,Violates MAX_INTERVENTION_RATE
0.13,0.63,0.55875,0.43875,0.0025,0.44125,0.7022900763358778,0.26062322946175637,261,39,26957.082000000002,300.0,51287.46,78544.542,Infeasible,Violates MAX_INTERVENTION_RATE
0.13,0.64,0.55875,0.44,0.00125,0.44125,0.7022900763358778,0.26062322946175637,261,39,27079.699,150.0,51287.46,78517.159,Infeasible,Violates MAX_INTERVENTION_RATE
0.13,0.65,0.55875,0.44,0.00125,0.44125,0.7022900763358778,0.26062322946175637,261,39,27079.699,150.0,51287.46,78517.159,Infeasible,Violates MAX_INTERVENTION_RATE
0.13,0.66,0.55875,0.44,0.00125,0.44125,0.7022900763358778,0.26062322946175637,261,39,27079.699,150.0,51287.46,78517.159,Infeasible,Violates MAX_INTERVENTION_RATE
0.13,0.67,0.55875,0.44,0.00125,0.44125,0.7022900763358778,0.26062322946175637,261,39,27079.699,150.0,51287.46,78517.159,Infeasible,Violates MAX_INTERVENTION_RATE
0.13,0.68,0.55875,0.44,0.00125,0.44125,0.7022900763358778,0.26062322946175637,261,39,27079.699,150.0,51287.46,78517.159,Infeasible,Violates MAX_INTERVENTION_RATE
0.13,0.69,0.55875,0.44125,0.0,0.44125,0.7022900763358778,0.26062322946175637,261,39,27129.699,0.0,51287.46,78417.159,Infeasible,Violates MAX_INTERVENTION_RATE
0.13,0.7,0.55875,0.44125,0.0,0.44125,0.7022900763358778,0.26062322946175637,261,39,27129.699,0.0,51287.46,78417.159,Infeasible,Violates MAX_INTERVENTION_RATE
0.13,0.71,0.55875,0.44125,0.0,0.44125,0.7022900763358778,0.26062322946175637,261,39,27129.699,0.0,51287.46,78417.159,Infeasible,Violates MAX_INTERVENTION_RATE
0.13,0.72,0.55875,0.44125,0.0,0.44125,0.7022900763358778,0.26062322946175637,261,39,27129.699,0.0,51287.46,78417.159,Infeasible,Violates MAX_INTERVENTION_RATE
0.13,0.73,0.55875,0.44125,0.0,0.44125,0.7022900763358778,0.26062322946175637,261,39,27129.699,0.0,51287.46,78417.159,Infeasible,Violates MAX_INTERVENTION_RATE
0.13,0.74,0.55875,0.44125,0.0,0.44125,0.7022900763358778,0.26062322946175637,261,39,27129.699,0.0,51287.46,78417.159,Infeasible,Violates MAX_INTERVENTION_RATE
0.13,0.75,0.55875,0.44125,0.0,0.44125,0.7022900763358778,0.26062322946175637,261,39,27129.699,0.0,51287.46,78417.159,Infeasible,Violates MAX_INTERVENTION_RATE
0.13,0.76,0.55875,0.44125,0.0,0.44125,0.7022900763358778,0.26062322946175637,261,39,27129.699,0.0,51287.46,78417.159,Infeasible,Violates MAX_INTERVENTION_RATE
0.13,0.77,0.55875,0.44125,0.0,0.44125,0.7022900763358778,0.26062322946175637,261,39,27129.699,0.0,51287.46,78417.159,Infeasible,Violates MAX_INTERVENTION_RATE
0.13,0.78,0.55875,0.44125,0.0,0.44125,0.7022900763358778,0.26062322946175637,261,39,27129.699,0.0,51287.46,78417.159,Infeasible,Violates MAX_INTERVENTION_RATE
0.13,0.79,0.55875,0.44125,0.0,0.44125,0.7022900763358778,0.26062322946175637,261,39,27129.699,0.0,51287.46,78417.159,Infeasible,Violates MAX_INTERVENTION_RATE
0.13,0.8,0.55875,0.44125,0.0,0.44125,0.7022900763358778,0.26062322946175637,261,39,27129.699,0.0,51287.46,78417.159,Infeasible,Violates MAX_INTERVENTION_RATE
0.13,0.81,0.55875,0.44125,0.0,0.44125,0.7022900763358778,0.26062322946175637,261,39,27129.699,0.0,51287.46,78417.159,Infeasible,Violates MAX_INTERVENTION_RATE
0.13,0.82,0.55875,0.44125,0.0,0.44125,0.7022900763358778,0.26062322946175637,261,39,27129.699,0.0,51287.46,78417.159,Infeasible,Violates MAX_INTERVENTION_RATE
0.13,0.83,0.55875,0.44125,0.0,0.44125,0.7022900763358778,0.26062322946175637,261,39,27129.699,0.0,51287.46,78417.159,Infeasible,Violates MAX_INTERVENTION_RATE
0.13,0.84,0.55875,0.44125,0.0,0.44125,0.7022900763358778,0.26062322946175637,261,39,27129.699,0.0,51287.46,78417.159,Infeasible,Violates MAX_INTERVENTION_RATE
0.13,0.85,0.55875,0.44125,0.0,0.44125,0.7022900763358778,0.26062322946175637,261,39,27129.699,0.0,51287.46,78417.159,Infeasible,Violates MAX_INTERVENTION_RATE
0.13,0.86,0.55875,0.44125,0.0,0.44125,0.7022900763358778,0.26062322946175637,261,39,27129.699,0.0,51287.46,78417.159,Infeasible,Violates MAX_INTERVENTION_RATE
0.13,0.87,0.55875,0.44125,0.0,0.44125,0.7022900763358778,0.26062322946175637,261,39,27129.699,0.0,51287.46,78417.159,Infeasible,Violates MAX_INTERVENTION_RATE
0.13,0.88,0.55875,0.44125,0.0,0.44125,0.7022900763358778,0.26062322946175637,261,39,27129.699,0.0,51287.46,78417.159,Infeasible,Violates MAX_INTERVENTION_RATE
0.13,0.89,0.55875,0.44125,0.0,0.44125,0.7022900763358778,0.26062322946175637,261,39,27129.699,0.0,51287.46,78417.159,Infeasible,Violates MAX_INTERVENTION_RATE
0.13,0.9,0.55875,0.44125,0.0,0.44125,0.7022900763358778,0.26062322946175637,261,39,27129.699,0.0,51287.46,78417.159,Infeasible,Violates MAX_INTERVENTION_RATE
0.13,0.91,0.55875,0.44125,0.0,0.44125,0.7022900763358778,0.26062322946175637,261,39,27129.699,0.0,51287.46,78417.159,Infeasible,Violates MAX_INTERVENTION_RATE
0.13,0.92,0.55875,0.44125,0.0,0.44125,0.7022900763358778,0.26062322946175637,261,39,27129.699,0.0,51287.46,78417.159,Infeasible,Violates MAX_INTERVENTION_RATE
0.13,0.93,0.55875,0.44125,0.0,0.44125,0.7022900763358778,0.26062322946175637,261,39,27129.699,0.0,51287.46,78417.159,Infeasible,Violates MAX_INTERVENTION_RATE
0.13,0.94,0.55875,0.44125,0.0,0.44125,0.7022900763358778,0.26062322946175637,261,39,27129.699,0.0,51287.46,78417.159,Infeasible,Violates MAX_INTERVENTION_RATE
0.13,0.95,0.55875,0.44125,0.0,0.44125,0.7022900763358778,0.26062322946175637,261,39,27129.699,0.0,51287.46,78417.159,Infeasible,Violates MAX_INTERVENTION_RATE
0.13,0.96,0.55875,0.44125,0.0,0.44125,0.7022900763358778,0.26062322946175637,261,39,27129.699,0.0,51287.46,78417.159,Infeasible,Violates MAX_INTERVENTION_RATE
0.13,0.97,0.55875,0.44125,0.0,0.44125,0.7022900763358778,0.26062322946175637,261,39,27129.699,0.0,51287.46,78417.159,Infeasible,Violates MAX_INTERVENTION_RATE
0.13,0.98,0.55875,0.44125,0.0,0.44125,0.7022900763358778,0.26062322946175637,261,39,27129.699,0.0,51287.46,78417.159,Infeasible,Violates MAX_INTERVENTION_RATE
0.13,0.99,0.55875,0.44125,0.0,0.44125,0.7022900763358778,0.26062322946175637,261,39,27129.699,0.0,51287.46,78417.159,Infeasible,Violates MAX_INTERVENTION_RATE
0.14,0.15,0.5925,0.04,0.3675,0.4075,0.6793893129770993,0.27300613496932513,237,42,2299.2110000000002,44100.0,53902.25,100301.46100000001,Infeasible,Violates MAX_INTERVENTION_RATE
0.14,0.16,0.5925,0.07,0.3375,0.4075,0.6793893129770993,0.27300613496932513,237,42,4053.684,40500.0,53902.25,98455.93400000001,Infeasible,Violates MAX_INTERVENTION_RATE
0.14,0.17,0.5925,0.09125,0.31625,0.4075,0.6793893129770993,0.27300613496932513,237,42,5614.321,37950.0,53902.25,97466.571,Infeasible,Violates MAX_INTERVENTION_RATE
0.14,0.18,0.5925,0.10875,0.29875,0.4075,0.6793893129770993,0.27300613496932513,237,42,6579.783,35850.0,53902.25,96332.033,Infeasible,Violates MAX_INTERVENTION_RATE
0.14,0.19,0.5925,0.1325,0.275,0.4075,0.6793893129770993,0.27300613496932513,237,42,7618.620000000001,33000.0,53902.25,94520.87,Infeasible,Violates MAX_INTERVENTION_RATE
0.14,0.2,0.5925,0.16125,0.24625,0.4075,0.6793893129770993,0.27300613496932513,237,42,8870.036,29550.0,53902.25,92322.286,Infeasible,Violates MAX_INTERVENTION_RATE
0.14,0.21,0.5925,0.18125,0.22625,0.4075,0.6793893129770993,0.27300613496932513,237,42,10508.92,27150.0,53902.25,91561.17,Infeasible,Violates MAX_INTERVENTION_RATE
0.14,0.22,0.5925,0.19375,0.21375,0.4075,0.6793893129770993,0.27300613496932513,237,42,11384.297,25650.0,53902.25,90936.54699999999,Infeasible,Violates MAX_INTERVENTION_RATE
0.14,0.23,0.5925,0.205,0.2025,0.4075,0.6793893129770993,0.27300613496932513,237,42,11994.740000000002,24300.0,53902.25,90196.99,Infeasible,Violates MAX_INTERVENTION_RATE
0.14,0.24,0.5925,0.21875,0.18875,0.4075,0.6793893129770993,0.27300613496932513,237,42,12681.94,22650.0,53902.25,89234.19,Infeasible,Violates MAX_INTERVENTION_RATE
0.14,0.25,0.5925,0.2275,0.18,0.4075,0.6793893129770993,0.27300613496932513,237,42,13269.0,21600.0,53902.25,88771.25,Infeasible,Violates MAX_INTERVENTION_RATE
0.14,0.26,0.5925,0.2325,0.175,0.4075,0.6793893129770993,0.27300613496932513,237,42,13469.0,21000.0,53902.25,88371.25,Infeasible,Violates MAX_INTERVENTION_RATE
0.14,0.27,0.5925,0.24125,0.16625,0.4075,0.6793893129770993,0.27300613496932513,237,42,13895.097000000002,19950.0,53902.25,87747.34700000001,Infeasible,Violates MAX_INTERVENTION_RATE
0.14,0.28,0.5925,0.2475,0.16,0.4075,0.6793893129770993,0.27300613496932513,237,42,14175.429,19200.0,53902.25,87277.679,Infeasible,Violates MAX_INTERVENTION_RATE
0.14,0.29,0.5925,0.25875,0.14875,0.4075,0.6793893129770993,0.27300613496932513,237,42,14684.357,17850.0,53902.25,86436.607,Infeasible,Violates MAX_INTERVENTION_RATE
0.14,0.3,0.5925,0.27,0.1375,0.4075,0.6793893129770993,0.27300613496932513,237,42,15561.7,16500.0,53902.25,85963.95,Infeasible,Violates MAX_INTERVENTION_RATE
0.14,0.31,0.5925,0.28375,0.12375,0.4075,0.6793893129770993,0.27300613496932513,237,42,16589.572,14850.0,53902.25,85341.822,Infeasible,Violates MAX_INTERVENTION_RATE
0.14,0.32,0.5925,0.3,0.1075,0.4075,0.6793893129770993,0.27300613496932513,237,42,17347.53,12900.0,53902.25,84149.78,Infeasible,Violates MAX_INTERVENTION_RATE
0.14,0.33,0.5925,0.30625,0.10125,0.4075,0.6793893129770993,0.27300613496932513,237,42,17622.177,12150.0,53902.25,83674.427,Infeasible,Violates MAX_INTERVENTION_RATE
0.14,0.34,0.5925,0.3175,0.09,0.4075,0.6793893129770993,0.27300613496932513,237,42,18393.621,10800.0,53902.25,83095.871,Infeasible,Violates MAX_INTERVENTION_RATE
0.14,0.35,0.5925,0.32125,0.08625,0.4075,0.6793893129770993,0.27300613496932513,237,42,18593.505,10350.0,53902.25,82845.755,Infeasible,Violates MAX_INTERVENTION_RATE
0.14,0.36,0.5925,0.32875,0.07875,0.4075,0.6793893129770993,0.27300613496932513,237,42,19073.811999999998,9450.0,53902.25,82426.062,Infeasible,Violates MAX_INTERVENTION_RATE
0.14,0.37,0.5925,0.33375,0.07375,0.4075,0.6793893129770993,0.27300613496932513,237,42,19791.007,8850.0,53902.25,82543.257,Infeasible,Violates MAX_INTERVENTION_RATE
0.14,0.38,0.5925,0.33625,0.07125,0.4075,0.6793893129770993,0.27300613496932513,237,42,19891.007,8550.0,53902.25,82343.257,Infeasible,Violates MAX_INTERVENTION_RATE
0.14,0.39,0.5925,0.3425,0.065,0.4075,0.6793893129770993,0.27300613496932513,237,42,20141.007,7800.0,53902.25,81843.257,Infeasible,Violates MAX_INTERVENTION_RATE
0.14,0.4,0.5925,0.3525,0.055,0.4075,0.6793893129770993,0.27300613496932513,237,42,20857.329999999998,6600.0,53902.25,81359.58,Infeasible,Violates MAX_INTERVENTION_RATE
0.14,0.41,0.5925,0.35875,0.04875,0.4075,0.6793893129770993,0.27300613496932513,237,42,21283.77,5850.0,53902.25,81036.02,Infeasible,Violates MAX_INTERVENTION_RATE
0.14,0.42,0.5925,0.36375,0.04375,0.4075,0.6793893129770993,0.27300613496932513,237,42,21684.718999999997,5250.0,53902.25,80836.969,Infeasible,Violates MAX_INTERVENTION_RATE
0.14,0.43,0.5925,0.3675,0.04,0.4075,0.6793893129770993,0.27300613496932513,237,42,21834.718999999997,4800.0,53902.25,80536.969,Infeasible,Violates MAX_INTERVENTION_RATE
0.14,0.44,0.5925,0.3675,0.04,0.4075,0.6793893129770993,0.27300613496932513,237,42,21834.718999999997,4800.0,53902.25,80536.969,Infeasible,Violates MAX_INTERVENTION_RATE
0.14,0.45,0.5925,0.3725,0.035,0.4075,0.6793893129770993,0.27300613496932513,237,42,22034.718999999997,4200.0,53902.25,80136.969,Infeasible,Violates MAX_INTERVENTION_RATE
0.14,0.46,0.5925,0.375,0.0325,0.4075,0.6793893129770993,0.27300613496932513,237,42,22271.739999999998,3900.0,53902.25,80073.98999999999,Infeasible,Violates MAX_INTERVENTION_RATE
0.14,0.47,0.5925,0.38,0.0275,0.4075,0.6793893129770993,0.27300613496932513,237,42,23012.145,3300.0,53902.25,80214.395,Infeasible,Violates MAX_INTERVENTION_RATE
0.14,0.48,0.5925,0.38125,0.02625,0.4075,0.6793893129770993,0.27300613496932513,237,42,23084.173000000003,3150.0,53902.25,80136.42300000001,Infeasible,Violates MAX_INTERVENTION_RATE
0.14,0.49,0.5925,0.385,0.0225,0.4075,0.6793893129770993,0.27300613496932513,237,42,23552.608,2700.0,53902.25,80154.85800000001,Infeasible,Violates MAX_INTERVENTION_RATE
0.14,0.5,0.5925,0.3875,0.02,0.4075,0.6793893129770993,0.27300613496932513,237,42,23768.302000000003,2400.0,53902.25,80070.552,Infeasible,Violates MAX_INTERVENTION_RATE
0.14,0.51,0.5925,0.39,0.0175,0.4075,0.6793893129770993,0.27300613496932513,237,42,24092.571,2100.0,53902.25,80094.821,Infeasible,Violates MAX_INTERVENTION_RATE
0.14,0.52,0.5925,0.39375,0.01375,0.4075,0.6793893129770993,0.27300613496932513,237,42,24390.08,1650.0,53902.25,79942.33,Infeasible,Violates MAX_INTERVENTION_RATE
0.14,0.53,0.5925,0.39375,0.01375,0.4075,0.6793893129770993,0.27300613496932513,237,42,24390.08,1650.0,53902.25,79942.33,Infeasible,Violates MAX_INTERVENTION_RATE
0.14,0.54,0.5925,0.395,0.0125,0.4075,0.6793893129770993,0.27300613496932513,237,42,24504.6,1500.0,53902.25,79906.85,Infeasible,Violates MAX_INTERVENTION_RATE
0.14,0.55,0.5925,0.3975,0.01,0.4075,0.6793893129770993,0.27300613496932513,237,42,24798.207000000002,1200.0,53902.25,79900.457,Infeasible,Violates MAX_INTERVENTION_RATE
0.14,0.56,0.5925,0.39875,0.00875,0.4075,0.6793893129770993,0.27300613496932513,237,42,24848.207000000002,1050.0,53902.25,79800.457,Infeasible,Violates MAX_INTERVENTION_RATE
0.14,0.57,0.5925,0.4,0.0075,0.4075,0.6793893129770993,0.27300613496932513,237,42,24926.158000000003,900.0,53902.25,79728.408,Infeasible,Violates MAX_INTERVENTION_RATE
0.14,0.58,0.5925,0.40125,0.00625,0.4075,0.6793893129770993,0.27300613496932513,237,42,24976.158000000003,750.0,53902.25,79628.408,Infeasible,Violates MAX_INTERVENTION_RATE
0.14,0.59,0.5925,0.40125,0.00625,0.4075,0.6793893129770993,0.27300613496932513,237,42,24976.158000000003,750.0,53902.25,79628.408,Infeasible,Violates MAX_INTERVENTION_RATE
0.14,0.6,0.5925,0.4025,0.005,0.4075,0.6793893129770993,0.27300613496932513,237,42,25108.148,600.0,53902.25,79610.398,Infeasible,Violates MAX_INTERVENTION_RATE
0.14,0.61,0.5925,0.4025,0.005,0.4075,0.6793893129770993,0.27300613496932513,237,42,25108.148,600.0,53902.25,79610.398,Infeasible,Violates MAX_INTERVENTION_RATE
0.14,0.62,0.5925,0.4025,0.005,0.4075,0.6793893129770993,0.27300613496932513,237,42,25108.148,600.0,53902.25,79610.398,Infeasible,Violates MAX_INTERVENTION_RATE
0.14,0.63,0.5925,0.405,0.0025,0.4075,0.6793893129770993,0.27300613496932513,237,42,25345.603000000003,300.0,53902.25,79547.853,Infeasible,Violates MAX_INTERVENTION_RATE
0.14,0.64,0.5925,0.40625,0.00125,0.4075,0.6793893129770993,0.27300613496932513,237,42,25468.22,150.0,53902.25,79520.47,Infeasible,Violates MAX_INTERVENTION_RATE
0.14,0.65,0.5925,0.40625,0.00125,0.4075,0.6793893129770993,0.27300613496932513,237,42,25468.22,150.0,53902.25,79520.47,Infeasible,Violates MAX_INTERVENTION_RATE
0.14,0.66,0.5925,0.40625,0.00125,0.4075,0.6793893129770993,0.27300613496932513,237,42,25468.22,150.0,53902.25,79520.47,Infeasible,Violates MAX_INTERVENTION_RATE
0.14,0.67,0.5925,0.40625,0.00125,0.4075,0.6793893129770993,0.27300613496932513,237,42,25468.22,150.0,53902.25,79520.47,Infeasible,Violates MAX_INTERVENTION_RATE
0.14,0.68,0.5925,0.40625,0.00125,0.4075,0.6793893129770993,0.27300613496932513,237,42,25468.22,150.0,53902.25,79520.47,Infeasible,Violates MAX_INTERVENTION_RATE
0.14,0.69,0.5925,0.4075,0.0,0.4075,0.6793893129770993,0.27300613496932513,237,42,25518.22,0.0,53902.25,79420.47,Infeasible,Violates MAX_INTERVENTION_RATE
0.14,0.7,0.5925,0.4075,0.0,0.4075,0.6793893129770993,0.27300613496932513,237,42,25518.22,0.0,53902.25,79420.47,Infeasible,Violates MAX_INTERVENTION_RATE
0.14,0.71,0.5925,0.4075,0.0,0.4075,0.6793893129770993,0.27300613496932513,237,42,25518.22,0.0,53902.25,79420.47,Infeasible,Violates MAX_INTERVENTION_RATE
0.14,0.72,0.5925,0.4075,0.0,0.4075,0.6793893129770993,0.27300613496932513,237,42,25518.22,0.0,53902.25,79420.47,Infeasible,Violates MAX_INTERVENTION_RATE
0.14,0.73,0.5925,0.4075,0.0,0.4075,0.6793893129770993,0.27300613496932513,237,42,25518.22,0.0,53902.25,79420.47,Infeasible,Violates MAX_INTERVENTION_RATE
0.14,0.74,0.5925,0.4075,0.0,0.4075,0.6793893129770993,0.27300613496932513,237,42,25518.22,0.0,53902.25,79420.47,Infeasible,Violates MAX_INTERVENTION_RATE
0.14,0.75,0.5925,0.4075,0.0,0.4075,0.6793893129770993,0.27300613496932513,237,42,25518.22,0.0,53902.25,79420.47,Infeasible,Violates MAX_INTERVENTION_RATE
0.14,0.76,0.5925,0.4075,0.0,0.4075,0.6793893129770993,0.27300613496932513,237,42,25518.22,0.0,53902.25,79420.47,Infeasible,Violates MAX_INTERVENTION_RATE
0.14,0.77,0.5925,0.4075,0.0,0.4075,0.6793893129770993,0.27300613496932513,237,42,25518.22,0.0,53902.25,79420.47,Infeasible,Violates MAX_INTERVENTION_RATE
0.14,0.78,0.5925,0.4075,0.0,0.4075,0.6793893129770993,0.27300613496932513,237,42,25518.22,0.0,53902.25,79420.47,Infeasible,Violates MAX_INTERVENTION_RATE
0.14,0.79,0.5925,0.4075,0.0,0.4075,0.6793893129770993,0.27300613496932513,237,42,25518.22,0.0,53902.25,79420.47,Infeasible,Violates MAX_INTERVENTION_RATE
0.14,0.8,0.5925,0.4075,0.0,0.4075,0.6793893129770993,0.27300613496932513,237,42,25518.22,0.0,53902.25,79420.47,Infeasible,Violates MAX_INTERVENTION_RATE
0.14,0.81,0.5925,0.4075,0.0,0.4075,0.6793893129770993,0.27300613496932513,237,42,25518.22,0.0,53902.25,79420.47,Infeasible,Violates MAX_INTERVENTION_RATE
0.14,0.82,0.5925,0.4075,0.0,0.4075,0.6793893129770993,0.27300613496932513,237,42,25518.22,0.0,53902.25,79420.47,Infeasible,Violates MAX_INTERVENTION_RATE
0.14,0.83,0.5925,0.4075,0.0,0.4075,0.6793893129770993,0.27300613496932513,237,42,25518.22,0.0,53902.25,79420.47,Infeasible,Violates MAX_INTERVENTION_RATE
0.14,0.84,0.5925,0.4075,0.0,0.4075,0.6793893129770993,0.27300613496932513,237,42,25518.22,0.0,53902.25,79420.47,Infeasible,Violates MAX_INTERVENTION_RATE
0.14,0.85,0.5925,0.4075,0.0,0.4075,0.6793893129770993,0.27300613496932513,237,42,25518.22,0.0,53902.25,79420.47,Infeasible,Violates MAX_INTERVENTION_RATE
0.14,0.86,0.5925,0.4075,0.0,0.4075,0.6793893129770993,0.27300613496932513,237,42,25518.22,0.0,53902.25,79420.47,Infeasible,Violates MAX_INTERVENTION_RATE
0.14,0.87,0.5925,0.4075,0.0,0.4075,0.6793893129770993,0.27300613496932513,237,42,25518.22,0.0,53902.25,79420.47,Infeasible,Violates MAX_INTERVENTION_RATE
0.14,0.88,0.5925,0.4075,0.0,0.4075,0.6793893129770993,0.27300613496932513,237,42,25518.22,0.0,53902.25,79420.47,Infeasible,Violates MAX_INTERVENTION_RATE
0.14,0.89,0.5925,0.4075,0.0,0.4075,0.6793893129770993,0.27300613496932513,237,42,25518.22,0.0,53902.25,79420.47,Infeasible,Violates MAX_INTERVENTION_RATE
0.14,0.9,0.5925,0.4075,0.0,0.4075,0.6793893129770993,0.27300613496932513,237,42,25518.22,0.0,53902.25,79420.47,Infeasible,Violates MAX_INTERVENTION_RATE
0.14,0.91,0.5925,0.4075,0.0,0.4075,0.6793893129770993,0.27300613496932513,237,42,25518.22,0.0,53902.25,79420.47,Infeasible,Violates MAX_INTERVENTION_RATE
0.14,0.92,0.5925,0.4075,0.0,0.4075,0.6793893129770993,0.27300613496932513,237,42,25518.22,0.0,53902.25,79420.47,Infeasible,Violates MAX_INTERVENTION_RATE
0.14,0.93,0.5925,0.4075,0.0,0.4075,0.6793893129770993,0.27300613496932513,237,42,25518.22,0.0,53902.25,79420.47,Infeasible,Violates MAX_INTERVENTION_RATE
0.14,0.94,0.5925,0.4075,0.0,0.4075,0.6793893129770993,0.27300613496932513,237,42,25518.22,0.0,53902.25,79420.47,Infeasible,Violates MAX_INTERVENTION_RATE
0.14,0.95,0.5925,0.4075,0.0,0.4075,0.6793893129770993,0.27300613496932513,237,42,25518.22,0.0,53902.25,79420.47,Infeasible,Violates MAX_INTERVENTION_RATE
0.14,0.96,0.5925,0.4075,0.0,0.4075,0.6793893129770993,0.27300613496932513,237,42,25518.22,0.0,53902.25,79420.47,Infeasible,Violates MAX_INTERVENTION_RATE
0.14,0.97,0.5925,0.4075,0.0,0.4075,0.6793893129770993,0.27300613496932513,237,42,25518.22,0.0,53902.25,79420.47,Infeasible,Violates MAX_INTERVENTION_RATE
0.14,0.98,0.5925,0.4075,0.0,0.4075,0.6793893129770993,0.27300613496932513,237,42,25518.22,0.0,53902.25,79420.47,Infeasible,Violates MAX_INTERVENTION_RATE
0.14,0.99,0.5925,0.4075,0.0,0.4075,0.6793893129770993,0.27300613496932513,237,42,25518.22,0.0,53902.25,79420.47,Infeasible,Violates MAX_INTERVENTION_RATE
0.15,0.16,0.6325,0.03,0.3375,0.3675,0.6335877862595419,0.282312925170068,211,48,1754.473,40500.0,60894.36,103148.833,Infeasible,Violates MAX_INTERVENTION_RATE
0.15,0.17,0.6325,0.05125,0.31625,0.3675,0.6335877862595419,0.282312925170068,211,48,3315.1099999999997,37950.0,60894.36,102159.47,Infeasible,Violates MAX_INTERVENTION_RATE
0.15,0.18,0.6325,0.06875,0.29875,0.3675,0.6335877862595419,0.282312925170068,211,48,4280.572,35850.0,60894.36,101024.932,Infeasible,Violates MAX_INTERVENTION_RATE
0.15,0.19,0.6325,0.0925,0.275,0.3675,0.6335877862595419,0.282312925170068,211,48,5319.409,33000.0,60894.36,99213.769,Infeasible,Violates MAX_INTERVENTION_RATE
0.15,0.2,0.6325,0.12125,0.24625,0.3675,0.6335877862595419,0.282312925170068,211,48,6570.825,29550.0,60894.36,97015.185,Infeasible,Violates MAX_INTERVENTION_RATE
0.15,0.21,0.6325,0.14125,0.22625,0.3675,0.6335877862595419,0.282312925170068,211,48,8209.709,27150.0,60894.36,96254.069,Infeasible,Violates MAX_INTERVENTION_RATE
0.15,0.22,0.6325,0.15375,0.21375,0.3675,0.6335877862595419,0.282312925170068,211,48,9085.086,25650.0,60894.36,95629.446,Infeasible,Violates MAX_INTERVENTION_RATE
0.15,0.23,0.6325,0.165,0.2025,0.3675,0.6335877862595419,0.282312925170068,211,48,9695.529,24300.0,60894.36,94889.889,Infeasible,Violates MAX_INTERVENTION_RATE
0.15,0.24,0.6325,0.17875,0.18875,0.3675,0.6335877862595419,0.282312925170068,211,48,10382.729,22650.0,60894.36,93927.089,Infeasible,Violates MAX_INTERVENTION_RATE
0.15,0.25,0.6325,0.1875,0.18,0.3675,0.6335877862595419,0.282312925170068,211,48,10969.789,21600.0,60894.36,93464.149,Infeasible,Violates MAX_INTERVENTION_RATE
0.15,0.26,0.6325,0.1925,0.175,0.3675,0.6335877862595419,0.282312925170068,211,48,11169.789,21000.0,60894.36,93064.149,Infeasible,Violates MAX_INTERVENTION_RATE
0.15,0.27,0.6325,0.20125,0.16625,0.3675,0.6335877862595419,0.282312925170068,211,48,11595.886,19950.0,60894.36,92440.246,Infeasible,Violates MAX_INTERVENTION_RATE
0.15,0.28,0.6325,0.2075,0.16,0.3675,0.6335877862595419,0.282312925170068,211,48,11876.218,19200.0,60894.36,91970.57800000001,Infeasible,Violates MAX_INTERVENTION_RATE
0.15,0.29,0.6325,0.21875,0.14875,0.3675,0.6335877862595419,0.282312925170068,211,48,12385.146,17850.0,60894.36,91129.506,Infeasible,Violates MAX_INTERVENTION_RATE
0.15,0.3,0.6325,0.23,0.1375,0.3675,0.6335877862595419,0.282312925170068,211,48,13262.489,16500.0,60894.36,90656.849,Infeasible,Violates MAX_INTERVENTION_RATE
0.15,0.31,0.6325,0.24375,0.12375,0.3675,0.6335877862595419,0.282312925170068,211,48,14290.361,14850.0,60894.36,90034.721,Infeasible,Violates MAX_INTERVENTION_RATE
0.15,0.32,0.6325,0.26,0.1075,0.3675,0.6335877862595419,0.282312925170068,211,48,15048.319,12900.0,60894.36,88842.679,Infeasible,Violates MAX_INTERVENTION_RATE
0.15,0.33,0.6325,0.26625,0.10125,0.3675,0.6335877862595419,0.282312925170068,211,48,15322.966,12150.0,60894.36,88367.326,Infeasible,Violates MAX_INTERVENTION_RATE
0.15,0.34,0.6325,0.2775,0.09,0.3675,0.6335877862595419,0.282312925170068,211,48,16094.41,10800.0,60894.36,87788.77,Infeasible,Violates MAX_INTERVENTION_RATE
0.15,0.35,0.6325,0.28125,0.08625,0.3675,0.6335877862595419,0.282312925170068,211,48,16294.294,10350.0,60894.36,87538.654,Infeasible,Violates MAX_INTERVENTION_RATE
0.15,0.36,0.6325,0.28875,0.07875,0.3675,0.6335877862595419,0.282312925170068,211,48,16774.601000000002,9450.0,60894.36,87118.96100000001,Infeasible,Violates MAX_INTERVENTION_RATE
0.15,0.37,0.6325,0.29375,0.07375,0.3675,0.6335877862595419,0.282312925170068,211,48,17491.796,8850.0,60894.36,87236.156,Infeasible,Violates MAX_INTERVENTION_RATE
0.15,0.38,0.6325,0.29625,0.07125,0.3675,0.6335877862595419,0.282312925170068,211,48,17591.796,8550.0,60894.36,87036.156,Infeasible,Violates MAX_INTERVENTION_RATE
0.15,0.39,0.6325,0.3025,0.065,0.3675,0.6335877862595419,0.282312925170068,211,48,17841.796,7800.0,60894.36,86536.156,Infeasible,Violates MAX_INTERVENTION_RATE
0.15,0.4,0.6325,0.3125,0.055,0.3675,0.6335877862595419,0.282312925170068,211,48,18558.119,6600.0,60894.36,86052.47899999999,Infeasible,Violates MAX_INTERVENTION_RATE
0.15,0.41,0.6325,0.31875,0.04875,0.3675,0.6335877862595419,0.282312925170068,211,48,18984.559,5850.0,60894.36,85728.919,Infeasible,Violates MAX_INTERVENTION_RATE
0.15,0.42,0.6325,0.32375,0.04375,0.3675,0.6335877862595419,0.282312925170068,211,48,19385.508,5250.0,60894.36,85529.868,Infeasible,Violates MAX_INTERVENTION_RATE
0.15,0.43,0.6325,0.3275,0.04,0.3675,0.6335877862595419,0.282312925170068,211,48,19535.508,4800.0,60894.36,85229.868,Infeasible,Violates MAX_INTERVENTION_RATE
0.15,0.44,0.6325,0.3275,0.04,0.3675,0.6335877862595419,0.282312925170068,211,48,19535.508,4800.0,60894.36,85229.868,Infeasible,Violates MAX_INTERVENTION_RATE
0.15,0.45,0.6325,0.3325,0.035,0.3675,0.6335877862595419,0.282312925170068,211,48,19735.508,4200.0,60894.36,84829.868,Infeasible,Violates MAX_INTERVENTION_RATE
0.15,0.46,0.6325,0.335,0.0325,0.3675,0.6335877862595419,0.282312925170068,211,48,19972.529000000002,3900.0,60894.36,84766.889,Infeasible,Violates MAX_INTERVENTION_RATE
0.15,0.47,0.6325,0.34,0.0275,0.3675,0.6335877862595419,0.282312925170068,211,48,20712.934,3300.0,60894.36,84907.294,Infeasible,Violates MAX_INTERVENTION_RATE
0.15,0.48,0.6325,0.34125,0.02625,0.3675,0.6335877862595419,0.282312925170068,211,48,20784.962,3150.0,60894.36,84829.322,Infeasible,Violates MAX_INTERVENTION_RATE
0.15,0.49,0.6325,0.345,0.0225,0.3675,0.6335877862595419,0.282312925170068,211,48,21253.397,2700.0,60894.36,84847.757,Infeasible,Violates MAX_INTERVENTION_RATE
0.15,0.5,0.6325,0.3475,0.02,0.3675,0.6335877862595419,0.282312925170068,211,48,21469.091,2400.0,60894.36,84763.451,Infeasible,Violates MAX_INTERVENTION_RATE
0.15,0.51,0.6325,0.35,0.0175,0.3675,0.6335877862595419,0.282312925170068,211,48,21793.36,2100.0,60894.36,84787.72,Infeasible,Violates MAX_INTERVENTION_RATE
0.15,0.52,0.6325,0.35375,0.01375,0.3675,0.6335877862595419,0.282312925170068,211,48,22090.869,1650.0,60894.36,84635.22899999999,Infeasible,Violates MAX_INTERVENTION_RATE
0.15,0.53,0.6325,0.35375,0.01375,0.3675,0.6335877862595419,0.282312925170068,211,48,22090.869,1650.0,60894.36,84635.22899999999,Infeasible,Violates MAX_INTERVENTION_RATE
0.15,0.54,0.6325,0.355,0.0125,0.3675,0.6335877862595419,0.282312925170068,211,48,22205.389,1500.0,60894.36,84599.749,Infeasible,Violates MAX_INTERVENTION_RATE
0.15,0.55,0.6325,0.3575,0.01,0.3675,0.6335877862595419,0.282312925170068,211,48,22498.996,1200.0,60894.36,84593.356,Infeasible,Violates MAX_INTERVENTION_RATE
0.15,0.56,0.6325,0.35875,0.00875,0.3675,0.6335877862595419,0.282312925170068,211,48,22548.996,1050.0,60894.36,84493.356,Infeasible,Violates MAX_INTERVENTION_RATE
0.15,0.57,0.6325,0.36,0.0075,0.3675,0.6335877862595419,0.282312925170068,211,48,22626.947,900.0,60894.36,84421.307,Infeasible,Violates MAX_INTERVENTION_RATE
0.15,0.58,0.6325,0.36125,0.00625,0.3675,0.6335877862595419,0.282312925170068,211,48,22676.947,750.0,60894.36,84321.307,Infeasible,Violates MAX_INTERVENTION_RATE
0.15,0.59,0.6325,0.36125,0.00625,0.3675,0.6335877862595419,0.282312925170068,211,48,22676.947,750.0,60894.36,84321.307,Infeasible,Violates MAX_INTERVENTION_RATE
0.15,0.6,0.6325,0.3625,0.005,0.3675,0.6335877862595419,0.282312925170068,211,48,22808.937,600.0,60894.36,84303.297,Infeasible,Violates MAX_INTERVENTION_RATE
0.15,0.61,0.6325,0.3625,0.005,0.3675,0.6335877862595419,0.282312925170068,211,48,22808.937,600.0,60894.36,84303.297,Infeasible,Violates MAX_INTERVENTION_RATE
0.15,0.62,0.6325,0.3625,0.005,0.3675,0.6335877862595419,0.282312925170068,211,48,22808.937,600.0,60894.36,84303.297,Infeasible,Violates MAX_INTERVENTION_RATE
0.15,0.63,0.6325,0.365,0.0025,0.3675,0.6335877862595419,0.282312925170068,211,48,23046.392,300.0,60894.36,84240.75200000001,Infeasible,Violates MAX_INTERVENTION_RATE
0.15,0.64,0.6325,0.36625,0.00125,0.3675,0.6335877862595419,0.282312925170068,211,48,23169.009,150.0,60894.36,84213.369,Infeasible,Violates MAX_INTERVENTION_RATE
0.15,0.65,0.6325,0.36625,0.00125,0.3675,0.6335877862595419,0.282312925170068,211,48,23169.009,150.0,60894.36,84213.369,Infeasible,Violates MAX_INTERVENTION_RATE
0.15,0.66,0.6325,0.36625,0.00125,0.3675,0.6335877862595419,0.282312925170068,211,48,23169.009,150.0,60894.36,84213.369,Infeasible,Violates MAX_INTERVENTION_RATE
0.15,0.67,0.6325,0.36625,0.00125,0.3675,0.6335877862595419,0.282312925170068,211,48,23169.009,150.0,60894.36,84213.369,Infeasible,Violates MAX_INTERVENTION_RATE
0.15,0.68,0.6325,0.36625,0.00125,0.3675,0.6335877862595419,0.282312925170068,211,48,23169.009,150.0,60894.36,84213.369,Infeasible,Violates MAX_INTERVENTION_RATE
0.15,0.69,0.6325,0.3675,0.0,0.3675,0.6335877862595419,0.282312925170068,211,48,23219.009,0.0,60894.36,84113.369,Infeasible,Violates MAX_INTERVENTION_RATE
0.15,0.7,0.6325,0.3675,0.0,0.3675,0.6335877862595419,0.282312925170068,211,48,23219.009,0.0,60894.36,84113.369,Infeasible,Violates MAX_INTERVENTION_RATE
0.15,0.71,0.6325,0.3675,0.0,0.3675,0.6335877862595419,0.282312925170068,211,48,23219.009,0.0,60894.36,84113.369,Infeasible,Violates MAX_INTERVENTION_RATE
0.15,0.72,0.6325,0.3675,0.0,0.3675,0.6335877862595419,0.282312925170068,211,48,23219.009,0.0,60894.36,84113.369,Infeasible,Violates MAX_INTERVENTION_RATE
0.15,0.73,0.6325,0.3675,0.0,0.3675,0.6335877862595419,0.282312925170068,211,48,23219.009,0.0,60894.36,84113.369,Infeasible,Violates MAX_INTERVENTION_RATE
0.15,0.74,0.6325,0.3675,0.0,0.3675,0.6335877862595419,0.282312925170068,211,48,23219.009,0.0,60894.36,84113.369,Infeasible,Violates MAX_INTERVENTION_RATE
0.15,0.75,0.6325,0.3675,0.0,0.3675,0.6335877862595419,0.282312925170068,211,48,23219.009,0.0,60894.36,84113.369,Infeasible,Violates MAX_INTERVENTION_RATE
0.15,0.76,0.6325,0.3675,0.0,0.3675,0.6335877862595419,0.282312925170068,211,48,23219.009,0.0,60894.36,84113.369,Infeasible,Violates MAX_INTERVENTION_RATE
0.15,0.77,0.6325,0.3675,0.0,0.3675,0.6335877862595419,0.282312925170068,211,48,23219.009,0.0,60894.36,84113.369,Infeasible,Violates MAX_INTERVENTION_RATE
0.15,0.78,0.6325,0.3675,0.0,0.3675,0.6335877862595419,0.282312925170068,211,48,23219.009,0.0,60894.36,84113.369,Infeasible,Violates MAX_INTERVENTION_RATE
0.15,0.79,0.6325,0.3675,0.0,0.3675,0.6335877862595419,0.282312925170068,211,48,23219.009,0.0,60894.36,84113.369,Infeasible,Violates MAX_INTERVENTION_RATE
0.15,0.8,0.6325,0.3675,0.0,0.3675,0.6335877862595419,0.282312925170068,211,48,23219.009,0.0,60894.36,84113.369,Infeasible,Violates MAX_INTERVENTION_RATE
0.15,0.81,0.6325,0.3675,0.0,0.3675,0.6335877862595419,0.282312925170068,211,48,23219.009,0.0,60894.36,84113.369,Infeasible,Violates MAX_INTERVENTION_RATE
0.15,0.82,0.6325,0.3675,0.0,0.3675,0.6335877862595419,0.282312925170068,211,48,23219.009,0.0,60894.36,84113.369,Infeasible,Violates MAX_INTERVENTION_RATE
0.15,0.83,0.6325,0.3675,0.0,0.3675,0.6335877862595419,0.282312925170068,211,48,23219.009,0.0,60894.36,84113.369,Infeasible,Violates MAX_INTERVENTION_RATE
0.15,0.84,0.6325,0.3675,0.0,0.3675,0.6335877862595419,0.282312925170068,211,48,23219.009,0.0,60894.36,84113.369,Infeasible,Violates MAX_INTERVENTION_RATE
0.15,0.85,0.6325,0.3675,0.0,0.3675,0.6335877862595419,0.282312925170068,211,48,23219.009,0.0,60894.36,84113.369,Infeasible,Violates MAX_INTERVENTION_RATE
0.15,0.86,0.6325,0.3675,0.0,0.3675,0.6335877862595419,0.282312925170068,211,48,23219.009,0.0,60894.36,84113.369,Infeasible,Violates MAX_INTERVENTION_RATE
0.15,0.87,0.6325,0.3675,0.0,0.3675,0.6335877862595419,0.282312925170068,211,48,23219.009,0.0,60894.36,84113.369,Infeasible,Violates MAX_INTERVENTION_RATE
0.15,0.88,0.6325,0.3675,0.0,0.3675,0.6335877862595419,0.282312925170068,211,48,23219.009,0.0,60894.36,84113.369,Infeasible,Violates MAX_INTERVENTION_RATE
0.15,0.89,0.6325,0.3675,0.0,0.3675,0.6335877862595419,0.282312925170068,211,48,23219.009,0.0,60894.36,84113.369,Infeasible,Violates MAX_INTERVENTION_RATE
0.15,0.9,0.6325,0.3675,0.0,0.3675,0.6335877862595419,0.282312925170068,211,48,23219.009,0.0,60894.36,84113.369,Infeasible,Violates MAX_INTERVENTION_RATE
0.15,0.91,0.6325,0.3675,0.0,0.3675,0.6335877862595419,0.282312925170068,211,48,23219.009,0.0,60894.36,84113.369,Infeasible,Violates MAX_INTERVENTION_RATE
0.15,0.92,0.6325,0.3675,0.0,0.3675,0.6335877862595419,0.282312925170068,211,48,23219.009,0.0,60894.36,84113.369,Infeasible,Violates MAX_INTERVENTION_RATE
0.15,0.93,0.6325,0.3675,0.0,0.3675,0.6335877862595419,0.282312925170068,211,48,23219.009,0.0,60894.36,84113.369,Infeasible,Violates MAX_INTERVENTION_RATE
0.15,0.94,0.6325,0.3675,0.0,0.3675,0.6335877862595419,0.282312925170068,211,48,23219.009,0.0,60894.36,84113.369,Infeasible,Violates MAX_INTERVENTION_RATE
0.15,0.95,0.6325,0.3675,0.0,0.3675,0.6335877862595419,0.282312925170068,211,48,23219.009,0.0,60894.36,84113.369,Infeasible,Violates MAX_INTERVENTION_RATE
0.15,0.96,0.6325,0.3675,0.0,0.3675,0.6335877862595419,0.282312925170068,211,48,23219.009,0.0,60894.36,84113.369,Infeasible,Violates MAX_INTERVENTION_RATE
0.15,0.97,0.6325,0.3675,0.0,0.3675,0.6335877862595419,0.282312925170068,211,48,23219.009,0.0,60894.36,84113.369,Infeasible,Violates MAX_INTERVENTION_RATE
0.15,0.98,0.6325,0.3675,0.0,0.3675,0.6335877862595419,0.282312925170068,211,48,23219.009,0.0,60894.36,84113.369,Infeasible,Violates MAX_INTERVENTION_RATE
0.15,0.99,0.6325,0.3675,0.0,0.3675,0.6335877862595419,0.282312925170068,211,48,23219.009,0.0,60894.36,84113.369,Infeasible,Violates MAX_INTERVENTION_RATE
0.16,0.17,0.6625,0.02125,0.31625,0.3375,0.5877862595419847,0.2851851851851852,193,54,1560.6370000000002,37950.0,66439.09,105949.727,Infeasible,Violates MAX_INTERVENTION_RATE
0.16,0.18,0.6625,0.03875,0.29875,0.3375,0.5877862595419847,0.2851851851851852,193,54,2526.099,35850.0,66439.09,104815.189,Infeasible,Violates MAX_INTERVENTION_RATE
0.16,0.19,0.6625,0.0625,0.275,0.3375,0.5877862595419847,0.2851851851851852,193,54,3564.9359999999997,33000.0,66439.09,103004.026,Infeasible,Violates MAX_INTERVENTION_RATE
0.16,0.2,0.6625,0.09125,0.24625,0.3375,0.5877862595419847,0.2851851851851852,193,54,4816.352,29550.0,66439.09,100805.442,Infeasible,Violates MAX_INTERVENTION_RATE
0.16,0.21,0.6625,0.11125,0.22625,0.3375,0.5877862595419847,0.2851851851851852,193,54,6455.236,27150.0,66439.09,100044.326,Infeasible,Violates MAX_INTERVENTION_RATE
0.16,0.22,0.6625,0.12375,0.21375,0.3375,0.5877862595419847,0.2851851851851852,193,54,7330.612999999999,25650.0,66439.09,99419.703,Infeasible,Violates MAX_INTERVENTION_RATE
0.16,0.23,0.6625,0.135,0.2025,0.3375,0.5877862595419847,0.2851851851851852,193,54,7941.0560000000005,24300.0,66439.09,98680.146,Infeasible,Violates MAX_INTERVENTION_RATE
0.16,0.24,0.6625,0.14875,0.18875,0.3375,0.5877862595419847,0.2851851851851852,193,54,8628.256,22650.0,66439.09,97717.34599999999,Infeasible,Violates MAX_INTERVENTION_RATE
0.16,0.25,0.6625,0.1575,0.18,0.3375,0.5877862595419847,0.2851851851851852,193,54,9215.316,21600.0,66439.09,97254.406,Infeasible,Violates MAX_INTERVENTION_RATE
0.16,0.26,0.6625,0.1625,0.175,0.3375,0.5877862595419847,0.2851851851851852,193,54,9415.316,21000.0,66439.09,96854.406,Infeasible,Violates MAX_INTERVENTION_RATE
0.16,0.27,0.6625,0.17125,0.16625,0.3375,0.5877862595419847,0.2851851851851852,193,54,9841.413,19950.0,66439.09,96230.503,Infeasible,Violates MAX_INTERVENTION_RATE
0.16,0.28,0.6625,0.1775,0.16,0.3375,0.5877862595419847,0.2851851851851852,193,54,10121.745,19200.0,66439.09,95760.83499999999,Infeasible,Violates MAX_INTERVENTION_RATE
0.16,0.29,0.6625,0.18875,0.14875,0.3375,0.5877862595419847,0.2851851851851852,193,54,10630.673,17850.0,66439.09,94919.76299999999,Infeasible,Violates MAX_INTERVENTION_RATE
0.16,0.3,0.6625,0.2,0.1375,0.3375,0.5877862595419847,0.2851851851851852,193,54,11508.016,16500.0,66439.09,94447.106,Infeasible,Violates MAX_INTERVENTION_RATE
0.16,0.31,0.6625,0.21375,0.12375,0.3375,0.5877862595419847,0.2851851851851852,193,54,12535.887999999999,14850.0,66439.09,93824.978,Infeasible,Violates MAX_INTERVENTION_RATE
0.16,0.32,0.6625,0.23,0.1075,0.3375,0.5877862595419847,0.2851851851851852,193,54,13293.846,12900.0,66439.09,92632.936,Infeasible,Violates MAX_INTERVENTION_RATE
0.16,0.33,0.6625,0.23625,0.10125,0.3375,0.5877862595419847,0.2851851851851852,193,54,13568.493,12150.0,66439.09,92157.583,Infeasible,Violates MAX_INTERVENTION_RATE
0.16,0.34,0.6625,0.2475,0.09,0.3375,0.5877862595419847,0.2851851851851852,193,54,14339.937,10800.0,66439.09,91579.027,Infeasible,Violates MAX_INTERVENTION_RATE
0.16,0.35,0.6625,0.25125,0.08625,0.3375,0.5877862595419847,0.2851851851851852,193,54,14539.821,10350.0,66439.09,91328.911,Infeasible,Violates MAX_INTERVENTION_RATE
0.16,0.36,0.6625,0.25875,0.07875,0.3375,0.5877862595419847,0.2851851851851852,193,54,15020.128,9450.0,66439.09,90909.218,Infeasible,Violates MAX_INTERVENTION_RATE
0.16,0.37,0.6625,0.26375,0.07375,0.3375,0.5877862595419847,0.2851851851851852,193,54,15737.323,8850.0,66439.09,91026.413,Infeasible,Violates MAX_INTERVENTION_RATE
0.16,0.38,0.6625,0.26625,0.07125,0.3375,0.5877862595419847,0.2851851851851852,193,54,15837.323,8550.0,66439.09,90826.413,Infeasible,Violates MAX_INTERVENTION_RATE
0.16,0.39,0.6625,0.2725,0.065,0.3375,0.5877862595419847,0.2851851851851852,193,54,16087.323,7800.0,66439.09,90326.413,Infeasible,Violates MAX_INTERVENTION_RATE
0.16,0.4,0.6625,0.2825,0.055,0.3375,0.5877862595419847,0.2851851851851852,193,54,16803.646,6600.0,66439.09,89842.736,Infeasible,Violates MAX_INTERVENTION_RATE
0.16,0.41,0.6625,0.28875,0.04875,0.3375,0.5877862595419847,0.2851851851851852,193,54,17230.086,5850.0,66439.09,89519.17599999999,Infeasible,Violates MAX_INTERVENTION_RATE
0.16,0.42,0.6625,0.29375,0.04375,0.3375,0.5877862595419847,0.2851851851851852,193,54,17631.035,5250.0,66439.09,89320.125,Infeasible,Violates MAX_INTERVENTION_RATE
0.16,0.43,0.6625,0.2975,0.04,0.3375,0.5877862595419847,0.2851851851851852,193,54,17781.035,4800.0,66439.09,89020.125,Infeasible,Violates MAX_INTERVENTION_RATE
0.16,0.44,0.6625,0.2975,0.04,0.3375,0.5877862595419847,0.2851851851851852,193,54,17781.035,4800.0,66439.09,89020.125,Infeasible,Violates MAX_INTERVENTION_RATE
0.16,0.45,0.6625,0.3025,0.035,0.3375,0.5877862595419847,0.2851851851851852,193,54,17981.035,4200.0,66439.09,88620.125,Infeasible,Violates MAX_INTERVENTION_RATE
0.16,0.46,0.6625,0.305,0.0325,0.3375,0.5877862595419847,0.2851851851851852,193,54,18218.056,3900.0,66439.09,88557.146,Infeasible,Violates MAX_INTERVENTION_RATE
0.16,0.47,0.6625,0.31,0.0275,0.3375,0.5877862595419847,0.2851851851851852,193,54,18958.461,3300.0,66439.09,88697.55099999999,Infeasible,Violates MAX_INTERVENTION_RATE
0.16,0.48,0.6625,0.31125,0.02625,0.3375,0.5877862595419847,0.2851851851851852,193,54,19030.489,3150.0,66439.09,88619.579,Infeasible,Violates MAX_INTERVENTION_RATE
0.16,0.49,0.6625,0.315,0.0225,0.3375,0.5877862595419847,0.2851851851851852,193,54,19498.924,2700.0,66439.09,88638.014,Infeasible,Violates MAX_INTERVENTION_RATE
0.16,0.5,0.6625,0.3175,0.02,0.3375,0.5877862595419847,0.2851851851851852,193,54,19714.618000000002,2400.0,66439.09,88553.708,Infeasible,Violates MAX_INTERVENTION_RATE
0.16,0.51,0.6625,0.32,0.0175,0.3375,0.5877862595419847,0.2851851851851852,193,54,20038.887000000002,2100.0,66439.09,88577.977,Infeasible,Violates MAX_INTERVENTION_RATE
0.16,0.52,0.6625,0.32375,0.01375,0.3375,0.5877862595419847,0.2851851851851852,193,54,20336.396,1650.0,66439.09,88425.486,Infeasible,Violates MAX_INTERVENTION_RATE
0.16,0.53,0.6625,0.32375,0.01375,0.3375,0.5877862595419847,0.2851851851851852,193,54,20336.396,1650.0,66439.09,88425.486,Infeasible,Violates MAX_INTERVENTION_RATE
0.16,0.54,0.6625,0.325,0.0125,0.3375,0.5877862595419847,0.2851851851851852,193,54,20450.916,1500.0,66439.09,88390.006,Infeasible,Violates MAX_INTERVENTION_RATE
0.16,0.55,0.6625,0.3275,0.01,0.3375,0.5877862595419847,0.2851851851851852,193,54,20744.523,1200.0,66439.09,88383.613,Infeasible,Violates MAX_INTERVENTION_RATE
0.16,0.56,0.6625,0.32875,0.00875,0.3375,0.5877862595419847,0.2851851851851852,193,54,20794.523,1050.0,66439.09,88283.613,Infeasible,Violates MAX_INTERVENTION_RATE
0.16,0.57,0.6625,0.33,0.0075,0.3375,0.5877862595419847,0.2851851851851852,193,54,20872.474000000002,900.0,66439.09,88211.564,Infeasible,Violates MAX_INTERVENTION_RATE
0.16,0.58,0.6625,0.33125,0.00625,0.3375,0.5877862595419847,0.2851851851851852,193,54,20922.474000000002,750.0,66439.09,88111.564,Infeasible,Violates MAX_INTERVENTION_RATE
0.16,0.59,0.6625,0.33125,0.00625,0.3375,0.5877862595419847,0.2851851851851852,193,54,20922.474000000002,750.0,66439.09,88111.564,Infeasible,Violates MAX_INTERVENTION_RATE
0.16,0.6,0.6625,0.3325,0.005,0.3375,0.5877862595419847,0.2851851851851852,193,54,21054.464,600.0,66439.09,88093.554,Infeasible,Violates MAX_INTERVENTION_RATE
0.16,0.61,0.6625,0.3325,0.005,0.3375,0.5877862595419847,0.2851851851851852,193,54,21054.464,600.0,66439.09,88093.554,Infeasible,Violates MAX_INTERVENTION_RATE
0.16,0.62,0.6625,0.3325,0.005,0.3375,0.5877862595419847,0.2851851851851852,193,54,21054.464,600.0,66439.09,88093.554,Infeasible,Violates MAX_INTERVENTION_RATE
0.16,0.63,0.6625,0.335,0.0025,0.3375,0.5877862595419847,0.2851851851851852,193,54,21291.919,300.0,66439.09,88031.00899999999,Infeasible,Violates MAX_INTERVENTION_RATE
0.16,0.64,0.6625,0.33625,0.00125,0.3375,0.5877862595419847,0.2851851851851852,193,54,21414.536,150.0,66439.09,88003.62599999999,Infeasible,Violates MAX_INTERVENTION_RATE
0.16,0.65,0.6625,0.33625,0.00125,0.3375,0.5877862595419847,0.2851851851851852,193,54,21414.536,150.0,66439.09,88003.62599999999,Infeasible,Violates MAX_INTERVENTION_RATE
0.16,0.66,0.6625,0.33625,0.00125,0.3375,0.5877862595419847,0.2851851851851852,193,54,21414.536,150.0,66439.09,88003.62599999999,Infeasible,Violates MAX_INTERVENTION_RATE
0.16,0.67,0.6625,0.33625,0.00125,0.3375,0.5877862595419847,0.2851851851851852,193,54,21414.536,150.0,66439.09,88003.62599999999,Infeasible,Violates MAX_INTERVENTION_RATE
0.16,0.68,0.6625,0.33625,0.00125,0.3375,0.5877862595419847,0.2851851851851852,193,54,21414.536,150.0,66439.09,88003.62599999999,Infeasible,Violates MAX_INTERVENTION_RATE
0.16,0.69,0.6625,0.3375,0.0,0.3375,0.5877862595419847,0.2851851851851852,193,54,21464.536,0.0,66439.09,87903.62599999999,Infeasible,Violates MAX_INTERVENTION_RATE
0.16,0.7,0.6625,0.3375,0.0,0.3375,0.5877862595419847,0.2851851851851852,193,54,21464.536,0.0,66439.09,87903.62599999999,Infeasible,Violates MAX_INTERVENTION_RATE
0.16,0.71,0.6625,0.3375,0.0,0.3375,0.5877862595419847,0.2851851851851852,193,54,21464.536,0.0,66439.09,87903.62599999999,Infeasible,Violates MAX_INTERVENTION_RATE
0.16,0.72,0.6625,0.3375,0.0,0.3375,0.5877862595419847,0.2851851851851852,193,54,21464.536,0.0,66439.09,87903.62599999999,Infeasible,Violates MAX_INTERVENTION_RATE
0.16,0.73,0.6625,0.3375,0.0,0.3375,0.5877862595419847,0.2851851851851852,193,54,21464.536,0.0,66439.09,87903.62599999999,Infeasible,Violates MAX_INTERVENTION_RATE
0.16,0.74,0.6625,0.3375,0.0,0.3375,0.5877862595419847,0.2851851851851852,193,54,21464.536,0.0,66439.09,87903.62599999999,Infeasible,Violates MAX_INTERVENTION_RATE
0.16,0.75,0.6625,0.3375,0.0,0.3375,0.5877862595419847,0.2851851851851852,193,54,21464.536,0.0,66439.09,87903.62599999999,Infeasible,Violates MAX_INTERVENTION_RATE
0.16,0.76,0.6625,0.3375,0.0,0.3375,0.5877862595419847,0.2851851851851852,193,54,21464.536,0.0,66439.09,87903.62599999999,Infeasible,Violates MAX_INTERVENTION_RATE
0.16,0.77,0.6625,0.3375,0.0,0.3375,0.5877862595419847,0.2851851851851852,193,54,21464.536,0.0,66439.09,87903.62599999999,Infeasible,Violates MAX_INTERVENTION_RATE
0.16,0.78,0.6625,0.3375,0.0,0.3375,0.5877862595419847,0.2851851851851852,193,54,21464.536,0.0,66439.09,87903.62599999999,Infeasible,Violates MAX_INTERVENTION_RATE
0.16,0.79,0.6625,0.3375,0.0,0.3375,0.5877862595419847,0.2851851851851852,193,54,21464.536,0.0,66439.09,87903.62599999999,Infeasible,Violates MAX_INTERVENTION_RATE
0.16,0.8,0.6625,0.3375,0.0,0.3375,0.5877862595419847,0.2851851851851852,193,54,21464.536,0.0,66439.09,87903.62599999999,Infeasible,Violates MAX_INTERVENTION_RATE
0.16,0.81,0.6625,0.3375,0.0,0.3375,0.5877862595419847,0.2851851851851852,193,54,21464.536,0.0,66439.09,87903.62599999999,Infeasible,Violates MAX_INTERVENTION_RATE
0.16,0.82,0.6625,0.3375,0.0,0.3375,0.5877862595419847,0.2851851851851852,193,54,21464.536,0.0,66439.09,87903.62599999999,Infeasible,Violates MAX_INTERVENTION_RATE
0.16,0.83,0.6625,0.3375,0.0,0.3375,0.5877862595419847,0.2851851851851852,193,54,21464.536,0.0,66439.09,87903.62599999999,Infeasible,Violates MAX_INTERVENTION_RATE
0.16,0.84,0.6625,0.3375,0.0,0.3375,0.5877862595419847,0.2851851851851852,193,54,21464.536,0.0,66439.09,87903.62599999999,Infeasible,Violates MAX_INTERVENTION_RATE
0.16,0.85,0.6625,0.3375,0.0,0.3375,0.5877862595419847,0.2851851851851852,193,54,21464.536,0.0,66439.09,87903.62599999999,Infeasible,Violates MAX_INTERVENTION_RATE
0.16,0.86,0.6625,0.3375,0.0,0.3375,0.5877862595419847,0.2851851851851852,193,54,21464.536,0.0,66439.09,87903.62599999999,Infeasible,Violates MAX_INTERVENTION_RATE
0.16,0.87,0.6625,0.3375,0.0,0.3375,0.5877862595419847,0.2851851851851852,193,54,21464.536,0.0,66439.09,87903.62599999999,Infeasible,Violates MAX_INTERVENTION_RATE
0.16,0.88,0.6625,0.3375,0.0,0.3375,0.5877862595419847,0.2851851851851852,193,54,21464.536,0.0,66439.09,87903.62599999999,Infeasible,Violates MAX_INTERVENTION_RATE
0.16,0.89,0.6625,0.3375,0.0,0.3375,0.5877862595419847,0.2851851851851852,193,54,21464.536,0.0,66439.09,87903.62599999999,Infeasible,Violates MAX_INTERVENTION_RATE
0.16,0.9,0.6625,0.3375,0.0,0.3375,0.5877862595419847,0.2851851851851852,193,54,21464.536,0.0,66439.09,87903.62599999999,Infeasible,Violates MAX_INTERVENTION_RATE
0.16,0.91,0.6625,0.3375,0.0,0.3375,0.5877862595419847,0.2851851851851852,193,54,21464.536,0.0,66439.09,87903.62599999999,Infeasible,Violates MAX_INTERVENTION_RATE
0.16,0.92,0.6625,0.3375,0.0,0.3375,0.5877862595419847,0.2851851851851852,193,54,21464.536,0.0,66439.09,87903.62599999999,Infeasible,Violates MAX_INTERVENTION_RATE
0.16,0.93,0.6625,0.3375,0.0,0.3375,0.5877862595419847,0.2851851851851852,193,54,21464.536,0.0,66439.09,87903.62599999999,Infeasible,Violates MAX_INTERVENTION_RATE
0.16,0.94,0.6625,0.3375,0.0,0.3375,0.5877862595419847,0.2851851851851852,193,54,21464.536,0.0,66439.09,87903.62599999999,Infeasible,Violates MAX_INTERVENTION_RATE
0.16,0.95,0.6625,0.3375,0.0,0.3375,0.5877862595419847,0.2851851851851852,193,54,21464.536,0.0,66439.09,87903.62599999999,Infeasible,Violates MAX_INTERVENTION_RATE
0.16,0.96,0.6625,0.3375,0.0,0.3375,0.5877862595419847,0.2851851851851852,193,54,21464.536,0.0,66439.09,87903.62599999999,Infeasible,Violates MAX_INTERVENTION_RATE
0.16,0.97,0.6625,0.3375,0.0,0.3375,0.5877862595419847,0.2851851851851852,193,54,21464.536,0.0,66439.09,87903.62599999999,Infeasible,Violates MAX_INTERVENTION_RATE
0.16,0.98,0.6625,0.3375,0.0,0.3375,0.5877862595419847,0.2851851851851852,193,54,21464.536,0.0,66439.09,87903.62599999999,Infeasible,Violates MAX_INTERVENTION_RATE
0.16,0.99,0.6625,0.3375,0.0,0.3375,0.5877862595419847,0.2851851851851852,193,54,21464.536,0.0,66439.09,87903.62599999999,Infeasible,Violates MAX_INTERVENTION_RATE
0.17,0.18,0.68375,0.0175,0.29875,0.31625,0.549618320610687,0.2845849802371542,181,59,965.462,35850.0,73545.45999999999,110360.92199999999,Infeasible,Violates MAX_INTERVENTION_RATE
0.17,0.19,0.68375,0.04125,0.275,0.31625,0.549618320610687,0.2845849802371542,181,59,2004.299,33000.0,73545.45999999999,108549.75899999999,Infeasible,Violates MAX_INTERVENTION_RATE
0.17,0.2,0.68375,0.07,0.24625,0.31625,0.549618320610687,0.2845849802371542,181,59,3255.715,29550.0,73545.45999999999,106351.17499999999,Infeasible,Violates MAX_INTERVENTION_RATE
0.17,0.21,0.68375,0.09,0.22625,0.31625,0.549618320610687,0.2845849802371542,181,59,4894.599,27150.0,73545.45999999999,105590.059,Infeasible,Violates MAX_INTERVENTION_RATE
0.17,0.22,0.68375,0.1025,0.21375,0.31625,0.549618320610687,0.2845849802371542,181,59,5769.976000000001,25650.0,73545.45999999999,104965.43599999999,Infeasible,Violates MAX_INTERVENTION_RATE
0.17,0.23,0.68375,0.11375,0.2025,0.31625,0.549618320610687,0.2845849802371542,181,59,6380.419,24300.0,73545.45999999999,104225.87899999999,Infeasible,Violates MAX_INTERVENTION_RATE
0.17,0.24,0.68375,0.1275,0.18875,0.31625,0.549618320610687,0.2845849802371542,181,59,7067.619000000001,22650.0,73545.45999999999,103263.079,Infeasible,Violates MAX_INTERVENTION_RATE
0.17,0.25,0.68375,0.13625,0.18,0.31625,0.549618320610687,0.2845849802371542,181,59,7654.679,21600.0,73545.45999999999,102800.139,Infeasible,Violates MAX_INTERVENTION_RATE
0.17,0.26,0.68375,0.14125,0.175,0.31625,0.549618320610687,0.2845849802371542,181,59,7854.679,21000.0,73545.45999999999,102400.139,Infeasible,Violates MAX_INTERVENTION_RATE
0.17,0.27,0.68375,0.15,0.16625,0.31625,0.549618320610687,0.2845849802371542,181,59,8280.776,19950.0,73545.45999999999,101776.23599999999,Infeasible,Violates MAX_INTERVENTION_RATE
0.17,0.28,0.68375,0.15625,0.16,0.31625,0.549618320610687,0.2845849802371542,181,59,8561.108,19200.0,73545.45999999999,101306.568,Infeasible,Violates MAX_INTERVENTION_RATE
0.17,0.29,0.68375,0.1675,0.14875,0.31625,0.549618320610687,0.2845849802371542,181,59,9070.036,17850.0,73545.45999999999,100465.49599999998,Infeasible,Violates MAX_INTERVENTION_RATE
0.17,0.3,0.68375,0.17875,0.1375,0.31625,0.549618320610687,0.2845849802371542,181,59,9947.379,16500.0,73545.45999999999,99992.83899999999,Infeasible,Violates MAX_INTERVENTION_RATE
0.17,0.31,0.68375,0.1925,0.12375,0.31625,0.549618320610687,0.2845849802371542,181,59,10975.251,14850.0,73545.45999999999,99370.711,Infeasible,Violates MAX_INTERVENTION_RATE
0.17,0.32,0.68375,0.20875,0.1075,0.31625,0.549618320610687,0.2845849802371542,181,59,11733.209,12900.0,73545.45999999999,98178.669,Infeasible,Violates MAX_INTERVENTION_RATE
0.17,0.33,0.68375,0.215,0.10125,0.31625,0.549618320610687,0.2845849802371542,181,59,12007.856,12150.0,73545.45999999999,97703.31599999999,Infeasible,Violates MAX_INTERVENTION_RATE
0.17,0.34,0.68375,0.22625,0.09,0.31625,0.549618320610687,0.2845849802371542,181,59,12779.3,10800.0,73545.45999999999,97124.76,Infeasible,Violates MAX_INTERVENTION_RATE
0.17,0.35,0.68375,0.23,0.08625,0.31625,0.549618320610687,0.2845849802371542,181,59,12979.184,10350.0,73545.45999999999,96874.64399999999,Infeasible,Violates MAX_INTERVENTION_RATE
0.17,0.36,0.68375,0.2375,0.07875,0.31625,0.549618320610687,0.2845849802371542,181,59,13459.491,9450.0,73545.45999999999,96454.95099999999,Infeasible,Violates MAX_INTERVENTION_RATE
0.17,0.37,0.68375,0.2425,0.07375,0.31625,0.549618320610687,0.2845849802371542,181,59,14176.686000000002,8850.0,73545.45999999999,96572.146,Infeasible,Violates MAX_INTERVENTION_RATE
0.17,0.38,0.68375,0.245,0.07125,0.31625,0.549618320610687,0.2845849802371542,181,59,14276.686000000002,8550.0,73545.45999999999,96372.146,Infeasible,Violates MAX_INTERVENTION_RATE
0.17,0.39,0.68375,0.25125,0.065,0.31625,0.549618320610687,0.2845849802371542,181,59,14526.686000000002,7800.0,73545.45999999999,95872.146,Infeasible,Violates MAX_INTERVENTION_RATE
0.17,0.4,0.68375,0.26125,0.055,0.31625,0.549618320610687,0.2845849802371542,181,59,15243.009,6600.0,73545.45999999999,95388.469,Infeasible,Violates MAX_INTERVENTION_RATE
0.17,0.41,0.68375,0.2675,0.04875,0.31625,0.549618320610687,0.2845849802371542,181,59,15669.449,5850.0,73545.45999999999,95064.90899999999,Infeasible,Violates MAX_INTERVENTION_RATE
0.17,0.42,0.68375,0.2725,0.04375,0.31625,0.549618320610687,0.2845849802371542,181,59,16070.398000000001,5250.0,73545.45999999999,94865.858,Infeasible,Violates MAX_INTERVENTION_RATE
0.17,0.43,0.68375,0.27625,0.04,0.31625,0.549618320610687,0.2845849802371542,181,59,16220.398000000001,4800.0,73545.45999999999,94565.858,Infeasible,Violates MAX_INTERVENTION_RATE
0.17,0.44,0.68375,0.27625,0.04,0.31625,0.549618320610687,0.2845849802371542,181,59,16220.398000000001,4800.0,73545.45999999999,94565.858,Infeasible,Violates MAX_INTERVENTION_RATE
0.17,0.45,0.68375,0.28125,0.035,0.31625,0.549618320610687,0.2845849802371542,181,59,16420.398,4200.0,73545.45999999999,94165.858,Infeasible,Violates MAX_INTERVENTION_RATE
0.17,0.46,0.68375,0.28375,0.0325,0.31625,0.549618320610687,0.2845849802371542,181,59,16657.419,3900.0,73545.45999999999,94102.87899999999,Infeasible,Violates MAX_INTERVENTION_RATE
0.17,0.47,0.68375,0.28875,0.0275,0.31625,0.549618320610687,0.2845849802371542,181,59,17397.824,3300.0,73545.45999999999,94243.28399999999,Infeasible,Violates MAX_INTERVENTION_RATE
0.17,0.48,0.68375,0.29,0.02625,0.31625,0.549618320610687,0.2845849802371542,181,59,17469.852,3150.0,73545.45999999999,94165.31199999999,Infeasible,Violates MAX_INTERVENTION_RATE
0.17,0.49,0.68375,0.29375,0.0225,0.31625,0.549618320610687,0.2845849802371542,181,59,17938.287,2700.0,73545.45999999999,94183.74699999999,Infeasible,Violates MAX_INTERVENTION_RATE
0.17,0.5,0.68375,0.29625,0.02,0.31625,0.549618320610687,0.2845849802371542,181,59,18153.981,2400.0,73545.45999999999,94099.44099999999,Infeasible,Violates MAX_INTERVENTION_RATE
0.17,0.51,0.68375,0.29875,0.0175,0.31625,0.549618320610687,0.2845849802371542,181,59,18478.25,2100.0,73545.45999999999,94123.70999999999,Infeasible,Violates MAX_INTERVENTION_RATE
0.17,0.52,0.68375,0.3025,0.01375,0.31625,0.549618320610687,0.2845849802371542,181,59,18775.759000000002,1650.0,73545.45999999999,93971.219,Infeasible,Violates MAX_INTERVENTION_RATE
0.17,0.53,0.68375,0.3025,0.01375,0.31625,0.549618320610687,0.2845849802371542,181,59,18775.759000000002,1650.0,73545.45999999999,93971.219,Infeasible,Violates MAX_INTERVENTION_RATE
0.17,0.54,0.68375,0.30375,0.0125,0.31625,0.549618320610687,0.2845849802371542,181,59,18890.279000000002,1500.0,73545.45999999999,93935.739,Infeasible,Violates MAX_INTERVENTION_RATE
0.17,0.55,0.68375,0.30625,0.01,0.31625,0.549618320610687,0.2845849802371542,181,59,19183.886,1200.0,73545.45999999999,93929.34599999999,Infeasible,Violates MAX_INTERVENTION_RATE
0.17,0.56,0.68375,0.3075,0.00875,0.31625,0.549618320610687,0.2845849802371542,181,59,19233.886,1050.0,73545.45999999999,93829.34599999999,Infeasible,Violates MAX_INTERVENTION_RATE
0.17,0.57,0.68375,0.30875,0.0075,0.31625,0.549618320610687,0.2845849802371542,181,59,19311.837,900.0,73545.45999999999,93757.29699999999,Infeasible,Violates MAX_INTERVENTION_RATE
0.17,0.58,0.68375,0.31,0.00625,0.31625,0.549618320610687,0.2845849802371542,181,59,19361.837,750.0,73545.45999999999,93657.29699999999,Infeasible,Violates MAX_INTERVENTION_RATE
0.17,0.59,0.68375,0.31,0.00625,0.31625,0.549618320610687,0.2845849802371542,181,59,19361.837,750.0,73545.45999999999,93657.29699999999,Infeasible,Violates MAX_INTERVENTION_RATE
0.17,0.6,0.68375,0.31125,0.005,0.31625,0.549618320610687,0.2845849802371542,181,59,19493.827,600.0,73545.45999999999,93639.287,Infeasible,Violates MAX_INTERVENTION_RATE
0.17,0.61,0.68375,0.31125,0.005,0.31625,0.549618320610687,0.2845849802371542,181,59,19493.827,600.0,73545.45999999999,93639.287,Infeasible,Violates MAX_INTERVENTION_RATE
0.17,0.62,0.68375,0.31125,0.005,0.31625,0.549618320610687,0.2845849802371542,181,59,19493.827,600.0,73545.45999999999,93639.287,Infeasible,Violates MAX_INTERVENTION_RATE
0.17,0.63,0.68375,0.31375,0.0025,0.31625,0.549618320610687,0.2845849802371542,181,59,19731.282,300.0,73545.45999999999,93576.742,Infeasible,Violates MAX_INTERVENTION_RATE
0.17,0.64,0.68375,0.315,0.00125,0.31625,0.549618320610687,0.2845849802371542,181,59,19853.898999999998,150.0,73545.45999999999,93549.359,Infeasible,Violates MAX_INTERVENTION_RATE
0.17,0.65,0.68375,0.315,0.00125,0.31625,0.549618320610687,0.2845849802371542,181,59,19853.898999999998,150.0,73545.45999999999,93549.359,Infeasible,Violates MAX_INTERVENTION_RATE
0.17,0.66,0.68375,0.315,0.00125,0.31625,0.549618320610687,0.2845849802371542,181,59,19853.898999999998,150.0,73545.45999999999,93549.359,Infeasible,Violates MAX_INTERVENTION_RATE
0.17,0.67,0.68375,0.315,0.00125,0.31625,0.549618320610687,0.2845849802371542,181,59,19853.898999999998,150.0,73545.45999999999,93549.359,Infeasible,Violates MAX_INTERVENTION_RATE
0.17,0.68,0.68375,0.315,0.00125,0.31625,0.549618320610687,0.2845849802371542,181,59,19853.898999999998,150.0,73545.45999999999,93549.359,Infeasible,Violates MAX_INTERVENTION_RATE
0.17,0.69,0.68375,0.31625,0.0,0.31625,0.549618320610687,0.2845849802371542,181,59,19903.898999999998,0.0,73545.45999999999,93449.359,Infeasible,Violates MAX_INTERVENTION_RATE
0.17,0.7,0.68375,0.31625,0.0,0.31625,0.549618320610687,0.2845849802371542,181,59,19903.898999999998,0.0,73545.45999999999,93449.359,Infeasible,Violates MAX_INTERVENTION_RATE
0.17,0.71,0.68375,0.31625,0.0,0.31625,0.549618320610687,0.2845849802371542,181,59,19903.898999999998,0.0,73545.45999999999,93449.359,Infeasible,Violates MAX_INTERVENTION_RATE
0.17,0.72,0.68375,0.31625,0.0,0.31625,0.549618320610687,0.2845849802371542,181,59,19903.898999999998,0.0,73545.45999999999,93449.359,Infeasible,Violates MAX_INTERVENTION_RATE
0.17,0.73,0.68375,0.31625,0.0,0.31625,0.549618320610687,0.2845849802371542,181,59,19903.898999999998,0.0,73545.45999999999,93449.359,Infeasible,Violates MAX_INTERVENTION_RATE
0.17,0.74,0.68375,0.31625,0.0,0.31625,0.549618320610687,0.2845849802371542,181,59,19903.898999999998,0.0,73545.45999999999,93449.359,Infeasible,Violates MAX_INTERVENTION_RATE
0.17,0.75,0.68375,0.31625,0.0,0.31625,0.549618320610687,0.2845849802371542,181,59,19903.898999999998,0.0,73545.45999999999,93449.359,Infeasible,Violates MAX_INTERVENTION_RATE
0.17,0.76,0.68375,0.31625,0.0,0.31625,0.549618320610687,0.2845849802371542,181,59,19903.898999999998,0.0,73545.45999999999,93449.359,Infeasible,Violates MAX_INTERVENTION_RATE
0.17,0.77,0.68375,0.31625,0.0,0.31625,0.549618320610687,0.2845849802371542,181,59,19903.898999999998,0.0,73545.45999999999,93449.359,Infeasible,Violates MAX_INTERVENTION_RATE
0.17,0.78,0.68375,0.31625,0.0,0.31625,0.549618320610687,0.2845849802371542,181,59,19903.898999999998,0.0,73545.45999999999,93449.359,Infeasible,Violates MAX_INTERVENTION_RATE
0.17,0.79,0.68375,0.31625,0.0,0.31625,0.549618320610687,0.2845849802371542,181,59,19903.898999999998,0.0,73545.45999999999,93449.359,Infeasible,Violates MAX_INTERVENTION_RATE
0.17,0.8,0.68375,0.31625,0.0,0.31625,0.549618320610687,0.2845849802371542,181,59,19903.898999999998,0.0,73545.45999999999,93449.359,Infeasible,Violates MAX_INTERVENTION_RATE
0.17,0.81,0.68375,0.31625,0.0,0.31625,0.549618320610687,0.2845849802371542,181,59,19903.898999999998,0.0,73545.45999999999,93449.359,Infeasible,Violates MAX_INTERVENTION_RATE
0.17,0.82,0.68375,0.31625,0.0,0.31625,0.549618320610687,0.2845849802371542,181,59,19903.898999999998,0.0,73545.45999999999,93449.359,Infeasible,Violates MAX_INTERVENTION_RATE
0.17,0.83,0.68375,0.31625,0.0,0.31625,0.549618320610687,0.2845849802371542,181,59,19903.898999999998,0.0,73545.45999999999,93449.359,Infeasible,Violates MAX_INTERVENTION_RATE
0.17,0.84,0.68375,0.31625,0.0,0.31625,0.549618320610687,0.2845849802371542,181,59,19903.898999999998,0.0,73545.45999999999,93449.359,Infeasible,Violates MAX_INTERVENTION_RATE
0.17,0.85,0.68375,0.31625,0.0,0.31625,0.549618320610687,0.2845849802371542,181,59,19903.898999999998,0.0,73545.45999999999,93449.359,Infeasible,Violates MAX_INTERVENTION_RATE
0.17,0.86,0.68375,0.31625,0.0,0.31625,0.549618320610687,0.2845849802371542,181,59,19903.898999999998,0.0,73545.45999999999,93449.359,Infeasible,Violates MAX_INTERVENTION_RATE
0.17,0.87,0.68375,0.31625,0.0,0.31625,0.549618320610687,0.2845849802371542,181,59,19903.898999999998,0.0,73545.45999999999,93449.359,Infeasible,Violates MAX_INTERVENTION_RATE
0.17,0.88,0.68375,0.31625,0.0,0.31625,0.549618320610687,0.2845849802371542,181,59,19903.898999999998,0.0,73545.45999999999,93449.359,Infeasible,Violates MAX_INTERVENTION_RATE
0.17,0.89,0.68375,0.31625,0.0,0.31625,0.549618320610687,0.2845849802371542,181,59,19903.898999999998,0.0,73545.45999999999,93449.359,Infeasible,Violates MAX_INTERVENTION_RATE
0.17,0.9,0.68375,0.31625,0.0,0.31625,0.549618320610687,0.2845849802371542,181,59,19903.898999999998,0.0,73545.45999999999,93449.359,Infeasible,Violates MAX_INTERVENTION_RATE
0.17,0.91,0.68375,0.31625,0.0,0.31625,0.549618320610687,0.2845849802371542,181,59,19903.898999999998,0.0,73545.45999999999,93449.359,Infeasible,Violates MAX_INTERVENTION_RATE
0.17,0.92,0.68375,0.31625,0.0,0.31625,0.549618320610687,0.2845849802371542,181,59,19903.898999999998,0.0,73545.45999999999,93449.359,Infeasible,Violates MAX_INTERVENTION_RATE
0.17,0.93,0.68375,0.31625,0.0,0.31625,0.549618320610687,0.2845849802371542,181,59,19903.898999999998,0.0,73545.45999999999,93449.359,Infeasible,Violates MAX_INTERVENTION_RATE
0.17,0.94,0.68375,0.31625,0.0,0.31625,0.549618320610687,0.2845849802371542,181,59,19903.898999999998,0.0,73545.45999999999,93449.359,Infeasible,Violates MAX_INTERVENTION_RATE
0.17,0.95,0.68375,0.31625,0.0,0.31625,0.549618320610687,0.2845849802371542,181,59,19903.898999999998,0.0,73545.45999999999,93449.359,Infeasible,Violates MAX_INTERVENTION_RATE
0.17,0.96,0.68375,0.31625,0.0,0.31625,0.549618320610687,0.2845849802371542,181,59,19903.898999999998,0.0,73545.45999999999,93449.359,Infeasible,Violates MAX_INTERVENTION_RATE
0.17,0.97,0.68375,0.31625,0.0,0.31625,0.549618320610687,0.2845849802371542,181,59,19903.898999999998,0.0,73545.45999999999,93449.359,Infeasible,Violates MAX_INTERVENTION_RATE
0.17,0.98,0.68375,0.31625,0.0,0.31625,0.549618320610687,0.2845849802371542,181,59,19903.898999999998,0.0,73545.45999999999,93449.359,Infeasible,Violates MAX_INTERVENTION_RATE
0.17,0.99,0.68375,0.31625,0.0,0.31625,0.549618320610687,0.2845849802371542,181,59,19903.898999999998,0.0,73545.45999999999,93449.359,Infeasible,Violates MAX_INTERVENTION_RATE
0.18,0.19,0.70125,0.02375,0.275,0.29875,0.5343511450381679,0.2928870292887029,169,61,1038.837,33000.0,76200.08,110238.917,Infeasible,Violates MAX_INTERVENTION_RATE
0.18,0.2,0.70125,0.0525,0.24625,0.29875,0.5343511450381679,0.2928870292887029,169,61,2290.253,29550.0,76200.08,108040.333,Infeasible,Violates MAX_INTERVENTION_RATE
0.18,0.21,0.70125,0.0725,0.22625,0.29875,0.5343511450381679,0.2928870292887029,169,61,3929.1369999999997,27150.0,76200.08,107279.217,Infeasible,Violates MAX_INTERVENTION_RATE
0.18,0.22,0.70125,0.085,0.21375,0.29875,0.5343511450381679,0.2928870292887029,169,61,4804.514,25650.0,76200.08,106654.594,Infeasible,Violates MAX_INTERVENTION_RATE
0.18,0.23,0.70125,0.09625,0.2025,0.29875,0.5343511450381679,0.2928870292887029,169,61,5414.957,24300.0,76200.08,105915.037,Infeasible,Violates MAX_INTERVENTION_RATE
0.18,0.24,0.70125,0.11,0.18875,0.29875,0.5343511450381679,0.2928870292887029,169,61,6102.157,22650.0,76200.08,104952.23700000001,Infeasible,Violates MAX_INTERVENTION_RATE
0.18,0.25,0.70125,0.11875,0.18,0.29875,0.5343511450381679,0.2928870292887029,169,61,6689.217000000001,21600.0,76200.08,104489.297,Infeasible,Violates MAX_INTERVENTION_RATE
0.18,0.26,0.70125,0.12375,0.175,0.29875,0.5343511450381679,0.2928870292887029,169,61,6889.217000000001,21000.0,76200.08,104089.297,Infeasible,Violates MAX_INTERVENTION_RATE
0.18,0.27,0.70125,0.1325,0.16625,0.29875,0.5343511450381679,0.2928870292887029,169,61,7315.314,19950.0,76200.08,103465.394,Infeasible,Violates MAX_INTERVENTION_RATE
0.18,0.28,0.70125,0.13875,0.16,0.29875,0.5343511450381679,0.2928870292887029,169,61,7595.646000000001,19200.0,76200.08,102995.726,Infeasible,Violates MAX_INTERVENTION_RATE
0.18,0.29,0.70125,0.15,0.14875,0.29875,0.5343511450381679,0.2928870292887029,169,61,8104.5740000000005,17850.0,76200.08,102154.65400000001,Infeasible,Violates MAX_INTERVENTION_RATE
0.18,0.3,0.70125,0.16125,0.1375,0.29875,0.5343511450381679,0.2928870292887029,169,61,8981.917000000001,16500.0,76200.08,101681.997,Infeasible,Violates MAX_INTERVENTION_RATE
0.18,0.31,0.70125,0.175,0.12375,0.29875,0.5343511450381679,0.2928870292887029,169,61,10009.789,14850.0,76200.08,101059.869,Infeasible,Violates MAX_INTERVENTION_RATE
0.18,0.32,0.70125,0.19125,0.1075,0.29875,0.5343511450381679,0.2928870292887029,169,61,10767.747,12900.0,76200.08,99867.827,Infeasible,Violates MAX_INTERVENTION_RATE
0.18,0.33,0.70125,0.1975,0.10125,0.29875,0.5343511450381679,0.2928870292887029,169,61,11042.394,12150.0,76200.08,99392.474,Infeasible,Violates MAX_INTERVENTION_RATE
0.18,0.34,0.70125,0.20875,0.09,0.29875,0.5343511450381679,0.2928870292887029,169,61,11813.838,10800.0,76200.08,98813.918,Infeasible,Violates MAX_INTERVENTION_RATE
0.18,0.35,0.70125,0.2125,0.08625,0.29875,0.5343511450381679,0.2928870292887029,169,61,12013.722,10350.0,76200.08,98563.802,Infeasible,Violates MAX_INTERVENTION_RATE
0.18,0.36,0.70125,0.22,0.07875,0.29875,0.5343511450381679,0.2928870292887029,169,61,12494.028999999999,9450.0,76200.08,98144.109,Infeasible,Violates MAX_INTERVENTION_RATE
0.18,0.37,0.70125,0.225,0.07375,0.29875,0.5343511450381679,0.2928870292887029,169,61,13211.224,8850.0,76200.08,98261.304,Infeasible,Violates MAX_INTERVENTION_RATE
0.18,0.38,0.70125,0.2275,0.07125,0.29875,0.5343511450381679,0.2928870292887029,169,61,13311.224,8550.0,76200.08,98061.304,Infeasible,Violates MAX_INTERVENTION_RATE
0.18,0.39,0.70125,0.23375,0.065,0.29875,0.5343511450381679,0.2928870292887029,169,61,13561.224,7800.0,76200.08,97561.304,Infeasible,Violates MAX_INTERVENTION_RATE
0.18,0.4,0.70125,0.24375,0.055,0.29875,0.5343511450381679,0.2928870292887029,169,61,14277.547,6600.0,76200.08,97077.62700000001,Infeasible,Violates MAX_INTERVENTION_RATE
0.18,0.41,0.70125,0.25,0.04875,0.29875,0.5343511450381679,0.2928870292887029,169,61,14703.987000000001,5850.0,76200.08,96754.06700000001,Infeasible,Violates MAX_INTERVENTION_RATE
0.18,0.42,0.70125,0.255,0.04375,0.29875,0.5343511450381679,0.2928870292887029,169,61,15104.936000000002,5250.0,76200.08,96555.016,Infeasible,Violates MAX_INTERVENTION_RATE
0.18,0.43,0.70125,0.25875,0.04,0.29875,0.5343511450381679,0.2928870292887029,169,61,15254.936000000002,4800.0,76200.08,96255.016,Infeasible,Violates MAX_INTERVENTION_RATE
0.18,0.44,0.70125,0.25875,0.04,0.29875,0.5343511450381679,0.2928870292887029,169,61,15254.936000000002,4800.0,76200.08,96255.016,Infeasible,Violates MAX_INTERVENTION_RATE
0.18,0.45,0.70125,0.26375,0.035,0.29875,0.5343511450381679,0.2928870292887029,169,61,15454.936000000002,4200.0,76200.08,95855.016,Infeasible,Violates MAX_INTERVENTION_RATE
0.18,0.46,0.70125,0.26625,0.0325,0.29875,0.5343511450381679,0.2928870292887029,169,61,15691.957,3900.0,76200.08,95792.037,Infeasible,Violates MAX_INTERVENTION_RATE
0.18,0.47,0.70125,0.27125,0.0275,0.29875,0.5343511450381679,0.2928870292887029,169,61,16432.362,3300.0,76200.08,95932.44200000001,Infeasible,Violates MAX_INTERVENTION_RATE
0.18,0.48,0.70125,0.2725,0.02625,0.29875,0.5343511450381679,0.2928870292887029,169,61,16504.39,3150.0,76200.08,95854.47,Infeasible,Violates MAX_INTERVENTION_RATE
0.18,0.49,0.70125,0.27625,0.0225,0.29875,0.5343511450381679,0.2928870292887029,169,61,16972.825,2700.0,76200.08,95872.905,Infeasible,Violates MAX_INTERVENTION_RATE
0.18,0.5,0.70125,0.27875,0.02,0.29875,0.5343511450381679,0.2928870292887029,169,61,17188.519,2400.0,76200.08,95788.599,Infeasible,Violates MAX_INTERVENTION_RATE
0.18,0.51,0.70125,0.28125,0.0175,0.29875,0.5343511450381679,0.2928870292887029,169,61,17512.788,2100.0,76200.08,95812.868,Infeasible,Violates MAX_INTERVENTION_RATE
0.18,0.52,0.70125,0.285,0.01375,0.29875,0.5343511450381679,0.2928870292887029,169,61,17810.297,1650.0,76200.08,95660.37700000001,Infeasible,Violates MAX_INTERVENTION_RATE
0.18,0.53,0.70125,0.285,0.01375,0.29875,0.5343511450381679,0.2928870292887029,169,61,17810.297,1650.0,76200.08,95660.37700000001,Infeasible,Violates MAX_INTERVENTION_RATE
0.18,0.54,0.70125,0.28625,0.0125,0.29875,0.5343511450381679,0.2928870292887029,169,61,17924.817000000003,1500.0,76200.08,95624.897,Infeasible,Violates MAX_INTERVENTION_RATE
0.18,0.55,0.70125,0.28875,0.01,0.29875,0.5343511450381679,0.2928870292887029,169,61,18218.424,1200.0,76200.08,95618.504,Infeasible,Violates MAX_INTERVENTION_RATE
0.18,0.56,0.70125,0.29,0.00875,0.29875,0.5343511450381679,0.2928870292887029,169,61,18268.424,1050.0,76200.08,95518.504,Infeasible,Violates MAX_INTERVENTION_RATE
0.18,0.57,0.70125,0.29125,0.0075,0.29875,0.5343511450381679,0.2928870292887029,169,61,18346.375,900.0,76200.08,95446.455,Infeasible,Violates MAX_INTERVENTION_RATE
0.18,0.58,0.70125,0.2925,0.00625,0.29875,0.5343511450381679,0.2928870292887029,169,61,18396.375,750.0,76200.08,95346.455,Infeasible,Violates MAX_INTERVENTION_RATE
0.18,0.59,0.70125,0.2925,0.00625,0.29875,0.5343511450381679,0.2928870292887029,169,61,18396.375,750.0,76200.08,95346.455,Infeasible,Violates MAX_INTERVENTION_RATE
0.18,0.6,0.70125,0.29375,0.005,0.29875,0.5343511450381679,0.2928870292887029,169,61,18528.365,600.0,76200.08,95328.445,Infeasible,Violates MAX_INTERVENTION_RATE
0.18,0.61,0.70125,0.29375,0.005,0.29875,0.5343511450381679,0.2928870292887029,169,61,18528.365,600.0,76200.08,95328.445,Infeasible,Violates MAX_INTERVENTION_RATE
0.18,0.62,0.70125,0.29375,0.005,0.29875,0.5343511450381679,0.2928870292887029,169,61,18528.365,600.0,76200.08,95328.445,Infeasible,Violates MAX_INTERVENTION_RATE
0.18,0.63,0.70125,0.29625,0.0025,0.29875,0.5343511450381679,0.2928870292887029,169,61,18765.82,300.0,76200.08,95265.9,Infeasible,Violates MAX_INTERVENTION_RATE
0.18,0.64,0.70125,0.2975,0.00125,0.29875,0.5343511450381679,0.2928870292887029,169,61,18888.437,150.0,76200.08,95238.517,Infeasible,Violates MAX_INTERVENTION_RATE
0.18,0.65,0.70125,0.2975,0.00125,0.29875,0.5343511450381679,0.2928870292887029,169,61,18888.437,150.0,76200.08,95238.517,Infeasible,Violates MAX_INTERVENTION_RATE
0.18,0.66,0.70125,0.2975,0.00125,0.29875,0.5343511450381679,0.2928870292887029,169,61,18888.437,150.0,76200.08,95238.517,Infeasible,Violates MAX_INTERVENTION_RATE
0.18,0.67,0.70125,0.2975,0.00125,0.29875,0.5343511450381679,0.2928870292887029,169,61,18888.437,150.0,76200.08,95238.517,Infeasible,Violates MAX_INTERVENTION_RATE
0.18,0.68,0.70125,0.2975,0.00125,0.29875,0.5343511450381679,0.2928870292887029,169,61,18888.437,150.0,76200.08,95238.517,Infeasible,Violates MAX_INTERVENTION_RATE
0.18,0.69,0.70125,0.29875,0.0,0.29875,0.5343511450381679,0.2928870292887029,169,61,18938.437,0.0,76200.08,95138.517,Infeasible,Violates MAX_INTERVENTION_RATE
0.18,0.7,0.70125,0.29875,0.0,0.29875,0.5343511450381679,0.2928870292887029,169,61,18938.437,0.0,76200.08,95138.517,Infeasible,Violates MAX_INTERVENTION_RATE
0.18,0.71,0.70125,0.29875,0.0,0.29875,0.5343511450381679,0.2928870292887029,169,61,18938.437,0.0,76200.08,95138.517,Infeasible,Violates MAX_INTERVENTION_RATE
0.18,0.72,0.70125,0.29875,0.0,0.29875,0.5343511450381679,0.2928870292887029,169,61,18938.437,0.0,76200.08,95138.517,Infeasible,Violates MAX_INTERVENTION_RATE
0.18,0.73,0.70125,0.29875,0.0,0.29875,0.5343511450381679,0.2928870292887029,169,61,18938.437,0.0,76200.08,95138.517,Infeasible,Violates MAX_INTERVENTION_RATE
0.18,0.74,0.70125,0.29875,0.0,0.29875,0.5343511450381679,0.2928870292887029,169,61,18938.437,0.0,76200.08,95138.517,Infeasible,Violates MAX_INTERVENTION_RATE
0.18,0.75,0.70125,0.29875,0.0,0.29875,0.5343511450381679,0.2928870292887029,169,61,18938.437,0.0,76200.08,95138.517,Infeasible,Violates MAX_INTERVENTION_RATE
0.18,0.76,0.70125,0.29875,0.0,0.29875,0.5343511450381679,0.2928870292887029,169,61,18938.437,0.0,76200.08,95138.517,Infeasible,Violates MAX_INTERVENTION_RATE
0.18,0.77,0.70125,0.29875,0.0,0.29875,0.5343511450381679,0.2928870292887029,169,61,18938.437,0.0,76200.08,95138.517,Infeasible,Violates MAX_INTERVENTION_RATE
0.18,0.78,0.70125,0.29875,0.0,0.29875,0.5343511450381679,0.2928870292887029,169,61,18938.437,0.0,76200.08,95138.517,Infeasible,Violates MAX_INTERVENTION_RATE
0.18,0.79,0.70125,0.29875,0.0,0.29875,0.5343511450381679,0.2928870292887029,169,61,18938.437,0.0,76200.08,95138.517,Infeasible,Violates MAX_INTERVENTION_RATE
0.18,0.8,0.70125,0.29875,0.0,0.29875,0.5343511450381679,0.2928870292887029,169,61,18938.437,0.0,76200.08,95138.517,Infeasible,Violates MAX_INTERVENTION_RATE
0.18,0.81,0.70125,0.29875,0.0,0.29875,0.5343511450381679,0.2928870292887029,169,61,18938.437,0.0,76200.08,95138.517,Infeasible,Violates MAX_INTERVENTION_RATE
0.18,0.82,0.70125,0.29875,0.0,0.29875,0.5343511450381679,0.2928870292887029,169,61,18938.437,0.0,76200.08,95138.517,Infeasible,Violates MAX_INTERVENTION_RATE
0.18,0.83,0.70125,0.29875,0.0,0.29875,0.5343511450381679,0.2928870292887029,169,61,18938.437,0.0,76200.08,95138.517,Infeasible,Violates MAX_INTERVENTION_RATE
0.18,0.84,0.70125,0.29875,0.0,0.29875,0.5343511450381679,0.2928870292887029,169,61,18938.437,0.0,76200.08,95138.517,Infeasible,Violates MAX_INTERVENTION_RATE
0.18,0.85,0.70125,0.29875,0.0,0.29875,0.5343511450381679,0.2928870292887029,169,61,18938.437,0.0,76200.08,95138.517,Infeasible,Violates MAX_INTERVENTION_RATE
0.18,0.86,0.70125,0.29875,0.0,0.29875,0.5343511450381679,0.2928870292887029,169,61,18938.437,0.0,76200.08,95138.517,Infeasible,Violates MAX_INTERVENTION_RATE
0.18,0.87,0.70125,0.29875,0.0,0.29875,0.5343511450381679,0.2928870292887029,169,61,18938.437,0.0,76200.08,95138.517,Infeasible,Violates MAX_INTERVENTION_RATE
0.18,0.88,0.70125,0.29875,0.0,0.29875,0.5343511450381679,0.2928870292887029,169,61,18938.437,0.0,76200.08,95138.517,Infeasible,Violates MAX_INTERVENTION_RATE
0.18,0.89,0.70125,0.29875,0.0,0.29875,0.5343511450381679,0.2928870292887029,169,61,18938.437,0.0,76200.08,95138.517,Infeasible,Violates MAX_INTERVENTION_RATE
0.18,0.9,0.70125,0.29875,0.0,0.29875,0.5343511450381679,0.2928870292887029,169,61,18938.437,0.0,76200.08,95138.517,Infeasible,Violates MAX_INTERVENTION_RATE
0.18,0.91,0.70125,0.29875,0.0,0.29875,0.5343511450381679,0.2928870292887029,169,61,18938.437,0.0,76200.08,95138.517,Infeasible,Violates MAX_INTERVENTION_RATE
0.18,0.92,0.70125,0.29875,0.0,0.29875,0.5343511450381679,0.2928870292887029,169,61,18938.437,0.0,76200.08,95138.517,Infeasible,Violates MAX_INTERVENTION_RATE
0.18,0.93,0.70125,0.29875,0.0,0.29875,0.5343511450381679,0.2928870292887029,169,61,18938.437,0.0,76200.08,95138.517,Infeasible,Violates MAX_INTERVENTION_RATE
0.18,0.94,0.70125,0.29875,0.0,0.29875,0.5343511450381679,0.2928870292887029,169,61,18938.437,0.0,76200.08,95138.517,Infeasible,Violates MAX_INTERVENTION_RATE
0.18,0.95,0.70125,0.29875,0.0,0.29875,0.5343511450381679,0.2928870292887029,169,61,18938.437,0.0,76200.08,95138.517,Infeasible,Violates MAX_INTERVENTION_RATE
0.18,0.96,0.70125,0.29875,0.0,0.29875,0.5343511450381679,0.2928870292887029,169,61,18938.437,0.0,76200.08,95138.517,Infeasible,Violates MAX_INTERVENTION_RATE
0.18,0.97,0.70125,0.29875,0.0,0.29875,0.5343511450381679,0.2928870292887029,169,61,18938.437,0.0,76200.08,95138.517,Infeasible,Violates MAX_INTERVENTION_RATE
0.18,0.98,0.70125,0.29875,0.0,0.29875,0.5343511450381679,0.2928870292887029,169,61,18938.437,0.0,76200.08,95138.517,Infeasible,Violates MAX_INTERVENTION_RATE
0.18,0.99,0.70125,0.29875,0.0,0.29875,0.5343511450381679,0.2928870292887029,169,61,18938.437,0.0,76200.08,95138.517,Infeasible,Violates MAX_INTERVENTION_RATE
0.19,0.2,0.725,0.02875,0.24625,0.275,0.5190839694656488,0.3090909090909091,152,63,1251.416,29550.0,77088.45,107889.866,Infeasible,Violates MAX_INTERVENTION_RATE
0.19,0.21,0.725,0.04875,0.22625,0.275,0.5190839694656488,0.3090909090909091,152,63,2890.3,27150.0,77088.45,107128.75,Infeasible,Violates MAX_INTERVENTION_RATE
0.19,0.22,0.725,0.06125,0.21375,0.275,0.5190839694656488,0.3090909090909091,152,63,3765.677,25650.0,77088.45,106504.127,Infeasible,Violates MAX_INTERVENTION_RATE
0.19,0.23,0.725,0.0725,0.2025,0.275,0.5190839694656488,0.3090909090909091,152,63,4376.12,24300.0,77088.45,105764.56999999999,Infeasible,Violates MAX_INTERVENTION_RATE
0.19,0.24,0.725,0.08625,0.18875,0.275,0.5190839694656488,0.3090909090909091,152,63,5063.32,22650.0,77088.45,104801.76999999999,Infeasible,Violates MAX_INTERVENTION_RATE
0.19,0.25,0.725,0.095,0.18,0.275,0.5190839694656488,0.3090909090909091,152,63,5650.38,21600.0,77088.45,104338.83,Infeasible,Violates MAX_INTERVENTION_RATE
0.19,0.26,0.725,0.1,0.175,0.275,0.5190839694656488,0.3090909090909091,152,63,5850.38,21000.0,77088.45,103938.83,Infeasible,Violates MAX_INTERVENTION_RATE
0.19,0.27,0.725,0.10875,0.16625,0.275,0.5190839694656488,0.3090909090909091,152,63,6276.477,19950.0,77088.45,103314.927,Infeasible,Violates MAX_INTERVENTION_RATE
0.19,0.28,0.725,0.115,0.16,0.275,0.5190839694656488,0.3090909090909091,152,63,6556.809,19200.0,77088.45,102845.25899999999,Infeasible,Violates MAX_INTERVENTION_RATE
0.19,0.29,0.725,0.12625,0.14875,0.275,0.5190839694656488,0.3090909090909091,152,63,7065.737,17850.0,77088.45,102004.18699999999,Infeasible,Violates MAX_INTERVENTION_RATE
0.19,0.3,0.725,0.1375,0.1375,0.275,0.5190839694656488,0.3090909090909091,152,63,7943.08,16500.0,77088.45,101531.53,Infeasible,Violates MAX_INTERVENTION_RATE
0.19,0.31,0.725,0.15125,0.12375,0.275,0.5190839694656488,0.3090909090909091,152,63,8970.952,14850.0,77088.45,100909.402,Infeasible,Violates MAX_INTERVENTION_RATE
0.19,0.32,0.725,0.1675,0.1075,0.275,0.5190839694656488,0.3090909090909091,152,63,9728.91,12900.0,77088.45,99717.36,Infeasible,Violates MAX_INTERVENTION_RATE
0.19,0.33,0.725,0.17375,0.10125,0.275,0.5190839694656488,0.3090909090909091,152,63,10003.557,12150.0,77088.45,99242.007,Infeasible,Violates MAX_INTERVENTION_RATE
0.19,0.34,0.725,0.185,0.09,0.275,0.5190839694656488,0.3090909090909091,152,63,10775.001,10800.0,77088.45,98663.451,Infeasible,Violates MAX_INTERVENTION_RATE
0.19,0.35,0.725,0.18875,0.08625,0.275,0.5190839694656488,0.3090909090909091,152,63,10974.885,10350.0,77088.45,98413.33499999999,Infeasible,Violates MAX_INTERVENTION_RATE
0.19,0.36,0.725,0.19625,0.07875,0.275,0.5190839694656488,0.3090909090909091,152,63,11455.192,9450.0,77088.45,97993.64199999999,Infeasible,Violates MAX_INTERVENTION_RATE
0.19,0.37,0.725,0.20125,0.07375,0.275,0.5190839694656488,0.3090909090909091,152,63,12172.387,8850.0,77088.45,98110.837,Infeasible,Violates MAX_INTERVENTION_RATE
0.19,0.38,0.725,0.20375,0.07125,0.275,0.5190839694656488,0.3090909090909091,152,63,12272.387,8550.0,77088.45,97910.837,Infeasible,Violates MAX_INTERVENTION_RATE
0.19,0.39,0.725,0.21,0.065,0.275,0.5190839694656488,0.3090909090909091,152,63,12522.387,7800.0,77088.45,97410.837,Infeasible,Violates MAX_INTERVENTION_RATE
0.19,0.4,0.725,0.22,0.055,0.275,0.5190839694656488,0.3090909090909091,152,63,13238.710000000001,6600.0,77088.45,96927.16,Infeasible,Violates MAX_INTERVENTION_RATE
0.19,0.41,0.725,0.22625,0.04875,0.275,0.5190839694656488,0.3090909090909091,152,63,13665.150000000001,5850.0,77088.45,96603.6,Infeasible,Violates MAX_INTERVENTION_RATE
0.19,0.42,0.725,0.23125,0.04375,0.275,0.5190839694656488,0.3090909090909091,152,63,14066.099,5250.0,77088.45,96404.549,Infeasible,Violates MAX_INTERVENTION_RATE
0.19,0.43,0.725,0.235,0.04,0.275,0.5190839694656488,0.3090909090909091,152,63,14216.099,4800.0,77088.45,96104.549,Infeasible,Violates MAX_INTERVENTION_RATE
0.19,0.44,0.725,0.235,0.04,0.275,0.5190839694656488,0.3090909090909091,152,63,14216.099,4800.0,77088.45,96104.549,Infeasible,Violates MAX_INTERVENTION_RATE
0.19,0.45,0.725,0.24,0.035,0.275,0.5190839694656488,0.3090909090909091,152,63,14416.099,4200.0,77088.45,95704.549,Infeasible,Violates MAX_INTERVENTION_RATE
0.19,0.46,0.725,0.2425,0.0325,0.275,0.5190839694656488,0.3090909090909091,152,63,14653.119999999999,3900.0,77088.45,95641.56999999999,Infeasible,Violates MAX_INTERVENTION_RATE
0.19,0.47,0.725,0.2475,0.0275,0.275,0.5190839694656488,0.3090909090909091,152,63,15393.525000000001,3300.0,77088.45,95781.975,Infeasible,Violates MAX_INTERVENTION_RATE
0.19,0.48,0.725,0.24875,0.02625,0.275,0.5190839694656488,0.3090909090909091,152,63,15465.553,3150.0,77088.45,95704.003,Infeasible,Violates MAX_INTERVENTION_RATE
0.19,0.49,0.725,0.2525,0.0225,0.275,0.5190839694656488,0.3090909090909091,152,63,15933.988000000001,2700.0,77088.45,95722.438,Infeasible,Violates MAX_INTERVENTION_RATE
0.19,0.5,0.725,0.255,0.02,0.275,0.5190839694656488,0.3090909090909091,152,63,16149.682,2400.0,77088.45,95638.132,Infeasible,Violates MAX_INTERVENTION_RATE
0.19,0.51,0.725,0.2575,0.0175,0.275,0.5190839694656488,0.3090909090909091,152,63,16473.951,2100.0,77088.45,95662.401,Infeasible,Violates MAX_INTERVENTION_RATE
0.19,0.52,0.725,0.26125,0.01375,0.275,0.5190839694656488,0.3090909090909091,152,63,16771.46,1650.0,77088.45,95509.91,Infeasible,Violates MAX_INTERVENTION_RATE
0.19,0.53,0.725,0.26125,0.01375,0.275,0.5190839694656488,0.3090909090909091,152,63,16771.46,1650.0,77088.45,95509.91,Infeasible,Violates MAX_INTERVENTION_RATE
0.19,0.54,0.725,0.2625,0.0125,0.275,0.5190839694656488,0.3090909090909091,152,63,16885.98,1500.0,77088.45,95474.43,Infeasible,Violates MAX_INTERVENTION_RATE
0.19,0.55,0.725,0.265,0.01,0.275,0.5190839694656488,0.3090909090909091,152,63,17179.587,1200.0,77088.45,95468.037,Infeasible,Violates MAX_INTERVENTION_RATE
0.19,0.56,0.725,0.26625,0.00875,0.275,0.5190839694656488,0.3090909090909091,152,63,17229.587,1050.0,77088.45,95368.037,Infeasible,Violates MAX_INTERVENTION_RATE
0.19,0.57,0.725,0.2675,0.0075,0.275,0.5190839694656488,0.3090909090909091,152,63,17307.538,900.0,77088.45,95295.988,Infeasible,Violates MAX_INTERVENTION_RATE
0.19,0.58,0.725,0.26875,0.00625,0.275,0.5190839694656488,0.3090909090909091,152,63,17357.538,750.0,77088.45,95195.988,Infeasible,Violates MAX_INTERVENTION_RATE
0.19,0.59,0.725,0.26875,0.00625,0.275,0.5190839694656488,0.3090909090909091,152,63,17357.538,750.0,77088.45,95195.988,Infeasible,Violates MAX_INTERVENTION_RATE
0.19,0.6,0.725,0.27,0.005,0.275,0.5190839694656488,0.3090909090909091,152,63,17489.528000000002,600.0,77088.45,95177.978,Infeasible,Violates MAX_INTERVENTION_RATE
0.19,0.61,0.725,0.27,0.005,0.275,0.5190839694656488,0.3090909090909091,152,63,17489.528000000002,600.0,77088.45,95177.978,Infeasible,Violates MAX_INTERVENTION_RATE
0.19,0.62,0.725,0.27,0.005,0.275,0.5190839694656488,0.3090909090909091,152,63,17489.528000000002,600.0,77088.45,95177.978,Infeasible,Violates MAX_INTERVENTION_RATE
0.19,0.63,0.725,0.2725,0.0025,0.275,0.5190839694656488,0.3090909090909091,152,63,17726.983,300.0,77088.45,95115.43299999999,Infeasible,Violates MAX_INTERVENTION_RATE
0.19,0.64,0.725,0.27375,0.00125,0.275,0.5190839694656488,0.3090909090909091,152,63,17849.6,150.0,77088.45,95088.04999999999,Infeasible,Violates MAX_INTERVENTION_RATE
0.19,0.65,0.725,0.27375,0.00125,0.275,0.5190839694656488,0.3090909090909091,152,63,17849.6,150.0,77088.45,95088.04999999999,Infeasible,Violates MAX_INTERVENTION_RATE
0.19,0.66,0.725,0.27375,0.00125,0.275,0.5190839694656488,0.3090909090909091,152,63,17849.6,150.0,77088.45,95088.04999999999,Infeasible,Violates MAX_INTERVENTION_RATE
0.19,0.67,0.725,0.27375,0.00125,0.275,0.5190839694656488,0.3090909090909091,152,63,17849.6,150.0,77088.45,95088.04999999999,Infeasible,Violates MAX_INTERVENTION_RATE
0.19,0.68,0.725,0.27375,0.00125,0.275,0.5190839694656488,0.3090909090909091,152,63,17849.6,150.0,77088.45,95088.04999999999,Infeasible,Violates MAX_INTERVENTION_RATE
0.19,0.69,0.725,0.275,0.0,0.275,0.5190839694656488,0.3090909090909091,152,63,17899.6,0.0,77088.45,94988.04999999999,Infeasible,Violates MAX_INTERVENTION_RATE
0.19,0.7,0.725,0.275,0.0,0.275,0.5190839694656488,0.3090909090909091,152,63,17899.6,0.0,77088.45,94988.04999999999,Infeasible,Violates MAX_INTERVENTION_RATE
0.19,0.71,0.725,0.275,0.0,0.275,0.5190839694656488,0.3090909090909091,152,63,17899.6,0.0,77088.45,94988.04999999999,Infeasible,Violates MAX_INTERVENTION_RATE
0.19,0.72,0.725,0.275,0.0,0.275,0.5190839694656488,0.3090909090909091,152,63,17899.6,0.0,77088.45,94988.04999999999,Infeasible,Violates MAX_INTERVENTION_RATE
0.19,0.73,0.725,0.275,0.0,0.275,0.5190839694656488,0.3090909090909091,152,63,17899.6,0.0,77088.45,94988.04999999999,Infeasible,Violates MAX_INTERVENTION_RATE
0.19,0.74,0.725,0.275,0.0,0.275,0.5190839694656488,0.3090909090909091,152,63,17899.6,0.0,77088.45,94988.04999999999,Infeasible,Violates MAX_INTERVENTION_RATE
0.19,0.75,0.725,0.275,0.0,0.275,0.5190839694656488,0.3090909090909091,152,63,17899.6,0.0,77088.45,94988.04999999999,Infeasible,Violates MAX_INTERVENTION_RATE
0.19,0.76,0.725,0.275,0.0,0.275,0.5190839694656488,0.3090909090909091,152,63,17899.6,0.0,77088.45,94988.04999999999,Infeasible,Violates MAX_INTERVENTION_RATE
0.19,0.77,0.725,0.275,0.0,0.275,0.5190839694656488,0.3090909090909091,152,63,17899.6,0.0,77088.45,94988.04999999999,Infeasible,Violates MAX_INTERVENTION_RATE
0.19,0.78,0.725,0.275,0.0,0.275,0.5190839694656488,0.3090909090909091,152,63,17899.6,0.0,77088.45,94988.04999999999,Infeasible,Violates MAX_INTERVENTION_RATE
0.19,0.79,0.725,0.275,0.0,0.275,0.5190839694656488,0.3090909090909091,152,63,17899.6,0.0,77088.45,94988.04999999999,Infeasible,Violates MAX_INTERVENTION_RATE
0.19,0.8,0.725,0.275,0.0,0.275,0.5190839694656488,0.3090909090909091,152,63,17899.6,0.0,77088.45,94988.04999999999,Infeasible,Violates MAX_INTERVENTION_RATE
0.19,0.81,0.725,0.275,0.0,0.275,0.5190839694656488,0.3090909090909091,152,63,17899.6,0.0,77088.45,94988.04999999999,Infeasible,Violates MAX_INTERVENTION_RATE
0.19,0.82,0.725,0.275,0.0,0.275,0.5190839694656488,0.3090909090909091,152,63,17899.6,0.0,77088.45,94988.04999999999,Infeasible,Violates MAX_INTERVENTION_RATE
0.19,0.83,0.725,0.275,0.0,0.275,0.5190839694656488,0.3090909090909091,152,63,17899.6,0.0,77088.45,94988.04999999999,Infeasible,Violates MAX_INTERVENTION_RATE
0.19,0.84,0.725,0.275,0.0,0.275,0.5190839694656488,0.3090909090909091,152,63,17899.6,0.0,77088.45,94988.04999999999,Infeasible,Violates MAX_INTERVENTION_RATE
0.19,0.85,0.725,0.275,0.0,0.275,0.5190839694656488,0.3090909090909091,152,63,17899.6,0.0,77088.45,94988.04999999999,Infeasible,Violates MAX_INTERVENTION_RATE
0.19,0.86,0.725,0.275,0.0,0.275,0.5190839694656488,0.3090909090909091,152,63,17899.6,0.0,77088.45,94988.04999999999,Infeasible,Violates MAX_INTERVENTION_RATE
0.19,0.87,0.725,0.275,0.0,0.275,0.5190839694656488,0.3090909090909091,152,63,17899.6,0.0,77088.45,94988.04999999999,Infeasible,Violates MAX_INTERVENTION_RATE
0.19,0.88,0.725,0.275,0.0,0.275,0.5190839694656488,0.3090909090909091,152,63,17899.6,0.0,77088.45,94988.04999999999,Infeasible,Violates MAX_INTERVENTION_RATE
0.19,0.89,0.725,0.275,0.0,0.275,0.5190839694656488,0.3090909090909091,152,63,17899.6,0.0,77088.45,94988.04999999999,Infeasible,Violates MAX_INTERVENTION_RATE
0.19,0.9,0.725,0.275,0.0,0.275,0.5190839694656488,0.3090909090909091,152,63,17899.6,0.0,77088.45,94988.04999999999,Infeasible,Violates MAX_INTERVENTION_RATE
0.19,0.91,0.725,0.275,0.0,0.275,0.5190839694656488,0.3090909090909091,152,63,17899.6,0.0,77088.45,94988.04999999999,Infeasible,Violates MAX_INTERVENTION_RATE
0.19,0.92,0.725,0.275,0.0,0.275,0.5190839694656488,0.3090909090909091,152,63,17899.6,0.0,77088.45,94988.04999999999,Infeasible,Violates MAX_INTERVENTION_RATE
0.19,0.93,0.725,0.275,0.0,0.275,0.5190839694656488,0.3090909090909091,152,63,17899.6,0.0,77088.45,94988.04999999999,Infeasible,Violates MAX_INTERVENTION_RATE
0.19,0.94,0.725,0.275,0.0,0.275,0.5190839694656488,0.3090909090909091,152,63,17899.6,0.0,77088.45,94988.04999999999,Infeasible,Violates MAX_INTERVENTION_RATE
0.19,0.95,0.725,0.275,0.0,0.275,0.5190839694656488,0.3090909090909091,152,63,17899.6,0.0,77088.45,94988.04999999999,Infeasible,Violates MAX_INTERVENTION_RATE
0.19,0.96,0.725,0.275,0.0,0.275,0.5190839694656488,0.3090909090909091,152,63,17899.6,0.0,77088.45,94988.04999999999,Infeasible,Violates MAX_INTERVENTION_RATE
0.19,0.97,0.725,0.275,0.0,0.275,0.5190839694656488,0.3090909090909091,152,63,17899.6,0.0,77088.45,94988.04999999999,Infeasible,Violates MAX_INTERVENTION_RATE
0.19,0.98,0.725,0.275,0.0,0.275,0.5190839694656488,0.3090909090909091,152,63,17899.6,0.0,77088.45,94988.04999999999,Infeasible,Violates MAX_INTERVENTION_RATE
0.19,0.99,0.725,0.275,0.0,0.275,0.5190839694656488,0.3090909090909091,152,63,17899.6,0.0,77088.45,94988.04999999999,Infeasible,Violates MAX_INTERVENTION_RATE
0.2,0.21,0.75375,0.02,0.22625,0.24625,0.5114503816793893,0.3401015228426396,130,64,1638.884,27150.0,78102.61,106891.494,Infeasible,Violates MAX_HOLD_RATE
0.2,0.22,0.75375,0.0325,0.21375,0.24625,0.5114503816793893,0.3401015228426396,130,64,2514.2610000000004,25650.0,78102.61,106266.871,Infeasible,Violates MAX_HOLD_RATE
0.2,0.23,0.75375,0.04375,0.2025,0.24625,0.5114503816793893,0.3401015228426396,130,64,3124.7039999999997,24300.0,78102.61,105527.314,Infeasible,Violates MAX_HOLD_RATE
0.2,0.24,0.75375,0.0575,0.18875,0.24625,0.5114503816793893,0.3401015228426396,130,64,3811.9040000000005,22650.0,78102.61,104564.514,Infeasible,Violates MAX_HOLD_RATE
0.2,0.25,0.75375,0.06625,0.18,0.24625,0.5114503816793893,0.3401015228426396,130,64,4398.964,21600.0,78102.61,104101.574,Infeasible,Violates MAX_HOLD_RATE
0.2,0.26,0.75375,0.07125,0.175,0.24625,0.5114503816793893,0.3401015228426396,130,64,4598.964,21000.0,78102.61,103701.574,Infeasible,Violates MAX_HOLD_RATE
0.2,0.27,0.75375,0.08,0.16625,0.24625,0.5114503816793893,0.3401015228426396,130,64,5025.061,19950.0,78102.61,103077.671,Infeasible,Violates MAX_HOLD_RATE
0.2,0.28,0.75375,0.08625,0.16,0.24625,0.5114503816793893,0.3401015228426396,130,64,5305.393,19200.0,78102.61,102608.003,Infeasible,Violates MAX_HOLD_RATE
0.2,0.29,0.75375,0.0975,0.14875,0.24625,0.5114503816793893,0.3401015228426396,130,64,5814.321,17850.0,78102.61,101766.931,Infeasible,Violates MAX_HOLD_RATE
0.2,0.3,0.75375,0.10875,0.1375,0.24625,0.5114503816793893,0.3401015228426396,130,64,6691.664000000001,16500.0,78102.61,101294.274,Infeasible,Violates MAX_HOLD_RATE
0.2,0.31,0.75375,0.1225,0.12375,0.24625,0.5114503816793893,0.3401015228426396,130,64,7719.536,14850.0,78102.61,100672.14600000001,Infeasible,Violates MAX_HOLD_RATE
0.2,0.32,0.75375,0.13875,0.1075,0.24625,0.5114503816793893,0.3401015228426396,130,64,8477.494,12900.0,78102.61,99480.104,Infeasible,Violates MAX_HOLD_RATE
0.2,0.33,0.75375,0.145,0.10125,0.24625,0.5114503816793893,0.3401015228426396,130,64,8752.141,12150.0,78102.61,99004.751,Infeasible,Violates MAX_HOLD_RATE
0.2,0.34,0.75375,0.15625,0.09,0.24625,0.5114503816793893,0.3401015228426396,130,64,9523.585,10800.0,78102.61,98426.195,Infeasible,Violates MAX_HOLD_RATE
0.2,0.35,0.75375,0.16,0.08625,0.24625,0.5114503816793893,0.3401015228426396,130,64,9723.469000000001,10350.0,78102.61,98176.079,Infeasible,Violates MAX_HOLD_RATE
0.2,0.36,0.75375,0.1675,0.07875,0.24625,0.5114503816793893,0.3401015228426396,130,64,10203.776,9450.0,78102.61,97756.386,Infeasible,Violates MAX_HOLD_RATE
0.2,0.37,0.75375,0.1725,0.07375,0.24625,0.5114503816793893,0.3401015228426396,130,64,10920.971,8850.0,78102.61,97873.581,Infeasible,Violates MAX_HOLD_RATE
0.2,0.38,0.75375,0.175,0.07125,0.24625,0.5114503816793893,0.3401015228426396,130,64,11020.971,8550.0,78102.61,97673.581,Infeasible,Violates MAX_HOLD_RATE
0.2,0.39,0.75375,0.18125,0.065,0.24625,0.5114503816793893,0.3401015228426396,130,64,11270.971,7800.0,78102.61,97173.581,Infeasible,Violates MAX_HOLD_RATE
0.2,0.4,0.75375,0.19125,0.055,0.24625,0.5114503816793893,0.3401015228426396,130,64,11987.294000000002,6600.0,78102.61,96689.90400000001,Infeasible,Violates MAX_HOLD_RATE
0.2,0.41,0.75375,0.1975,0.04875,0.24625,0.5114503816793893,0.3401015228426396,130,64,12413.734,5850.0,78102.61,96366.344,Feasible,N/A
0.2,0.42,0.75375,0.2025,0.04375,0.24625,0.5114503816793893,0.3401015228426396,130,64,12814.683,5250.0,78102.61,96167.293,Feasible,N/A
0.2,0.43,0.75375,0.20625,0.04,0.24625,0.5114503816793893,0.3401015228426396,130,64,12964.683,4800.0,78102.61,95867.293,Feasible,N/A
0.2,0.44,0.75375,0.20625,0.04,0.24625,0.5114503816793893,0.3401015228426396,130,64,12964.683,4800.0,78102.61,95867.293,Feasible,N/A
0.2,0.45,0.75375,0.21125,0.035,0.24625,0.5114503816793893,0.3401015228426396,130,64,13164.683,4200.0,78102.61,95467.293,Feasible,N/A
0.2,0.46,0.75375,0.21375,0.0325,0.24625,0.5114503816793893,0.3401015228426396,130,64,13401.704000000002,3900.0,78102.61,95404.314,Feasible,N/A
0.2,0.47,0.75375,0.21875,0.0275,0.24625,0.5114503816793893,0.3401015228426396,130,64,14142.109,3300.0,78102.61,95544.719,Feasible,N/A
0.2,0.48,0.75375,0.22,0.02625,0.24625,0.5114503816793893,0.3401015228426396,130,64,14214.137,3150.0,78102.61,95466.747,Feasible,N/A
0.2,0.49,0.75375,0.22375,0.0225,0.24625,0.5114503816793893,0.3401015228426396,130,64,14682.572,2700.0,78102.61,95485.182,Feasible,N/A
0.2,0.5,0.75375,0.22625,0.02,0.24625,0.5114503816793893,0.3401015228426396,130,64,14898.266,2400.0,78102.61,95400.876,Feasible,N/A
0.2,0.51,0.75375,0.22875,0.0175,0.24625,0.5114503816793893,0.3401015228426396,130,64,15222.535,2100.0,78102.61,95425.145,Feasible,N/A
0.2,0.52,0.75375,0.2325,0.01375,0.24625,0.5114503816793893,0.3401015228426396,130,64,15520.044000000002,1650.0,78102.61,95272.65400000001,Feasible,N/A
0.2,0.53,0.75375,0.2325,0.01375,0.24625,0.5114503816793893,0.3401015228426396,130,64,15520.044000000002,1650.0,78102.61,95272.65400000001,Feasible,N/A
0.2,0.54,0.75375,0.23375,0.0125,0.24625,0.5114503816793893,0.3401015228426396,130,64,15634.564,1500.0,78102.61,95237.174,Feasible,N/A
0.2,0.55,0.75375,0.23625,0.01,0.24625,0.5114503816793893,0.3401015228426396,130,64,15928.170999999998,1200.0,78102.61,95230.781,Feasible,N/A
0.2,0.56,0.75375,0.2375,0.00875,0.24625,0.5114503816793893,0.3401015228426396,130,64,15978.170999999998,1050.0,78102.61,95130.781,Feasible,N/A
0.2,0.57,0.75375,0.23875,0.0075,0.24625,0.5114503816793893,0.3401015228426396,130,64,16056.122,900.0,78102.61,95058.732,Feasible,N/A
0.2,0.58,0.75375,0.24,0.00625,0.24625,0.5114503816793893,0.3401015228426396,130,64,16106.122,750.0,78102.61,94958.732,Feasible,N/A
0.2,0.59,0.75375,0.24,0.00625,0.24625,0.5114503816793893,0.3401015228426396,130,64,16106.122,750.0,78102.61,94958.732,Feasible,N/A
0.2,0.6,0.75375,0.24125,0.005,0.24625,0.5114503816793893,0.3401015228426396,130,64,16238.112000000001,600.0,78102.61,94940.72200000001,Feasible,N/A
0.2,0.61,0.75375,0.24125,0.005,0.24625,0.5114503816793893,0.3401015228426396,130,64,16238.112000000001,600.0,78102.61,94940.72200000001,Feasible,N/A
0.2,0.62,0.75375,0.24125,0.005,0.24625,0.5114503816793893,0.3401015228426396,130,64,16238.112000000001,600.0,78102.61,94940.72200000001,Feasible,N/A
0.2,0.63,0.75375,0.24375,0.0025,0.24625,0.5114503816793893,0.3401015228426396,130,64,16475.567000000003,300.0,78102.61,94878.177,Feasible,N/A
0.2,0.64,0.75375,0.245,0.00125,0.24625,0.5114503816793893,0.3401015228426396,130,64,16598.184,150.0,78102.61,94850.794,Feasible,N/A
0.2,0.65,0.75375,0.245,0.00125,0.24625,0.5114503816793893,0.3401015228426396,130,64,16598.184,150.0,78102.61,94850.794,Feasible,N/A
0.2,0.66,0.75375,0.245,0.00125,0.24625,0.5114503816793893,0.3401015228426396,130,64,16598.184,150.0,78102.61,94850.794,Feasible,N/A
0.2,0.67,0.75375,0.245,0.00125,0.24625,0.5114503816793893,0.3401015228426396,130,64,16598.184,150.0,78102.61,94850.794,Feasible,N/A
0.2,0.68,0.75375,0.245,0.00125,0.24625,0.5114503816793893,0.3401015228426396,130,64,16598.184,150.0,78102.61,94850.794,Feasible,N/A
0.2,0.69,0.75375,0.24625,0.0,0.24625,0.5114503816793893,0.3401015228426396,130,64,16648.184,0.0,78102.61,94750.794,Feasible,N/A
0.2,0.7,0.75375,0.24625,0.0,0.24625,0.5114503816793893,0.3401015228426396,130,64,16648.184,0.0,78102.61,94750.794,Feasible,N/A
0.2,0.71,0.75375,0.24625,0.0,0.24625,0.5114503816793893,0.3401015228426396,130,64,16648.184,0.0,78102.61,94750.794,Feasible,N/A
0.2,0.72,0.75375,0.24625,0.0,0.24625,0.5114503816793893,0.3401015228426396,130,64,16648.184,0.0,78102.61,94750.794,Feasible,N/A
0.2,0.73,0.75375,0.24625,0.0,0.24625,0.5114503816793893,0.3401015228426396,130,64,16648.184,0.0,78102.61,94750.794,Feasible,N/A
0.2,0.74,0.75375,0.24625,0.0,0.24625,0.5114503816793893,0.3401015228426396,130,64,16648.184,0.0,78102.61,94750.794,Feasible,N/A
0.2,0.75,0.75375,0.24625,0.0,0.24625,0.5114503816793893,0.3401015228426396,130,64,16648.184,0.0,78102.61,94750.794,Feasible,N/A
0.2,0.76,0.75375,0.24625,0.0,0.24625,0.5114503816793893,0.3401015228426396,130,64,16648.184,0.0,78102.61,94750.794,Feasible,N/A
0.2,0.77,0.75375,0.24625,0.0,0.24625,0.5114503816793893,0.3401015228426396,130,64,16648.184,0.0,78102.61,94750.794,Feasible,N/A
0.2,0.78,0.75375,0.24625,0.0,0.24625,0.5114503816793893,0.3401015228426396,130,64,16648.184,0.0,78102.61,94750.794,Feasible,N/A
0.2,0.79,0.75375,0.24625,0.0,0.24625,0.5114503816793893,0.3401015228426396,130,64,16648.184,0.0,78102.61,94750.794,Feasible,N/A
0.2,0.8,0.75375,0.24625,0.0,0.24625,0.5114503816793893,0.3401015228426396,130,64,16648.184,0.0,78102.61,94750.794,Feasible,N/A
0.2,0.81,0.75375,0.24625,0.0,0.24625,0.5114503816793893,0.3401015228426396,130,64,16648.184,0.0,78102.61,94750.794,Feasible,N/A
0.2,0.82,0.75375,0.24625,0.0,0.24625,0.5114503816793893,0.3401015228426396,130,64,16648.184,0.0,78102.61,94750.794,Feasible,N/A
0.2,0.83,0.75375,0.24625,0.0,0.24625,0.5114503816793893,0.3401015228426396,130,64,16648.184,0.0,78102.61,94750.794,Feasible,N/A
0.2,0.84,0.75375,0.24625,0.0,0.24625,0.5114503816793893,0.3401015228426396,130,64,16648.184,0.0,78102.61,94750.794,Feasible,N/A
0.2,0.85,0.75375,0.24625,0.0,0.24625,0.5114503816793893,0.3401015228426396,130,64,16648.184,0.0,78102.61,94750.794,Feasible,N/A
0.2,0.86,0.75375,0.24625,0.0,0.24625,0.5114503816793893,0.3401015228426396,130,64,16648.184,0.0,78102.61,94750.794,Feasible,N/A
0.2,0.87,0.75375,0.24625,0.0,0.24625,0.5114503816793893,0.3401015228426396,130,64,16648.184,0.0,78102.61,94750.794,Feasible,N/A
0.2,0.88,0.75375,0.24625,0.0,0.24625,0.5114503816793893,0.3401015228426396,130,64,16648.184,0.0,78102.61,94750.794,Feasible,N/A
0.2,0.89,0.75375,0.24625,0.0,0.24625,0.5114503816793893,0.3401015228426396,130,64,16648.184,0.0,78102.61,94750.794,Feasible,N/A
0.2,0.9,0.75375,0.24625,0.0,0.24625,0.5114503816793893,0.3401015228426396,130,64,16648.184,0.0,78102.61,94750.794,Feasible,N/A
0.2,0.91,0.75375,0.24625,0.0,0.24625,0.5114503816793893,0.3401015228426396,130,64,16648.184,0.0,78102.61,94750.794,Feasible,N/A
0.2,0.92,0.75375,0.24625,0.0,0.24625,0.5114503816793893,0.3401015228426396,130,64,16648.184,0.0,78102.61,94750.794,Feasible,N/A
0.2,0.93,0.75375,0.24625,0.0,0.24625,0.5114503816793893,0.3401015228426396,130,64,16648.184,0.0,78102.61,94750.794,Feasible,N/A
0.2,0.94,0.75375,0.24625,0.0,0.24625,0.5114503816793893,0.3401015228426396,130,64,16648.184,0.0,78102.61,94750.794,Feasible,N/A
0.2,0.95,0.75375,0.24625,0.0,0.24625,0.5114503816793893,0.3401015228426396,130,64,16648.184,0.0,78102.61,94750.794,Feasible,N/A
0.2,0.96,0.75375,0.24625,0.0,0.24625,0.5114503816793893,0.3401015228426396,130,64,16648.184,0.0,78102.61,94750.794,Feasible,N/A
0.2,0.97,0.75375,0.24625,0.0,0.24625,0.5114503816793893,0.3401015228426396,130,64,16648.184,0.0,78102.61,94750.794,Feasible,N/A
0.2,0.98,0.75375,0.24625,0.0,0.24625,0.5114503816793893,0.3401015228426396,130,64,16648.184,0.0,78102.61,94750.794,Feasible,N/A
0.2,0.99,0.75375,0.24625,0.0,0.24625,0.5114503816793893,0.3401015228426396,130,64,16648.184,0.0,78102.61,94750.794,Feasible,N/A
0.21,0.22,0.77375,0.0125,0.21375,0.22625,0.48091603053435117,0.34806629834254144,118,68,875.377,25650.0,86491.45,113016.82699999999,Infeasible,Violates MAX_HOLD_RATE
0.21,0.23,0.77375,0.02375,0.2025,0.22625,0.48091603053435117,0.34806629834254144,118,68,1485.8200000000002,24300.0,86491.45,112277.27,Infeasible,Violates MAX_HOLD_RATE
0.21,0.24,0.77375,0.0375,0.18875,0.22625,0.48091603053435117,0.34806629834254144,118,68,2173.02,22650.0,86491.45,111314.47,Infeasible,Violates MAX_HOLD_RATE
0.21,0.25,0.77375,0.04625,0.18,0.22625,0.48091603053435117,0.34806629834254144,118,68,2760.08,21600.0,86491.45,110851.53,Infeasible,Violates MAX_HOLD_RATE
0.21,0.26,0.77375,0.05125,0.175,0.22625,0.48091603053435117,0.34806629834254144,118,68,2960.08,21000.0,86491.45,110451.53,Infeasible,Violates MAX_HOLD_RATE
0.21,0.27,0.77375,0.06,0.16625,0.22625,0.48091603053435117,0.34806629834254144,118,68,3386.1769999999997,19950.0,86491.45,109827.627,Infeasible,Violates MAX_HOLD_RATE
0.21,0.28,0.77375,0.06625,0.16,0.22625,0.48091603053435117,0.34806629834254144,118,68,3666.509,19200.0,86491.45,109357.959,Infeasible,Violates MAX_HOLD_RATE
0.21,0.29,0.77375,0.0775,0.14875,0.22625,0.48091603053435117,0.34806629834254144,118,68,4175.437,17850.0,86491.45,108516.887,Infeasible,Violates MAX_HOLD_RATE
0.21,0.3,0.77375,0.08875,0.1375,0.22625,0.48091603053435117,0.34806629834254144,118,68,5052.78,16500.0,86491.45,108044.23,Infeasible,Violates MAX_HOLD_RATE
0.21,0.31,0.77375,0.1025,0.12375,0.22625,0.48091603053435117,0.34806629834254144,118,68,6080.652,14850.0,86491.45,107422.102,Infeasible,Violates MAX_HOLD_RATE
0.21,0.32,0.77375,0.11875,0.1075,0.22625,0.48091603053435117,0.34806629834254144,118,68,6838.610000000001,12900.0,86491.45,106230.06,Infeasible,Violates MAX_HOLD_RATE
0.21,0.33,0.77375,0.125,0.10125,0.22625,0.48091603053435117,0.34806629834254144,118,68,7113.257,12150.0,86491.45,105754.707,Infeasible,Violates MAX_HOLD_RATE
0.21,0.34,0.77375,0.13625,0.09,0.22625,0.48091603053435117,0.34806629834254144,118,68,7884.701000000001,10800.0,86491.45,105176.151,Infeasible,Violates MAX_HOLD_RATE
0.21,0.35,0.77375,0.14,0.08625,0.22625,0.48091603053435117,0.34806629834254144,118,68,8084.585,10350.0,86491.45,104926.035,Infeasible,Violates MAX_HOLD_RATE
0.21,0.36,0.77375,0.1475,0.07875,0.22625,0.48091603053435117,0.34806629834254144,118,68,8564.892,9450.0,86491.45,104506.342,Infeasible,Violates MAX_HOLD_RATE
0.21,0.37,0.77375,0.1525,0.07375,0.22625,0.48091603053435117,0.34806629834254144,118,68,9282.087,8850.0,86491.45,104623.537,Infeasible,Violates MAX_HOLD_RATE
0.21,0.38,0.77375,0.155,0.07125,0.22625,0.48091603053435117,0.34806629834254144,118,68,9382.087,8550.0,86491.45,104423.537,Infeasible,Violates MAX_HOLD_RATE
0.21,0.39,0.77375,0.16125,0.065,0.22625,0.48091603053435117,0.34806629834254144,118,68,9632.087,7800.0,86491.45,103923.537,Infeasible,Violates MAX_HOLD_RATE
0.21,0.4,0.77375,0.17125,0.055,0.22625,0.48091603053435117,0.34806629834254144,118,68,10348.41,6600.0,86491.45,103439.86,Infeasible,Violates MAX_HOLD_RATE
0.21,0.41,0.77375,0.1775,0.04875,0.22625,0.48091603053435117,0.34806629834254144,118,68,10774.849999999999,5850.0,86491.45,103116.29999999999,Feasible,N/A
0.21,0.42,0.77375,0.1825,0.04375,0.22625,0.48091603053435117,0.34806629834254144,118,68,11175.798999999999,5250.0,86491.45,102917.249,Feasible,N/A
0.21,0.43,0.77375,0.18625,0.04,0.22625,0.48091603053435117,0.34806629834254144,118,68,11325.798999999999,4800.0,86491.45,102617.249,Feasible,N/A
0.21,0.44,0.77375,0.18625,0.04,0.22625,0.48091603053435117,0.34806629834254144,118,68,11325.798999999999,4800.0,86491.45,102617.249,Feasible,N/A
0.21,0.45,0.77375,0.19125,0.035,0.22625,0.48091603053435117,0.34806629834254144,118,68,11525.798999999999,4200.0,86491.45,102217.249,Feasible,N/A
0.21,0.46,0.77375,0.19375,0.0325,0.22625,0.48091603053435117,0.34806629834254144,118,68,11762.82,3900.0,86491.45,102154.26999999999,Feasible,N/A
0.21,0.47,0.77375,0.19875,0.0275,0.22625,0.48091603053435117,0.34806629834254144,118,68,12503.224999999999,3300.0,86491.45,102294.67499999999,Feasible,N/A
0.21,0.48,0.77375,0.2,0.02625,0.22625,0.48091603053435117,0.34806629834254144,118,68,12575.253,3150.0,86491.45,102216.703,Feasible,N/A
0.21,0.49,0.77375,0.20375,0.0225,0.22625,0.48091603053435117,0.34806629834254144,118,68,13043.688000000002,2700.0,86491.45,102235.138,Feasible,N/A
0.21,0.5,0.77375,0.20625,0.02,0.22625,0.48091603053435117,0.34806629834254144,118,68,13259.382,2400.0,86491.45,102150.832,Feasible,N/A
0.21,0.51,0.77375,0.20875,0.0175,0.22625,0.48091603053435117,0.34806629834254144,118,68,13583.651,2100.0,86491.45,102175.101,Feasible,N/A
0.21,0.52,0.77375,0.2125,0.01375,0.22625,0.48091603053435117,0.34806629834254144,118,68,13881.16,1650.0,86491.45,102022.61,Feasible,N/A
0.21,0.53,0.77375,0.2125,0.01375,0.22625,0.48091603053435117,0.34806629834254144,118,68,13881.16,1650.0,86491.45,102022.61,Feasible,N/A
0.21,0.54,0.77375,0.21375,0.0125,0.22625,0.48091603053435117,0.34806629834254144,118,68,13995.68,1500.0,86491.45,101987.13,Feasible,N/A
0.21,0.55,0.77375,0.21625,0.01,0.22625,0.48091603053435117,0.34806629834254144,118,68,14289.287,1200.0,86491.45,101980.737,Feasible,N/A
0.21,0.56,0.77375,0.2175,0.00875,0.22625,0.48091603053435117,0.34806629834254144,118,68,14339.287,1050.0,86491.45,101880.737,Feasible,N/A
0.21,0.57,0.77375,0.21875,0.0075,0.22625,0.48091603053435117,0.34806629834254144,118,68,14417.238000000001,900.0,86491.45,101808.688,Feasible,N/A
0.21,0.58,0.77375,0.22,0.00625,0.22625,0.48091603053435117,0.34806629834254144,118,68,14467.238000000001,750.0,86491.45,101708.688,Feasible,N/A
0.21,0.59,0.77375,0.22,0.00625,0.22625,0.48091603053435117,0.34806629834254144,118,68,14467.238000000001,750.0,86491.45,101708.688,Feasible,N/A
0.21,0.6,0.77375,0.22125,0.005,0.22625,0.48091603053435117,0.34806629834254144,118,68,14599.228,600.0,86491.45,101690.678,Feasible,N/A
0.21,0.61,0.77375,0.22125,0.005,0.22625,0.48091603053435117,0.34806629834254144,118,68,14599.228,600.0,86491.45,101690.678,Feasible,N/A
0.21,0.62,0.77375,0.22125,0.005,0.22625,0.48091603053435117,0.34806629834254144,118,68,14599.228,600.0,86491.45,101690.678,Feasible,N/A
0.21,0.63,0.77375,0.22375,0.0025,0.22625,0.48091603053435117,0.34806629834254144,118,68,14836.683,300.0,86491.45,101628.133,Feasible,N/A
0.21,0.64,0.77375,0.225,0.00125,0.22625,0.48091603053435117,0.34806629834254144,118,68,14959.3,150.0,86491.45,101600.75,Feasible,N/A
0.21,0.65,0.77375,0.225,0.00125,0.22625,0.48091603053435117,0.34806629834254144,118,68,14959.3,150.0,86491.45,101600.75,Feasible,N/A
0.21,0.66,0.77375,0.225,0.00125,0.22625,0.48091603053435117,0.34806629834254144,118,68,14959.3,150.0,86491.45,101600.75,Feasible,N/A
0.21,0.67,0.77375,0.225,0.00125,0.22625,0.48091603053435117,0.34806629834254144,118,68,14959.3,150.0,86491.45,101600.75,Feasible,N/A
0.21,0.68,0.77375,0.225,0.00125,0.22625,0.48091603053435117,0.34806629834254144,118,68,14959.3,150.0,86491.45,101600.75,Feasible,N/A
0.21,0.69,0.77375,0.22625,0.0,0.22625,0.48091603053435117,0.34806629834254144,118,68,15009.3,0.0,86491.45,101500.75,Feasible,N/A
0.21,0.7,0.77375,0.22625,0.0,0.22625,0.48091603053435117,0.34806629834254144,118,68,15009.3,0.0,86491.45,101500.75,Feasible,N/A
0.21,0.71,0.77375,0.22625,0.0,0.22625,0.48091603053435117,0.34806629834254144,118,68,15009.3,0.0,86491.45,101500.75,Feasible,N/A
0.21,0.72,0.77375,0.22625,0.0,0.22625,0.48091603053435117,0.34806629834254144,118,68,15009.3,0.0,86491.45,101500.75,Feasible,N/A
0.21,0.73,0.77375,0.22625,0.0,0.22625,0.48091603053435117,0.34806629834254144,118,68,15009.3,0.0,86491.45,101500.75,Feasible,N/A
0.21,0.74,0.77375,0.22625,0.0,0.22625,0.48091603053435117,0.34806629834254144,118,68,15009.3,0.0,86491.45,101500.75,Feasible,N/A
0.21,0.75,0.77375,0.22625,0.0,0.22625,0.48091603053435117,0.34806629834254144,118,68,15009.3,0.0,86491.45,101500.75,Feasible,N/A
0.21,0.76,0.77375,0.22625,0.0,0.22625,0.48091603053435117,0.34806629834254144,118,68,15009.3,0.0,86491.45,101500.75,Feasible,N/A
0.21,0.77,0.77375,0.22625,0.0,0.22625,0.48091603053435117,0.34806629834254144,118,68,15009.3,0.0,86491.45,101500.75,Feasible,N/A
0.21,0.78,0.77375,0.22625,0.0,0.22625,0.48091603053435117,0.34806629834254144,118,68,15009.3,0.0,86491.45,101500.75,Feasible,N/A
0.21,0.79,0.77375,0.22625,0.0,0.22625,0.48091603053435117,0.34806629834254144,118,68,15009.3,0.0,86491.45,101500.75,Feasible,N/A
0.21,0.8,0.77375,0.22625,0.0,0.22625,0.48091603053435117,0.34806629834254144,118,68,15009.3,0.0,86491.45,101500.75,Feasible,N/A
0.21,0.81,0.77375,0.22625,0.0,0.22625,0.48091603053435117,0.34806629834254144,118,68,15009.3,0.0,86491.45,101500.75,Feasible,N/A
0.21,0.82,0.77375,0.22625,0.0,0.22625,0.48091603053435117,0.34806629834254144,118,68,15009.3,0.0,86491.45,101500.75,Feasible,N/A
0.21,0.83,0.77375,0.22625,0.0,0.22625,0.48091603053435117,0.34806629834254144,118,68,15009.3,0.0,86491.45,101500.75,Feasible,N/A
0.21,0.84,0.77375,0.22625,0.0,0.22625,0.48091603053435117,0.34806629834254144,118,68,15009.3,0.0,86491.45,101500.75,Feasible,N/A
0.21,0.85,0.77375,0.22625,0.0,0.22625,0.48091603053435117,0.34806629834254144,118,68,15009.3,0.0,86491.45,101500.75,Feasible,N/A
0.21,0.86,0.77375,0.22625,0.0,0.22625,0.48091603053435117,0.34806629834254144,118,68,15009.3,0.0,86491.45,101500.75,Feasible,N/A
0.21,0.87,0.77375,0.22625,0.0,0.22625,0.48091603053435117,0.34806629834254144,118,68,15009.3,0.0,86491.45,101500.75,Feasible,N/A
0.21,0.88,0.77375,0.22625,0.0,0.22625,0.48091603053435117,0.34806629834254144,118,68,15009.3,0.0,86491.45,101500.75,Feasible,N/A
0.21,0.89,0.77375,0.22625,0.0,0.22625,0.48091603053435117,0.34806629834254144,118,68,15009.3,0.0,86491.45,101500.75,Feasible,N/A
0.21,0.9,0.77375,0.22625,0.0,0.22625,0.48091603053435117,0.34806629834254144,118,68,15009.3,0.0,86491.45,101500.75,Feasible,N/A
0.21,0.91,0.77375,0.22625,0.0,0.22625,0.48091603053435117,0.34806629834254144,118,68,15009.3,0.0,86491.45,101500.75,Feasible,N/A
0.21,0.92,0.77375,0.22625,0.0,0.22625,0.48091603053435117,0.34806629834254144,118,68,15009.3,0.0,86491.45,101500.75,Feasible,N/A
0.21,0.93,0.77375,0.22625,0.0,0.22625,0.48091603053435117,0.34806629834254144,118,68,15009.3,0.0,86491.45,101500.75,Feasible,N/A
0.21,0.94,0.77375,0.22625,0.0,0.22625,0.48091603053435117,0.34806629834254144,118,68,15009.3,0.0,86491.45,101500.75,Feasible,N/A
0.21,0.95,0.77375,0.22625,0.0,0.22625,0.48091603053435117,0.34806629834254144,118,68,15009.3,0.0,86491.45,101500.75,Feasible,N/A
0.21,0.96,0.77375,0.22625,0.0,0.22625,0.48091603053435117,0.34806629834254144,118,68,15009.3,0.0,86491.45,101500.75,Feasible,N/A
0.21,0.97,0.77375,0.22625,0.0,0.22625,0.48091603053435117,0.34806629834254144,118,68,15009.3,0.0,86491.45,101500.75,Feasible,N/A
0.21,0.98,0.77375,0.22625,0.0,0.22625,0.48091603053435117,0.34806629834254144,118,68,15009.3,0.0,86491.45,101500.75,Feasible,N/A
0.21,0.99,0.77375,0.22625,0.0,0.22625,0.48091603053435117,0.34806629834254144,118,68,15009.3,0.0,86491.45,101500.75,Feasible,N/A
0.22,0.23,0.78625,0.01125,0.2025,0.21375,0.46564885496183206,0.3567251461988304,110,70,610.443,24300.0,90245.22,115155.663,Infeasible,Violates MAX_HOLD_RATE
0.22,0.24,0.78625,0.025,0.18875,0.21375,0.46564885496183206,0.3567251461988304,110,70,1297.643,22650.0,90245.22,114192.863,Infeasible,Violates MAX_HOLD_RATE
0.22,0.25,0.78625,0.03375,0.18,0.21375,0.46564885496183206,0.3567251461988304,110,70,1884.703,21600.0,90245.22,113729.923,Infeasible,Violates MAX_HOLD_RATE
0.22,0.26,0.78625,0.03875,0.175,0.21375,0.46564885496183206,0.3567251461988304,110,70,2084.703,21000.0,90245.22,113329.923,Infeasible,Violates MAX_HOLD_RATE
0.22,0.27,0.78625,0.0475,0.16625,0.21375,0.46564885496183206,0.3567251461988304,110,70,2510.8,19950.0,90245.22,112706.02,Infeasible,Violates MAX_HOLD_RATE
0.22,0.28,0.78625,0.05375,0.16,0.21375,0.46564885496183206,0.3567251461988304,110,70,2791.132,19200.0,90245.22,112236.352,Infeasible,Violates MAX_HOLD_RATE
0.22,0.29,0.78625,0.065,0.14875,0.21375,0.46564885496183206,0.3567251461988304,110,70,3300.06,17850.0,90245.22,111395.28,Infeasible,Violates MAX_HOLD_RATE
0.22,0.3,0.78625,0.07625,0.1375,0.21375,0.46564885496183206,0.3567251461988304,110,70,4177.403,16500.0,90245.22,110922.623,Infeasible,Violates MAX_HOLD_RATE
0.22,0.31,0.78625,0.09,0.12375,0.21375,0.46564885496183206,0.3567251461988304,110,70,5205.275,14850.0,90245.22,110300.495,Infeasible,Violates MAX_HOLD_RATE
0.22,0.32,0.78625,0.10625,0.1075,0.21375,0.46564885496183206,0.3567251461988304,110,70,5963.233,12900.0,90245.22,109108.45300000001,Infeasible,Violates MAX_HOLD_RATE
0.22,0.33,0.78625,0.1125,0.10125,0.21375,0.46564885496183206,0.3567251461988304,110,70,6237.879999999999,12150.0,90245.22,108633.1,Infeasible,Violates MAX_HOLD_RATE
0.22,0.34,0.78625,0.12375,0.09,0.21375,0.46564885496183206,0.3567251461988304,110,70,7009.3240000000005,10800.0,90245.22,108054.544,Infeasible,Violates MAX_HOLD_RATE
0.22,0.35,0.78625,0.1275,0.08625,0.21375,0.46564885496183206,0.3567251461988304,110,70,7209.2080000000005,10350.0,90245.22,107804.428,Infeasible,Violates MAX_HOLD_RATE
0.22,0.36,0.78625,0.135,0.07875,0.21375,0.46564885496183206,0.3567251461988304,110,70,7689.515,9450.0,90245.22,107384.735,Infeasible,Violates MAX_HOLD_RATE
0.22,0.37,0.78625,0.14,0.07375,0.21375,0.46564885496183206,0.3567251461988304,110,70,8406.71,8850.0,90245.22,107501.93,Infeasible,Violates MAX_HOLD_RATE
0.22,0.38,0.78625,0.1425,0.07125,0.21375,0.46564885496183206,0.3567251461988304,110,70,8506.71,8550.0,90245.22,107301.93,Infeasible,Violates MAX_HOLD_RATE
0.22,0.39,0.78625,0.14875,0.065,0.21375,0.46564885496183206,0.3567251461988304,110,70,8756.71,7800.0,90245.22,106801.93,Infeasible,Violates MAX_HOLD_RATE
0.22,0.4,0.78625,0.15875,0.055,0.21375,0.46564885496183206,0.3567251461988304,110,70,9473.033,6600.0,90245.22,106318.253,Infeasible,Violates MAX_HOLD_RATE
0.22,0.41,0.78625,0.165,0.04875,0.21375,0.46564885496183206,0.3567251461988304,110,70,9899.473,5850.0,90245.22,105994.693,Feasible,N/A
0.22,0.42,0.78625,0.17,0.04375,0.21375,0.46564885496183206,0.3567251461988304,110,70,10300.422,5250.0,90245.22,105795.642,Feasible,N/A
0.22,0.43,0.78625,0.17375,0.04,0.21375,0.46564885496183206,0.3567251461988304,110,70,10450.422,4800.0,90245.22,105495.642,Feasible,N/A
0.22,0.44,0.78625,0.17375,0.04,0.21375,0.46564885496183206,0.3567251461988304,110,70,10450.422,4800.0,90245.22,105495.642,Feasible,N/A
0.22,0.45,0.78625,0.17875,0.035,0.21375,0.46564885496183206,0.3567251461988304,110,70,10650.422,4200.0,90245.22,105095.642,Feasible,N/A
0.22,0.46,0.78625,0.18125,0.0325,0.21375,0.46564885496183206,0.3567251461988304,110,70,10887.443,3900.0,90245.22,105032.663,Feasible,N/A
0.22,0.47,0.78625,0.18625,0.0275,0.21375,0.46564885496183206,0.3567251461988304,110,70,11627.848,3300.0,90245.22,105173.068,Feasible,N/A
0.22,0.48,0.78625,0.1875,0.02625,0.21375,0.46564885496183206,0.3567251461988304,110,70,11699.876,3150.0,90245.22,105095.096,Feasible,N/A
0.22,0.49,0.78625,0.19125,0.0225,0.21375,0.46564885496183206,0.3567251461988304,110,70,12168.311000000002,2700.0,90245.22,105113.531,Feasible,N/A
0.22,0.5,0.78625,0.19375,0.02,0.21375,0.46564885496183206,0.3567251461988304,110,70,12384.005000000001,2400.0,90245.22,105029.225,Feasible,N/A
0.22,0.51,0.78625,0.19625,0.0175,0.21375,0.46564885496183206,0.3567251461988304,110,70,12708.274000000001,2100.0,90245.22,105053.494,Feasible,N/A
0.22,0.52,0.78625,0.2,0.01375,0.21375,0.46564885496183206,0.3567251461988304,110,70,13005.783,1650.0,90245.22,104901.003,Feasible,N/A
0.22,0.53,0.78625,0.2,0.01375,0.21375,0.46564885496183206,0.3567251461988304,110,70,13005.783,1650.0,90245.22,104901.003,Feasible,N/A
0.22,0.54,0.78625,0.20125,0.0125,0.21375,0.46564885496183206,0.3567251461988304,110,70,13120.303,1500.0,90245.22,104865.523,Feasible,N/A
0.22,0.55,0.78625,0.20375,0.01,0.21375,0.46564885496183206,0.3567251461988304,110,70,13413.91,1200.0,90245.22,104859.13,Feasible,N/A
0.22,0.56,0.78625,0.205,0.00875,0.21375,0.46564885496183206,0.3567251461988304,110,70,13463.91,1050.0,90245.22,104759.13,Feasible,N/A
0.22,0.57,0.78625,0.20625,0.0075,0.21375,0.46564885496183206,0.3567251461988304,110,70,13541.861,900.0,90245.22,104687.081,Feasible,N/A
0.22,0.58,0.78625,0.2075,0.00625,0.21375,0.46564885496183206,0.3567251461988304,110,70,13591.861,750.0,90245.22,104587.081,Feasible,N/A
0.22,0.59,0.78625,0.2075,0.00625,0.21375,0.46564885496183206,0.3567251461988304,110,70,13591.861,750.0,90245.22,104587.081,Feasible,N/A
0.22,0.6,0.78625,0.20875,0.005,0.21375,0.46564885496183206,0.3567251461988304,110,70,13723.851,600.0,90245.22,104569.071,Feasible,N/A
0.22,0.61,0.78625,0.20875,0.005,0.21375,0.46564885496183206,0.3567251461988304,110,70,13723.851,600.0,90245.22,104569.071,Feasible,N/A
0.22,0.62,0.78625,0.20875,0.005,0.21375,0.46564885496183206,0.3567251461988304,110,70,13723.851,600.0,90245.22,104569.071,Feasible,N/A
0.22,0.63,0.78625,0.21125,0.0025,0.21375,0.46564885496183206,0.3567251461988304,110,70,13961.306,300.0,90245.22,104506.526,Feasible,N/A
0.22,0.64,0.78625,0.2125,0.00125,0.21375,0.46564885496183206,0.3567251461988304,110,70,14083.922999999999,150.0,90245.22,104479.143,Feasible,N/A
0.22,0.65,0.78625,0.2125,0.00125,0.21375,0.46564885496183206,0.3567251461988304,110,70,14083.922999999999,150.0,90245.22,104479.143,Feasible,N/A
0.22,0.66,0.78625,0.2125,0.00125,0.21375,0.46564885496183206,0.3567251461988304,110,70,14083.922999999999,150.0,90245.22,104479.143,Feasible,N/A
0.22,0.67,0.78625,0.2125,0.00125,0.21375,0.46564885496183206,0.3567251461988304,110,70,14083.922999999999,150.0,90245.22,104479.143,Feasible,N/A
0.22,0.68,0.78625,0.2125,0.00125,0.21375,0.46564885496183206,0.3567251461988304,110,70,14083.922999999999,150.0,90245.22,104479.143,Feasible,N/A
0.22,0.69,0.78625,0.21375,0.0,0.21375,0.46564885496183206,0.3567251461988304,110,70,14133.922999999999,0.0,90245.22,104379.143,Feasible,N/A
0.22,0.7,0.78625,0.21375,0.0,0.21375,0.46564885496183206,0.3567251461988304,110,70,14133.922999999999,0.0,90245.22,104379.143,Feasible,N/A
0.22,0.71,0.78625,0.21375,0.0,0.21375,0.46564885496183206,0.3567251461988304,110,70,14133.922999999999,0.0,90245.22,104379.143,Feasible,N/A
0.22,0.72,0.78625,0.21375,0.0,0.21375,0.46564885496183206,0.3567251461988304,110,70,14133.922999999999,0.0,90245.22,104379.143,Feasible,N/A
0.22,0.73,0.78625,0.21375,0.0,0.21375,0.46564885496183206,0.3567251461988304,110,70,14133.922999999999,0.0,90245.22,104379.143,Feasible,N/A
0.22,0.74,0.78625,0.21375,0.0,0.21375,0.46564885496183206,0.3567251461988304,110,70,14133.922999999999,0.0,90245.22,104379.143,Feasible,N/A
0.22,0.75,0.78625,0.21375,0.0,0.21375,0.46564885496183206,0.3567251461988304,110,70,14133.922999999999,0.0,90245.22,104379.143,Feasible,N/A
0.22,0.76,0.78625,0.21375,0.0,0.21375,0.46564885496183206,0.3567251461988304,110,70,14133.922999999999,0.0,90245.22,104379.143,Feasible,N/A
0.22,0.77,0.78625,0.21375,0.0,0.21375,0.46564885496183206,0.3567251461988304,110,70,14133.922999999999,0.0,90245.22,104379.143,Feasible,N/A
0.22,0.78,0.78625,0.21375,0.0,0.21375,0.46564885496183206,0.3567251461988304,110,70,14133.922999999999,0.0,90245.22,104379.143,Feasible,N/A
0.22,0.79,0.78625,0.21375,0.0,0.21375,0.46564885496183206,0.3567251461988304,110,70,14133.922999999999,0.0,90245.22,104379.143,Feasible,N/A
0.22,0.8,0.78625,0.21375,0.0,0.21375,0.46564885496183206,0.3567251461988304,110,70,14133.922999999999,0.0,90245.22,104379.143,Feasible,N/A
0.22,0.81,0.78625,0.21375,0.0,0.21375,0.46564885496183206,0.3567251461988304,110,70,14133.922999999999,0.0,90245.22,104379.143,Feasible,N/A
0.22,0.82,0.78625,0.21375,0.0,0.21375,0.46564885496183206,0.3567251461988304,110,70,14133.922999999999,0.0,90245.22,104379.143,Feasible,N/A
0.22,0.83,0.78625,0.21375,0.0,0.21375,0.46564885496183206,0.3567251461988304,110,70,14133.922999999999,0.0,90245.22,104379.143,Feasible,N/A
0.22,0.84,0.78625,0.21375,0.0,0.21375,0.46564885496183206,0.3567251461988304,110,70,14133.922999999999,0.0,90245.22,104379.143,Feasible,N/A
0.22,0.85,0.78625,0.21375,0.0,0.21375,0.46564885496183206,0.3567251461988304,110,70,14133.922999999999,0.0,90245.22,104379.143,Feasible,N/A
0.22,0.86,0.78625,0.21375,0.0,0.21375,0.46564885496183206,0.3567251461988304,110,70,14133.922999999999,0.0,90245.22,104379.143,Feasible,N/A
0.22,0.87,0.78625,0.21375,0.0,0.21375,0.46564885496183206,0.3567251461988304,110,70,14133.922999999999,0.0,90245.22,104379.143,Feasible,N/A
0.22,0.88,0.78625,0.21375,0.0,0.21375,0.46564885496183206,0.3567251461988304,110,70,14133.922999999999,0.0,90245.22,104379.143,Feasible,N/A
0.22,0.89,0.78625,0.21375,0.0,0.21375,0.46564885496183206,0.3567251461988304,110,70,14133.922999999999,0.0,90245.22,104379.143,Feasible,N/A
0.22,0.9,0.78625,0.21375,0.0,0.21375,0.46564885496183206,0.3567251461988304,110,70,14133.922999999999,0.0,90245.22,104379.143,Feasible,N/A
0.22,0.91,0.78625,0.21375,0.0,0.21375,0.46564885496183206,0.3567251461988304,110,70,14133.922999999999,0.0,90245.22,104379.143,Feasible,N/A
0.22,0.92,0.78625,0.21375,0.0,0.21375,0.46564885496183206,0.3567251461988304,110,70,14133.922999999999,0.0,90245.22,104379.143,Feasible,N/A
0.22,0.93,0.78625,0.21375,0.0,0.21375,0.46564885496183206,0.3567251461988304,110,70,14133.922999999999,0.0,90245.22,104379.143,Feasible,N/A
0.22,0.94,0.78625,0.21375,0.0,0.21375,0.46564885496183206,0.3567251461988304,110,70,14133.922999999999,0.0,90245.22,104379.143,Feasible,N/A
0.22,0.95,0.78625,0.21375,0.0,0.21375,0.46564885496183206,0.3567251461988304,110,70,14133.922999999999,0.0,90245.22,104379.143,Feasible,N/A
0.22,0.96,0.78625,0.21375,0.0,0.21375,0.46564885496183206,0.3567251461988304,110,70,14133.922999999999,0.0,90245.22,104379.143,Feasible,N/A
0.22,0.97,0.78625,0.21375,0.0,0.21375,0.46564885496183206,0.3567251461988304,110,70,14133.922999999999,0.0,90245.22,104379.143,Feasible,N/A
0.22,0.98,0.78625,0.21375,0.0,0.21375,0.46564885496183206,0.3567251461988304,110,70,14133.922999999999,0.0,90245.22,104379.143,Feasible,N/A
0.22,0.99,0.78625,0.21375,0.0,0.21375,0.46564885496183206,0.3567251461988304,110,70,14133.922999999999,0.0,90245.22,104379.143,Feasible,N/A
0.23,0.24,0.7975,0.01375,0.18875,0.2025,0.44274809160305345,0.35802469135802467,104,73,687.2,22650.0,91849.65,115186.84999999999,Infeasible,Violates MAX_HOLD_RATE
0.23,0.25,0.7975,0.0225,0.18,0.2025,0.44274809160305345,0.35802469135802467,104,73,1274.26,21600.0,91849.65,114723.90999999999,Infeasible,Violates MAX_HOLD_RATE
0.23,0.26,0.7975,0.0275,0.175,0.2025,0.44274809160305345,0.35802469135802467,104,73,1474.26,21000.0,91849.65,114323.90999999999,Infeasible,Violates MAX_HOLD_RATE
0.23,0.27,0.7975,0.03625,0.16625,0.2025,0.44274809160305345,0.35802469135802467,104,73,1900.357,19950.0,91849.65,113700.007,Infeasible,Violates MAX_HOLD_RATE
0.23,0.28,0.7975,0.0425,0.16,0.2025,0.44274809160305345,0.35802469135802467,104,73,2180.6890000000003,19200.0,91849.65,113230.33899999999,Infeasible,Violates MAX_HOLD_RATE
0.23,0.29,0.7975,0.05375,0.14875,0.2025,0.44274809160305345,0.35802469135802467,104,73,2689.617,17850.0,91849.65,112389.26699999999,Infeasible,Violates MAX_HOLD_RATE
0.23,0.3,0.7975,0.065,0.1375,0.2025,0.44274809160305345,0.35802469135802467,104,73,3566.96,16500.0,91849.65,111916.61,Infeasible,Violates MAX_HOLD_RATE
0.23,0.31,0.7975,0.07875,0.12375,0.2025,0.44274809160305345,0.35802469135802467,104,73,4594.832,14850.0,91849.65,111294.48199999999,Infeasible,Violates MAX_HOLD_RATE
0.23,0.32,0.7975,0.095,0.1075,0.2025,0.44274809160305345,0.35802469135802467,104,73,5352.79,12900.0,91849.65,110102.43999999999,Infeasible,Violates MAX_HOLD_RATE
0.23,0.33,0.7975,0.10125,0.10125,0.2025,0.44274809160305345,0.35802469135802467,104,73,5627.437,12150.0,91849.65,109627.087,Infeasible,Violates MAX_HOLD_RATE
0.23,0.34,0.7975,0.1125,0.09,0.2025,0.44274809160305345,0.35802469135802467,104,73,6398.880999999999,10800.0,91849.65,109048.53099999999,Infeasible,Violates MAX_HOLD_RATE
0.23,0.35,0.7975,0.11625,0.08625,0.2025,0.44274809160305345,0.35802469135802467,104,73,6598.765,10350.0,91849.65,108798.415,Infeasible,Violates MAX_HOLD_RATE
0.23,0.36,0.7975,0.12375,0.07875,0.2025,0.44274809160305345,0.35802469135802467,104,73,7079.072,9450.0,91849.65,108378.722,Infeasible,Violates MAX_HOLD_RATE
0.23,0.37,0.7975,0.12875,0.07375,0.2025,0.44274809160305345,0.35802469135802467,104,73,7796.267,8850.0,91849.65,108495.91699999999,Infeasible,Violates MAX_HOLD_RATE
0.23,0.38,0.7975,0.13125,0.07125,0.2025,0.44274809160305345,0.35802469135802467,104,73,7896.267,8550.0,91849.65,108295.91699999999,Infeasible,Violates MAX_HOLD_RATE
0.23,0.39,0.7975,0.1375,0.065,0.2025,0.44274809160305345,0.35802469135802467,104,73,8146.267,7800.0,91849.65,107795.91699999999,Infeasible,Violates MAX_HOLD_RATE
0.23,0.4,0.7975,0.1475,0.055,0.2025,0.44274809160305345,0.35802469135802467,104,73,8862.59,6600.0,91849.65,107312.23999999999,Infeasible,Violates MAX_HOLD_RATE
0.23,0.41,0.7975,0.15375,0.04875,0.2025,0.44274809160305345,0.35802469135802467,104,73,9289.029999999999,5850.0,91849.65,106988.68,Feasible,N/A
0.23,0.42,0.7975,0.15875,0.04375,0.2025,0.44274809160305345,0.35802469135802467,104,73,9689.979,5250.0,91849.65,106789.62899999999,Feasible,N/A
0.23,0.43,0.7975,0.1625,0.04,0.2025,0.44274809160305345,0.35802469135802467,104,73,9839.979,4800.0,91849.65,106489.62899999999,Feasible,N/A
0.23,0.44,0.7975,0.1625,0.04,0.2025,0.44274809160305345,0.35802469135802467,104,73,9839.979,4800.0,91849.65,106489.62899999999,Feasible,N/A
0.23,0.45,0.7975,0.1675,0.035,0.2025,0.44274809160305345,0.35802469135802467,104,73,10039.979,4200.0,91849.65,106089.62899999999,Feasible,N/A
0.23,0.46,0.7975,0.17,0.0325,0.2025,0.44274809160305345,0.35802469135802467,104,73,10277.0,3900.0,91849.65,106026.65,Feasible,N/A
0.23,0.47,0.7975,0.175,0.0275,0.2025,0.44274809160305345,0.35802469135802467,104,73,11017.404999999999,3300.0,91849.65,106167.055,Feasible,N/A
0.23,0.48,0.7975,0.17625,0.02625,0.2025,0.44274809160305345,0.35802469135802467,104,73,11089.433,3150.0,91849.65,106089.083,Feasible,N/A
0.23,0.49,0.7975,0.18,0.0225,0.2025,0.44274809160305345,0.35802469135802467,104,73,11557.867999999999,2700.0,91849.65,106107.518,Feasible,N/A
0.23,0.5,0.7975,0.1825,0.02,0.2025,0.44274809160305345,0.35802469135802467,104,73,11773.562,2400.0,91849.65,106023.212,Feasible,N/A
0.23,0.51,0.7975,0.185,0.0175,0.2025,0.44274809160305345,0.35802469135802467,104,73,12097.831000000002,2100.0,91849.65,106047.481,Feasible,N/A
0.23,0.52,0.7975,0.18875,0.01375,0.2025,0.44274809160305345,0.35802469135802467,104,73,12395.34,1650.0,91849.65,105894.98999999999,Feasible,N/A
0.23,0.53,0.7975,0.18875,0.01375,0.2025,0.44274809160305345,0.35802469135802467,104,73,12395.34,1650.0,91849.65,105894.98999999999,Feasible,N/A
0.23,0.54,0.7975,0.19,0.0125,0.2025,0.44274809160305345,0.35802469135802467,104,73,12509.86,1500.0,91849.65,105859.51,Feasible,N/A
0.23,0.55,0.7975,0.1925,0.01,0.2025,0.44274809160305345,0.35802469135802467,104,73,12803.467,1200.0,91849.65,105853.117,Feasible,N/A
0.23,0.56,0.7975,0.19375,0.00875,0.2025,0.44274809160305345,0.35802469135802467,104,73,12853.467,1050.0,91849.65,105753.117,Feasible,N/A
0.23,0.57,0.7975,0.195,0.0075,0.2025,0.44274809160305345,0.35802469135802467,104,73,12931.418000000001,900.0,91849.65,105681.068,Feasible,N/A
0.23,0.58,0.7975,0.19625,0.00625,0.2025,0.44274809160305345,0.35802469135802467,104,73,12981.418000000001,750.0,91849.65,105581.068,Feasible,N/A
0.23,0.59,0.7975,0.19625,0.00625,0.2025,0.44274809160305345,0.35802469135802467,104,73,12981.418000000001,750.0,91849.65,105581.068,Feasible,N/A
0.23,0.6,0.7975,0.1975,0.005,0.2025,0.44274809160305345,0.35802469135802467,104,73,13113.408,600.0,91849.65,105563.05799999999,Feasible,N/A
0.23,0.61,0.7975,0.1975,0.005,0.2025,0.44274809160305345,0.35802469135802467,104,73,13113.408,600.0,91849.65,105563.05799999999,Feasible,N/A
0.23,0.62,0.7975,0.1975,0.005,0.2025,0.44274809160305345,0.35802469135802467,104,73,13113.408,600.0,91849.65,105563.05799999999,Feasible,N/A
0.23,0.63,0.7975,0.2,0.0025,0.2025,0.44274809160305345,0.35802469135802467,104,73,13350.863000000001,300.0,91849.65,105500.51299999999,Feasible,N/A
0.23,0.64,0.7975,0.20125,0.00125,0.2025,0.44274809160305345,0.35802469135802467,104,73,13473.48,150.0,91849.65,105473.12999999999,Feasible,N/A
0.23,0.65,0.7975,0.20125,0.00125,0.2025,0.44274809160305345,0.35802469135802467,104,73,13473.48,150.0,91849.65,105473.12999999999,Feasible,N/A
0.23,0.66,0.7975,0.20125,0.00125,0.2025,0.44274809160305345,0.35802469135802467,104,73,13473.48,150.0,91849.65,105473.12999999999,Feasible,N/A
0.23,0.67,0.7975,0.20125,0.00125,0.2025,0.44274809160305345,0.35802469135802467,104,73,13473.48,150.0,91849.65,105473.12999999999,Feasible,N/A
0.23,0.68,0.7975,0.20125,0.00125,0.2025,0.44274809160305345,0.35802469135802467,104,73,13473.48,150.0,91849.65,105473.12999999999,Feasible,N/A
0.23,0.69,0.7975,0.2025,0.0,0.2025,0.44274809160305345,0.35802469135802467,104,73,13523.48,0.0,91849.65,105373.12999999999,Feasible,N/A
0.23,0.7,0.7975,0.2025,0.0,0.2025,0.44274809160305345,0.35802469135802467,104,73,13523.48,0.0,91849.65,105373.12999999999,Feasible,N/A
0.23,0.71,0.7975,0.2025,0.0,0.2025,0.44274809160305345,0.35802469135802467,104,73,13523.48,0.0,91849.65,105373.12999999999,Feasible,N/A
0.23,0.72,0.7975,0.2025,0.0,0.2025,0.44274809160305345,0.35802469135802467,104,73,13523.48,0.0,91849.65,105373.12999999999,Feasible,N/A
0.23,0.73,0.7975,0.2025,0.0,0.2025,0.44274809160305345,0.35802469135802467,104,73,13523.48,0.0,91849.65,105373.12999999999,Feasible,N/A
0.23,0.74,0.7975,0.2025,0.0,0.2025,0.44274809160305345,0.35802469135802467,104,73,13523.48,0.0,91849.65,105373.12999999999,Feasible,N/A
0.23,0.75,0.7975,0.2025,0.0,0.2025,0.44274809160305345,0.35802469135802467,104,73,13523.48,0.0,91849.65,105373.12999999999,Feasible,N/A
0.23,0.76,0.7975,0.2025,0.0,0.2025,0.44274809160305345,0.35802469135802467,104,73,13523.48,0.0,91849.65,105373.12999999999,Feasible,N/A
0.23,0.77,0.7975,0.2025,0.0,0.2025,0.44274809160305345,0.35802469135802467,104,73,13523.48,0.0,91849.65,105373.12999999999,Feasible,N/A
0.23,0.78,0.7975,0.2025,0.0,0.2025,0.44274809160305345,0.35802469135802467,104,73,13523.48,0.0,91849.65,105373.12999999999,Feasible,N/A
0.23,0.79,0.7975,0.2025,0.0,0.2025,0.44274809160305345,0.35802469135802467,104,73,13523.48,0.0,91849.65,105373.12999999999,Feasible,N/A
0.23,0.8,0.7975,0.2025,0.0,0.2025,0.44274809160305345,0.35802469135802467,104,73,13523.48,0.0,91849.65,105373.12999999999,Feasible,N/A
0.23,0.81,0.7975,0.2025,0.0,0.2025,0.44274809160305345,0.35802469135802467,104,73,13523.48,0.0,91849.65,105373.12999999999,Feasible,N/A
0.23,0.82,0.7975,0.2025,0.0,0.2025,0.44274809160305345,0.35802469135802467,104,73,13523.48,0.0,91849.65,105373.12999999999,Feasible,N/A
0.23,0.83,0.7975,0.2025,0.0,0.2025,0.44274809160305345,0.35802469135802467,104,73,13523.48,0.0,91849.65,105373.12999999999,Feasible,N/A
0.23,0.84,0.7975,0.2025,0.0,0.2025,0.44274809160305345,0.35802469135802467,104,73,13523.48,0.0,91849.65,105373.12999999999,Feasible,N/A
0.23,0.85,0.7975,0.2025,0.0,0.2025,0.44274809160305345,0.35802469135802467,104,73,13523.48,0.0,91849.65,105373.12999999999,Feasible,N/A
0.23,0.86,0.7975,0.2025,0.0,0.2025,0.44274809160305345,0.35802469135802467,104,73,13523.48,0.0,91849.65,105373.12999999999,Feasible,N/A
0.23,0.87,0.7975,0.2025,0.0,0.2025,0.44274809160305345,0.35802469135802467,104,73,13523.48,0.0,91849.65,105373.12999999999,Feasible,N/A
0.23,0.88,0.7975,0.2025,0.0,0.2025,0.44274809160305345,0.35802469135802467,104,73,13523.48,0.0,91849.65,105373.12999999999,Feasible,N/A
0.23,0.89,0.7975,0.2025,0.0,0.2025,0.44274809160305345,0.35802469135802467,104,73,13523.48,0.0,91849.65,105373.12999999999,Feasible,N/A
0.23,0.9,0.7975,0.2025,0.0,0.2025,0.44274809160305345,0.35802469135802467,104,73,13523.48,0.0,91849.65,105373.12999999999,Feasible,N/A
0.23,0.91,0.7975,0.2025,0.0,0.2025,0.44274809160305345,0.35802469135802467,104,73,13523.48,0.0,91849.65,105373.12999999999,Feasible,N/A
0.23,0.92,0.7975,0.2025,0.0,0.2025,0.44274809160305345,0.35802469135802467,104,73,13523.48,0.0,91849.65,105373.12999999999,Feasible,N/A
0.23,0.93,0.7975,0.2025,0.0,0.2025,0.44274809160305345,0.35802469135802467,104,73,13523.48,0.0,91849.65,105373.12999999999,Feasible,N/A
0.23,0.94,0.7975,0.2025,0.0,0.2025,0.44274809160305345,0.35802469135802467,104,73,13523.48,0.0,91849.65,105373.12999999999,Feasible,N/A
0.23,0.95,0.7975,0.2025,0.0,0.2025,0.44274809160305345,0.35802469135802467,104,73,13523.48,0.0,91849.65,105373.12999999999,Feasible,N/A
0.23,0.96,0.7975,0.2025,0.0,0.2025,0.44274809160305345,0.35802469135802467,104,73,13523.48,0.0,91849.65,105373.12999999999,Feasible,N/A
0.23,0.97,0.7975,0.2025,0.0,0.2025,0.44274809160305345,0.35802469135802467,104,73,13523.48,0.0,91849.65,105373.12999999999,Feasible,N/A
0.23,0.98,0.7975,0.2025,0.0,0.2025,0.44274809160305345,0.35802469135802467,104,73,13523.48,0.0,91849.65,105373.12999999999,Feasible,N/A
0.23,0.99,0.7975,0.2025,0.0,0.2025,0.44274809160305345,0.35802469135802467,104,73,13523.48,0.0,91849.65,105373.12999999999,Feasible,N/A
0.24,0.25,0.81125,0.00875,0.18,0.18875,0.42748091603053434,0.3708609271523179,95,75,587.06,21600.0,93221.65,115408.70999999999,Infeasible,Violates MAX_HOLD_RATE
0.24,0.26,0.81125,0.01375,0.175,0.18875,0.42748091603053434,0.3708609271523179,95,75,787.06,21000.0,93221.65,115008.70999999999,Infeasible,Violates MAX_HOLD_RATE
0.24,0.27,0.81125,0.0225,0.16625,0.18875,0.42748091603053434,0.3708609271523179,95,75,1213.1570000000002,19950.0,93221.65,114384.807,Infeasible,Violates MAX_HOLD_RATE
0.24,0.28,0.81125,0.02875,0.16,0.18875,0.42748091603053434,0.3708609271523179,95,75,1493.489,19200.0,93221.65,113915.139,Infeasible,Violates MAX_HOLD_RATE
0.24,0.29,0.81125,0.04,0.14875,0.18875,0.42748091603053434,0.3708609271523179,95,75,2002.417,17850.0,93221.65,113074.067,Infeasible,Violates MAX_HOLD_RATE
0.24,0.3,0.81125,0.05125,0.1375,0.18875,0.42748091603053434,0.3708609271523179,95,75,2879.7599999999998,16500.0,93221.65,112601.40999999999,Infeasible,Violates MAX_HOLD_RATE
0.24,0.31,0.81125,0.065,0.12375,0.18875,0.42748091603053434,0.3708609271523179,95,75,3907.632,14850.0,93221.65,111979.28199999999,Infeasible,Violates MAX_HOLD_RATE
0.24,0.32,0.81125,0.08125,0.1075,0.18875,0.42748091603053434,0.3708609271523179,95,75,4665.59,12900.0,93221.65,110787.23999999999,Infeasible,Violates MAX_HOLD_RATE
0.24,0.33,0.81125,0.0875,0.10125,0.18875,0.42748091603053434,0.3708609271523179,95,75,4940.237,12150.0,93221.65,110311.88699999999,Infeasible,Violates MAX_HOLD_RATE
0.24,0.34,0.81125,0.09875,0.09,0.18875,0.42748091603053434,0.3708609271523179,95,75,5711.6810000000005,10800.0,93221.65,109733.33099999999,Infeasible,Violates MAX_HOLD_RATE
0.24,0.35,0.81125,0.1025,0.08625,0.18875,0.42748091603053434,0.3708609271523179,95,75,5911.565,10350.0,93221.65,109483.215,Infeasible,Violates MAX_HOLD_RATE
0.24,0.36,0.81125,0.11,0.07875,0.18875,0.42748091603053434,0.3708609271523179,95,75,6391.872,9450.0,93221.65,109063.522,Infeasible,Violates MAX_HOLD_RATE
0.24,0.37,0.81125,0.115,0.07375,0.18875,0.42748091603053434,0.3708609271523179,95,75,7109.067,8850.0,93221.65,109180.71699999999,Infeasible,Violates MAX_HOLD_RATE
0.24,0.38,0.81125,0.1175,0.07125,0.18875,0.42748091603053434,0.3708609271523179,95,75,7209.067,8550.0,93221.65,108980.71699999999,Infeasible,Violates MAX_HOLD_RATE
0.24,0.39,0.81125,0.12375,0.065,0.18875,0.42748091603053434,0.3708609271523179,95,75,7459.067,7800.0,93221.65,108480.71699999999,Infeasible,Violates MAX_HOLD_RATE
0.24,0.4,0.81125,0.13375,0.055,0.18875,0.42748091603053434,0.3708609271523179,95,75,8175.39,6600.0,93221.65,107997.04,Infeasible,Violates MAX_HOLD_RATE
0.24,0.41,0.81125,0.14,0.04875,0.18875,0.42748091603053434,0.3708609271523179,95,75,8601.83,5850.0,93221.65,107673.48,Feasible,N/A
0.24,0.42,0.81125,0.145,0.04375,0.18875,0.42748091603053434,0.3708609271523179,95,75,9002.779,5250.0,93221.65,107474.42899999999,Feasible,N/A
0.24,0.43,0.81125,0.14875,0.04,0.18875,0.42748091603053434,0.3708609271523179,95,75,9152.779,4800.0,93221.65,107174.42899999999,Feasible,N/A
0.24,0.44,0.81125,0.14875,0.04,0.18875,0.42748091603053434,0.3708609271523179,95,75,9152.779,4800.0,93221.65,107174.42899999999,Feasible,N/A
0.24,0.45,0.81125,0.15375,0.035,0.18875,0.42748091603053434,0.3708609271523179,95,75,9352.779,4200.0,93221.65,106774.42899999999,Feasible,N/A
0.24,0.46,0.81125,0.15625,0.0325,0.18875,0.42748091603053434,0.3708609271523179,95,75,9589.8,3900.0,93221.65,106711.45,Feasible,N/A
0.24,0.47,0.81125,0.16125,0.0275,0.18875,0.42748091603053434,0.3708609271523179,95,75,10330.205,3300.0,93221.65,106851.855,Feasible,N/A
0.24,0.48,0.81125,0.1625,0.02625,0.18875,0.42748091603053434,0.3708609271523179,95,75,10402.233,3150.0,93221.65,106773.883,Feasible,N/A
0.24,0.49,0.81125,0.16625,0.0225,0.18875,0.42748091603053434,0.3708609271523179,95,75,10870.668,2700.0,93221.65,106792.318,Feasible,N/A
0.24,0.5,0.81125,0.16875,0.02,0.18875,0.42748091603053434,0.3708609271523179,95,75,11086.362000000001,2400.0,93221.65,106708.01199999999,Feasible,N/A
0.24,0.51,0.81125,0.17125,0.0175,0.18875,0.42748091603053434,0.3708609271523179,95,75,11410.631000000001,2100.0,93221.65,106732.28099999999,Feasible,N/A
0.24,0.52,0.81125,0.175,0.01375,0.18875,0.42748091603053434,0.3708609271523179,95,75,11708.14,1650.0,93221.65,106579.79,Feasible,N/A
0.24,0.53,0.81125,0.175,0.01375,0.18875,0.42748091603053434,0.3708609271523179,95,75,11708.14,1650.0,93221.65,106579.79,Feasible,N/A
0.24,0.54,0.81125,0.17625,0.0125,0.18875,0.42748091603053434,0.3708609271523179,95,75,11822.66,1500.0,93221.65,106544.31,Feasible,N/A
0.24,0.55,0.81125,0.17875,0.01,0.18875,0.42748091603053434,0.3708609271523179,95,75,12116.267,1200.0,93221.65,106537.91699999999,Feasible,N/A
0.24,0.56,0.81125,0.18,0.00875,0.18875,0.42748091603053434,0.3708609271523179,95,75,12166.267,1050.0,93221.65,106437.91699999999,Feasible,N/A
0.24,0.57,0.81125,0.18125,0.0075,0.18875,0.42748091603053434,0.3708609271523179,95,75,12244.218,900.0,93221.65,106365.86799999999,Feasible,N/A
0.24,0.58,0.81125,0.1825,0.00625,0.18875,0.42748091603053434,0.3708609271523179,95,75,12294.218,750.0,93221.65,106265.86799999999,Feasible,N/A
0.24,0.59,0.81125,0.1825,0.00625,0.18875,0.42748091603053434,0.3708609271523179,95,75,12294.218,750.0,93221.65,106265.86799999999,Feasible,N/A
0.24,0.6,0.81125,0.18375,0.005,0.18875,0.42748091603053434,0.3708609271523179,95,75,12426.208,600.0,93221.65,106247.858,Feasible,N/A
0.24,0.61,0.81125,0.18375,0.005,0.18875,0.42748091603053434,0.3708609271523179,95,75,12426.208,600.0,93221.65,106247.858,Feasible,N/A
0.24,0.62,0.81125,0.18375,0.005,0.18875,0.42748091603053434,0.3708609271523179,95,75,12426.208,600.0,93221.65,106247.858,Feasible,N/A
0.24,0.63,0.81125,0.18625,0.0025,0.18875,0.42748091603053434,0.3708609271523179,95,75,12663.663,300.0,93221.65,106185.313,Feasible,N/A
0.24,0.64,0.81125,0.1875,0.00125,0.18875,0.42748091603053434,0.3708609271523179,95,75,12786.28,150.0,93221.65,106157.93,Feasible,N/A
0.24,0.65,0.81125,0.1875,0.00125,0.18875,0.42748091603053434,0.3708609271523179,95,75,12786.28,150.0,93221.65,106157.93,Feasible,N/A
0.24,0.66,0.81125,0.1875,0.00125,0.18875,0.42748091603053434,0.3708609271523179,95,75,12786.28,150.0,93221.65,106157.93,Feasible,N/A
0.24,0.67,0.81125,0.1875,0.00125,0.18875,0.42748091603053434,0.3708609271523179,95,75,12786.28,150.0,93221.65,106157.93,Feasible,N/A
0.24,0.68,0.81125,0.1875,0.00125,0.18875,0.42748091603053434,0.3708609271523179,95,75,12786.28,150.0,93221.65,106157.93,Feasible,N/A
0.24,0.69,0.81125,0.18875,0.0,0.18875,0.42748091603053434,0.3708609271523179,95,75,12836.28,0.0,93221.65,106057.93,Feasible,N/A
0.24,0.7,0.81125,0.18875,0.0,0.18875,0.42748091603053434,0.3708609271523179,95,75,12836.28,0.0,93221.65,106057.93,Feasible,N/A
0.24,0.71,0.81125,0.18875,0.0,0.18875,0.42748091603053434,0.3708609271523179,95,75,12836.28,0.0,93221.65,106057.93,Feasible,N/A
0.24,0.72,0.81125,0.18875,0.0,0.18875,0.42748091603053434,0.3708609271523179,95,75,12836.28,0.0,93221.65,106057.93,Feasible,N/A
0.24,0.73,0.81125,0.18875,0.0,0.18875,0.42748091603053434,0.3708609271523179,95,75,12836.28,0.0,93221.65,106057.93,Feasible,N/A
0.24,0.74,0.81125,0.18875,0.0,0.18875,0.42748091603053434,0.3708609271523179,95,75,12836.28,0.0,93221.65,106057.93,Feasible,N/A
0.24,0.75,0.81125,0.18875,0.0,0.18875,0.42748091603053434,0.3708609271523179,95,75,12836.28,0.0,93221.65,106057.93,Feasible,N/A
0.24,0.76,0.81125,0.18875,0.0,0.18875,0.42748091603053434,0.3708609271523179,95,75,12836.28,0.0,93221.65,106057.93,Feasible,N/A
0.24,0.77,0.81125,0.18875,0.0,0.18875,0.42748091603053434,0.3708609271523179,95,75,12836.28,0.0,93221.65,106057.93,Feasible,N/A
0.24,0.78,0.81125,0.18875,0.0,0.18875,0.42748091603053434,0.3708609271523179,95,75,12836.28,0.0,93221.65,106057.93,Feasible,N/A
0.24,0.79,0.81125,0.18875,0.0,0.18875,0.42748091603053434,0.3708609271523179,95,75,12836.28,0.0,93221.65,106057.93,Feasible,N/A
0.24,0.8,0.81125,0.18875,0.0,0.18875,0.42748091603053434,0.3708609271523179,95,75,12836.28,0.0,93221.65,106057.93,Feasible,N/A
0.24,0.81,0.81125,0.18875,0.0,0.18875,0.42748091603053434,0.3708609271523179,95,75,12836.28,0.0,93221.65,106057.93,Feasible,N/A
0.24,0.82,0.81125,0.18875,0.0,0.18875,0.42748091603053434,0.3708609271523179,95,75,12836.28,0.0,93221.65,106057.93,Feasible,N/A
0.24,0.83,0.81125,0.18875,0.0,0.18875,0.42748091603053434,0.3708609271523179,95,75,12836.28,0.0,93221.65,106057.93,Feasible,N/A
0.24,0.84,0.81125,0.18875,0.0,0.18875,0.42748091603053434,0.3708609271523179,95,75,12836.28,0.0,93221.65,106057.93,Feasible,N/A
0.24,0.85,0.81125,0.18875,0.0,0.18875,0.42748091603053434,0.3708609271523179,95,75,12836.28,0.0,93221.65,106057.93,Feasible,N/A
0.24,0.86,0.81125,0.18875,0.0,0.18875,0.42748091603053434,0.3708609271523179,95,75,12836.28,0.0,93221.65,106057.93,Feasible,N/A
0.24,0.87,0.81125,0.18875,0.0,0.18875,0.42748091603053434,0.3708609271523179,95,75,12836.28,0.0,93221.65,106057.93,Feasible,N/A
0.24,0.88,0.81125,0.18875,0.0,0.18875,0.42748091603053434,0.3708609271523179,95,75,12836.28,0.0,93221.65,106057.93,Feasible,N/A
0.24,0.89,0.81125,0.18875,0.0,0.18875,0.42748091603053434,0.3708609271523179,95,75,12836.28,0.0,93221.65,106057.93,Feasible,N/A
0.24,0.9,0.81125,0.18875,0.0,0.18875,0.42748091603053434,0.3708609271523179,95,75,12836.28,0.0,93221.65,106057.93,Feasible,N/A
0.24,0.91,0.81125,0.18875,0.0,0.18875,0.42748091603053434,0.3708609271523179,95,75,12836.28,0.0,93221.65,106057.93,Feasible,N/A
0.24,0.92,0.81125,0.18875,0.0,0.18875,0.42748091603053434,0.3708609271523179,95,75,12836.28,0.0,93221.65,106057.93,Feasible,N/A
0.24,0.93,0.81125,0.18875,0.0,0.18875,0.42748091603053434,0.3708609271523179,95,75,12836.28,0.0,93221.65,106057.93,Feasible,N/A
0.24,0.94,0.81125,0.18875,0.0,0.18875,0.42748091603053434,0.3708609271523179,95,75,12836.28,0.0,93221.65,106057.93,Feasible,N/A
0.24,0.95,0.81125,0.18875,0.0,0.18875,0.42748091603053434,0.3708609271523179,95,75,12836.28,0.0,93221.65,106057.93,Feasible,N/A
0.24,0.96,0.81125,0.18875,0.0,0.18875,0.42748091603053434,0.3708609271523179,95,75,12836.28,0.0,93221.65,106057.93,Feasible,N/A
0.24,0.97,0.81125,0.18875,0.0,0.18875,0.42748091603053434,0.3708609271523179,95,75,12836.28,0.0,93221.65,106057.93,Feasible,N/A
0.24,0.98,0.81125,0.18875,0.0,0.18875,0.42748091603053434,0.3708609271523179,95,75,12836.28,0.0,93221.65,106057.93,Feasible,N/A
0.24,0.99,0.81125,0.18875,0.0,0.18875,0.42748091603053434,0.3708609271523179,95,75,12836.28,0.0,93221.65,106057.93,Feasible,N/A
0.25,0.26,0.82,0.005,0.175,0.18,0.40458015267175573,0.3680555555555556,91,78,200.0,21000.0,95592.24999999999,116792.24999999999,Infeasible,Violates MAX_HOLD_RATE
0.25,0.27,0.82,0.01375,0.16625,0.18,0.40458015267175573,0.3680555555555556,91,78,626.097,19950.0,95592.24999999999,116168.34699999998,Infeasible,Violates MAX_HOLD_RATE
0.25,0.28,0.82,0.02,0.16,0.18,0.40458015267175573,0.3680555555555556,91,78,906.429,19200.0,95592.24999999999,115698.67899999999,Infeasible,Violates MAX_HOLD_RATE
0.25,0.29,0.82,0.03125,0.14875,0.18,0.40458015267175573,0.3680555555555556,91,78,1415.357,17850.0,95592.24999999999,114857.60699999999,Infeasible,Violates MAX_HOLD_RATE
0.25,0.3,0.82,0.0425,0.1375,0.18,0.40458015267175573,0.3680555555555556,91,78,2292.7,16500.0,95592.24999999999,114384.94999999998,Infeasible,Violates MAX_HOLD_RATE
0.25,0.31,0.82,0.05625,0.12375,0.18,0.40458015267175573,0.3680555555555556,91,78,3320.572,14850.0,95592.24999999999,113762.82199999999,Infeasible,Violates MAX_HOLD_RATE
0.25,0.32,0.82,0.0725,0.1075,0.18,0.40458015267175573,0.3680555555555556,91,78,4078.5299999999997,12900.0,95592.24999999999,112570.77999999998,Infeasible,Violates MAX_HOLD_RATE
0.25,0.33,0.82,0.07875,0.10125,0.18,0.40458015267175573,0.3680555555555556,91,78,4353.177,12150.0,95592.24999999999,112095.42699999998,Infeasible,Violates MAX_HOLD_RATE
0.25,0.34,0.82,0.09,0.09,0.18,0.40458015267175573,0.3680555555555556,91,78,5124.621,10800.0,95592.24999999999,111516.87099999998,Infeasible,Violates MAX_HOLD_RATE
0.25,0.35,0.82,0.09375,0.08625,0.18,0.40458015267175573,0.3680555555555556,91,78,5324.505,10350.0,95592.24999999999,111266.75499999999,Infeasible,Violates MAX_HOLD_RATE
0.25,0.36,0.82,0.10125,0.07875,0.18,0.40458015267175573,0.3680555555555556,91,78,5804.812,9450.0,95592.24999999999,110847.06199999999,Infeasible,Violates MAX_HOLD_RATE
0.25,0.37,0.82,0.10625,0.07375,0.18,0.40458015267175573,0.3680555555555556,91,78,6522.007,8850.0,95592.24999999999,110964.25699999998,Infeasible,Violates MAX_HOLD_RATE
0.25,0.38,0.82,0.10875,0.07125,0.18,0.40458015267175573,0.3680555555555556,91,78,6622.007,8550.0,95592.24999999999,110764.25699999998,Infeasible,Violates MAX_HOLD_RATE
0.25,0.39,0.82,0.115,0.065,0.18,0.40458015267175573,0.3680555555555556,91,78,6872.007,7800.0,95592.24999999999,110264.25699999998,Infeasible,Violates MAX_HOLD_RATE
0.25,0.4,0.82,0.125,0.055,0.18,0.40458015267175573,0.3680555555555556,91,78,7588.33,6600.0,95592.24999999999,109780.57999999999,Infeasible,Violates MAX_HOLD_RATE
0.25,0.41,0.82,0.13125,0.04875,0.18,0.40458015267175573,0.3680555555555556,91,78,8014.77,5850.0,95592.24999999999,109457.01999999999,Feasible,N/A
0.25,0.42,0.82,0.13625,0.04375,0.18,0.40458015267175573,0.3680555555555556,91,78,8415.719000000001,5250.0,95592.24999999999,109257.96899999998,Feasible,N/A
0.25,0.43,0.82,0.14,0.04,0.18,0.40458015267175573,0.3680555555555556,91,78,8565.719000000001,4800.0,95592.24999999999,108957.96899999998,Feasible,N/A
0.25,0.44,0.82,0.14,0.04,0.18,0.40458015267175573,0.3680555555555556,91,78,8565.719000000001,4800.0,95592.24999999999,108957.96899999998,Feasible,N/A
0.25,0.45,0.82,0.145,0.035,0.18,0.40458015267175573,0.3680555555555556,91,78,8765.719000000001,4200.0,95592.24999999999,108557.96899999998,Feasible,N/A
0.25,0.46,0.82,0.1475,0.0325,0.18,0.40458015267175573,0.3680555555555556,91,78,9002.74,3900.0,95592.24999999999,108494.98999999999,Feasible,N/A
0.25,0.47,0.82,0.1525,0.0275,0.18,0.40458015267175573,0.3680555555555556,91,78,9743.145,3300.0,95592.24999999999,108635.39499999999,Feasible,N/A
0.25,0.48,0.82,0.15375,0.02625,0.18,0.40458015267175573,0.3680555555555556,91,78,9815.173,3150.0,95592.24999999999,108557.42299999998,Feasible,N/A
0.25,0.49,0.82,0.1575,0.0225,0.18,0.40458015267175573,0.3680555555555556,91,78,10283.608,2700.0,95592.24999999999,108575.85799999998,Feasible,N/A
0.25,0.5,0.82,0.16,0.02,0.18,0.40458015267175573,0.3680555555555556,91,78,10499.302,2400.0,95592.24999999999,108491.55199999998,Feasible,N/A
0.25,0.51,0.82,0.1625,0.0175,0.18,0.40458015267175573,0.3680555555555556,91,78,10823.571,2100.0,95592.24999999999,108515.82099999998,Feasible,N/A
0.25,0.52,0.82,0.16625,0.01375,0.18,0.40458015267175573,0.3680555555555556,91,78,11121.08,1650.0,95592.24999999999,108363.32999999999,Feasible,N/A
0.25,0.53,0.82,0.16625,0.01375,0.18,0.40458015267175573,0.3680555555555556,91,78,11121.08,1650.0,95592.24999999999,108363.32999999999,Feasible,N/A
0.25,0.54,0.82,0.1675,0.0125,0.18,0.40458015267175573,0.3680555555555556,91,78,11235.600000000002,1500.0,95592.24999999999,108327.84999999999,Feasible,N/A
0.25,0.55,0.82,0.17,0.01,0.18,0.40458015267175573,0.3680555555555556,91,78,11529.207,1200.0,95592.24999999999,108321.45699999998,Feasible,N/A
0.25,0.56,0.82,0.17125,0.00875,0.18,0.40458015267175573,0.3680555555555556,91,78,11579.207,1050.0,95592.24999999999,108221.45699999998,Feasible,N/A
0.25,0.57,0.82,0.1725,0.0075,0.18,0.40458015267175573,0.3680555555555556,91,78,11657.158,900.0,95592.24999999999,108149.40799999998,Feasible,N/A
0.25,0.58,0.82,0.17375,0.00625,0.18,0.40458015267175573,0.3680555555555556,91,78,11707.158,750.0,95592.24999999999,108049.40799999998,Feasible,N/A
0.25,0.59,0.82,0.17375,0.00625,0.18,0.40458015267175573,0.3680555555555556,91,78,11707.158,750.0,95592.24999999999,108049.40799999998,Feasible,N/A
0.25,0.6,0.82,0.175,0.005,0.18,0.40458015267175573,0.3680555555555556,91,78,11839.148000000001,600.0,95592.24999999999,108031.39799999999,Feasible,N/A
0.25,0.61,0.82,0.175,0.005,0.18,0.40458015267175573,0.3680555555555556,91,78,11839.148000000001,600.0,95592.24999999999,108031.39799999999,Feasible,N/A
0.25,0.62,0.82,0.175,0.005,0.18,0.40458015267175573,0.3680555555555556,91,78,11839.148000000001,600.0,95592.24999999999,108031.39799999999,Feasible,N/A
0.25,0.63,0.82,0.1775,0.0025,0.18,0.40458015267175573,0.3680555555555556,91,78,12076.603000000001,300.0,95592.24999999999,107968.85299999999,Feasible,N/A
0.25,0.64,0.82,0.17875,0.00125,0.18,0.40458015267175573,0.3680555555555556,91,78,12199.220000000001,150.0,95592.24999999999,107941.46999999999,Feasible,N/A
0.25,0.65,0.82,0.17875,0.00125,0.18,0.40458015267175573,0.3680555555555556,91,78,12199.220000000001,150.0,95592.24999999999,107941.46999999999,Feasible,N/A
0.25,0.66,0.82,0.17875,0.00125,0.18,0.40458015267175573,0.3680555555555556,91,78,12199.220000000001,150.0,95592.24999999999,107941.46999999999,Feasible,N/A
0.25,0.67,0.82,0.17875,0.00125,0.18,0.40458015267175573,0.3680555555555556,91,78,12199.220000000001,150.0,95592.24999999999,107941.46999999999,Feasible,N/A
0.25,0.68,0.82,0.17875,0.00125,0.18,0.40458015267175573,0.3680555555555556,91,78,12199.220000000001,150.0,95592.24999999999,107941.46999999999,Feasible,N/A
0.25,0.69,0.82,0.18,0.0,0.18,0.40458015267175573,0.3680555555555556,91,78,12249.220000000001,0.0,95592.24999999999,107841.46999999999,Feasible,N/A
0.25,0.7,0.82,0.18,0.0,0.18,0.40458015267175573,0.3680555555555556,91,78,12249.220000000001,0.0,95592.24999999999,107841.46999999999,Feasible,N/A
0.25,0.71,0.82,0.18,0.0,0.18,0.40458015267175573,0.3680555555555556,91,78,12249.220000000001,0.0,95592.24999999999,107841.46999999999,Feasible,N/A
0.25,0.72,0.82,0.18,0.0,0.18,0.40458015267175573,0.3680555555555556,91,78,12249.220000000001,0.0,95592.24999999999,107841.46999999999,Feasible,N/A
0.25,0.73,0.82,0.18,0.0,0.18,0.40458015267175573,0.3680555555555556,91,78,12249.220000000001,0.0,95592.24999999999,107841.46999999999,Feasible,N/A
0.25,0.74,0.82,0.18,0.0,0.18,0.40458015267175573,0.3680555555555556,91,78,12249.220000000001,0.0,95592.24999999999,107841.46999999999,Feasible,N/A
0.25,0.75,0.82,0.18,0.0,0.18,0.40458015267175573,0.3680555555555556,91,78,12249.220000000001,0.0,95592.24999999999,107841.46999999999,Feasible,N/A
0.25,0.76,0.82,0.18,0.0,0.18,0.40458015267175573,0.3680555555555556,91,78,12249.220000000001,0.0,95592.24999999999,107841.46999999999,Feasible,N/A
0.25,0.77,0.82,0.18,0.0,0.18,0.40458015267175573,0.3680555555555556,91,78,12249.220000000001,0.0,95592.24999999999,107841.46999999999,Feasible,N/A
0.25,0.78,0.82,0.18,0.0,0.18,0.40458015267175573,0.3680555555555556,91,78,12249.220000000001,0.0,95592.24999999999,107841.46999999999,Feasible,N/A
0.25,0.79,0.82,0.18,0.0,0.18,0.40458015267175573,0.3680555555555556,91,78,12249.220000000001,0.0,95592.24999999999,107841.46999999999,Feasible,N/A
0.25,0.8,0.82,0.18,0.0,0.18,0.40458015267175573,0.3680555555555556,91,78,12249.220000000001,0.0,95592.24999999999,107841.46999999999,Feasible,N/A
0.25,0.81,0.82,0.18,0.0,0.18,0.40458015267175573,0.3680555555555556,91,78,12249.220000000001,0.0,95592.24999999999,107841.46999999999,Feasible,N/A
0.25,0.82,0.82,0.18,0.0,0.18,0.40458015267175573,0.3680555555555556,91,78,12249.220000000001,0.0,95592.24999999999,107841.46999999999,Feasible,N/A
0.25,0.83,0.82,0.18,0.0,0.18,0.40458015267175573,0.3680555555555556,91,78,12249.220000000001,0.0,95592.24999999999,107841.46999999999,Feasible,N/A
0.25,0.84,0.82,0.18,0.0,0.18,0.40458015267175573,0.3680555555555556,91,78,12249.220000000001,0.0,95592.24999999999,107841.46999999999,Feasible,N/A
0.25,0.85,0.82,0.18,0.0,0.18,0.40458015267175573,0.3680555555555556,91,78,12249.220000000001,0.0,95592.24999999999,107841.46999999999,Feasible,N/A
0.25,0.86,0.82,0.18,0.0,0.18,0.40458015267175573,0.3680555555555556,91,78,12249.220000000001,0.0,95592.24999999999,107841.46999999999,Feasible,N/A
0.25,0.87,0.82,0.18,0.0,0.18,0.40458015267175573,0.3680555555555556,91,78,12249.220000000001,0.0,95592.24999999999,107841.46999999999,Feasible,N/A
0.25,0.88,0.82,0.18,0.0,0.18,0.40458015267175573,0.3680555555555556,91,78,12249.220000000001,0.0,95592.24999999999,107841.46999999999,Feasible,N/A
0.25,0.89,0.82,0.18,0.0,0.18,0.40458015267175573,0.3680555555555556,91,78,12249.220000000001,0.0,95592.24999999999,107841.46999999999,Feasible,N/A
0.25,0.9,0.82,0.18,0.0,0.18,0.40458015267175573,0.3680555555555556,91,78,12249.220000000001,0.0,95592.24999999999,107841.46999999999,Feasible,N/A
0.25,0.91,0.82,0.18,0.0,0.18,0.40458015267175573,0.3680555555555556,91,78,12249.220000000001,0.0,95592.24999999999,107841.46999999999,Feasible,N/A
0.25,0.92,0.82,0.18,0.0,0.18,0.40458015267175573,0.3680555555555556,91,78,12249.220000000001,0.0,95592.24999999999,107841.46999999999,Feasible,N/A
0.25,0.93,0.82,0.18,0.0,0.18,0.40458015267175573,0.3680555555555556,91,78,12249.220000000001,0.0,95592.24999999999,107841.46999999999,Feasible,N/A
0.25,0.94,0.82,0.18,0.0,0.18,0.40458015267175573,0.3680555555555556,91,78,12249.220000000001,0.0,95592.24999999999,107841.46999999999,Feasible,N/A
0.25,0.95,0.82,0.18,0.0,0.18,0.40458015267175573,0.3680555555555556,91,78,12249.220000000001,0.0,95592.24999999999,107841.46999999999,Feasible,N/A
0.25,0.96,0.82,0.18,0.0,0.18,0.40458015267175573,0.3680555555555556,91,78,12249.220000000001,0.0,95592.24999999999,107841.46999999999,Feasible,N/A
0.25,0.97,0.82,0.18,0.0,0.18,0.40458015267175573,0.3680555555555556,91,78,12249.220000000001,0.0,95592.24999999999,107841.46999999999,Feasible,N/A
0.25,0.98,0.82,0.18,0.0,0.18,0.40458015267175573,0.3680555555555556,91,78,12249.220000000001,0.0,95592.24999999999,107841.46999999999,Feasible,N/A
0.25,0.99,0.82,0.18,0.0,0.18,0.40458015267175573,0.3680555555555556,91,78,12249.220000000001,0.0,95592.24999999999,107841.46999999999,Feasible,N/A
0.26,0.27,0.825,0.00875,0.16625,0.175,0.40458015267175573,0.37857142857142856,87,78,426.097,19950.0,95592.24999999999,115968.34699999998,Infeasible,Violates MAX_HOLD_RATE
0.26,0.28,0.825,0.015,0.16,0.175,0.40458015267175573,0.37857142857142856,87,78,706.429,19200.0,95592.24999999999,115498.67899999999,Infeasible,Violates MAX_HOLD_RATE
0.26,0.29,0.825,0.02625,0.14875,0.175,0.40458015267175573,0.37857142857142856,87,78,1215.357,17850.0,95592.24999999999,114657.60699999999,Infeasible,Violates MAX_HOLD_RATE
0.26,0.3,0.825,0.0375,0.1375,0.175,0.40458015267175573,0.37857142857142856,87,78,2092.7,16500.0,95592.24999999999,114184.94999999998,Infeasible,Violates MAX_HOLD_RATE
0.26,0.31,0.825,0.05125,0.12375,0.175,0.40458015267175573,0.37857142857142856,87,78,3120.572,14850.0,95592.24999999999,113562.82199999999,Infeasible,Violates MAX_HOLD_RATE
0.26,0.32,0.825,0.0675,0.1075,0.175,0.40458015267175573,0.37857142857142856,87,78,3878.5299999999997,12900.0,95592.24999999999,112370.77999999998,Infeasible,Violates MAX_HOLD_RATE
0.26,0.33,0.825,0.07375,0.10125,0.175,0.40458015267175573,0.37857142857142856,87,78,4153.177,12150.0,95592.24999999999,111895.42699999998,Infeasible,Violates MAX_HOLD_RATE
0.26,0.34,0.825,0.085,0.09,0.175,0.40458015267175573,0.37857142857142856,87,78,4924.621,10800.0,95592.24999999999,111316.87099999998,Infeasible,Violates MAX_HOLD_RATE
0.26,0.35,0.825,0.08875,0.08625,0.175,0.40458015267175573,0.37857142857142856,87,78,5124.505,10350.0,95592.24999999999,111066.75499999999,Infeasible,Violates MAX_HOLD_RATE
0.26,0.36,0.825,0.09625,0.07875,0.175,0.40458015267175573,0.37857142857142856,87,78,5604.812,9450.0,95592.24999999999,110647.06199999999,Infeasible,Violates MAX_HOLD_RATE
0.26,0.37,0.825,0.10125,0.07375,0.175,0.40458015267175573,0.37857142857142856,87,78,6322.007,8850.0,95592.24999999999,110764.25699999998,Infeasible,Violates MAX_HOLD_RATE
0.26,0.38,0.825,0.10375,0.07125,0.175,0.40458015267175573,0.37857142857142856,87,78,6422.007,8550.0,95592.24999999999,110564.25699999998,Infeasible,Violates MAX_HOLD_RATE
0.26,0.39,0.825,0.11,0.065,0.175,0.40458015267175573,0.37857142857142856,87,78,6672.007,7800.0,95592.24999999999,110064.25699999998,Infeasible,Violates MAX_HOLD_RATE
0.26,0.4,0.825,0.12,0.055,0.175,0.40458015267175573,0.37857142857142856,87,78,7388.33,6600.0,95592.24999999999,109580.57999999999,Infeasible,Violates MAX_HOLD_RATE
0.26,0.41,0.825,0.12625,0.04875,0.175,0.40458015267175573,0.37857142857142856,87,78,7814.77,5850.0,95592.24999999999,109257.01999999999,Feasible,N/A
0.26,0.42,0.825,0.13125,0.04375,0.175,0.40458015267175573,0.37857142857142856,87,78,8215.719000000001,5250.0,95592.24999999999,109057.96899999998,Feasible,N/A
0.26,0.43,0.825,0.135,0.04,0.175,0.40458015267175573,0.37857142857142856,87,78,8365.719000000001,4800.0,95592.24999999999,108757.96899999998,Feasible,N/A
0.26,0.44,0.825,0.135,0.04,0.175,0.40458015267175573,0.37857142857142856,87,78,8365.719000000001,4800.0,95592.24999999999,108757.96899999998,Feasible,N/A
0.26,0.45,0.825,0.14,0.035,0.175,0.40458015267175573,0.37857142857142856,87,78,8565.719000000001,4200.0,95592.24999999999,108357.96899999998,Feasible,N/A
0.26,0.46,0.825,0.1425,0.0325,0.175,0.40458015267175573,0.37857142857142856,87,78,8802.74,3900.0,95592.24999999999,108294.98999999999,Feasible,N/A
0.26,0.47,0.825,0.1475,0.0275,0.175,0.40458015267175573,0.37857142857142856,87,78,9543.145,3300.0,95592.24999999999,108435.39499999999,Feasible,N/A
0.26,0.48,0.825,0.14875,0.02625,0.175,0.40458015267175573,0.37857142857142856,87,78,9615.173,3150.0,95592.24999999999,108357.42299999998,Feasible,N/A
0.26,0.49,0.825,0.1525,0.0225,0.175,0.40458015267175573,0.37857142857142856,87,78,10083.608,2700.0,95592.24999999999,108375.85799999998,Feasible,N/A
0.26,0.5,0.825,0.155,0.02,0.175,0.40458015267175573,0.37857142857142856,87,78,10299.302,2400.0,95592.24999999999,108291.55199999998,Feasible,N/A
0.26,0.51,0.825,0.1575,0.0175,0.175,0.40458015267175573,0.37857142857142856,87,78,10623.571,2100.0,95592.24999999999,108315.82099999998,Feasible,N/A
0.26,0.52,0.825,0.16125,0.01375,0.175,0.40458015267175573,0.37857142857142856,87,78,10921.08,1650.0,95592.24999999999,108163.32999999999,Feasible,N/A
0.26,0.53,0.825,0.16125,0.01375,0.175,0.40458015267175573,0.37857142857142856,87,78,10921.08,1650.0,95592.24999999999,108163.32999999999,Feasible,N/A
0.26,0.54,0.825,0.1625,0.0125,0.175,0.40458015267175573,0.37857142857142856,87,78,11035.600000000002,1500.0,95592.24999999999,108127.84999999999,Feasible,N/A
0.26,0.55,0.825,0.165,0.01,0.175,0.40458015267175573,0.37857142857142856,87,78,11329.207,1200.0,95592.24999999999,108121.45699999998,Feasible,N/A
0.26,0.56,0.825,0.16625,0.00875,0.175,0.40458015267175573,0.37857142857142856,87,78,11379.207,1050.0,95592.24999999999,108021.45699999998,Feasible,N/A
0.26,0.57,0.825,0.1675,0.0075,0.175,0.40458015267175573,0.37857142857142856,87,78,11457.158,900.0,95592.24999999999,107949.40799999998,Feasible,N/A
0.26,0.58,0.825,0.16875,0.00625,0.175,0.40458015267175573,0.37857142857142856,87,78,11507.158,750.0,95592.24999999999,107849.40799999998,Feasible,N/A
0.26,0.59,0.825,0.16875,0.00625,0.175,0.40458015267175573,0.37857142857142856,87,78,11507.158,750.0,95592.24999999999,107849.40799999998,Feasible,N/A
0.26,0.6,0.825,0.17,0.005,0.175,0.40458015267175573,0.37857142857142856,87,78,11639.148000000001,600.0,95592.24999999999,107831.39799999999,Feasible,N/A
0.26,0.61,0.825,0.17,0.005,0.175,0.40458015267175573,0.37857142857142856,87,78,11639.148000000001,600.0,95592.24999999999,107831.39799999999,Feasible,N/A
0.26,0.62,0.825,0.17,0.005,0.175,0.40458015267175573,0.37857142857142856,87,78,11639.148000000001,600.0,95592.24999999999,107831.39799999999,Feasible,N/A
0.26,0.63,0.825,0.1725,0.0025,0.175,0.40458015267175573,0.37857142857142856,87,78,11876.603000000001,300.0,95592.24999999999,107768.85299999999,Feasible,N/A
0.26,0.64,0.825,0.17375,0.00125,0.175,0.40458015267175573,0.37857142857142856,87,78,11999.220000000001,150.0,95592.24999999999,107741.46999999999,Feasible,N/A
0.26,0.65,0.825,0.17375,0.00125,0.175,0.40458015267175573,0.37857142857142856,87,78,11999.220000000001,150.0,95592.24999999999,107741.46999999999,Feasible,N/A
0.26,0.66,0.825,0.17375,0.00125,0.175,0.40458015267175573,0.37857142857142856,87,78,11999.220000000001,150.0,95592.24999999999,107741.46999999999,Feasible,N/A
0.26,0.67,0.825,0.17375,0.00125,0.175,0.40458015267175573,0.37857142857142856,87,78,11999.220000000001,150.0,95592.24999999999,107741.46999999999,Feasible,N/A
0.26,0.68,0.825,0.17375,0.00125,0.175,0.40458015267175573,0.37857142857142856,87,78,11999.220000000001,150.0,95592.24999999999,107741.46999999999,Feasible,N/A
0.26,0.69,0.825,0.175,0.0,0.175,0.40458015267175573,0.37857142857142856,87,78,12049.220000000001,0.0,95592.24999999999,107641.46999999999,Feasible,N/A
0.26,0.7,0.825,0.175,0.0,0.175,0.40458015267175573,0.37857142857142856,87,78,12049.220000000001,0.0,95592.24999999999,107641.46999999999,Feasible,N/A
0.26,0.71,0.825,0.175,0.0,0.175,0.40458015267175573,0.37857142857142856,87,78,12049.220000000001,0.0,95592.24999999999,107641.46999999999,Feasible,N/A
0.26,0.72,0.825,0.175,0.0,0.175,0.40458015267175573,0.37857142857142856,87,78,12049.220000000001,0.0,95592.24999999999,107641.46999999999,Feasible,N/A
0.26,0.73,0.825,0.175,0.0,0.175,0.40458015267175573,0.37857142857142856,87,78,12049.220000000001,0.0,95592.24999999999,107641.46999999999,Feasible,N/A
0.26,0.74,0.825,0.175,0.0,0.175,0.40458015267175573,0.37857142857142856,87,78,12049.220000000001,0.0,95592.24999999999,107641.46999999999,Feasible,N/A
0.26,0.75,0.825,0.175,0.0,0.175,0.40458015267175573,0.37857142857142856,87,78,12049.220000000001,0.0,95592.24999999999,107641.46999999999,Feasible,N/A
0.26,0.76,0.825,0.175,0.0,0.175,0.40458015267175573,0.37857142857142856,87,78,12049.220000000001,0.0,95592.24999999999,107641.46999999999,Feasible,N/A
0.26,0.77,0.825,0.175,0.0,0.175,0.40458015267175573,0.37857142857142856,87,78,12049.220000000001,0.0,95592.24999999999,107641.46999999999,Feasible,N/A
0.26,0.78,0.825,0.175,0.0,0.175,0.40458015267175573,0.37857142857142856,87,78,12049.220000000001,0.0,95592.24999999999,107641.46999999999,Feasible,N/A
0.26,0.79,0.825,0.175,0.0,0.175,0.40458015267175573,0.37857142857142856,87,78,12049.220000000001,0.0,95592.24999999999,107641.46999999999,Feasible,N/A
0.26,0.8,0.825,0.175,0.0,0.175,0.40458015267175573,0.37857142857142856,87,78,12049.220000000001,0.0,95592.24999999999,107641.46999999999,Feasible,N/A
0.26,0.81,0.825,0.175,0.0,0.175,0.40458015267175573,0.37857142857142856,87,78,12049.220000000001,0.0,95592.24999999999,107641.46999999999,Feasible,N/A
0.26,0.82,0.825,0.175,0.0,0.175,0.40458015267175573,0.37857142857142856,87,78,12049.220000000001,0.0,95592.24999999999,107641.46999999999,Feasible,N/A
0.26,0.83,0.825,0.175,0.0,0.175,0.40458015267175573,0.37857142857142856,87,78,12049.220000000001,0.0,95592.24999999999,107641.46999999999,Feasible,N/A
0.26,0.84,0.825,0.175,0.0,0.175,0.40458015267175573,0.37857142857142856,87,78,12049.220000000001,0.0,95592.24999999999,107641.46999999999,Feasible,N/A
0.26,0.85,0.825,0.175,0.0,0.175,0.40458015267175573,0.37857142857142856,87,78,12049.220000000001,0.0,95592.24999999999,107641.46999999999,Feasible,N/A
0.26,0.86,0.825,0.175,0.0,0.175,0.40458015267175573,0.37857142857142856,87,78,12049.220000000001,0.0,95592.24999999999,107641.46999999999,Feasible,N/A
0.26,0.87,0.825,0.175,0.0,0.175,0.40458015267175573,0.37857142857142856,87,78,12049.220000000001,0.0,95592.24999999999,107641.46999999999,Feasible,N/A
0.26,0.88,0.825,0.175,0.0,0.175,0.40458015267175573,0.37857142857142856,87,78,12049.220000000001,0.0,95592.24999999999,107641.46999999999,Feasible,N/A
0.26,0.89,0.825,0.175,0.0,0.175,0.40458015267175573,0.37857142857142856,87,78,12049.220000000001,0.0,95592.24999999999,107641.46999999999,Feasible,N/A
0.26,0.9,0.825,0.175,0.0,0.175,0.40458015267175573,0.37857142857142856,87,78,12049.220000000001,0.0,95592.24999999999,107641.46999999999,Feasible,N/A
0.26,0.91,0.825,0.175,0.0,0.175,0.40458015267175573,0.37857142857142856,87,78,12049.220000000001,0.0,95592.24999999999,107641.46999999999,Feasible,N/A
0.26,0.92,0.825,0.175,0.0,0.175,0.40458015267175573,0.37857142857142856,87,78,12049.220000000001,0.0,95592.24999999999,107641.46999999999,Feasible,N/A
0.26,0.93,0.825,0.175,0.0,0.175,0.40458015267175573,0.37857142857142856,87,78,12049.220000000001,0.0,95592.24999999999,107641.46999999999,Feasible,N/A
0.26,0.94,0.825,0.175,0.0,0.175,0.40458015267175573,0.37857142857142856,87,78,12049.220000000001,0.0,95592.24999999999,107641.46999999999,Feasible,N/A
0.26,0.95,0.825,0.175,0.0,0.175,0.40458015267175573,0.37857142857142856,87,78,12049.220000000001,0.0,95592.24999999999,107641.46999999999,Feasible,N/A
0.26,0.96,0.825,0.175,0.0,0.175,0.40458015267175573,0.37857142857142856,87,78,12049.220000000001,0.0,95592.24999999999,107641.46999999999,Feasible,N/A
0.26,0.97,0.825,0.175,0.0,0.175,0.40458015267175573,0.37857142857142856,87,78,12049.220000000001,0.0,95592.24999999999,107641.46999999999,Feasible,N/A
0.26,0.98,0.825,0.175,0.0,0.175,0.40458015267175573,0.37857142857142856,87,78,12049.220000000001,0.0,95592.24999999999,107641.46999999999,Feasible,N/A
0.26,0.99,0.825,0.175,0.0,0.175,0.40458015267175573,0.37857142857142856,87,78,12049.220000000001,0.0,95592.24999999999,107641.46999999999,Feasible,N/A
0.27,0.28,0.83375,0.00625,0.16,0.16625,0.3969465648854962,0.39097744360902253,81,79,280.332,19200.0,96353.22,115833.552,Infeasible,Violates MAX_HOLD_RATE
0.27,0.29,0.83375,0.0175,0.14875,0.16625,0.3969465648854962,0.39097744360902253,81,79,789.26,17850.0,96353.22,114992.48,Infeasible,Violates MAX_HOLD_RATE
0.27,0.3,0.83375,0.02875,0.1375,0.16625,0.3969465648854962,0.39097744360902253,81,79,1666.603,16500.0,96353.22,114519.823,Infeasible,Violates MAX_HOLD_RATE
0.27,0.31,0.83375,0.0425,0.12375,0.16625,0.3969465648854962,0.39097744360902253,81,79,2694.475,14850.0,96353.22,113897.695,Infeasible,Violates MAX_HOLD_RATE
0.27,0.32,0.83375,0.05875,0.1075,0.16625,0.3969465648854962,0.39097744360902253,81,79,3452.433,12900.0,96353.22,112705.653,Infeasible,Violates MAX_HOLD_RATE
0.27,0.33,0.83375,0.065,0.10125,0.16625,0.3969465648854962,0.39097744360902253,81,79,3727.08,12150.0,96353.22,112230.3,Infeasible,Violates MAX_HOLD_RATE
0.27,0.34,0.83375,0.07625,0.09,0.16625,0.3969465648854962,0.39097744360902253,81,79,4498.524,10800.0,96353.22,111651.744,Infeasible,Violates MAX_HOLD_RATE
0.27,0.35,0.83375,0.08,0.08625,0.16625,0.3969465648854962,0.39097744360902253,81,79,4698.408,10350.0,96353.22,111401.628,Infeasible,Violates MAX_HOLD_RATE
0.27,0.36,0.83375,0.0875,0.07875,0.16625,0.3969465648854962,0.39097744360902253,81,79,5178.715,9450.0,96353.22,110981.935,Infeasible,Violates MAX_HOLD_RATE
0.27,0.37,0.83375,0.0925,0.07375,0.16625,0.3969465648854962,0.39097744360902253,81,79,5895.91,8850.0,96353.22,111099.13,Infeasible,Violates MAX_HOLD_RATE
0.27,0.38,0.83375,0.095,0.07125,0.16625,0.3969465648854962,0.39097744360902253,81,79,5995.91,8550.0,96353.22,110899.13,Infeasible,Violates MAX_HOLD_RATE
0.27,0.39,0.83375,0.10125,0.065,0.16625,0.3969465648854962,0.39097744360902253,81,79,6245.91,7800.0,96353.22,110399.13,Infeasible,Violates MAX_HOLD_RATE
0.27,0.4,0.83375,0.11125,0.055,0.16625,0.3969465648854962,0.39097744360902253,81,79,6962.233,6600.0,96353.22,109915.45300000001,Infeasible,Violates MAX_HOLD_RATE
0.27,0.41,0.83375,0.1175,0.04875,0.16625,0.3969465648854962,0.39097744360902253,81,79,7388.673,5850.0,96353.22,109591.893,Feasible,N/A
0.27,0.42,0.83375,0.1225,0.04375,0.16625,0.3969465648854962,0.39097744360902253,81,79,7789.622,5250.0,96353.22,109392.842,Feasible,N/A
0.27,0.43,0.83375,0.12625,0.04,0.16625,0.3969465648854962,0.39097744360902253,81,79,7939.622,4800.0,96353.22,109092.842,Feasible,N/A
0.27,0.44,0.83375,0.12625,0.04,0.16625,0.3969465648854962,0.39097744360902253,81,79,7939.622,4800.0,96353.22,109092.842,Feasible,N/A
0.27,0.45,0.83375,0.13125,0.035,0.16625,0.3969465648854962,0.39097744360902253,81,79,8139.622,4200.0,96353.22,108692.842,Feasible,N/A
0.27,0.46,0.83375,0.13375,0.0325,0.16625,0.3969465648854962,0.39097744360902253,81,79,8376.643,3900.0,96353.22,108629.863,Feasible,N/A
0.27,0.47,0.83375,0.13875,0.0275,0.16625,0.3969465648854962,0.39097744360902253,81,79,9117.048,3300.0,96353.22,108770.268,Feasible,N/A
0.27,0.48,0.83375,0.14,0.02625,0.16625,0.3969465648854962,0.39097744360902253,81,79,9189.076000000001,3150.0,96353.22,108692.296,Feasible,N/A
0.27,0.49,0.83375,0.14375,0.0225,0.16625,0.3969465648854962,0.39097744360902253,81,79,9657.511,2700.0,96353.22,108710.731,Feasible,N/A
0.27,0.5,0.83375,0.14625,0.02,0.16625,0.3969465648854962,0.39097744360902253,81,79,9873.205,2400.0,96353.22,108626.425,Feasible,N/A
0.27,0.51,0.83375,0.14875,0.0175,0.16625,0.3969465648854962,0.39097744360902253,81,79,10197.474,2100.0,96353.22,108650.694,Feasible,N/A
0.27,0.52,0.83375,0.1525,0.01375,0.16625,0.3969465648854962,0.39097744360902253,81,79,10494.983,1650.0,96353.22,108498.20300000001,Feasible,N/A
0.27,0.53,0.83375,0.1525,0.01375,0.16625,0.3969465648854962,0.39097744360902253,81,79,10494.983,1650.0,96353.22,108498.20300000001,Feasible,N/A
0.27,0.54,0.83375,0.15375,0.0125,0.16625,0.3969465648854962,0.39097744360902253,81,79,10609.503,1500.0,96353.22,108462.723,Feasible,N/A
0.27,0.55,0.83375,0.15625,0.01,0.16625,0.3969465648854962,0.39097744360902253,81,79,10903.11,1200.0,96353.22,108456.33,Feasible,N/A
0.27,0.56,0.83375,0.1575,0.00875,0.16625,0.3969465648854962,0.39097744360902253,81,79,10953.11,1050.0,96353.22,108356.33,Feasible,N/A
0.27,0.57,0.83375,0.15875,0.0075,0.16625,0.3969465648854962,0.39097744360902253,81,79,11031.061,900.0,96353.22,108284.281,Feasible,N/A
0.27,0.58,0.83375,0.16,0.00625,0.16625,0.3969465648854962,0.39097744360902253,81,79,11081.061,750.0,96353.22,108184.281,Feasible,N/A
0.27,0.59,0.83375,0.16,0.00625,0.16625,0.3969465648854962,0.39097744360902253,81,79,11081.061,750.0,96353.22,108184.281,Feasible,N/A
0.27,0.6,0.83375,0.16125,0.005,0.16625,0.3969465648854962,0.39097744360902253,81,79,11213.051,600.0,96353.22,108166.27100000001,Feasible,N/A
0.27,0.61,0.83375,0.16125,0.005,0.16625,0.3969465648854962,0.39097744360902253,81,79,11213.051,600.0,96353.22,108166.27100000001,Feasible,N/A
0.27,0.62,0.83375,0.16125,0.005,0.16625,0.3969465648854962,0.39097744360902253,81,79,11213.051,600.0,96353.22,108166.27100000001,Feasible,N/A
0.27,0.63,0.83375,0.16375,0.0025,0.16625,0.3969465648854962,0.39097744360902253,81,79,11450.506000000001,300.0,96353.22,108103.726,Feasible,N/A
0.27,0.64,0.83375,0.165,0.00125,0.16625,0.3969465648854962,0.39097744360902253,81,79,11573.123,150.0,96353.22,108076.343,Feasible,N/A
0.27,0.65,0.83375,0.165,0.00125,0.16625,0.3969465648854962,0.39097744360902253,81,79,11573.123,150.0,96353.22,108076.343,Feasible,N/A
0.27,0.66,0.83375,0.165,0.00125,0.16625,0.3969465648854962,0.39097744360902253,81,79,11573.123,150.0,96353.22,108076.343,Feasible,N/A
0.27,0.67,0.83375,0.165,0.00125,0.16625,0.3969465648854962,0.39097744360902253,81,79,11573.123,150.0,96353.22,108076.343,Feasible,N/A
0.27,0.68,0.83375,0.165,0.00125,0.16625,0.3969465648854962,0.39097744360902253,81,79,11573.123,150.0,96353.22,108076.343,Feasible,N/A
0.27,0.69,0.83375,0.16625,0.0,0.16625,0.3969465648854962,0.39097744360902253,81,79,11623.123,0.0,96353.22,107976.343,Feasible,N/A
0.27,0.7,0.83375,0.16625,0.0,0.16625,0.3969465648854962,0.39097744360902253,81,79,11623.123,0.0,96353.22,107976.343,Feasible,N/A
0.27,0.71,0.83375,0.16625,0.0,0.16625,0.3969465648854962,0.39097744360902253,81,79,11623.123,0.0,96353.22,107976.343,Feasible,N/A
0.27,0.72,0.83375,0.16625,0.0,0.16625,0.3969465648854962,0.39097744360902253,81,79,11623.123,0.0,96353.22,107976.343,Feasible,N/A
0.27,0.73,0.83375,0.16625,0.0,0.16625,0.3969465648854962,0.39097744360902253,81,79,11623.123,0.0,96353.22,107976.343,Feasible,N/A
0.27,0.74,0.83375,0.16625,0.0,0.16625,0.3969465648854962,0.39097744360902253,81,79,11623.123,0.0,96353.22,107976.343,Feasible,N/A
0.27,0.75,0.83375,0.16625,0.0,0.16625,0.3969465648854962,0.39097744360902253,81,79,11623.123,0.0,96353.22,107976.343,Feasible,N/A
0.27,0.76,0.83375,0.16625,0.0,0.16625,0.3969465648854962,0.39097744360902253,81,79,11623.123,0.0,96353.22,107976.343,Feasible,N/A
0.27,0.77,0.83375,0.16625,0.0,0.16625,0.3969465648854962,0.39097744360902253,81,79,11623.123,0.0,96353.22,107976.343,Feasible,N/A
0.27,0.78,0.83375,0.16625,0.0,0.16625,0.3969465648854962,0.39097744360902253,81,79,11623.123,0.0,96353.22,107976.343,Feasible,N/A
0.27,0.79,0.83375,0.16625,0.0,0.16625,0.3969465648854962,0.39097744360902253,81,79,11623.123,0.0,96353.22,107976.343,Feasible,N/A
0.27,0.8,0.83375,0.16625,0.0,0.16625,0.3969465648854962,0.39097744360902253,81,79,11623.123,0.0,96353.22,107976.343,Feasible,N/A
0.27,0.81,0.83375,0.16625,0.0,0.16625,0.3969465648854962,0.39097744360902253,81,79,11623.123,0.0,96353.22,107976.343,Feasible,N/A
0.27,0.82,0.83375,0.16625,0.0,0.16625,0.3969465648854962,0.39097744360902253,81,79,11623.123,0.0,96353.22,107976.343,Feasible,N/A
0.27,0.83,0.83375,0.16625,0.0,0.16625,0.3969465648854962,0.39097744360902253,81,79,11623.123,0.0,96353.22,107976.343,Feasible,N/A
0.27,0.84,0.83375,0.16625,0.0,0.16625,0.3969465648854962,0.39097744360902253,81,79,11623.123,0.0,96353.22,107976.343,Feasible,N/A
0.27,0.85,0.83375,0.16625,0.0,0.16625,0.3969465648854962,0.39097744360902253,81,79,11623.123,0.0,96353.22,107976.343,Feasible,N/A
0.27,0.86,0.83375,0.16625,0.0,0.16625,0.3969465648854962,0.39097744360902253,81,79,11623.123,0.0,96353.22,107976.343,Feasible,N/A
0.27,0.87,0.83375,0.16625,0.0,0.16625,0.3969465648854962,0.39097744360902253,81,79,11623.123,0.0,96353.22,107976.343,Feasible,N/A
0.27,0.88,0.83375,0.16625,0.0,0.16625,0.3969465648854962,0.39097744360902253,81,79,11623.123,0.0,96353.22,107976.343,Feasible,N/A
0.27,0.89,0.83375,0.16625,0.0,0.16625,0.3969465648854962,0.39097744360902253,81,79,11623.123,0.0,96353.22,107976.343,Feasible,N/A
0.27,0.9,0.83375,0.16625,0.0,0.16625,0.3969465648854962,0.39097744360902253,81,79,11623.123,0.0,96353.22,107976.343,Feasible,N/A
0.27,0.91,0.83375,0.16625,0.0,0.16625,0.3969465648854962,0.39097744360902253,81,79,11623.123,0.0,96353.22,107976.343,Feasible,N/A
0.27,0.92,0.83375,0.16625,0.0,0.16625,0.3969465648854962,0.39097744360902253,81,79,11623.123,0.0,96353.22,107976.343,Feasible,N/A
0.27,0.93,0.83375,0.16625,0.0,0.16625,0.3969465648854962,0.39097744360902253,81,79,11623.123,0.0,96353.22,107976.343,Feasible,N/A
0.27,0.94,0.83375,0.16625,0.0,0.16625,0.3969465648854962,0.39097744360902253,81,79,11623.123,0.0,96353.22,107976.343,Feasible,N/A
0.27,0.95,0.83375,0.16625,0.0,0.16625,0.3969465648854962,0.39097744360902253,81,79,11623.123,0.0,96353.22,107976.343,Feasible,N/A
0.27,0.96,0.83375,0.16625,0.0,0.16625,0.3969465648854962,0.39097744360902253,81,79,11623.123,0.0,96353.22,107976.343,Feasible,N/A
0.27,0.97,0.83375,0.16625,0.0,0.16625,0.3969465648854962,0.39097744360902253,81,79,11623.123,0.0,96353.22,107976.343,Feasible,N/A
0.27,0.98,0.83375,0.16625,0.0,0.16625,0.3969465648854962,0.39097744360902253,81,79,11623.123,0.0,96353.22,107976.343,Feasible,N/A
0.27,0.99,0.83375,0.16625,0.0,0.16625,0.3969465648854962,0.39097744360902253,81,79,11623.123,0.0,96353.22,107976.343,Feasible,N/A
0.28,0.29,0.84,0.01125,0.14875,0.16,0.3893129770992366,0.3984375,77,80,508.928,17850.0,96656.54000000001,115015.46800000001,Infeasible,Violates MAX_HOLD_RATE
0.28,0.3,0.84,0.0225,0.1375,0.16,0.3893129770992366,0.3984375,77,80,1386.271,16500.0,96656.54000000001,114542.811,Infeasible,Violates MAX_HOLD_RATE
0.28,0.31,0.84,0.03625,0.12375,0.16,0.3893129770992366,0.3984375,77,80,2414.143,14850.0,96656.54000000001,113920.683,Infeasible,Violates MAX_HOLD_RATE
0.28,0.32,0.84,0.0525,0.1075,0.16,0.3893129770992366,0.3984375,77,80,3172.101,12900.0,96656.54000000001,112728.641,Infeasible,Violates MAX_HOLD_RATE
0.28,0.33,0.84,0.05875,0.10125,0.16,0.3893129770992366,0.3984375,77,80,3446.748,12150.0,96656.54000000001,112253.28800000002,Infeasible,Violates MAX_HOLD_RATE
0.28,0.34,0.84,0.07,0.09,0.16,0.3893129770992366,0.3984375,77,80,4218.192,10800.0,96656.54000000001,111674.732,Infeasible,Violates MAX_HOLD_RATE
0.28,0.35,0.84,0.07375,0.08625,0.16,0.3893129770992366,0.3984375,77,80,4418.076,10350.0,96656.54000000001,111424.61600000001,Infeasible,Violates MAX_HOLD_RATE
0.28,0.36,0.84,0.08125,0.07875,0.16,0.3893129770992366,0.3984375,77,80,4898.383,9450.0,96656.54000000001,111004.92300000001,Infeasible,Violates MAX_HOLD_RATE
0.28,0.37,0.84,0.08625,0.07375,0.16,0.3893129770992366,0.3984375,77,80,5615.5779999999995,8850.0,96656.54000000001,111122.118,Infeasible,Violates MAX_HOLD_RATE
0.28,0.38,0.84,0.08875,0.07125,0.16,0.3893129770992366,0.3984375,77,80,5715.5779999999995,8550.0,96656.54000000001,110922.118,Infeasible,Violates MAX_HOLD_RATE
0.28,0.39,0.84,0.095,0.065,0.16,0.3893129770992366,0.3984375,77,80,5965.5779999999995,7800.0,96656.54000000001,110422.118,Infeasible,Violates MAX_HOLD_RATE
0.28,0.4,0.84,0.105,0.055,0.16,0.3893129770992366,0.3984375,77,80,6681.901,6600.0,96656.54000000001,109938.441,Infeasible,Violates MAX_HOLD_RATE
0.28,0.41,0.84,0.11125,0.04875,0.16,0.3893129770992366,0.3984375,77,80,7108.341,5850.0,96656.54000000001,109614.88100000001,Feasible,N/A
0.28,0.42,0.84,0.11625,0.04375,0.16,0.3893129770992366,0.3984375,77,80,7509.290000000001,5250.0,96656.54000000001,109415.83000000002,Feasible,N/A
0.28,0.43,0.84,0.12,0.04,0.16,0.3893129770992366,0.3984375,77,80,7659.290000000001,4800.0,96656.54000000001,109115.83000000002,Feasible,N/A
0.28,0.44,0.84,0.12,0.04,0.16,0.3893129770992366,0.3984375,77,80,7659.290000000001,4800.0,96656.54000000001,109115.83000000002,Feasible,N/A
0.28,0.45,0.84,0.125,0.035,0.16,0.3893129770992366,0.3984375,77,80,7859.290000000001,4200.0,96656.54000000001,108715.83000000002,Feasible,N/A
0.28,0.46,0.84,0.1275,0.0325,0.16,0.3893129770992366,0.3984375,77,80,8096.311,3900.0,96656.54000000001,108652.85100000001,Feasible,N/A
0.28,0.47,0.84,0.1325,0.0275,0.16,0.3893129770992366,0.3984375,77,80,8836.716,3300.0,96656.54000000001,108793.25600000001,Feasible,N/A
0.28,0.48,0.84,0.13375,0.02625,0.16,0.3893129770992366,0.3984375,77,80,8908.744,3150.0,96656.54000000001,108715.28400000001,Feasible,N/A
0.28,0.49,0.84,0.1375,0.0225,0.16,0.3893129770992366,0.3984375,77,80,9377.179,2700.0,96656.54000000001,108733.71900000001,Feasible,N/A
0.28,0.5,0.84,0.14,0.02,0.16,0.3893129770992366,0.3984375,77,80,9592.873,2400.0,96656.54000000001,108649.413,Feasible,N/A
0.28,0.51,0.84,0.1425,0.0175,0.16,0.3893129770992366,0.3984375,77,80,9917.142,2100.0,96656.54000000001,108673.682,Feasible,N/A
0.28,0.52,0.84,0.14625,0.01375,0.16,0.3893129770992366,0.3984375,77,80,10214.651000000002,1650.0,96656.54000000001,108521.191,Feasible,N/A
0.28,0.53,0.84,0.14625,0.01375,0.16,0.3893129770992366,0.3984375,77,80,10214.651000000002,1650.0,96656.54000000001,108521.191,Feasible,N/A
0.28,0.54,0.84,0.1475,0.0125,0.16,0.3893129770992366,0.3984375,77,80,10329.171,1500.0,96656.54000000001,108485.71100000001,Feasible,N/A
0.28,0.55,0.84,0.15,0.01,0.16,0.3893129770992366,0.3984375,77,80,10622.778000000002,1200.0,96656.54000000001,108479.31800000001,Feasible,N/A
0.28,0.56,0.84,0.15125,0.00875,0.16,0.3893129770992366,0.3984375,77,80,10672.778000000002,1050.0,96656.54000000001,108379.31800000001,Feasible,N/A
0.28,0.57,0.84,0.1525,0.0075,0.16,0.3893129770992366,0.3984375,77,80,10750.729,900.0,96656.54000000001,108307.269,Feasible,N/A
0.28,0.58,0.84,0.15375,0.00625,0.16,0.3893129770992366,0.3984375,77,80,10800.729,750.0,96656.54000000001,108207.269,Feasible,N/A
0.28,0.59,0.84,0.15375,0.00625,0.16,0.3893129770992366,0.3984375,77,80,10800.729,750.0,96656.54000000001,108207.269,Feasible,N/A
0.28,0.6,0.84,0.155,0.005,0.16,0.3893129770992366,0.3984375,77,80,10932.719000000001,600.0,96656.54000000001,108189.259,Feasible,N/A
0.28,0.61,0.84,0.155,0.005,0.16,0.3893129770992366,0.3984375,77,80,10932.719000000001,600.0,96656.54000000001,108189.259,Feasible,N/A
0.28,0.62,0.84,0.155,0.005,0.16,0.3893129770992366,0.3984375,77,80,10932.719000000001,600.0,96656.54000000001,108189.259,Feasible,N/A
0.28,0.63,0.84,0.1575,0.0025,0.16,0.3893129770992366,0.3984375,77,80,11170.173999999999,300.0,96656.54000000001,108126.714,Feasible,N/A
0.28,0.64,0.84,0.15875,0.00125,0.16,0.3893129770992366,0.3984375,77,80,11292.791000000001,150.0,96656.54000000001,108099.331,Feasible,N/A
0.28,0.65,0.84,0.15875,0.00125,0.16,0.3893129770992366,0.3984375,77,80,11292.791000000001,150.0,96656.54000000001,108099.331,Feasible,N/A
0.28,0.66,0.84,0.15875,0.00125,0.16,0.3893129770992366,0.3984375,77,80,11292.791000000001,150.0,96656.54000000001,108099.331,Feasible,N/A
0.28,0.67,0.84,0.15875,0.00125,0.16,0.3893129770992366,0.3984375,77,80,11292.791000000001,150.0,96656.54000000001,108099.331,Feasible,N/A
0.28,0.68,0.84,0.15875,0.00125,0.16,0.3893129770992366,0.3984375,77,80,11292.791000000001,150.0,96656.54000000001,108099.331,Feasible,N/A
0.28,0.69,0.84,0.16,0.0,0.16,0.3893129770992366,0.3984375,77,80,11342.791000000001,0.0,96656.54000000001,107999.331,Feasible,N/A
0.28,0.7,0.84,0.16,0.0,0.16,0.3893129770992366,0.3984375,77,80,11342.791000000001,0.0,96656.54000000001,107999.331,Feasible,N/A
0.28,0.71,0.84,0.16,0.0,0.16,0.3893129770992366,0.3984375,77,80,11342.791000000001,0.0,96656.54000000001,107999.331,Feasible,N/A
0.28,0.72,0.84,0.16,0.0,0.16,0.3893129770992366,0.3984375,77,80,11342.791000000001,0.0,96656.54000000001,107999.331,Feasible,N/A
0.28,0.73,0.84,0.16,0.0,0.16,0.3893129770992366,0.3984375,77,80,11342.791000000001,0.0,96656.54000000001,107999.331,Feasible,N/A
0.28,0.74,0.84,0.16,0.0,0.16,0.3893129770992366,0.3984375,77,80,11342.791000000001,0.0,96656.54000000001,107999.331,Feasible,N/A
0.28,0.75,0.84,0.16,0.0,0.16,0.3893129770992366,0.3984375,77,80,11342.791000000001,0.0,96656.54000000001,107999.331,Feasible,N/A
0.28,0.76,0.84,0.16,0.0,0.16,0.3893129770992366,0.3984375,77,80,11342.791000000001,0.0,96656.54000000001,107999.331,Feasible,N/A
0.28,0.77,0.84,0.16,0.0,0.16,0.3893129770992366,0.3984375,77,80,11342.791000000001,0.0,96656.54000000001,107999.331,Feasible,N/A
0.28,0.78,0.84,0.16,0.0,0.16,0.3893129770992366,0.3984375,77,80,11342.791000000001,0.0,96656.54000000001,107999.331,Feasible,N/A
0.28,0.79,0.84,0.16,0.0,0.16,0.3893129770992366,0.3984375,77,80,11342.791000000001,0.0,96656.54000000001,107999.331,Feasible,N/A
0.28,0.8,0.84,0.16,0.0,0.16,0.3893129770992366,0.3984375,77,80,11342.791000000001,0.0,96656.54000000001,107999.331,Feasible,N/A
0.28,0.81,0.84,0.16,0.0,0.16,0.3893129770992366,0.3984375,77,80,11342.791000000001,0.0,96656.54000000001,107999.331,Feasible,N/A
0.28,0.82,0.84,0.16,0.0,0.16,0.3893129770992366,0.3984375,77,80,11342.791000000001,0.0,96656.54000000001,107999.331,Feasible,N/A
0.28,0.83,0.84,0.16,0.0,0.16,0.3893129770992366,0.3984375,77,80,11342.791000000001,0.0,96656.54000000001,107999.331,Feasible,N/A
0.28,0.84,0.84,0.16,0.0,0.16,0.3893129770992366,0.3984375,77,80,11342.791000000001,0.0,96656.54000000001,107999.331,Feasible,N/A
0.28,0.85,0.84,0.16,0.0,0.16,0.3893129770992366,0.3984375,77,80,11342.791000000001,0.0,96656.54000000001,107999.331,Feasible,N/A
0.28,0.86,0.84,0.16,0.0,0.16,0.3893129770992366,0.3984375,77,80,11342.791000000001,0.0,96656.54000000001,107999.331,Feasible,N/A
0.28,0.87,0.84,0.16,0.0,0.16,0.3893129770992366,0.3984375,77,80,11342.791000000001,0.0,96656.54000000001,107999.331,Feasible,N/A
0.28,0.88,0.84,0.16,0.0,0.16,0.3893129770992366,0.3984375,77,80,11342.791000000001,0.0,96656.54000000001,107999.331,Feasible,N/A
0.28,0.89,0.84,0.16,0.0,0.16,0.3893129770992366,0.3984375,77,80,11342.791000000001,0.0,96656.54000000001,107999.331,Feasible,N/A
0.28,0.9,0.84,0.16,0.0,0.16,0.3893129770992366,0.3984375,77,80,11342.791000000001,0.0,96656.54000000001,107999.331,Feasible,N/A
0.28,0.91,0.84,0.16,0.0,0.16,0.3893129770992366,0.3984375,77,80,11342.791000000001,0.0,96656.54000000001,107999.331,Feasible,N/A
0.28,0.92,0.84,0.16,0.0,0.16,0.3893129770992366,0.3984375,77,80,11342.791000000001,0.0,96656.54000000001,107999.331,Feasible,N/A
0.28,0.93,0.84,0.16,0.0,0.16,0.3893129770992366,0.3984375,77,80,11342.791000000001,0.0,96656.54000000001,107999.331,Feasible,N/A
0.28,0.94,0.84,0.16,0.0,0.16,0.3893129770992366,0.3984375,77,80,11342.791000000001,0.0,96656.54000000001,107999.331,Feasible,N/A
0.28,0.95,0.84,0.16,0.0,0.16,0.3893129770992366,0.3984375,77,80,11342.791000000001,0.0,96656.54000000001,107999.331,Feasible,N/A
0.28,0.96,0.84,0.16,0.0,0.16,0.3893129770992366,0.3984375,77,80,11342.791000000001,0.0,96656.54000000001,107999.331,Feasible,N/A
0.28,0.97,0.84,0.16,0.0,0.16,0.3893129770992366,0.3984375,77,80,11342.791000000001,0.0,96656.54000000001,107999.331,Feasible,N/A
0.28,0.98,0.84,0.16,0.0,0.16,0.3893129770992366,0.3984375,77,80,11342.791000000001,0.0,96656.54000000001,107999.331,Feasible,N/A
0.28,0.99,0.84,0.16,0.0,0.16,0.3893129770992366,0.3984375,77,80,11342.791000000001,0.0,96656.54000000001,107999.331,Feasible,N/A
0.29,0.3,0.85125,0.01125,0.1375,0.14875,0.3816793893129771,0.42016806722689076,69,81,877.3430000000001,16500.0,97245.82,114623.163,Infeasible,Violates MAX_HOLD_RATE
0.29,0.31,0.85125,0.025,0.12375,0.14875,0.3816793893129771,0.42016806722689076,69,81,1905.2150000000001,14850.0,97245.82,114001.035,Infeasible,Violates MAX_HOLD_RATE
0.29,0.32,0.85125,0.04125,0.1075,0.14875,0.3816793893129771,0.42016806722689076,69,81,2663.173,12900.0,97245.82,112808.993,Infeasible,Violates MAX_HOLD_RATE
0.29,0.33,0.85125,0.0475,0.10125,0.14875,0.3816793893129771,0.42016806722689076,69,81,2937.82,12150.0,97245.82,112333.64000000001,Infeasible,Violates MAX_HOLD_RATE
0.29,0.34,0.85125,0.05875,0.09,0.14875,0.3816793893129771,0.42016806722689076,69,81,3709.264,10800.0,97245.82,111755.084,Infeasible,Violates MAX_HOLD_RATE
0.29,0.35,0.85125,0.0625,0.08625,0.14875,0.3816793893129771,0.42016806722689076,69,81,3909.148,10350.0,97245.82,111504.96800000001,Infeasible,Violates MAX_HOLD_RATE
0.29,0.36,0.85125,0.07,0.07875,0.14875,0.3816793893129771,0.42016806722689076,69,81,4389.455,9450.0,97245.82,111085.27500000001,Infeasible,Violates MAX_HOLD_RATE
0.29,0.37,0.85125,0.075,0.07375,0.14875,0.3816793893129771,0.42016806722689076,69,81,5106.65,8850.0,97245.82,111202.47,Infeasible,Violates MAX_HOLD_RATE
0.29,0.38,0.85125,0.0775,0.07125,0.14875,0.3816793893129771,0.42016806722689076,69,81,5206.65,8550.0,97245.82,111002.47,Infeasible,Violates MAX_HOLD_RATE
0.29,0.39,0.85125,0.08375,0.065,0.14875,0.3816793893129771,0.42016806722689076,69,81,5456.65,7800.0,97245.82,110502.47,Infeasible,Violates MAX_HOLD_RATE
0.29,0.4,0.85125,0.09375,0.055,0.14875,0.3816793893129771,0.42016806722689076,69,81,6172.973,6600.0,97245.82,110018.793,Infeasible,Violates MAX_HOLD_RATE
0.29,0.41,0.85125,0.1,0.04875,0.14875,0.3816793893129771,0.42016806722689076,69,81,6599.4130000000005,5850.0,97245.82,109695.23300000001,Feasible,N/A
0.29,0.42,0.85125,0.105,0.04375,0.14875,0.3816793893129771,0.42016806722689076,69,81,7000.361999999999,5250.0,97245.82,109496.182,Feasible,N/A
0.29,0.43,0.85125,0.10875,0.04,0.14875,0.3816793893129771,0.42016806722689076,69,81,7150.361999999999,4800.0,97245.82,109196.182,Feasible,N/A
0.29,0.44,0.85125,0.10875,0.04,0.14875,0.3816793893129771,0.42016806722689076,69,81,7150.361999999999,4800.0,97245.82,109196.182,Feasible,N/A
0.29,0.45,0.85125,0.11375,0.035,0.14875,0.3816793893129771,0.42016806722689076,69,81,7350.361999999999,4200.0,97245.82,108796.182,Feasible,N/A
0.29,0.46,0.85125,0.11625,0.0325,0.14875,0.3816793893129771,0.42016806722689076,69,81,7587.383,3900.0,97245.82,108733.20300000001,Feasible,N/A
0.29,0.47,0.85125,0.12125,0.0275,0.14875,0.3816793893129771,0.42016806722689076,69,81,8327.788,3300.0,97245.82,108873.60800000001,Feasible,N/A
0.29,0.48,0.85125,0.1225,0.02625,0.14875,0.3816793893129771,0.42016806722689076,69,81,8399.815999999999,3150.0,97245.82,108795.636,Feasible,N/A
0.29,0.49,0.85125,0.12625,0.0225,0.14875,0.3816793893129771,0.42016806722689076,69,81,8868.251,2700.0,97245.82,108814.07100000001,Feasible,N/A
0.29,0.5,0.85125,0.12875,0.02,0.14875,0.3816793893129771,0.42016806722689076,69,81,9083.945,2400.0,97245.82,108729.76500000001,Feasible,N/A
0.29,0.51,0.85125,0.13125,0.0175,0.14875,0.3816793893129771,0.42016806722689076,69,81,9408.214,2100.0,97245.82,108754.03400000001,Feasible,N/A
0.29,0.52,0.85125,0.135,0.01375,0.14875,0.3816793893129771,0.42016806722689076,69,81,9705.723,1650.0,97245.82,108601.543,Feasible,N/A
0.29,0.53,0.85125,0.135,0.01375,0.14875,0.3816793893129771,0.42016806722689076,69,81,9705.723,1650.0,97245.82,108601.543,Feasible,N/A
0.29,0.54,0.85125,0.13625,0.0125,0.14875,0.3816793893129771,0.42016806722689076,69,81,9820.243,1500.0,97245.82,108566.06300000001,Feasible,N/A
0.29,0.55,0.85125,0.13875,0.01,0.14875,0.3816793893129771,0.42016806722689076,69,81,10113.85,1200.0,97245.82,108559.67000000001,Feasible,N/A
0.29,0.56,0.85125,0.14,0.00875,0.14875,0.3816793893129771,0.42016806722689076,69,81,10163.85,1050.0,97245.82,108459.67000000001,Feasible,N/A
0.29,0.57,0.85125,0.14125,0.0075,0.14875,0.3816793893129771,0.42016806722689076,69,81,10241.801,900.0,97245.82,108387.62100000001,Feasible,N/A
0.29,0.58,0.85125,0.1425,0.00625,0.14875,0.3816793893129771,0.42016806722689076,69,81,10291.801,750.0,97245.82,108287.62100000001,Feasible,N/A
0.29,0.59,0.85125,0.1425,0.00625,0.14875,0.3816793893129771,0.42016806722689076,69,81,10291.801,750.0,97245.82,108287.62100000001,Feasible,N/A
0.29,0.6,0.85125,0.14375,0.005,0.14875,0.3816793893129771,0.42016806722689076,69,81,10423.791000000001,600.0,97245.82,108269.611,Feasible,N/A
0.29,0.61,0.85125,0.14375,0.005,0.14875,0.3816793893129771,0.42016806722689076,69,81,10423.791000000001,600.0,97245.82,108269.611,Feasible,N/A
0.29,0.62,0.85125,0.14375,0.005,0.14875,0.3816793893129771,0.42016806722689076,69,81,10423.791000000001,600.0,97245.82,108269.611,Feasible,N/A
0.29,0.63,0.85125,0.14625,0.0025,0.14875,0.3816793893129771,0.42016806722689076,69,81,10661.246,300.0,97245.82,108207.066,Feasible,N/A
0.29,0.64,0.85125,0.1475,0.00125,0.14875,0.3816793893129771,0.42016806722689076,69,81,10783.863000000001,150.0,97245.82,108179.683,Feasible,N/A
0.29,0.65,0.85125,0.1475,0.00125,0.14875,0.3816793893129771,0.42016806722689076,69,81,10783.863000000001,150.0,97245.82,108179.683,Feasible,N/A
0.29,0.66,0.85125,0.1475,0.00125,0.14875,0.3816793893129771,0.42016806722689076,69,81,10783.863000000001,150.0,97245.82,108179.683,Feasible,N/A
0.29,0.67,0.85125,0.1475,0.00125,0.14875,0.3816793893129771,0.42016806722689076,69,81,10783.863000000001,150.0,97245.82,108179.683,Feasible,N/A
0.29,0.68,0.85125,0.1475,0.00125,0.14875,0.3816793893129771,0.42016806722689076,69,81,10783.863000000001,150.0,97245.82,108179.683,Feasible,N/A
0.29,0.69,0.85125,0.14875,0.0,0.14875,0.3816793893129771,0.42016806722689076,69,81,10833.863000000001,0.0,97245.82,108079.683,Feasible,N/A
0.29,0.7,0.85125,0.14875,0.0,0.14875,0.3816793893129771,0.42016806722689076,69,81,10833.863000000001,0.0,97245.82,108079.683,Feasible,N/A
0.29,0.71,0.85125,0.14875,0.0,0.14875,0.3816793893129771,0.42016806722689076,69,81,10833.863000000001,0.0,97245.82,108079.683,Feasible,N/A
0.29,0.72,0.85125,0.14875,0.0,0.14875,0.3816793893129771,0.42016806722689076,69,81,10833.863000000001,0.0,97245.82,108079.683,Feasible,N/A
0.29,0.73,0.85125,0.14875,0.0,0.14875,0.3816793893129771,0.42016806722689076,69,81,10833.863000000001,0.0,97245.82,108079.683,Feasible,N/A
0.29,0.74,0.85125,0.14875,0.0,0.14875,0.3816793893129771,0.42016806722689076,69,81,10833.863000000001,0.0,97245.82,108079.683,Feasible,N/A
0.29,0.75,0.85125,0.14875,0.0,0.14875,0.3816793893129771,0.42016806722689076,69,81,10833.863000000001,0.0,97245.82,108079.683,Feasible,N/A
0.29,0.76,0.85125,0.14875,0.0,0.14875,0.3816793893129771,0.42016806722689076,69,81,10833.863000000001,0.0,97245.82,108079.683,Feasible,N/A
0.29,0.77,0.85125,0.14875,0.0,0.14875,0.3816793893129771,0.42016806722689076,69,81,10833.863000000001,0.0,97245.82,108079.683,Feasible,N/A
0.29,0.78,0.85125,0.14875,0.0,0.14875,0.3816793893129771,0.42016806722689076,69,81,10833.863000000001,0.0,97245.82,108079.683,Feasible,N/A
0.29,0.79,0.85125,0.14875,0.0,0.14875,0.3816793893129771,0.42016806722689076,69,81,10833.863000000001,0.0,97245.82,108079.683,Feasible,N/A
0.29,0.8,0.85125,0.14875,0.0,0.14875,0.3816793893129771,0.42016806722689076,69,81,10833.863000000001,0.0,97245.82,108079.683,Feasible,N/A
0.29,0.81,0.85125,0.14875,0.0,0.14875,0.3816793893129771,0.42016806722689076,69,81,10833.863000000001,0.0,97245.82,108079.683,Feasible,N/A
0.29,0.82,0.85125,0.14875,0.0,0.14875,0.3816793893129771,0.42016806722689076,69,81,10833.863000000001,0.0,97245.82,108079.683,Feasible,N/A
0.29,0.83,0.85125,0.14875,0.0,0.14875,0.3816793893129771,0.42016806722689076,69,81,10833.863000000001,0.0,97245.82,108079.683,Feasible,N/A
0.29,0.84,0.85125,0.14875,0.0,0.14875,0.3816793893129771,0.42016806722689076,69,81,10833.863000000001,0.0,97245.82,108079.683,Feasible,N/A
0.29,0.85,0.85125,0.14875,0.0,0.14875,0.3816793893129771,0.42016806722689076,69,81,10833.863000000001,0.0,97245.82,108079.683,Feasible,N/A
0.29,0.86,0.85125,0.14875,0.0,0.14875,0.3816793893129771,0.42016806722689076,69,81,10833.863000000001,0.0,97245.82,108079.683,Feasible,N/A
0.29,0.87,0.85125,0.14875,0.0,0.14875,0.3816793893129771,0.42016806722689076,69,81,10833.863000000001,0.0,97245.82,108079.683,Feasible,N/A
0.29,0.88,0.85125,0.14875,0.0,0.14875,0.3816793893129771,0.42016806722689076,69,81,10833.863000000001,0.0,97245.82,108079.683,Feasible,N/A
0.29,0.89,0.85125,0.14875,0.0,0.14875,0.3816793893129771,0.42016806722689076,69,81,10833.863000000001,0.0,97245.82,108079.683,Feasible,N/A
0.29,0.9,0.85125,0.14875,0.0,0.14875,0.3816793893129771,0.42016806722689076,69,81,10833.863000000001,0.0,97245.82,108079.683,Feasible,N/A
0.29,0.91,0.85125,0.14875,0.0,0.14875,0.3816793893129771,0.42016806722689076,69,81,10833.863000000001,0.0,97245.82,108079.683,Feasible,N/A
0.29,0.92,0.85125,0.14875,0.0,0.14875,0.3816793893129771,0.42016806722689076,69,81,10833.863000000001,0.0,97245.82,108079.683,Feasible,N/A
0.29,0.93,0.85125,0.14875,0.0,0.14875,0.3816793893129771,0.42016806722689076,69,81,10833.863000000001,0.0,97245.82,108079.683,Feasible,N/A
0.29,0.94,0.85125,0.14875,0.0,0.14875,0.3816793893129771,0.42016806722689076,69,81,10833.863000000001,0.0,97245.82,108079.683,Feasible,N/A
0.29,0.95,0.85125,0.14875,0.0,0.14875,0.3816793893129771,0.42016806722689076,69,81,10833.863000000001,0.0,97245.82,108079.683,Feasible,N/A
0.29,0.96,0.85125,0.14875,0.0,0.14875,0.3816793893129771,0.42016806722689076,69,81,10833.863000000001,0.0,97245.82,108079.683,Feasible,N/A
0.29,0.97,0.85125,0.14875,0.0,0.14875,0.3816793893129771,0.42016806722689076,69,81,10833.863000000001,0.0,97245.82,108079.683,Feasible,N/A
0.29,0.98,0.85125,0.14875,0.0,0.14875,0.3816793893129771,0.42016806722689076,69,81,10833.863000000001,0.0,97245.82,108079.683,Feasible,N/A
0.29,0.99,0.85125,0.14875,0.0,0.14875,0.3816793893129771,0.42016806722689076,69,81,10833.863000000001,0.0,97245.82,108079.683,Feasible,N/A
0.3,0.31,0.8625,0.01375,0.12375,0.1375,0.35877862595419846,0.42727272727272725,63,84,1027.872,14850.0,101519.24999999999,117397.12199999999,Infeasible,Violates MAX_HOLD_RATE
0.3,0.32,0.8625,0.03,0.1075,0.1375,0.35877862595419846,0.42727272727272725,63,84,1785.83,12900.0,101519.24999999999,116205.07999999999,Infeasible,Violates MAX_HOLD_RATE
0.3,0.33,0.8625,0.03625,0.10125,0.1375,0.35877862595419846,0.42727272727272725,63,84,2060.477,12150.0,101519.24999999999,115729.72699999998,Infeasible,Violates MAX_HOLD_RATE
0.3,0.34,0.8625,0.0475,0.09,0.1375,0.35877862595419846,0.42727272727272725,63,84,2831.9210000000003,10800.0,101519.24999999999,115151.17099999999,Infeasible,Violates MAX_HOLD_RATE
0.3,0.35,0.8625,0.05125,0.08625,0.1375,0.35877862595419846,0.42727272727272725,63,84,3031.805,10350.0,101519.24999999999,114901.05499999998,Infeasible,Violates MAX_HOLD_RATE
0.3,0.36,0.8625,0.05875,0.07875,0.1375,0.35877862595419846,0.42727272727272725,63,84,3512.112,9450.0,101519.24999999999,114481.36199999998,Infeasible,Violates MAX_HOLD_RATE
0.3,0.37,0.8625,0.06375,0.07375,0.1375,0.35877862595419846,0.42727272727272725,63,84,4229.307,8850.0,101519.24999999999,114598.55699999999,Infeasible,Violates MAX_HOLD_RATE
0.3,0.38,0.8625,0.06625,0.07125,0.1375,0.35877862595419846,0.42727272727272725,63,84,4329.307,8550.0,101519.24999999999,114398.55699999999,Infeasible,Violates MAX_HOLD_RATE
0.3,0.39,0.8625,0.0725,0.065,0.1375,0.35877862595419846,0.42727272727272725,63,84,4579.307,7800.0,101519.24999999999,113898.55699999999,Infeasible,Violates MAX_HOLD_RATE
0.3,0.4,0.8625,0.0825,0.055,0.1375,0.35877862595419846,0.42727272727272725,63,84,5295.629999999999,6600.0,101519.24999999999,113414.87999999999,Infeasible,Violates MAX_HOLD_RATE
0.3,0.41,0.8625,0.08875,0.04875,0.1375,0.35877862595419846,0.42727272727272725,63,84,5722.07,5850.0,101519.24999999999,113091.31999999998,Feasible,N/A
0.3,0.42,0.8625,0.09375,0.04375,0.1375,0.35877862595419846,0.42727272727272725,63,84,6123.019,5250.0,101519.24999999999,112892.26899999999,Feasible,N/A
0.3,0.43,0.8625,0.0975,0.04,0.1375,0.35877862595419846,0.42727272727272725,63,84,6273.019,4800.0,101519.24999999999,112592.26899999999,Feasible,N/A
0.3,0.44,0.8625,0.0975,0.04,0.1375,0.35877862595419846,0.42727272727272725,63,84,6273.019,4800.0,101519.24999999999,112592.26899999999,Feasible,N/A
0.3,0.45,0.8625,0.1025,0.035,0.1375,0.35877862595419846,0.42727272727272725,63,84,6473.019,4200.0,101519.24999999999,112192.26899999999,Feasible,N/A
0.3,0.46,0.8625,0.105,0.0325,0.1375,0.35877862595419846,0.42727272727272725,63,84,6710.04,3900.0,101519.24999999999,112129.28999999998,Feasible,N/A
0.3,0.47,0.8625,0.11,0.0275,0.1375,0.35877862595419846,0.42727272727272725,63,84,7450.445,3300.0,101519.24999999999,112269.69499999998,Feasible,N/A
0.3,0.48,0.8625,0.11125,0.02625,0.1375,0.35877862595419846,0.42727272727272725,63,84,7522.473,3150.0,101519.24999999999,112191.72299999998,Feasible,N/A
0.3,0.49,0.8625,0.115,0.0225,0.1375,0.35877862595419846,0.42727272727272725,63,84,7990.908,2700.0,101519.24999999999,112210.15799999998,Feasible,N/A
0.3,0.5,0.8625,0.1175,0.02,0.1375,0.35877862595419846,0.42727272727272725,63,84,8206.602,2400.0,101519.24999999999,112125.85199999998,Feasible,N/A
0.3,0.51,0.8625,0.12,0.0175,0.1375,0.35877862595419846,0.42727272727272725,63,84,8530.871,2100.0,101519.24999999999,112150.12099999998,Feasible,N/A
0.3,0.52,0.8625,0.12375,0.01375,0.1375,0.35877862595419846,0.42727272727272725,63,84,8828.380000000001,1650.0,101519.24999999999,111997.62999999999,Feasible,N/A
0.3,0.53,0.8625,0.12375,0.01375,0.1375,0.35877862595419846,0.42727272727272725,63,84,8828.380000000001,1650.0,101519.24999999999,111997.62999999999,Feasible,N/A
0.3,0.54,0.8625,0.125,0.0125,0.1375,0.35877862595419846,0.42727272727272725,63,84,8942.9,1500.0,101519.24999999999,111962.14999999998,Feasible,N/A
0.3,0.55,0.8625,0.1275,0.01,0.1375,0.35877862595419846,0.42727272727272725,63,84,9236.507000000001,1200.0,101519.24999999999,111955.75699999998,Feasible,N/A
0.3,0.56,0.8625,0.12875,0.00875,0.1375,0.35877862595419846,0.42727272727272725,63,84,9286.507000000001,1050.0,101519.24999999999,111855.75699999998,Feasible,N/A
0.3,0.57,0.8625,0.13,0.0075,0.1375,0.35877862595419846,0.42727272727272725,63,84,9364.458,900.0,101519.24999999999,111783.70799999998,Feasible,N/A
0.3,0.58,0.8625,0.13125,0.00625,0.1375,0.35877862595419846,0.42727272727272725,63,84,9414.458,750.0,101519.24999999999,111683.70799999998,Feasible,N/A
0.3,0.59,0.8625,0.13125,0.00625,0.1375,0.35877862595419846,0.42727272727272725,63,84,9414.458,750.0,101519.24999999999,111683.70799999998,Feasible,N/A
0.3,0.6,0.8625,0.1325,0.005,0.1375,0.35877862595419846,0.42727272727272725,63,84,9546.448,600.0,101519.24999999999,111665.69799999999,Feasible,N/A
0.3,0.61,0.8625,0.1325,0.005,0.1375,0.35877862595419846,0.42727272727272725,63,84,9546.448,600.0,101519.24999999999,111665.69799999999,Feasible,N/A
0.3,0.62,0.8625,0.1325,0.005,0.1375,0.35877862595419846,0.42727272727272725,63,84,9546.448,600.0,101519.24999999999,111665.69799999999,Feasible,N/A
0.3,0.63,0.8625,0.135,0.0025,0.1375,0.35877862595419846,0.42727272727272725,63,84,9783.903000000002,300.0,101519.24999999999,111603.15299999999,Feasible,N/A
0.3,0.64,0.8625,0.13625,0.00125,0.1375,0.35877862595419846,0.42727272727272725,63,84,9906.52,150.0,101519.24999999999,111575.76999999999,Feasible,N/A
0.3,0.65,0.8625,0.13625,0.00125,0.1375,0.35877862595419846,0.42727272727272725,63,84,9906.52,150.0,101519.24999999999,111575.76999999999,Feasible,N/A
0.3,0.66,0.8625,0.13625,0.00125,0.1375,0.35877862595419846,0.42727272727272725,63,84,9906.52,150.0,101519.24999999999,111575.76999999999,Feasible,N/A
0.3,0.67,0.8625,0.13625,0.00125,0.1375,0.35877862595419846,0.42727272727272725,63,84,9906.52,150.0,101519.24999999999,111575.76999999999,Feasible,N/A
0.3,0.68,0.8625,0.13625,0.00125,0.1375,0.35877862595419846,0.42727272727272725,63,84,9906.52,150.0,101519.24999999999,111575.76999999999,Feasible,N/A
0.3,0.69,0.8625,0.1375,0.0,0.1375,0.35877862595419846,0.42727272727272725,63,84,9956.52,0.0,101519.24999999999,111475.76999999999,Feasible,N/A
0.3,0.7,0.8625,0.1375,0.0,0.1375,0.35877862595419846,0.42727272727272725,63,84,9956.52,0.0,101519.24999999999,111475.76999999999,Feasible,N/A
0.3,0.71,0.8625,0.1375,0.0,0.1375,0.35877862595419846,0.42727272727272725,63,84,9956.52,0.0,101519.24999999999,111475.76999999999,Feasible,N/A
0.3,0.72,0.8625,0.1375,0.0,0.1375,0.35877862595419846,0.42727272727272725,63,84,9956.52,0.0,101519.24999999999,111475.76999999999,Feasible,N/A
0.3,0.73,0.8625,0.1375,0.0,0.1375,0.35877862595419846,0.42727272727272725,63,84,9956.52,0.0,101519.24999999999,111475.76999999999,Feasible,N/A
0.3,0.74,0.8625,0.1375,0.0,0.1375,0.35877862595419846,0.42727272727272725,63,84,9956.52,0.0,101519.24999999999,111475.76999999999,Feasible,N/A
0.3,0.75,0.8625,0.1375,0.0,0.1375,0.35877862595419846,0.42727272727272725,63,84,9956.52,0.0,101519.24999999999,111475.76999999999,Feasible,N/A
0.3,0.76,0.8625,0.1375,0.0,0.1375,0.35877862595419846,0.42727272727272725,63,84,9956.52,0.0,101519.24999999999,111475.76999999999,Feasible,N/A
0.3,0.77,0.8625,0.1375,0.0,0.1375,0.35877862595419846,0.42727272727272725,63,84,9956.52,0.0,101519.24999999999,111475.76999999999,Feasible,N/A
0.3,0.78,0.8625,0.1375,0.0,0.1375,0.35877862595419846,0.42727272727272725,63,84,9956.52,0.0,101519.24999999999,111475.76999999999,Feasible,N/A
0.3,0.79,0.8625,0.1375,0.0,0.1375,0.35877862595419846,0.42727272727272725,63,84,9956.52,0.0,101519.24999999999,111475.76999999999,Feasible,N/A
0.3,0.8,0.8625,0.1375,0.0,0.1375,0.35877862595419846,0.42727272727272725,63,84,9956.52,0.0,101519.24999999999,111475.76999999999,Feasible,N/A
0.3,0.81,0.8625,0.1375,0.0,0.1375,0.35877862595419846,0.42727272727272725,63,84,9956.52,0.0,101519.24999999999,111475.76999999999,Feasible,N/A
0.3,0.82,0.8625,0.1375,0.0,0.1375,0.35877862595419846,0.42727272727272725,63,84,9956.52,0.0,101519.24999999999,111475.76999999999,Feasible,N/A
0.3,0.83,0.8625,0.1375,0.0,0.1375,0.35877862595419846,0.42727272727272725,63,84,9956.52,0.0,101519.24999999999,111475.76999999999,Feasible,N/A
0.3,0.84,0.8625,0.1375,0.0,0.1375,0.35877862595419846,0.42727272727272725,63,84,9956.52,0.0,101519.24999999999,111475.76999999999,Feasible,N/A
0.3,0.85,0.8625,0.1375,0.0,0.1375,0.35877862595419846,0.42727272727272725,63,84,9956.52,0.0,101519.24999999999,111475.76999999999,Feasible,N/A
0.3,0.86,0.8625,0.1375,0.0,0.1375,0.35877862595419846,0.42727272727272725,63,84,9956.52,0.0,101519.24999999999,111475.76999999999,Feasible,N/A
0.3,0.87,0.8625,0.1375,0.0,0.1375,0.35877862595419846,0.42727272727272725,63,84,9956.52,0.0,101519.24999999999,111475.76999999999,Feasible,N/A
0.3,0.88,0.8625,0.1375,0.0,0.1375,0.35877862595419846,0.42727272727272725,63,84,9956.52,0.0,101519.24999999999,111475.76999999999,Feasible,N/A
0.3,0.89,0.8625,0.1375,0.0,0.1375,0.35877862595419846,0.42727272727272725,63,84,9956.52,0.0,101519.24999999999,111475.76999999999,Feasible,N/A
0.3,0.9,0.8625,0.1375,0.0,0.1375,0.35877862595419846,0.42727272727272725,63,84,9956.52,0.0,101519.24999999999,111475.76999999999,Feasible,N/A
0.3,0.91,0.8625,0.1375,0.0,0.1375,0.35877862595419846,0.42727272727272725,63,84,9956.52,0.0,101519.24999999999,111475.76999999999,Feasible,N/A
0.3,0.92,0.8625,0.1375,0.0,0.1375,0.35877862595419846,0.42727272727272725,63,84,9956.52,0.0,101519.24999999999,111475.76999999999,Feasible,N/A
0.3,0.93,0.8625,0.1375,0.0,0.1375,0.35877862595419846,0.42727272727272725,63,84,9956.52,0.0,101519.24999999999,111475.76999999999,Feasible,N/A
0.3,0.94,0.8625,0.1375,0.0,0.1375,0.35877862595419846,0.42727272727272725,63,84,9956.52,0.0,101519.24999999999,111475.76999999999,Feasible,N/A
0.3,0.95,0.8625,0.1375,0.0,0.1375,0.35877862595419846,0.42727272727272725,63,84,9956.52,0.0,101519.24999999999,111475.76999999999,Feasible,N/A
0.3,0.96,0.8625,0.1375,0.0,0.1375,0.35877862595419846,0.42727272727272725,63,84,9956.52,0.0,101519.24999999999,111475.76999999999,Feasible,N/A
0.3,0.97,0.8625,0.1375,0.0,0.1375,0.35877862595419846,0.42727272727272725,63,84,9956.52,0.0,101519.24999999999,111475.76999999999,Feasible,N/A
0.3,0.98,0.8625,0.1375,0.0,0.1375,0.35877862595419846,0.42727272727272725,63,84,9956.52,0.0,101519.24999999999,111475.76999999999,Feasible,N/A
0.3,0.99,0.8625,0.1375,0.0,0.1375,0.35877862595419846,0.42727272727272725,63,84,9956.52,0.0,101519.24999999999,111475.76999999999,Feasible,N/A
0.31,0.32,0.87625,0.01625,0.1075,0.12375,0.3282442748091603,0.43434343434343436,56,88,757.958,12900.0,106297.97,119955.928,Infeasible,Violates MAX_HOLD_RATE
0.31,0.33,0.87625,0.0225,0.10125,0.12375,0.3282442748091603,0.43434343434343436,56,88,1032.605,12150.0,106297.97,119480.575,Infeasible,Violates MAX_HOLD_RATE
0.31,0.34,0.87625,0.03375,0.09,0.12375,0.3282442748091603,0.43434343434343436,56,88,1804.049,10800.0,106297.97,118902.019,Infeasible,Violates MAX_HOLD_RATE
0.31,0.35,0.87625,0.0375,0.08625,0.12375,0.3282442748091603,0.43434343434343436,56,88,2003.933,10350.0,106297.97,118651.903,Infeasible,Violates MAX_HOLD_RATE
0.31,0.36,0.87625,0.045,0.07875,0.12375,0.3282442748091603,0.43434343434343436,56,88,2484.2400000000002,9450.0,106297.97,118232.21,Infeasible,Violates MAX_HOLD_RATE
0.31,0.37,0.87625,0.05,0.07375,0.12375,0.3282442748091603,0.43434343434343436,56,88,3201.4350000000004,8850.0,106297.97,118349.405,Infeasible,Violates MAX_HOLD_RATE
0.31,0.38,0.87625,0.0525,0.07125,0.12375,0.3282442748091603,0.43434343434343436,56,88,3301.4350000000004,8550.0,106297.97,118149.405,Infeasible,Violates MAX_HOLD_RATE
0.31,0.39,0.87625,0.05875,0.065,0.12375,0.3282442748091603,0.43434343434343436,56,88,3551.4350000000004,7800.0,106297.97,117649.405,Infeasible,Violates MAX_HOLD_RATE
0.31,0.4,0.87625,0.06875,0.055,0.12375,0.3282442748091603,0.43434343434343436,56,88,4267.758,6600.0,106297.97,117165.728,Infeasible,Violates MAX_HOLD_RATE
0.31,0.41,0.87625,0.075,0.04875,0.12375,0.3282442748091603,0.43434343434343436,56,88,4694.198,5850.0,106297.97,116842.168,Feasible,N/A
0.31,0.42,0.87625,0.08,0.04375,0.12375,0.3282442748091603,0.43434343434343436,56,88,5095.147,5250.0,106297.97,116643.117,Feasible,N/A
0.31,0.43,0.87625,0.08375,0.04,0.12375,0.3282442748091603,0.43434343434343436,56,88,5245.147,4800.0,106297.97,116343.117,Feasible,N/A
0.31,0.44,0.87625,0.08375,0.04,0.12375,0.3282442748091603,0.43434343434343436,56,88,5245.147,4800.0,106297.97,116343.117,Feasible,N/A
0.31,0.45,0.87625,0.08875,0.035,0.12375,0.3282442748091603,0.43434343434343436,56,88,5445.147,4200.0,106297.97,115943.117,Feasible,N/A
0.31,0.46,0.87625,0.09125,0.0325,0.12375,0.3282442748091603,0.43434343434343436,56,88,5682.168,3900.0,106297.97,115880.138,Feasible,N/A
0.31,0.47,0.87625,0.09625,0.0275,0.12375,0.3282442748091603,0.43434343434343436,56,88,6422.573,3300.0,106297.97,116020.543,Feasible,N/A
0.31,0.48,0.87625,0.0975,0.02625,0.12375,0.3282442748091603,0.43434343434343436,56,88,6494.601000000001,3150.0,106297.97,115942.571,Feasible,N/A
0.31,0.49,0.87625,0.10125,0.0225,0.12375,0.3282442748091603,0.43434343434343436,56,88,6963.036,2700.0,106297.97,115961.006,Feasible,N/A
0.31,0.5,0.87625,0.10375,0.02,0.12375,0.3282442748091603,0.43434343434343436,56,88,7178.7300000000005,2400.0,106297.97,115876.7,Feasible,N/A
0.31,0.51,0.87625,0.10625,0.0175,0.12375,0.3282442748091603,0.43434343434343436,56,88,7502.999,2100.0,106297.97,115900.969,Feasible,N/A
0.31,0.52,0.87625,0.11,0.01375,0.12375,0.3282442748091603,0.43434343434343436,56,88,7800.508000000002,1650.0,106297.97,115748.478,Feasible,N/A
0.31,0.53,0.87625,0.11,0.01375,0.12375,0.3282442748091603,0.43434343434343436,56,88,7800.508000000002,1650.0,106297.97,115748.478,Feasible,N/A
0.31,0.54,0.87625,0.11125,0.0125,0.12375,0.3282442748091603,0.43434343434343436,56,88,7915.028,1500.0,106297.97,115712.998,Feasible,N/A
0.31,0.55,0.87625,0.11375,0.01,0.12375,0.3282442748091603,0.43434343434343436,56,88,8208.635,1200.0,106297.97,115706.605,Feasible,N/A
0.31,0.56,0.87625,0.115,0.00875,0.12375,0.3282442748091603,0.43434343434343436,56,88,8258.635,1050.0,106297.97,115606.605,Feasible,N/A
0.31,0.57,0.87625,0.11625,0.0075,0.12375,0.3282442748091603,0.43434343434343436,56,88,8336.586,900.0,106297.97,115534.556,Feasible,N/A
0.31,0.58,0.87625,0.1175,0.00625,0.12375,0.3282442748091603,0.43434343434343436,56,88,8386.586,750.0,106297.97,115434.556,Feasible,N/A
0.31,0.59,0.87625,0.1175,0.00625,0.12375,0.3282442748091603,0.43434343434343436,56,88,8386.586,750.0,106297.97,115434.556,Feasible,N/A
0.31,0.6,0.87625,0.11875,0.005,0.12375,0.3282442748091603,0.43434343434343436,56,88,8518.576000000001,600.0,106297.97,115416.546,Feasible,N/A
0.31,0.61,0.87625,0.11875,0.005,0.12375,0.3282442748091603,0.43434343434343436,56,88,8518.576000000001,600.0,106297.97,115416.546,Feasible,N/A
0.31,0.62,0.87625,0.11875,0.005,0.12375,0.3282442748091603,0.43434343434343436,56,88,8518.576000000001,600.0,106297.97,115416.546,Feasible,N/A
0.31,0.63,0.87625,0.12125,0.0025,0.12375,0.3282442748091603,0.43434343434343436,56,88,8756.031,300.0,106297.97,115354.001,Feasible,N/A
0.31,0.64,0.87625,0.1225,0.00125,0.12375,0.3282442748091603,0.43434343434343436,56,88,8878.648,150.0,106297.97,115326.618,Feasible,N/A
0.31,0.65,0.87625,0.1225,0.00125,0.12375,0.3282442748091603,0.43434343434343436,56,88,8878.648,150.0,106297.97,115326.618,Feasible,N/A
0.31,0.66,0.87625,0.1225,0.00125,0.12375,0.3282442748091603,0.43434343434343436,56,88,8878.648,150.0,106297.97,115326.618,Feasible,N/A
0.31,0.67,0.87625,0.1225,0.00125,0.12375,0.3282442748091603,0.43434343434343436,56,88,8878.648,150.0,106297.97,115326.618,Feasible,N/A
0.31,0.68,0.87625,0.1225,0.00125,0.12375,0.3282442748091603,0.43434343434343436,56,88,8878.648,150.0,106297.97,115326.618,Feasible,N/A
0.31,0.69,0.87625,0.12375,0.0,0.12375,0.3282442748091603,0.43434343434343436,56,88,8928.648,0.0,106297.97,115226.618,Feasible,N/A
0.31,0.7,0.87625,0.12375,0.0,0.12375,0.3282442748091603,0.43434343434343436,56,88,8928.648,0.0,106297.97,115226.618,Feasible,N/A
0.31,0.71,0.87625,0.12375,0.0,0.12375,0.3282442748091603,0.43434343434343436,56,88,8928.648,0.0,106297.97,115226.618,Feasible,N/A
0.31,0.72,0.87625,0.12375,0.0,0.12375,0.3282442748091603,0.43434343434343436,56,88,8928.648,0.0,106297.97,115226.618,Feasible,N/A
0.31,0.73,0.87625,0.12375,0.0,0.12375,0.3282442748091603,0.43434343434343436,56,88,8928.648,0.0,106297.97,115226.618,Feasible,N/A
0.31,0.74,0.87625,0.12375,0.0,0.12375,0.3282442748091603,0.43434343434343436,56,88,8928.648,0.0,106297.97,115226.618,Feasible,N/A
0.31,0.75,0.87625,0.12375,0.0,0.12375,0.3282442748091603,0.43434343434343436,56,88,8928.648,0.0,106297.97,115226.618,Feasible,N/A
0.31,0.76,0.87625,0.12375,0.0,0.12375,0.3282442748091603,0.43434343434343436,56,88,8928.648,0.0,106297.97,115226.618,Feasible,N/A
0.31,0.77,0.87625,0.12375,0.0,0.12375,0.3282442748091603,0.43434343434343436,56,88,8928.648,0.0,106297.97,115226.618,Feasible,N/A
0.31,0.78,0.87625,0.12375,0.0,0.12375,0.3282442748091603,0.43434343434343436,56,88,8928.648,0.0,106297.97,115226.618,Feasible,N/A
0.31,0.79,0.87625,0.12375,0.0,0.12375,0.3282442748091603,0.43434343434343436,56,88,8928.648,0.0,106297.97,115226.618,Feasible,N/A
0.31,0.8,0.87625,0.12375,0.0,0.12375,0.3282442748091603,0.43434343434343436,56,88,8928.648,0.0,106297.97,115226.618,Feasible,N/A
0.31,0.81,0.87625,0.12375,0.0,0.12375,0.3282442748091603,0.43434343434343436,56,88,8928.648,0.0,106297.97,115226.618,Feasible,N/A
0.31,0.82,0.87625,0.12375,0.0,0.12375,0.3282442748091603,0.43434343434343436,56,88,8928.648,0.0,106297.97,115226.618,Feasible,N/A
0.31,0.83,0.87625,0.12375,0.0,0.12375,0.3282442748091603,0.43434343434343436,56,88,8928.648,0.0,106297.97,115226.618,Feasible,N/A
0.31,0.84,0.87625,0.12375,0.0,0.12375,0.3282442748091603,0.43434343434343436,56,88,8928.648,0.0,106297.97,115226.618,Feasible,N/A
0.31,0.85,0.87625,0.12375,0.0,0.12375,0.3282442748091603,0.43434343434343436,56,88,8928.648,0.0,106297.97,115226.618,Feasible,N/A
0.31,0.86,0.87625,0.12375,0.0,0.12375,0.3282442748091603,0.43434343434343436,56,88,8928.648,0.0,106297.97,115226.618,Feasible,N/A
0.31,0.87,0.87625,0.12375,0.0,0.12375,0.3282442748091603,0.43434343434343436,56,88,8928.648,0.0,106297.97,115226.618,Feasible,N/A
0.31,0.88,0.87625,0.12375,0.0,0.12375,0.3282442748091603,0.43434343434343436,56,88,8928.648,0.0,106297.97,115226.618,Feasible,N/A
0.31,0.89,0.87625,0.12375,0.0,0.12375,0.3282442748091603,0.43434343434343436,56,88,8928.648,0.0,106297.97,115226.618,Feasible,N/A
0.31,0.9,0.87625,0.12375,0.0,0.12375,0.3282442748091603,0.43434343434343436,56,88,8928.648,0.0,106297.97,115226.618,Feasible,N/A
0.31,0.91,0.87625,0.12375,0.0,0.12375,0.3282442748091603,0.43434343434343436,56,88,8928.648,0.0,106297.97,115226.618,Feasible,N/A
0.31,0.92,0.87625,0.12375,0.0,0.12375,0.3282442748091603,0.43434343434343436,56,88,8928.648,0.0,106297.97,115226.618,Feasible,N/A
0.31,0.93,0.87625,0.12375,0.0,0.12375,0.3282442748091603,0.43434343434343436,56,88,8928.648,0.0,106297.97,115226.618,Feasible,N/A
0.31,0.94,0.87625,0.12375,0.0,0.12375,0.3282442748091603,0.43434343434343436,56,88,8928.648,0.0,106297.97,115226.618,Feasible,N/A
0.31,0.95,0.87625,0.12375,0.0,0.12375,0.3282442748091603,0.43434343434343436,56,88,8928.648,0.0,106297.97,115226.618,Feasible,N/A
0.31,0.96,0.87625,0.12375,0.0,0.12375,0.3282442748091603,0.43434343434343436,56,88,8928.648,0.0,106297.97,115226.618,Feasible,N/A
0.31,0.97,0.87625,0.12375,0.0,0.12375,0.3282442748091603,0.43434343434343436,56,88,8928.648,0.0,106297.97,115226.618,Feasible,N/A
0.31,0.98,0.87625,0.12375,0.0,0.12375,0.3282442748091603,0.43434343434343436,56,88,8928.648,0.0,106297.97,115226.618,Feasible,N/A
0.31,0.99,0.87625,0.12375,0.0,0.12375,0.3282442748091603,0.43434343434343436,56,88,8928.648,0.0,106297.97,115226.618,Feasible,N/A
0.32,0.33,0.8925,0.00625,0.10125,0.1075,0.31297709923664124,0.47674418604651164,45,90,274.647,12150.0,107377.54999999999,119802.19699999999,Infeasible,Violates MAX_HOLD_RATE
0.32,0.34,0.8925,0.0175,0.09,0.1075,0.31297709923664124,0.47674418604651164,45,90,1046.091,10800.0,107377.54999999999,119223.64099999999,Infeasible,Violates MAX_HOLD_RATE
0.32,0.35,0.8925,0.02125,0.08625,0.1075,0.31297709923664124,0.47674418604651164,45,90,1245.975,10350.0,107377.54999999999,118973.525,Infeasible,Violates MAX_HOLD_RATE
0.32,0.36,0.8925,0.02875,0.07875,0.1075,0.31297709923664124,0.47674418604651164,45,90,1726.2820000000002,9450.0,107377.54999999999,118553.832,Infeasible,Violates MAX_HOLD_RATE
0.32,0.37,0.8925,0.03375,0.07375,0.1075,0.31297709923664124,0.47674418604651164,45,90,2443.4770000000003,8850.0,107377.54999999999,118671.02699999999,Infeasible,Violates MAX_HOLD_RATE
0.32,0.38,0.8925,0.03625,0.07125,0.1075,0.31297709923664124,0.47674418604651164,45,90,2543.4770000000003,8550.0,107377.54999999999,118471.02699999999,Infeasible,Violates MAX_HOLD_RATE
0.32,0.39,0.8925,0.0425,0.065,0.1075,0.31297709923664124,0.47674418604651164,45,90,2793.4770000000003,7800.0,107377.54999999999,117971.02699999999,Infeasible,Violates MAX_HOLD_RATE
0.32,0.4,0.8925,0.0525,0.055,0.1075,0.31297709923664124,0.47674418604651164,45,90,3509.8,6600.0,107377.54999999999,117487.34999999999,Infeasible,Violates MAX_HOLD_RATE
0.32,0.41,0.8925,0.05875,0.04875,0.1075,0.31297709923664124,0.47674418604651164,45,90,3936.24,5850.0,107377.54999999999,117163.79,Feasible,N/A
0.32,0.42,0.8925,0.06375,0.04375,0.1075,0.31297709923664124,0.47674418604651164,45,90,4337.189,5250.0,107377.54999999999,116964.73899999999,Feasible,N/A
0.32,0.43,0.8925,0.0675,0.04,0.1075,0.31297709923664124,0.47674418604651164,45,90,4487.189,4800.0,107377.54999999999,116664.73899999999,Feasible,N/A
0.32,0.44,0.8925,0.0675,0.04,0.1075,0.31297709923664124,0.47674418604651164,45,90,4487.189,4800.0,107377.54999999999,116664.73899999999,Feasible,N/A
0.32,0.45,0.8925,0.0725,0.035,0.1075,0.31297709923664124,0.47674418604651164,45,90,4687.189,4200.0,107377.54999999999,116264.73899999999,Feasible,N/A
0.32,0.46,0.8925,0.075,0.0325,0.1075,0.31297709923664124,0.47674418604651164,45,90,4924.21,3900.0,107377.54999999999,116201.76,Feasible,N/A
0.32,0.47,0.8925,0.08,0.0275,0.1075,0.31297709923664124,0.47674418604651164,45,90,5664.615,3300.0,107377.54999999999,116342.165,Feasible,N/A
0.32,0.48,0.8925,0.08125,0.02625,0.1075,0.31297709923664124,0.47674418604651164,45,90,5736.643,3150.0,107377.54999999999,116264.19299999998,Feasible,N/A
0.32,0.49,0.8925,0.085,0.0225,0.1075,0.31297709923664124,0.47674418604651164,45,90,6205.0779999999995,2700.0,107377.54999999999,116282.62799999998,Feasible,N/A
0.32,0.5,0.8925,0.0875,0.02,0.1075,0.31297709923664124,0.47674418604651164,45,90,6420.772,2400.0,107377.54999999999,116198.32199999999,Feasible,N/A
0.32,0.51,0.8925,0.09,0.0175,0.1075,0.31297709923664124,0.47674418604651164,45,90,6745.041,2100.0,107377.54999999999,116222.59099999999,Feasible,N/A
0.32,0.52,0.8925,0.09375,0.01375,0.1075,0.31297709923664124,0.47674418604651164,45,90,7042.55,1650.0,107377.54999999999,116070.09999999999,Feasible,N/A
0.32,0.53,0.8925,0.09375,0.01375,0.1075,0.31297709923664124,0.47674418604651164,45,90,7042.55,1650.0,107377.54999999999,116070.09999999999,Feasible,N/A
0.32,0.54,0.8925,0.095,0.0125,0.1075,0.31297709923664124,0.47674418604651164,45,90,7157.070000000001,1500.0,107377.54999999999,116034.62,Feasible,N/A
0.32,0.55,0.8925,0.0975,0.01,0.1075,0.31297709923664124,0.47674418604651164,45,90,7450.677000000001,1200.0,107377.54999999999,116028.22699999998,Feasible,N/A
0.32,0.56,0.8925,0.09875,0.00875,0.1075,0.31297709923664124,0.47674418604651164,45,90,7500.677000000001,1050.0,107377.54999999999,115928.22699999998,Feasible,N/A
0.32,0.57,0.8925,0.1,0.0075,0.1075,0.31297709923664124,0.47674418604651164,45,90,7578.628000000001,900.0,107377.54999999999,115856.17799999999,Feasible,N/A
0.32,0.58,0.8925,0.10125,0.00625,0.1075,0.31297709923664124,0.47674418604651164,45,90,7628.628000000001,750.0,107377.54999999999,115756.17799999999,Feasible,N/A
0.32,0.59,0.8925,0.10125,0.00625,0.1075,0.31297709923664124,0.47674418604651164,45,90,7628.628000000001,750.0,107377.54999999999,115756.17799999999,Feasible,N/A
0.32,0.6,0.8925,0.1025,0.005,0.1075,0.31297709923664124,0.47674418604651164,45,90,7760.618,600.0,107377.54999999999,115738.16799999999,Feasible,N/A
0.32,0.61,0.8925,0.1025,0.005,0.1075,0.31297709923664124,0.47674418604651164,45,90,7760.618,600.0,107377.54999999999,115738.16799999999,Feasible,N/A
0.32,0.62,0.8925,0.1025,0.005,0.1075,0.31297709923664124,0.47674418604651164,45,90,7760.618,600.0,107377.54999999999,115738.16799999999,Feasible,N/A
0.32,0.63,0.8925,0.105,0.0025,0.1075,0.31297709923664124,0.47674418604651164,45,90,7998.073,300.0,107377.54999999999,115675.62299999999,Feasible,N/A
0.32,0.64,0.8925,0.10625,0.00125,0.1075,0.31297709923664124,0.47674418604651164,45,90,8120.6900000000005,150.0,107377.54999999999,115648.23999999999,Feasible,N/A
0.32,0.65,0.8925,0.10625,0.00125,0.1075,0.31297709923664124,0.47674418604651164,45,90,8120.6900000000005,150.0,107377.54999999999,115648.23999999999,Feasible,N/A
0.32,0.66,0.8925,0.10625,0.00125,0.1075,0.31297709923664124,0.47674418604651164,45,90,8120.6900000000005,150.0,107377.54999999999,115648.23999999999,Feasible,N/A
0.32,0.67,0.8925,0.10625,0.00125,0.1075,0.31297709923664124,0.47674418604651164,45,90,8120.6900000000005,150.0,107377.54999999999,115648.23999999999,Feasible,N/A
0.32,0.68,0.8925,0.10625,0.00125,0.1075,0.31297709923664124,0.47674418604651164,45,90,8120.6900000000005,150.0,107377.54999999999,115648.23999999999,Feasible,N/A
0.32,0.69,0.8925,0.1075,0.0,0.1075,0.31297709923664124,0.47674418604651164,45,90,8170.6900000000005,0.0,107377.54999999999,115548.23999999999,Feasible,N/A
0.32,0.7,0.8925,0.1075,0.0,0.1075,0.31297709923664124,0.47674418604651164,45,90,8170.6900000000005,0.0,107377.54999999999,115548.23999999999,Feasible,N/A
0.32,0.71,0.8925,0.1075,0.0,0.1075,0.31297709923664124,0.47674418604651164,45,90,8170.6900000000005,0.0,107377.54999999999,115548.23999999999,Feasible,N/A
0.32,0.72,0.8925,0.1075,0.0,0.1075,0.31297709923664124,0.47674418604651164,45,90,8170.6900000000005,0.0,107377.54999999999,115548.23999999999,Feasible,N/A
0.32,0.73,0.8925,0.1075,0.0,0.1075,0.31297709923664124,0.47674418604651164,45,90,8170.6900000000005,0.0,107377.54999999999,115548.23999999999,Feasible,N/A
0.32,0.74,0.8925,0.1075,0.0,0.1075,0.31297709923664124,0.47674418604651164,45,90,8170.6900000000005,0.0,107377.54999999999,115548.23999999999,Feasible,N/A
0.32,0.75,0.8925,0.1075,0.0,0.1075,0.31297709923664124,0.47674418604651164,45,90,8170.6900000000005,0.0,107377.54999999999,115548.23999999999,Feasible,N/A
0.32,0.76,0.8925,0.1075,0.0,0.1075,0.31297709923664124,0.47674418604651164,45,90,8170.6900000000005,0.0,107377.54999999999,115548.23999999999,Feasible,N/A
0.32,0.77,0.8925,0.1075,0.0,0.1075,0.31297709923664124,0.47674418604651164,45,90,8170.6900000000005,0.0,107377.54999999999,115548.23999999999,Feasible,N/A
0.32,0.78,0.8925,0.1075,0.0,0.1075,0.31297709923664124,0.47674418604651164,45,90,8170.6900000000005,0.0,107377.54999999999,115548.23999999999,Feasible,N/A
0.32,0.79,0.8925,0.1075,0.0,0.1075,0.31297709923664124,0.47674418604651164,45,90,8170.6900000000005,0.0,107377.54999999999,115548.23999999999,Feasible,N/A
0.32,0.8,0.8925,0.1075,0.0,0.1075,0.31297709923664124,0.47674418604651164,45,90,8170.6900000000005,0.0,107377.54999999999,115548.23999999999,Feasible,N/A
0.32,0.81,0.8925,0.1075,0.0,0.1075,0.31297709923664124,0.47674418604651164,45,90,8170.6900000000005,0.0,107377.54999999999,115548.23999999999,Feasible,N/A
0.32,0.82,0.8925,0.1075,0.0,0.1075,0.31297709923664124,0.47674418604651164,45,90,8170.6900000000005,0.0,107377.54999999999,115548.23999999999,Feasible,N/A
0.32,0.83,0.8925,0.1075,0.0,0.1075,0.31297709923664124,0.47674418604651164,45,90,8170.6900000000005,0.0,107377.54999999999,115548.23999999999,Feasible,N/A
0.32,0.84,0.8925,0.1075,0.0,0.1075,0.31297709923664124,0.47674418604651164,45,90,8170.6900000000005,0.0,107377.54999999999,115548.23999999999,Feasible,N/A
0.32,0.85,0.8925,0.1075,0.0,0.1075,0.31297709923664124,0.47674418604651164,45,90,8170.6900000000005,0.0,107377.54999999999,115548.23999999999,Feasible,N/A
0.32,0.86,0.8925,0.1075,0.0,0.1075,0.31297709923664124,0.47674418604651164,45,90,8170.6900000000005,0.0,107377.54999999999,115548.23999999999,Feasible,N/A
0.32,0.87,0.8925,0.1075,0.0,0.1075,0.31297709923664124,0.47674418604651164,45,90,8170.6900000000005,0.0,107377.54999999999,115548.23999999999,Feasible,N/A
0.32,0.88,0.8925,0.1075,0.0,0.1075,0.31297709923664124,0.47674418604651164,45,90,8170.6900000000005,0.0,107377.54999999999,115548.23999999999,Feasible,N/A
0.32,0.89,0.8925,0.1075,0.0,0.1075,0.31297709923664124,0.47674418604651164,45,90,8170.6900000000005,0.0,107377.54999999999,115548.23999999999,Feasible,N/A
0.32,0.9,0.8925,0.1075,0.0,0.1075,0.31297709923664124,0.47674418604651164,45,90,8170.6900000000005,0.0,107377.54999999999,115548.23999999999,Feasible,N/A
0.32,0.91,0.8925,0.1075,0.0,0.1075,0.31297709923664124,0.47674418604651164,45,90,8170.6900000000005,0.0,107377.54999999999,115548.23999999999,Feasible,N/A
0.32,0.92,0.8925,0.1075,0.0,0.1075,0.31297709923664124,0.47674418604651164,45,90,8170.6900000000005,0.0,107377.54999999999,115548.23999999999,Feasible,N/A
0.32,0.93,0.8925,0.1075,0.0,0.1075,0.31297709923664124,0.47674418604651164,45,90,8170.6900000000005,0.0,107377.54999999999,115548.23999999999,Feasible,N/A
0.32,0.94,0.8925,0.1075,0.0,0.1075,0.31297709923664124,0.47674418604651164,45,90,8170.6900000000005,0.0,107377.54999999999,115548.23999999999,Feasible,N/A
0.32,0.95,0.8925,0.1075,0.0,0.1075,0.31297709923664124,0.47674418604651164,45,90,8170.6900000000005,0.0,107377.54999999999,115548.23999999999,Feasible,N/A
0.32,0.96,0.8925,0.1075,0.0,0.1075,0.31297709923664124,0.47674418604651164,45,90,8170.6900000000005,0.0,107377.54999999999,115548.23999999999,Feasible,N/A
0.32,0.97,0.8925,0.1075,0.0,0.1075,0.31297709923664124,0.47674418604651164,45,90,8170.6900000000005,0.0,107377.54999999999,115548.23999999999,Feasible,N/A
0.32,0.98,0.8925,0.1075,0.0,0.1075,0.31297709923664124,0.47674418604651164,45,90,8170.6900000000005,0.0,107377.54999999999,115548.23999999999,Feasible,N/A
0.32,0.99,0.8925,0.1075,0.0,0.1075,0.31297709923664124,0.47674418604651164,45,90,8170.6900000000005,0.0,107377.54999999999,115548.23999999999,Feasible,N/A
0.33,0.34,0.89875,0.01125,0.09,0.10125,0.3053435114503817,0.49382716049382713,41,91,771.444,10800.0,107624.01999999999,119195.46399999999,Infeasible,Violates MAX_HOLD_RATE
0.33,0.35,0.89875,0.015,0.08625,0.10125,0.3053435114503817,0.49382716049382713,41,91,971.328,10350.0,107624.01999999999,118945.34799999998,Infeasible,Violates MAX_HOLD_RATE
0.33,0.36,0.89875,0.0225,0.07875,0.10125,0.3053435114503817,0.49382716049382713,41,91,1451.6350000000002,9450.0,107624.01999999999,118525.65499999998,Infeasible,Violates MAX_HOLD_RATE
0.33,0.37,0.89875,0.0275,0.07375,0.10125,0.3053435114503817,0.49382716049382713,41,91,2168.83,8850.0,107624.01999999999,118642.84999999999,Infeasible,Violates MAX_HOLD_RATE
0.33,0.38,0.89875,0.03,0.07125,0.10125,0.3053435114503817,0.49382716049382713,41,91,2268.83,8550.0,107624.01999999999,118442.84999999999,Infeasible,Violates MAX_HOLD_RATE
0.33,0.39,0.89875,0.03625,0.065,0.10125,0.3053435114503817,0.49382716049382713,41,91,2518.83,7800.0,107624.01999999999,117942.84999999999,Infeasible,Violates MAX_HOLD_RATE
0.33,0.4,0.89875,0.04625,0.055,0.10125,0.3053435114503817,0.49382716049382713,41,91,3235.1530000000002,6600.0,107624.01999999999,117459.173,Infeasible,Violates MAX_HOLD_RATE
0.33,0.41,0.89875,0.0525,0.04875,0.10125,0.3053435114503817,0.49382716049382713,41,91,3661.593,5850.0,107624.01999999999,117135.61299999998,Feasible,N/A
0.33,0.42,0.89875,0.0575,0.04375,0.10125,0.3053435114503817,0.49382716049382713,41,91,4062.542,5250.0,107624.01999999999,116936.56199999999,Feasible,N/A
0.33,0.43,0.89875,0.06125,0.04,0.10125,0.3053435114503817,0.49382716049382713,41,91,4212.5419999999995,4800.0,107624.01999999999,116636.56199999999,Feasible,N/A
0.33,0.44,0.89875,0.06125,0.04,0.10125,0.3053435114503817,0.49382716049382713,41,91,4212.5419999999995,4800.0,107624.01999999999,116636.56199999999,Feasible,N/A
0.33,0.45,0.89875,0.06625,0.035,0.10125,0.3053435114503817,0.49382716049382713,41,91,4412.5419999999995,4200.0,107624.01999999999,116236.56199999999,Feasible,N/A
0.33,0.46,0.89875,0.06875,0.0325,0.10125,0.3053435114503817,0.49382716049382713,41,91,4649.563,3900.0,107624.01999999999,116173.58299999998,Feasible,N/A
0.33,0.47,0.89875,0.07375,0.0275,0.10125,0.3053435114503817,0.49382716049382713,41,91,5389.968000000001,3300.0,107624.01999999999,116313.98799999998,Feasible,N/A
0.33,0.48,0.89875,0.075,0.02625,0.10125,0.3053435114503817,0.49382716049382713,41,91,5461.996,3150.0,107624.01999999999,116236.01599999999,Feasible,N/A
0.33,0.49,0.89875,0.07875,0.0225,0.10125,0.3053435114503817,0.49382716049382713,41,91,5930.4310000000005,2700.0,107624.01999999999,116254.45099999999,Feasible,N/A
0.33,0.5,0.89875,0.08125,0.02,0.10125,0.3053435114503817,0.49382716049382713,41,91,6146.125,2400.0,107624.01999999999,116170.14499999999,Feasible,N/A
0.33,0.51,0.89875,0.08375,0.0175,0.10125,0.3053435114503817,0.49382716049382713,41,91,6470.394,2100.0,107624.01999999999,116194.41399999999,Feasible,N/A
0.33,0.52,0.89875,0.0875,0.01375,0.10125,0.3053435114503817,0.49382716049382713,41,91,6767.903,1650.0,107624.01999999999,116041.923,Feasible,N/A
0.33,0.53,0.89875,0.0875,0.01375,0.10125,0.3053435114503817,0.49382716049382713,41,91,6767.903,1650.0,107624.01999999999,116041.923,Feasible,N/A
0.33,0.54,0.89875,0.08875,0.0125,0.10125,0.3053435114503817,0.49382716049382713,41,91,6882.423000000001,1500.0,107624.01999999999,116006.44299999998,Feasible,N/A
0.33,0.55,0.89875,0.09125,0.01,0.10125,0.3053435114503817,0.49382716049382713,41,91,7176.030000000001,1200.0,107624.01999999999,116000.04999999999,Feasible,N/A
0.33,0.56,0.89875,0.0925,0.00875,0.10125,0.3053435114503817,0.49382716049382713,41,91,7226.030000000001,1050.0,107624.01999999999,115900.04999999999,Feasible,N/A
0.33,0.57,0.89875,0.09375,0.0075,0.10125,0.3053435114503817,0.49382716049382713,41,91,7303.981000000001,900.0,107624.01999999999,115828.00099999999,Feasible,N/A
0.33,0.58,0.89875,0.095,0.00625,0.10125,0.3053435114503817,0.49382716049382713,41,91,7353.981000000001,750.0,107624.01999999999,115728.00099999999,Feasible,N/A
0.33,0.59,0.89875,0.095,0.00625,0.10125,0.3053435114503817,0.49382716049382713,41,91,7353.981000000001,750.0,107624.01999999999,115728.00099999999,Feasible,N/A
0.33,0.6,0.89875,0.09625,0.005,0.10125,0.3053435114503817,0.49382716049382713,41,91,7485.971000000001,600.0,107624.01999999999,115709.991,Feasible,N/A
0.33,0.61,0.89875,0.09625,0.005,0.10125,0.3053435114503817,0.49382716049382713,41,91,7485.971000000001,600.0,107624.01999999999,115709.991,Feasible,N/A
0.33,0.62,0.89875,0.09625,0.005,0.10125,0.3053435114503817,0.49382716049382713,41,91,7485.971000000001,600.0,107624.01999999999,115709.991,Feasible,N/A
0.33,0.63,0.89875,0.09875,0.0025,0.10125,0.3053435114503817,0.49382716049382713,41,91,7723.426000000001,300.0,107624.01999999999,115647.446,Feasible,N/A
0.33,0.64,0.89875,0.1,0.00125,0.10125,0.3053435114503817,0.49382716049382713,41,91,7846.043,150.0,107624.01999999999,115620.063,Feasible,N/A
0.33,0.65,0.89875,0.1,0.00125,0.10125,0.3053435114503817,0.49382716049382713,41,91,7846.043,150.0,107624.01999999999,115620.063,Feasible,N/A
0.33,0.66,0.89875,0.1,0.00125,0.10125,0.3053435114503817,0.49382716049382713,41,91,7846.043,150.0,107624.01999999999,115620.063,Feasible,N/A
0.33,0.67,0.89875,0.1,0.00125,0.10125,0.3053435114503817,0.49382716049382713,41,91,7846.043,150.0,107624.01999999999,115620.063,Feasible,N/A
0.33,0.68,0.89875,0.1,0.00125,0.10125,0.3053435114503817,0.49382716049382713,41,91,7846.043,150.0,107624.01999999999,115620.063,Feasible,N/A
0.33,0.69,0.89875,0.10125,0.0,0.10125,0.3053435114503817,0.49382716049382713,41,91,7896.043,0.0,107624.01999999999,115520.063,Feasible,N/A
0.33,0.7,0.89875,0.10125,0.0,0.10125,0.3053435114503817,0.49382716049382713,41,91,7896.043,0.0,107624.01999999999,115520.063,Feasible,N/A
0.33,0.71,0.89875,0.10125,0.0,0.10125,0.3053435114503817,0.49382716049382713,41,91,7896.043,0.0,107624.01999999999,115520.063,Feasible,N/A
0.33,0.72,0.89875,0.10125,0.0,0.10125,0.3053435114503817,0.49382716049382713,41,91,7896.043,0.0,107624.01999999999,115520.063,Feasible,N/A
0.33,0.73,0.89875,0.10125,0.0,0.10125,0.3053435114503817,0.49382716049382713,41,91,7896.043,0.0,107624.01999999999,115520.063,Feasible,N/A
0.33,0.74,0.89875,0.10125,0.0,0.10125,0.3053435114503817,0.49382716049382713,41,91,7896.043,0.0,107624.01999999999,115520.063,Feasible,N/A
0.33,0.75,0.89875,0.10125,0.0,0.10125,0.3053435114503817,0.49382716049382713,41,91,7896.043,0.0,107624.01999999999,115520.063,Feasible,N/A
0.33,0.76,0.89875,0.10125,0.0,0.10125,0.3053435114503817,0.49382716049382713,41,91,7896.043,0.0,107624.01999999999,115520.063,Feasible,N/A
0.33,0.77,0.89875,0.10125,0.0,0.10125,0.3053435114503817,0.49382716049382713,41,91,7896.043,0.0,107624.01999999999,115520.063,Feasible,N/A
0.33,0.78,0.89875,0.10125,0.0,0.10125,0.3053435114503817,0.49382716049382713,41,91,7896.043,0.0,107624.01999999999,115520.063,Feasible,N/A
0.33,0.79,0.89875,0.10125,0.0,0.10125,0.3053435114503817,0.49382716049382713,41,91,7896.043,0.0,107624.01999999999,115520.063,Feasible,N/A
0.33,0.8,0.89875,0.10125,0.0,0.10125,0.3053435114503817,0.49382716049382713,41,91,7896.043,0.0,107624.01999999999,115520.063,Feasible,N/A
0.33,0.81,0.89875,0.10125,0.0,0.10125,0.3053435114503817,0.49382716049382713,41,91,7896.043,0.0,107624.01999999999,115520.063,Feasible,N/A
0.33,0.82,0.89875,0.10125,0.0,0.10125,0.3053435114503817,0.49382716049382713,41,91,7896.043,0.0,107624.01999999999,115520.063,Feasible,N/A
0.33,0.83,0.89875,0.10125,0.0,0.10125,0.3053435114503817,0.49382716049382713,41,91,7896.043,0.0,107624.01999999999,115520.063,Feasible,N/A
0.33,0.84,0.89875,0.10125,0.0,0.10125,0.3053435114503817,0.49382716049382713,41,91,7896.043,0.0,107624.01999999999,115520.063,Feasible,N/A
0.33,0.85,0.89875,0.10125,0.0,0.10125,0.3053435114503817,0.49382716049382713,41,91,7896.043,0.0,107624.01999999999,115520.063,Feasible,N/A
0.33,0.86,0.89875,0.10125,0.0,0.10125,0.3053435114503817,0.49382716049382713,41,91,7896.043,0.0,107624.01999999999,115520.063,Feasible,N/A
0.33,0.87,0.89875,0.10125,0.0,0.10125,0.3053435114503817,0.49382716049382713,41,91,7896.043,0.0,107624.01999999999,115520.063,Feasible,N/A
0.33,0.88,0.89875,0.10125,0.0,0.10125,0.3053435114503817,0.49382716049382713,41,91,7896.043,0.0,107624.01999999999,115520.063,Feasible,N/A
0.33,0.89,0.89875,0.10125,0.0,0.10125,0.3053435114503817,0.49382716049382713,41,91,7896.043,0.0,107624.01999999999,115520.063,Feasible,N/A
0.33,0.9,0.89875,0.10125,0.0,0.10125,0.3053435114503817,0.49382716049382713,41,91,7896.043,0.0,107624.01999999999,115520.063,Feasible,N/A
0.33,0.91,0.89875,0.10125,0.0,0.10125,0.3053435114503817,0.49382716049382713,41,91,7896.043,0.0,107624.01999999999,115520.063,Feasible,N/A
0.33,0.92,0.89875,0.10125,0.0,0.10125,0.3053435114503817,0.49382716049382713,41,91,7896.043,0.0,107624.01999999999,115520.063,Feasible,N/A
0.33,0.93,0.89875,0.10125,0.0,0.10125,0.3053435114503817,0.49382716049382713,41,91,7896.043,0.0,107624.01999999999,115520.063,Feasible,N/A
0.33,0.94,0.89875,0.10125,0.0,0.10125,0.3053435114503817,0.49382716049382713,41,91,7896.043,0.0,107624.01999999999,115520.063,Feasible,N/A
0.33,0.95,0.89875,0.10125,0.0,0.10125,0.3053435114503817,0.49382716049382713,41,91,7896.043,0.0,107624.01999999999,115520.063,Feasible,N/A
0.33,0.96,0.89875,0.10125,0.0,0.10125,0.3053435114503817,0.49382716049382713,41,91,7896.043,0.0,107624.01999999999,115520.063,Feasible,N/A
0.33,0.97,0.89875,0.10125,0.0,0.10125,0.3053435114503817,0.49382716049382713,41,91,7896.043,0.0,107624.01999999999,115520.063,Feasible,N/A
0.33,0.98,0.89875,0.10125,0.0,0.10125,0.3053435114503817,0.49382716049382713,41,91,7896.043,0.0,107624.01999999999,115520.063,Feasible,N/A
0.33,0.99,0.89875,0.10125,0.0,0.10125,0.3053435114503817,0.49382716049382713,41,91,7896.043,0.0,107624.01999999999,115520.063,Feasible,N/A
0.34,0.35,0.91,0.00375,0.08625,0.09,0.2900763358778626,0.5277777777777778,34,93,199.88400000000001,10350.0,110838.46,121388.34400000001,Infeasible,Violates MAX_HOLD_RATE
0.34,0.36,0.91,0.01125,0.07875,0.09,0.2900763358778626,0.5277777777777778,34,93,680.191,9450.0,110838.46,120968.65100000001,Infeasible,Violates MAX_HOLD_RATE
0.34,0.37,0.91,0.01625,0.07375,0.09,0.2900763358778626,0.5277777777777778,34,93,1397.386,8850.0,110838.46,121085.846,Infeasible,Violates MAX_HOLD_RATE
0.34,0.38,0.91,0.01875,0.07125,0.09,0.2900763358778626,0.5277777777777778,34,93,1497.386,8550.0,110838.46,120885.846,Infeasible,Violates MAX_HOLD_RATE
0.34,0.39,0.91,0.025,0.065,0.09,0.2900763358778626,0.5277777777777778,34,93,1747.386,7800.0,110838.46,120385.846,Infeasible,Violates MAX_HOLD_RATE
0.34,0.4,0.91,0.035,0.055,0.09,0.2900763358778626,0.5277777777777778,34,93,2463.709,6600.0,110838.46,119902.16900000001,Infeasible,Violates MAX_HOLD_RATE
0.34,0.41,0.91,0.04125,0.04875,0.09,0.2900763358778626,0.5277777777777778,34,93,2890.149,5850.0,110838.46,119578.60900000001,Feasible,N/A
0.34,0.42,0.91,0.04625,0.04375,0.09,0.2900763358778626,0.5277777777777778,34,93,3291.098,5250.0,110838.46,119379.558,Feasible,N/A
0.34,0.43,0.91,0.05,0.04,0.09,0.2900763358778626,0.5277777777777778,34,93,3441.098,4800.0,110838.46,119079.558,Feasible,N/A
0.34,0.44,0.91,0.05,0.04,0.09,0.2900763358778626,0.5277777777777778,34,93,3441.098,4800.0,110838.46,119079.558,Feasible,N/A
0.34,0.45,0.91,0.055,0.035,0.09,0.2900763358778626,0.5277777777777778,34,93,3641.098,4200.0,110838.46,118679.558,Feasible,N/A
0.34,0.46,0.91,0.0575,0.0325,0.09,0.2900763358778626,0.5277777777777778,34,93,3878.119,3900.0,110838.46,118616.57900000001,Feasible,N/A
0.34,0.47,0.91,0.0625,0.0275,0.09,0.2900763358778626,0.5277777777777778,34,93,4618.523999999999,3300.0,110838.46,118756.98400000001,Feasible,N/A
0.34,0.48,0.91,0.06375,0.02625,0.09,0.2900763358778626,0.5277777777777778,34,93,4690.552,3150.0,110838.46,118679.012,Feasible,N/A
0.34,0.49,0.91,0.0675,0.0225,0.09,0.2900763358778626,0.5277777777777778,34,93,5158.987,2700.0,110838.46,118697.447,Feasible,N/A
0.34,0.5,0.91,0.07,0.02,0.09,0.2900763358778626,0.5277777777777778,34,93,5374.6810000000005,2400.0,110838.46,118613.141,Feasible,N/A
0.34,0.51,0.91,0.0725,0.0175,0.09,0.2900763358778626,0.5277777777777778,34,93,5698.95,2100.0,110838.46,118637.41,Feasible,N/A
0.34,0.52,0.91,0.07625,0.01375,0.09,0.2900763358778626,0.5277777777777778,34,93,5996.459,1650.0,110838.46,118484.91900000001,Feasible,N/A
0.34,0.53,0.91,0.07625,0.01375,0.09,0.2900763358778626,0.5277777777777778,34,93,5996.459,1650.0,110838.46,118484.91900000001,Feasible,N/A
0.34,0.54,0.91,0.0775,0.0125,0.09,0.2900763358778626,0.5277777777777778,34,93,6110.979,1500.0,110838.46,118449.43900000001,Feasible,N/A
0.34,0.55,0.91,0.08,0.01,0.09,0.2900763358778626,0.5277777777777778,34,93,6404.585999999999,1200.0,110838.46,118443.046,Feasible,N/A
0.34,0.56,0.91,0.08125,0.00875,0.09,0.2900763358778626,0.5277777777777778,34,93,6454.585999999999,1050.0,110838.46,118343.046,Feasible,N/A
0.34,0.57,0.91,0.0825,0.0075,0.09,0.2900763358778626,0.5277777777777778,34,93,6532.537,900.0,110838.46,118270.997,Feasible,N/A
0.34,0.58,0.91,0.08375,0.00625,0.09,0.2900763358778626,0.5277777777777778,34,93,6582.537,750.0,110838.46,118170.997,Feasible,N/A
0.34,0.59,0.91,0.08375,0.00625,0.09,0.2900763358778626,0.5277777777777778,34,93,6582.537,750.0,110838.46,118170.997,Feasible,N/A
0.34,0.6,0.91,0.085,0.005,0.09,0.2900763358778626,0.5277777777777778,34,93,6714.527,600.0,110838.46,118152.98700000001,Feasible,N/A
0.34,0.61,0.91,0.085,0.005,0.09,0.2900763358778626,0.5277777777777778,34,93,6714.527,600.0,110838.46,118152.98700000001,Feasible,N/A
0.34,0.62,0.91,0.085,0.005,0.09,0.2900763358778626,0.5277777777777778,34,93,6714.527,600.0,110838.46,118152.98700000001,Feasible,N/A
0.34,0.63,0.91,0.0875,0.0025,0.09,0.2900763358778626,0.5277777777777778,34,93,6951.982000000001,300.0,110838.46,118090.44200000001,Feasible,N/A
0.34,0.64,0.91,0.08875,0.00125,0.09,0.2900763358778626,0.5277777777777778,34,93,7074.599,150.0,110838.46,118063.05900000001,Feasible,N/A
0.34,0.65,0.91,0.08875,0.00125,0.09,0.2900763358778626,0.5277777777777778,34,93,7074.599,150.0,110838.46,118063.05900000001,Feasible,N/A
0.34,0.66,0.91,0.08875,0.00125,0.09,0.2900763358778626,0.5277777777777778,34,93,7074.599,150.0,110838.46,118063.05900000001,Feasible,N/A
0.34,0.67,0.91,0.08875,0.00125,0.09,0.2900763358778626,0.5277777777777778,34,93,7074.599,150.0,110838.46,118063.05900000001,Feasible,N/A
0.34,0.68,0.91,0.08875,0.00125,0.09,0.2900763358778626,0.5277777777777778,34,93,7074.599,150.0,110838.46,118063.05900000001,Feasible,N/A
0.34,0.69,0.91,0.09,0.0,0.09,0.2900763358778626,0.5277777777777778,34,93,7124.599,0.0,110838.46,117963.05900000001,Feasible,N/A
0.34,0.7,0.91,0.09,0.0,0.09,0.2900763358778626,0.5277777777777778,34,93,7124.599,0.0,110838.46,117963.05900000001,Feasible,N/A
0.34,0.71,0.91,0.09,0.0,0.09,0.2900763358778626,0.5277777777777778,34,93,7124.599,0.0,110838.46,117963.05900000001,Feasible,N/A
0.34,0.72,0.91,0.09,0.0,0.09,0.2900763358778626,0.5277777777777778,34,93,7124.599,0.0,110838.46,117963.05900000001,Feasible,N/A
0.34,0.73,0.91,0.09,0.0,0.09,0.2900763358778626,0.5277777777777778,34,93,7124.599,0.0,110838.46,117963.05900000001,Feasible,N/A
0.34,0.74,0.91,0.09,0.0,0.09,0.2900763358778626,0.5277777777777778,34,93,7124.599,0.0,110838.46,117963.05900000001,Feasible,N/A
0.34,0.75,0.91,0.09,0.0,0.09,0.2900763358778626,0.5277777777777778,34,93,7124.599,0.0,110838.46,117963.05900000001,Feasible,N/A
0.34,0.76,0.91,0.09,0.0,0.09,0.2900763358778626,0.5277777777777778,34,93,7124.599,0.0,110838.46,117963.05900000001,Feasible,N/A
0.34,0.77,0.91,0.09,0.0,0.09,0.2900763358778626,0.5277777777777778,34,93,7124.599,0.0,110838.46,117963.05900000001,Feasible,N/A
0.34,0.78,0.91,0.09,0.0,0.09,0.2900763358778626,0.5277777777777778,34,93,7124.599,0.0,110838.46,117963.05900000001,Feasible,N/A
0.34,0.79,0.91,0.09,0.0,0.09,0.2900763358778626,0.5277777777777778,34,93,7124.599,0.0,110838.46,117963.05900000001,Feasible,N/A
0.34,0.8,0.91,0.09,0.0,0.09,0.2900763358778626,0.5277777777777778,34,93,7124.599,0.0,110838.46,117963.05900000001,Feasible,N/A
0.34,0.81,0.91,0.09,0.0,0.09,0.2900763358778626,0.5277777777777778,34,93,7124.599,0.0,110838.46,117963.05900000001,Feasible,N/A
0.34,0.82,0.91,0.09,0.0,0.09,0.2900763358778626,0.5277777777777778,34,93,7124.599,0.0,110838.46,117963.05900000001,Feasible,N/A
0.34,0.83,0.91,0.09,0.0,0.09,0.2900763358778626,0.5277777777777778,34,93,7124.599,0.0,110838.46,117963.05900000001,Feasible,N/A
0.34,0.84,0.91,0.09,0.0,0.09,0.2900763358778626,0.5277777777777778,34,93,7124.599,0.0,110838.46,117963.05900000001,Feasible,N/A
0.34,0.85,0.91,0.09,0.0,0.09,0.2900763358778626,0.5277777777777778,34,93,7124.599,0.0,110838.46,117963.05900000001,Feasible,N/A
0.34,0.86,0.91,0.09,0.0,0.09,0.2900763358778626,0.5277777777777778,34,93,7124.599,0.0,110838.46,117963.05900000001,Feasible,N/A
0.34,0.87,0.91,0.09,0.0,0.09,0.2900763358778626,0.5277777777777778,34,93,7124.599,0.0,110838.46,117963.05900000001,Feasible,N/A
0.34,0.88,0.91,0.09,0.0,0.09,0.2900763358778626,0.5277777777777778,34,93,7124.599,0.0,110838.46,117963.05900000001,Feasible,N/A
0.34,0.89,0.91,0.09,0.0,0.09,0.2900763358778626,0.5277777777777778,34,93,7124.599,0.0,110838.46,117963.05900000001,Feasible,N/A
0.34,0.9,0.91,0.09,0.0,0.09,0.2900763358778626,0.5277777777777778,34,93,7124.599,0.0,110838.46,117963.05900000001,Feasible,N/A
0.34,0.91,0.91,0.09,0.0,0.09,0.2900763358778626,0.5277777777777778,34,93,7124.599,0.0,110838.46,117963.05900000001,Feasible,N/A
0.34,0.92,0.91,0.09,0.0,0.09,0.2900763358778626,0.5277777777777778,34,93,7124.599,0.0,110838.46,117963.05900000001,Feasible,N/A
0.34,0.93,0.91,0.09,0.0,0.09,0.2900763358778626,0.5277777777777778,34,93,7124.599,0.0,110838.46,117963.05900000001,Feasible,N/A
0.34,0.94,0.91,0.09,0.0,0.09,0.2900763358778626,0.5277777777777778,34,93,7124.599,0.0,110838.46,117963.05900000001,Feasible,N/A
0.34,0.95,0.91,0.09,0.0,0.09,0.2900763358778626,0.5277777777777778,34,93,7124.599,0.0,110838.46,117963.05900000001,Feasible,N/A
0.34,0.96,0.91,0.09,0.0,0.09,0.2900763358778626,0.5277777777777778,34,93,7124.599,0.0,110838.46,117963.05900000001,Feasible,N/A
0.34,0.97,0.91,0.09,0.0,0.09,0.2900763358778626,0.5277777777777778,34,93,7124.599,0.0,110838.46,117963.05900000001,Feasible,N/A
0.34,0.98,0.91,0.09,0.0,0.09,0.2900763358778626,0.5277777777777778,34,93,7124.599,0.0,110838.46,117963.05900000001,Feasible,N/A
0.34,0.99,0.91,0.09,0.0,0.09,0.2900763358778626,0.5277777777777778,34,93,7124.599,0.0,110838.46,117963.05900000001,Feasible,N/A
0.35,0.36,0.91375,0.0075,0.07875,0.08625,0.2824427480916031,0.5362318840579711,32,94,480.307,9450.0,111337.3,121267.607,Infeasible,Violates MAX_HOLD_RATE
0.35,0.37,0.91375,0.0125,0.07375,0.08625,0.2824427480916031,0.5362318840579711,32,94,1197.502,8850.0,111337.3,121384.802,Infeasible,Violates MAX_HOLD_RATE
0.35,0.38,0.91375,0.015,0.07125,0.08625,0.2824427480916031,0.5362318840579711,32,94,1297.502,8550.0,111337.3,121184.802,Infeasible,Violates MAX_HOLD_RATE
0.35,0.39,0.91375,0.02125,0.065,0.08625,0.2824427480916031,0.5362318840579711,32,94,1547.502,7800.0,111337.3,120684.802,Infeasible,Violates MAX_HOLD_RATE
0.35,0.4,0.91375,0.03125,0.055,0.08625,0.2824427480916031,0.5362318840579711,32,94,2263.825,6600.0,111337.3,120201.125,Infeasible,Violates MAX_HOLD_RATE
0.35,0.41,0.91375,0.0375,0.04875,0.08625,0.2824427480916031,0.5362318840579711,32,94,2690.2650000000003,5850.0,111337.3,119877.565,Feasible,N/A
0.35,0.42,0.91375,0.0425,0.04375,0.08625,0.2824427480916031,0.5362318840579711,32,94,3091.214,5250.0,111337.3,119678.514,Feasible,N/A
0.35,0.43,0.91375,0.04625,0.04,0.08625,0.2824427480916031,0.5362318840579711,32,94,3241.214,4800.0,111337.3,119378.514,Feasible,N/A
0.35,0.44,0.91375,0.04625,0.04,0.08625,0.2824427480916031,0.5362318840579711,32,94,3241.214,4800.0,111337.3,119378.514,Feasible,N/A
0.35,0.45,0.91375,0.05125,0.035,0.08625,0.2824427480916031,0.5362318840579711,32,94,3441.214,4200.0,111337.3,118978.514,Feasible,N/A
0.35,0.46,0.91375,0.05375,0.0325,0.08625,0.2824427480916031,0.5362318840579711,32,94,3678.235,3900.0,111337.3,118915.535,Feasible,N/A
0.35,0.47,0.91375,0.05875,0.0275,0.08625,0.2824427480916031,0.5362318840579711,32,94,4418.639999999999,3300.0,111337.3,119055.94,Feasible,N/A
0.35,0.48,0.91375,0.06,0.02625,0.08625,0.2824427480916031,0.5362318840579711,32,94,4490.668,3150.0,111337.3,118977.96800000001,Feasible,N/A
0.35,0.49,0.91375,0.06375,0.0225,0.08625,0.2824427480916031,0.5362318840579711,32,94,4959.103,2700.0,111337.3,118996.403,Feasible,N/A
0.35,0.5,0.91375,0.06625,0.02,0.08625,0.2824427480916031,0.5362318840579711,32,94,5174.7970000000005,2400.0,111337.3,118912.09700000001,Feasible,N/A
0.35,0.51,0.91375,0.06875,0.0175,0.08625,0.2824427480916031,0.5362318840579711,32,94,5499.066000000001,2100.0,111337.3,118936.36600000001,Feasible,N/A
0.35,0.52,0.91375,0.0725,0.01375,0.08625,0.2824427480916031,0.5362318840579711,32,94,5796.575,1650.0,111337.3,118783.875,Feasible,N/A
0.35,0.53,0.91375,0.0725,0.01375,0.08625,0.2824427480916031,0.5362318840579711,32,94,5796.575,1650.0,111337.3,118783.875,Feasible,N/A
0.35,0.54,0.91375,0.07375,0.0125,0.08625,0.2824427480916031,0.5362318840579711,32,94,5911.094999999999,1500.0,111337.3,118748.395,Feasible,N/A
0.35,0.55,0.91375,0.07625,0.01,0.08625,0.2824427480916031,0.5362318840579711,32,94,6204.702,1200.0,111337.3,118742.00200000001,Feasible,N/A
0.35,0.56,0.91375,0.0775,0.00875,0.08625,0.2824427480916031,0.5362318840579711,32,94,6254.702,1050.0,111337.3,118642.00200000001,Feasible,N/A
0.35,0.57,0.91375,0.07875,0.0075,0.08625,0.2824427480916031,0.5362318840579711,32,94,6332.653,900.0,111337.3,118569.95300000001,Feasible,N/A
0.35,0.58,0.91375,0.08,0.00625,0.08625,0.2824427480916031,0.5362318840579711,32,94,6382.653,750.0,111337.3,118469.95300000001,Feasible,N/A
0.35,0.59,0.91375,0.08,0.00625,0.08625,0.2824427480916031,0.5362318840579711,32,94,6382.653,750.0,111337.3,118469.95300000001,Feasible,N/A
0.35,0.6,0.91375,0.08125,0.005,0.08625,0.2824427480916031,0.5362318840579711,32,94,6514.643,600.0,111337.3,118451.943,Feasible,N/A
0.35,0.61,0.91375,0.08125,0.005,0.08625,0.2824427480916031,0.5362318840579711,32,94,6514.643,600.0,111337.3,118451.943,Feasible,N/A
0.35,0.62,0.91375,0.08125,0.005,0.08625,0.2824427480916031,0.5362318840579711,32,94,6514.643,600.0,111337.3,118451.943,Feasible,N/A
0.35,0.63,0.91375,0.08375,0.0025,0.08625,0.2824427480916031,0.5362318840579711,32,94,6752.098,300.0,111337.3,118389.398,Feasible,N/A
0.35,0.64,0.91375,0.085,0.00125,0.08625,0.2824427480916031,0.5362318840579711,32,94,6874.715,150.0,111337.3,118362.015,Feasible,N/A
0.35,0.65,0.91375,0.085,0.00125,0.08625,0.2824427480916031,0.5362318840579711,32,94,6874.715,150.0,111337.3,118362.015,Feasible,N/A
0.35,0.66,0.91375,0.085,0.00125,0.08625,0.2824427480916031,0.5362318840579711,32,94,6874.715,150.0,111337.3,118362.015,Feasible,N/A
0.35,0.67,0.91375,0.085,0.00125,0.08625,0.2824427480916031,0.5362318840579711,32,94,6874.715,150.0,111337.3,118362.015,Feasible,N/A
0.35,0.68,0.91375,0.085,0.00125,0.08625,0.2824427480916031,0.5362318840579711,32,94,6874.715,150.0,111337.3,118362.015,Feasible,N/A
0.35,0.69,0.91375,0.08625,0.0,0.08625,0.2824427480916031,0.5362318840579711,32,94,6924.715,0.0,111337.3,118262.015,Feasible,N/A
0.35,0.7,0.91375,0.08625,0.0,0.08625,0.2824427480916031,0.5362318840579711,32,94,6924.715,0.0,111337.3,118262.015,Feasible,N/A
0.35,0.71,0.91375,0.08625,0.0,0.08625,0.2824427480916031,0.5362318840579711,32,94,6924.715,0.0,111337.3,118262.015,Feasible,N/A
0.35,0.72,0.91375,0.08625,0.0,0.08625,0.2824427480916031,0.5362318840579711,32,94,6924.715,0.0,111337.3,118262.015,Feasible,N/A
0.35,0.73,0.91375,0.08625,0.0,0.08625,0.2824427480916031,0.5362318840579711,32,94,6924.715,0.0,111337.3,118262.015,Feasible,N/A
0.35,0.74,0.91375,0.08625,0.0,0.08625,0.2824427480916031,0.5362318840579711,32,94,6924.715,0.0,111337.3,118262.015,Feasible,N/A
0.35,0.75,0.91375,0.08625,0.0,0.08625,0.2824427480916031,0.5362318840579711,32,94,6924.715,0.0,111337.3,118262.015,Feasible,N/A
0.35,0.76,0.91375,0.08625,0.0,0.08625,0.2824427480916031,0.5362318840579711,32,94,6924.715,0.0,111337.3,118262.015,Feasible,N/A
0.35,0.77,0.91375,0.08625,0.0,0.08625,0.2824427480916031,0.5362318840579711,32,94,6924.715,0.0,111337.3,118262.015,Feasible,N/A
0.35,0.78,0.91375,0.08625,0.0,0.08625,0.2824427480916031,0.5362318840579711,32,94,6924.715,0.0,111337.3,118262.015,Feasible,N/A
0.35,0.79,0.91375,0.08625,0.0,0.08625,0.2824427480916031,0.5362318840579711,32,94,6924.715,0.0,111337.3,118262.015,Feasible,N/A
0.35,0.8,0.91375,0.08625,0.0,0.08625,0.2824427480916031,0.5362318840579711,32,94,6924.715,0.0,111337.3,118262.015,Feasible,N/A
0.35,0.81,0.91375,0.08625,0.0,0.08625,0.2824427480916031,0.5362318840579711,32,94,6924.715,0.0,111337.3,118262.015,Feasible,N/A
0.35,0.82,0.91375,0.08625,0.0,0.08625,0.2824427480916031,0.5362318840579711,32,94,6924.715,0.0,111337.3,118262.015,Feasible,N/A
0.35,0.83,0.91375,0.08625,0.0,0.08625,0.2824427480916031,0.5362318840579711,32,94,6924.715,0.0,111337.3,118262.015,Feasible,N/A
0.35,0.84,0.91375,0.08625,0.0,0.08625,0.2824427480916031,0.5362318840579711,32,94,6924.715,0.0,111337.3,118262.015,Feasible,N/A
0.35,0.85,0.91375,0.08625,0.0,0.08625,0.2824427480916031,0.5362318840579711,32,94,6924.715,0.0,111337.3,118262.015,Feasible,N/A
0.35,0.86,0.91375,0.08625,0.0,0.08625,0.2824427480916031,0.5362318840579711,32,94,6924.715,0.0,111337.3,118262.015,Feasible,N/A
0.35,0.87,0.91375,0.08625,0.0,0.08625,0.2824427480916031,0.5362318840579711,32,94,6924.715,0.0,111337.3,118262.015,Feasible,N/A
0.35,0.88,0.91375,0.08625,0.0,0.08625,0.2824427480916031,0.5362318840579711,32,94,6924.715,0.0,111337.3,118262.015,Feasible,N/A
0.35,0.89,0.91375,0.08625,0.0,0.08625,0.2824427480916031,0.5362318840579711,32,94,6924.715,0.0,111337.3,118262.015,Feasible,N/A
0.35,0.9,0.91375,0.08625,0.0,0.08625,0.2824427480916031,0.5362318840579711,32,94,6924.715,0.0,111337.3,118262.015,Feasible,N/A
0.35,0.91,0.91375,0.08625,0.0,0.08625,0.2824427480916031,0.5362318840579711,32,94,6924.715,0.0,111337.3,118262.015,Feasible,N/A
0.35,0.92,0.91375,0.08625,0.0,0.08625,0.2824427480916031,0.5362318840579711,32,94,6924.715,0.0,111337.3,118262.015,Feasible,N/A
0.35,0.93,0.91375,0.08625,0.0,0.08625,0.2824427480916031,0.5362318840579711,32,94,6924.715,0.0,111337.3,118262.015,Feasible,N/A
0.35,0.94,0.91375,0.08625,0.0,0.08625,0.2824427480916031,0.5362318840579711,32,94,6924.715,0.0,111337.3,118262.015,Feasible,N/A
0.35,0.95,0.91375,0.08625,0.0,0.08625,0.2824427480916031,0.5362318840579711,32,94,6924.715,0.0,111337.3,118262.015,Feasible,N/A
0.35,0.96,0.91375,0.08625,0.0,0.08625,0.2824427480916031,0.5362318840579711,32,94,6924.715,0.0,111337.3,118262.015,Feasible,N/A
0.35,0.97,0.91375,0.08625,0.0,0.08625,0.2824427480916031,0.5362318840579711,32,94,6924.715,0.0,111337.3,118262.015,Feasible,N/A
0.35,0.98,0.91375,0.08625,0.0,0.08625,0.2824427480916031,0.5362318840579711,32,94,6924.715,0.0,111337.3,118262.015,Feasible,N/A
0.35,0.99,0.91375,0.08625,0.0,0.08625,0.2824427480916031,0.5362318840579711,32,94,6924.715,0.0,111337.3,118262.015,Feasible,N/A
0.36,0.37,0.92125,0.005,0.07375,0.07875,0.25190839694656486,0.5238095238095238,30,98,717.195,8850.0,113140.37,122707.565,Infeasible,Violates MAX_HOLD_RATE
0.36,0.38,0.92125,0.0075,0.07125,0.07875,0.25190839694656486,0.5238095238095238,30,98,817.195,8550.0,113140.37,122507.565,Infeasible,Violates MAX_HOLD_RATE
0.36,0.39,0.92125,0.01375,0.065,0.07875,0.25190839694656486,0.5238095238095238,30,98,1067.1950000000002,7800.0,113140.37,122007.565,Infeasible,Violates MAX_HOLD_RATE
0.36,0.4,0.92125,0.02375,0.055,0.07875,0.25190839694656486,0.5238095238095238,30,98,1783.518,6600.0,113140.37,121523.88799999999,Infeasible,Violates MAX_HOLD_RATE
0.36,0.41,0.92125,0.03,0.04875,0.07875,0.25190839694656486,0.5238095238095238,30,98,2209.958,5850.0,113140.37,121200.328,Feasible,N/A
0.36,0.42,0.92125,0.035,0.04375,0.07875,0.25190839694656486,0.5238095238095238,30,98,2610.907,5250.0,113140.37,121001.277,Feasible,N/A
0.36,0.43,0.92125,0.03875,0.04,0.07875,0.25190839694656486,0.5238095238095238,30,98,2760.907,4800.0,113140.37,120701.277,Feasible,N/A
0.36,0.44,0.92125,0.03875,0.04,0.07875,0.25190839694656486,0.5238095238095238,30,98,2760.907,4800.0,113140.37,120701.277,Feasible,N/A
0.36,0.45,0.92125,0.04375,0.035,0.07875,0.25190839694656486,0.5238095238095238,30,98,2960.907,4200.0,113140.37,120301.277,Feasible,N/A
0.36,0.46,0.92125,0.04625,0.0325,0.07875,0.25190839694656486,0.5238095238095238,30,98,3197.928,3900.0,113140.37,120238.298,Feasible,N/A
0.36,0.47,0.92125,0.05125,0.0275,0.07875,0.25190839694656486,0.5238095238095238,30,98,3938.3329999999996,3300.0,113140.37,120378.703,Feasible,N/A
0.36,0.48,0.92125,0.0525,0.02625,0.07875,0.25190839694656486,0.5238095238095238,30,98,4010.361,3150.0,113140.37,120300.731,Feasible,N/A
0.36,0.49,0.92125,0.05625,0.0225,0.07875,0.25190839694656486,0.5238095238095238,30,98,4478.796,2700.0,113140.37,120319.166,Feasible,N/A
0.36,0.5,0.92125,0.05875,0.02,0.07875,0.25190839694656486,0.5238095238095238,30,98,4694.49,2400.0,113140.37,120234.86,Feasible,N/A
0.36,0.51,0.92125,0.06125,0.0175,0.07875,0.25190839694656486,0.5238095238095238,30,98,5018.759,2100.0,113140.37,120259.129,Feasible,N/A
0.36,0.52,0.92125,0.065,0.01375,0.07875,0.25190839694656486,0.5238095238095238,30,98,5316.268,1650.0,113140.37,120106.63799999999,Feasible,N/A
0.36,0.53,0.92125,0.065,0.01375,0.07875,0.25190839694656486,0.5238095238095238,30,98,5316.268,1650.0,113140.37,120106.63799999999,Feasible,N/A
0.36,0.54,0.92125,0.06625,0.0125,0.07875,0.25190839694656486,0.5238095238095238,30,98,5430.7880000000005,1500.0,113140.37,120071.158,Feasible,N/A
0.36,0.55,0.92125,0.06875,0.01,0.07875,0.25190839694656486,0.5238095238095238,30,98,5724.395,1200.0,113140.37,120064.765,Feasible,N/A
0.36,0.56,0.92125,0.07,0.00875,0.07875,0.25190839694656486,0.5238095238095238,30,98,5774.395,1050.0,113140.37,119964.765,Feasible,N/A
0.36,0.57,0.92125,0.07125,0.0075,0.07875,0.25190839694656486,0.5238095238095238,30,98,5852.346,900.0,113140.37,119892.716,Feasible,N/A
0.36,0.58,0.92125,0.0725,0.00625,0.07875,0.25190839694656486,0.5238095238095238,30,98,5902.346,750.0,113140.37,119792.716,Feasible,N/A
0.36,0.59,0.92125,0.0725,0.00625,0.07875,0.25190839694656486,0.5238095238095238,30,98,5902.346,750.0,113140.37,119792.716,Feasible,N/A
0.36,0.6,0.92125,0.07375,0.005,0.07875,0.25190839694656486,0.5238095238095238,30,98,6034.335999999999,600.0,113140.37,119774.70599999999,Feasible,N/A
0.36,0.61,0.92125,0.07375,0.005,0.07875,0.25190839694656486,0.5238095238095238,30,98,6034.335999999999,600.0,113140.37,119774.70599999999,Feasible,N/A
0.36,0.62,0.92125,0.07375,0.005,0.07875,0.25190839694656486,0.5238095238095238,30,98,6034.335999999999,600.0,113140.37,119774.70599999999,Feasible,N/A
0.36,0.63,0.92125,0.07625,0.0025,0.07875,0.25190839694656486,0.5238095238095238,30,98,6271.791,300.0,113140.37,119712.161,Feasible,N/A
0.36,0.64,0.92125,0.0775,0.00125,0.07875,0.25190839694656486,0.5238095238095238,30,98,6394.408,150.0,113140.37,119684.77799999999,Feasible,N/A
0.36,0.65,0.92125,0.0775,0.00125,0.07875,0.25190839694656486,0.5238095238095238,30,98,6394.408,150.0,113140.37,119684.77799999999,Feasible,N/A
0.36,0.66,0.92125,0.0775,0.00125,0.07875,0.25190839694656486,0.5238095238095238,30,98,6394.408,150.0,113140.37,119684.77799999999,Feasible,N/A
0.36,0.67,0.92125,0.0775,0.00125,0.07875,0.25190839694656486,0.5238095238095238,30,98,6394.408,150.0,113140.37,119684.77799999999,Feasible,N/A
0.36,0.68,0.92125,0.0775,0.00125,0.07875,0.25190839694656486,0.5238095238095238,30,98,6394.408,150.0,113140.37,119684.77799999999,Feasible,N/A
0.36,0.69,0.92125,0.07875,0.0,0.07875,0.25190839694656486,0.5238095238095238,30,98,6444.408,0.0,113140.37,119584.77799999999,Feasible,N/A
0.36,0.7,0.92125,0.07875,0.0,0.07875,0.25190839694656486,0.5238095238095238,30,98,6444.408,0.0,113140.37,119584.77799999999,Feasible,N/A
0.36,0.71,0.92125,0.07875,0.0,0.07875,0.25190839694656486,0.5238095238095238,30,98,6444.408,0.0,113140.37,119584.77799999999,Feasible,N/A
0.36,0.72,0.92125,0.07875,0.0,0.07875,0.25190839694656486,0.5238095238095238,30,98,6444.408,0.0,113140.37,119584.77799999999,Feasible,N/A
0.36,0.73,0.92125,0.07875,0.0,0.07875,0.25190839694656486,0.5238095238095238,30,98,6444.408,0.0,113140.37,119584.77799999999,Feasible,N/A
0.36,0.74,0.92125,0.07875,0.0,0.07875,0.25190839694656486,0.5238095238095238,30,98,6444.408,0.0,113140.37,119584.77799999999,Feasible,N/A
0.36,0.75,0.92125,0.07875,0.0,0.07875,0.25190839694656486,0.5238095238095238,30,98,6444.408,0.0,113140.37,119584.77799999999,Feasible,N/A
0.36,0.76,0.92125,0.07875,0.0,0.07875,0.25190839694656486,0.5238095238095238,30,98,6444.408,0.0,113140.37,119584.77799999999,Feasible,N/A
0.36,0.77,0.92125,0.07875,0.0,0.07875,0.25190839694656486,0.5238095238095238,30,98,6444.408,0.0,113140.37,119584.77799999999,Feasible,N/A
0.36,0.78,0.92125,0.07875,0.0,0.07875,0.25190839694656486,0.5238095238095238,30,98,6444.408,0.0,113140.37,119584.77799999999,Feasible,N/A
0.36,0.79,0.92125,0.07875,0.0,0.07875,0.25190839694656486,0.5238095238095238,30,98,6444.408,0.0,113140.37,119584.77799999999,Feasible,N/A
0.36,0.8,0.92125,0.07875,0.0,0.07875,0.25190839694656486,0.5238095238095238,30,98,6444.408,0.0,113140.37,119584.77799999999,Feasible,N/A
0.36,0.81,0.92125,0.07875,0.0,0.07875,0.25190839694656486,0.5238095238095238,30,98,6444.408,0.0,113140.37,119584.77799999999,Feasible,N/A
0.36,0.82,0.92125,0.07875,0.0,0.07875,0.25190839694656486,0.5238095238095238,30,98,6444.408,0.0,113140.37,119584.77799999999,Feasible,N/A
0.36,0.83,0.92125,0.07875,0.0,0.07875,0.25190839694656486,0.5238095238095238,30,98,6444.408,0.0,113140.37,119584.77799999999,Feasible,N/A
0.36,0.84,0.92125,0.07875,0.0,0.07875,0.25190839694656486,0.5238095238095238,30,98,6444.408,0.0,113140.37,119584.77799999999,Feasible,N/A
0.36,0.85,0.92125,0.07875,0.0,0.07875,0.25190839694656486,0.5238095238095238,30,98,6444.408,0.0,113140.37,119584.77799999999,Feasible,N/A
0.36,0.86,0.92125,0.07875,0.0,0.07875,0.25190839694656486,0.5238095238095238,30,98,6444.408,0.0,113140.37,119584.77799999999,Feasible,N/A
0.36,0.87,0.92125,0.07875,0.0,0.07875,0.25190839694656486,0.5238095238095238,30,98,6444.408,0.0,113140.37,119584.77799999999,Feasible,N/A
0.36,0.88,0.92125,0.07875,0.0,0.07875,0.25190839694656486,0.5238095238095238,30,98,6444.408,0.0,113140.37,119584.77799999999,Feasible,N/A
0.36,0.89,0.92125,0.07875,0.0,0.07875,0.25190839694656486,0.5238095238095238,30,98,6444.408,0.0,113140.37,119584.77799999999,Feasible,N/A
0.36,0.9,0.92125,0.07875,0.0,0.07875,0.25190839694656486,0.5238095238095238,30,98,6444.408,0.0,113140.37,119584.77799999999,Feasible,N/A
0.36,0.91,0.92125,0.07875,0.0,0.07875,0.25190839694656486,0.5238095238095238,30,98,6444.408,0.0,113140.37,119584.77799999999,Feasible,N/A
0.36,0.92,0.92125,0.07875,0.0,0.07875,0.25190839694656486,0.5238095238095238,30,98,6444.408,0.0,113140.37,119584.77799999999,Feasible,N/A
0.36,0.93,0.92125,0.07875,0.0,0.07875,0.25190839694656486,0.5238095238095238,30,98,6444.408,0.0,113140.37,119584.77799999999,Feasible,N/A
0.36,0.94,0.92125,0.07875,0.0,0.07875,0.25190839694656486,0.5238095238095238,30,98,6444.408,0.0,113140.37,119584.77799999999,Feasible,N/A
0.36,0.95,0.92125,0.07875,0.0,0.07875,0.25190839694656486,0.5238095238095238,30,98,6444.408,0.0,113140.37,119584.77799999999,Feasible,N/A
0.36,0.96,0.92125,0.07875,0.0,0.07875,0.25190839694656486,0.5238095238095238,30,98,6444.408,0.0,113140.37,119584.77799999999,Feasible,N/A
0.36,0.97,0.92125,0.07875,0.0,0.07875,0.25190839694656486,0.5238095238095238,30,98,6444.408,0.0,113140.37,119584.77799999999,Feasible,N/A
0.36,0.98,0.92125,0.07875,0.0,0.07875,0.25190839694656486,0.5238095238095238,30,98,6444.408,0.0,113140.37,119584.77799999999,Feasible,N/A
0.36,0.99,0.92125,0.07875,0.0,0.07875,0.25190839694656486,0.5238095238095238,30,98,6444.408,0.0,113140.37,119584.77799999999,Feasible,N/A
0.37,0.38,0.92625,0.0025,0.07125,0.07375,0.22137404580152673,0.4915254237288136,30,102,100.0,8550.0,118312.31999999999,126962.31999999999,Infeasible,Violates MAX_HOLD_RATE
0.37,0.39,0.92625,0.00875,0.065,0.07375,0.22137404580152673,0.4915254237288136,30,102,350.0,7800.0,118312.31999999999,126462.31999999999,Infeasible,Violates MAX_HOLD_RATE
0.37,0.4,0.92625,0.01875,0.055,0.07375,0.22137404580152673,0.4915254237288136,30,102,1066.323,6600.0,118312.31999999999,125978.643,Infeasible,Violates MAX_HOLD_RATE
0.37,0.41,0.92625,0.025,0.04875,0.07375,0.22137404580152673,0.4915254237288136,30,102,1492.763,5850.0,118312.31999999999,125655.083,Feasible,N/A
0.37,0.42,0.92625,0.03,0.04375,0.07375,0.22137404580152673,0.4915254237288136,30,102,1893.712,5250.0,118312.31999999999,125456.03199999999,Feasible,N/A
0.37,0.43,0.92625,0.03375,0.04,0.07375,0.22137404580152673,0.4915254237288136,30,102,2043.712,4800.0,118312.31999999999,125156.03199999999,Feasible,N/A
0.37,0.44,0.92625,0.03375,0.04,0.07375,0.22137404580152673,0.4915254237288136,30,102,2043.712,4800.0,118312.31999999999,125156.03199999999,Feasible,N/A
0.37,0.45,0.92625,0.03875,0.035,0.07375,0.22137404580152673,0.4915254237288136,30,102,2243.712,4200.0,118312.31999999999,124756.03199999999,Feasible,N/A
0.37,0.46,0.92625,0.04125,0.0325,0.07375,0.22137404580152673,0.4915254237288136,30,102,2480.733,3900.0,118312.31999999999,124693.05299999999,Feasible,N/A
0.37,0.47,0.92625,0.04625,0.0275,0.07375,0.22137404580152673,0.4915254237288136,30,102,3221.138,3300.0,118312.31999999999,124833.458,Feasible,N/A
0.37,0.48,0.92625,0.0475,0.02625,0.07375,0.22137404580152673,0.4915254237288136,30,102,3293.166,3150.0,118312.31999999999,124755.48599999999,Feasible,N/A
0.37,0.49,0.92625,0.05125,0.0225,0.07375,0.22137404580152673,0.4915254237288136,30,102,3761.6009999999997,2700.0,118312.31999999999,124773.92099999999,Feasible,N/A
0.37,0.5,0.92625,0.05375,0.02,0.07375,0.22137404580152673,0.4915254237288136,30,102,3977.295,2400.0,118312.31999999999,124689.61499999999,Feasible,N/A
0.37,0.51,0.92625,0.05625,0.0175,0.07375,0.22137404580152673,0.4915254237288136,30,102,4301.564,2100.0,118312.31999999999,124713.88399999999,Feasible,N/A
0.37,0.52,0.92625,0.06,0.01375,0.07375,0.22137404580152673,0.4915254237288136,30,102,4599.073,1650.0,118312.31999999999,124561.393,Feasible,N/A
0.37,0.53,0.92625,0.06,0.01375,0.07375,0.22137404580152673,0.4915254237288136,30,102,4599.073,1650.0,118312.31999999999,124561.393,Feasible,N/A
0.37,0.54,0.92625,0.06125,0.0125,0.07375,0.22137404580152673,0.4915254237288136,30,102,4713.593000000001,1500.0,118312.31999999999,124525.913,Feasible,N/A
0.37,0.55,0.92625,0.06375,0.01,0.07375,0.22137404580152673,0.4915254237288136,30,102,5007.200000000001,1200.0,118312.31999999999,124519.51999999999,Feasible,N/A
0.37,0.56,0.92625,0.065,0.00875,0.07375,0.22137404580152673,0.4915254237288136,30,102,5057.200000000001,1050.0,118312.31999999999,124419.51999999999,Feasible,N/A
0.37,0.57,0.92625,0.06625,0.0075,0.07375,0.22137404580152673,0.4915254237288136,30,102,5135.151,900.0,118312.31999999999,124347.47099999999,Feasible,N/A
0.37,0.58,0.92625,0.0675,0.00625,0.07375,0.22137404580152673,0.4915254237288136,30,102,5185.151,750.0,118312.31999999999,124247.47099999999,Feasible,N/A
0.37,0.59,0.92625,0.0675,0.00625,0.07375,0.22137404580152673,0.4915254237288136,30,102,5185.151,750.0,118312.31999999999,124247.47099999999,Feasible,N/A
0.37,0.6,0.92625,0.06875,0.005,0.07375,0.22137404580152673,0.4915254237288136,30,102,5317.141,600.0,118312.31999999999,124229.461,Feasible,N/A
0.37,0.61,0.92625,0.06875,0.005,0.07375,0.22137404580152673,0.4915254237288136,30,102,5317.141,600.0,118312.31999999999,124229.461,Feasible,N/A
0.37,0.62,0.92625,0.06875,0.005,0.07375,0.22137404580152673,0.4915254237288136,30,102,5317.141,600.0,118312.31999999999,124229.461,Feasible,N/A
0.37,0.63,0.92625,0.07125,0.0025,0.07375,0.22137404580152673,0.4915254237288136,30,102,5554.596,300.0,118312.31999999999,124166.916,Feasible,N/A
0.37,0.64,0.92625,0.0725,0.00125,0.07375,0.22137404580152673,0.4915254237288136,30,102,5677.213,150.0,118312.31999999999,124139.533,Feasible,N/A
0.37,0.65,0.92625,0.0725,0.00125,0.07375,0.22137404580152673,0.4915254237288136,30,102,5677.213,150.0,118312.31999999999,124139.533,Feasible,N/A
0.37,0.66,0.92625,0.0725,0.00125,0.07375,0.22137404580152673,0.4915254237288136,30,102,5677.213,150.0,118312.31999999999,124139.533,Feasible,N/A
0.37,0.67,0.92625,0.0725,0.00125,0.07375,0.22137404580152673,0.4915254237288136,30,102,5677.213,150.0,118312.31999999999,124139.533,Feasible,N/A
0.37,0.68,0.92625,0.0725,0.00125,0.07375,0.22137404580152673,0.4915254237288136,30,102,5677.213,150.0,118312.31999999999,124139.533,Feasible,N/A
0.37,0.69,0.92625,0.07375,0.0,0.07375,0.22137404580152673,0.4915254237288136,30,102,5727.213,0.0,118312.31999999999,124039.533,Feasible,N/A
0.37,0.7,0.92625,0.07375,0.0,0.07375,0.22137404580152673,0.4915254237288136,30,102,5727.213,0.0,118312.31999999999,124039.533,Feasible,N/A
0.37,0.71,0.92625,0.07375,0.0,0.07375,0.22137404580152673,0.4915254237288136,30,102,5727.213,0.0,118312.31999999999,124039.533,Feasible,N/A
0.37,0.72,0.92625,0.07375,0.0,0.07375,0.22137404580152673,0.4915254237288136,30,102,5727.213,0.0,118312.31999999999,124039.533,Feasible,N/A
0.37,0.73,0.92625,0.07375,0.0,0.07375,0.22137404580152673,0.4915254237288136,30,102,5727.213,0.0,118312.31999999999,124039.533,Feasible,N/A
0.37,0.74,0.92625,0.07375,0.0,0.07375,0.22137404580152673,0.4915254237288136,30,102,5727.213,0.0,118312.31999999999,124039.533,Feasible,N/A
0.37,0.75,0.92625,0.07375,0.0,0.07375,0.22137404580152673,0.4915254237288136,30,102,5727.213,0.0,118312.31999999999,124039.533,Feasible,N/A
0.37,0.76,0.92625,0.07375,0.0,0.07375,0.22137404580152673,0.4915254237288136,30,102,5727.213,0.0,118312.31999999999,124039.533,Feasible,N/A
0.37,0.77,0.92625,0.07375,0.0,0.07375,0.22137404580152673,0.4915254237288136,30,102,5727.213,0.0,118312.31999999999,124039.533,Feasible,N/A
0.37,0.78,0.92625,0.07375,0.0,0.07375,0.22137404580152673,0.4915254237288136,30,102,5727.213,0.0,118312.31999999999,124039.533,Feasible,N/A
0.37,0.79,0.92625,0.07375,0.0,0.07375,0.22137404580152673,0.4915254237288136,30,102,5727.213,0.0,118312.31999999999,124039.533,Feasible,N/A
0.37,0.8,0.92625,0.07375,0.0,0.07375,0.22137404580152673,0.4915254237288136,30,102,5727.213,0.0,118312.31999999999,124039.533,Feasible,N/A
0.37,0.81,0.92625,0.07375,0.0,0.07375,0.22137404580152673,0.4915254237288136,30,102,5727.213,0.0,118312.31999999999,124039.533,Feasible,N/A
0.37,0.82,0.92625,0.07375,0.0,0.07375,0.22137404580152673,0.4915254237288136,30,102,5727.213,0.0,118312.31999999999,124039.533,Feasible,N/A
0.37,0.83,0.92625,0.07375,0.0,0.07375,0.22137404580152673,0.4915254237288136,30,102,5727.213,0.0,118312.31999999999,124039.533,Feasible,N/A
0.37,0.84,0.92625,0.07375,0.0,0.07375,0.22137404580152673,0.4915254237288136,30,102,5727.213,0.0,118312.31999999999,124039.533,Feasible,N/A
0.37,0.85,0.92625,0.07375,0.0,0.07375,0.22137404580152673,0.4915254237288136,30,102,5727.213,0.0,118312.31999999999,124039.533,Feasible,N/A
0.37,0.86,0.92625,0.07375,0.0,0.07375,0.22137404580152673,0.4915254237288136,30,102,5727.213,0.0,118312.31999999999,124039.533,Feasible,N/A
0.37,0.87,0.92625,0.07375,0.0,0.07375,0.22137404580152673,0.4915254237288136,30,102,5727.213,0.0,118312.31999999999,124039.533,Feasible,N/A
0.37,0.88,0.92625,0.07375,0.0,0.07375,0.22137404580152673,0.4915254237288136,30,102,5727.213,0.0,118312.31999999999,124039.533,Feasible,N/A
0.37,0.89,0.92625,0.07375,0.0,0.07375,0.22137404580152673,0.4915254237288136,30,102,5727.213,0.0,118312.31999999999,124039.533,Feasible,N/A
0.37,0.9,0.92625,0.07375,0.0,0.07375,0.22137404580152673,0.4915254237288136,30,102,5727.213,0.0,118312.31999999999,124039.533,Feasible,N/A
0.37,0.91,0.92625,0.07375,0.0,0.07375,0.22137404580152673,0.4915254237288136,30,102,5727.213,0.0,118312.31999999999,124039.533,Feasible,N/A
0.37,0.92,0.92625,0.07375,0.0,0.07375,0.22137404580152673,0.4915254237288136,30,102,5727.213,0.0,118312.31999999999,124039.533,Feasible,N/A
0.37,0.93,0.92625,0.07375,0.0,0.07375,0.22137404580152673,0.4915254237288136,30,102,5727.213,0.0,118312.31999999999,124039.533,Feasible,N/A
0.37,0.94,0.92625,0.07375,0.0,0.07375,0.22137404580152673,0.4915254237288136,30,102,5727.213,0.0,118312.31999999999,124039.533,Feasible,N/A
0.37,0.95,0.92625,0.07375,0.0,0.07375,0.22137404580152673,0.4915254237288136,30,102,5727.213,0.0,118312.31999999999,124039.533,Feasible,N/A
0.37,0.96,0.92625,0.07375,0.0,0.07375,0.22137404580152673,0.4915254237288136,30,102,5727.213,0.0,118312.31999999999,124039.533,Feasible,N/A
0.37,0.97,0.92625,0.07375,0.0,0.07375,0.22137404580152673,0.4915254237288136,30,102,5727.213,0.0,118312.31999999999,124039.533,Feasible,N/A
0.37,0.98,0.92625,0.07375,0.0,0.07375,0.22137404580152673,0.4915254237288136,30,102,5727.213,0.0,118312.31999999999,124039.533,Feasible,N/A
0.37,0.99,0.92625,0.07375,0.0,0.07375,0.22137404580152673,0.4915254237288136,30,102,5727.213,0.0,118312.31999999999,124039.533,Feasible,N/A
0.38,0.39,0.92875,0.00625,0.065,0.07125,0.22137404580152673,0.5087719298245614,28,102,250.0,7800.0,118312.31999999999,126362.31999999999,Infeasible,Violates MAX_HOLD_RATE
0.38,0.4,0.92875,0.01625,0.055,0.07125,0.22137404580152673,0.5087719298245614,28,102,966.3230000000001,6600.0,118312.31999999999,125878.643,Infeasible,Violates MAX_HOLD_RATE
0.38,0.41,0.92875,0.0225,0.04875,0.07125,0.22137404580152673,0.5087719298245614,28,102,1392.763,5850.0,118312.31999999999,125555.083,Feasible,N/A
0.38,0.42,0.92875,0.0275,0.04375,0.07125,0.22137404580152673,0.5087719298245614,28,102,1793.712,5250.0,118312.31999999999,125356.03199999999,Feasible,N/A
0.38,0.43,0.92875,0.03125,0.04,0.07125,0.22137404580152673,0.5087719298245614,28,102,1943.712,4800.0,118312.31999999999,125056.03199999999,Feasible,N/A
0.38,0.44,0.92875,0.03125,0.04,0.07125,0.22137404580152673,0.5087719298245614,28,102,1943.712,4800.0,118312.31999999999,125056.03199999999,Feasible,N/A
0.38,0.45,0.92875,0.03625,0.035,0.07125,0.22137404580152673,0.5087719298245614,28,102,2143.712,4200.0,118312.31999999999,124656.03199999999,Feasible,N/A
0.38,0.46,0.92875,0.03875,0.0325,0.07125,0.22137404580152673,0.5087719298245614,28,102,2380.733,3900.0,118312.31999999999,124593.05299999999,Feasible,N/A
0.38,0.47,0.92875,0.04375,0.0275,0.07125,0.22137404580152673,0.5087719298245614,28,102,3121.138,3300.0,118312.31999999999,124733.458,Feasible,N/A
0.38,0.48,0.92875,0.045,0.02625,0.07125,0.22137404580152673,0.5087719298245614,28,102,3193.166,3150.0,118312.31999999999,124655.48599999999,Feasible,N/A
0.38,0.49,0.92875,0.04875,0.0225,0.07125,0.22137404580152673,0.5087719298245614,28,102,3661.6009999999997,2700.0,118312.31999999999,124673.92099999999,Feasible,N/A
0.38,0.5,0.92875,0.05125,0.02,0.07125,0.22137404580152673,0.5087719298245614,28,102,3877.295,2400.0,118312.31999999999,124589.61499999999,Feasible,N/A
0.38,0.51,0.92875,0.05375,0.0175,0.07125,0.22137404580152673,0.5087719298245614,28,102,4201.564,2100.0,118312.31999999999,124613.88399999999,Feasible,N/A
0.38,0.52,0.92875,0.0575,0.01375,0.07125,0.22137404580152673,0.5087719298245614,28,102,4499.073,1650.0,118312.31999999999,124461.393,Feasible,N/A
0.38,0.53,0.92875,0.0575,0.01375,0.07125,0.22137404580152673,0.5087719298245614,28,102,4499.073,1650.0,118312.31999999999,124461.393,Feasible,N/A
0.38,0.54,0.92875,0.05875,0.0125,0.07125,0.22137404580152673,0.5087719298245614,28,102,4613.593000000001,1500.0,118312.31999999999,124425.913,Feasible,N/A
0.38,0.55,0.92875,0.06125,0.01,0.07125,0.22137404580152673,0.5087719298245614,28,102,4907.200000000001,1200.0,118312.31999999999,124419.51999999999,Feasible,N/A
0.38,0.56,0.92875,0.0625,0.00875,0.07125,0.22137404580152673,0.5087719298245614,28,102,4957.200000000001,1050.0,118312.31999999999,124319.51999999999,Feasible,N/A
0.38,0.57,0.92875,0.06375,0.0075,0.07125,0.22137404580152673,0.5087719298245614,28,102,5035.151,900.0,118312.31999999999,124247.47099999999,Feasible,N/A
0.38,0.58,0.92875,0.065,0.00625,0.07125,0.22137404580152673,0.5087719298245614,28,102,5085.151,750.0,118312.31999999999,124147.47099999999,Feasible,N/A
0.38,0.59,0.92875,0.065,0.00625,0.07125,0.22137404580152673,0.5087719298245614,28,102,5085.151,750.0,118312.31999999999,124147.47099999999,Feasible,N/A
0.38,0.6,0.92875,0.06625,0.005,0.07125,0.22137404580152673,0.5087719298245614,28,102,5217.141,600.0,118312.31999999999,124129.461,Feasible,N/A
0.38,0.61,0.92875,0.06625,0.005,0.07125,0.22137404580152673,0.5087719298245614,28,102,5217.141,600.0,118312.31999999999,124129.461,Feasible,N/A
0.38,0.62,0.92875,0.06625,0.005,0.07125,0.22137404580152673,0.5087719298245614,28,102,5217.141,600.0,118312.31999999999,124129.461,Feasible,N/A
0.38,0.63,0.92875,0.06875,0.0025,0.07125,0.22137404580152673,0.5087719298245614,28,102,5454.596,300.0,118312.31999999999,124066.916,Feasible,N/A
0.38,0.64,0.92875,0.07,0.00125,0.07125,0.22137404580152673,0.5087719298245614,28,102,5577.213,150.0,118312.31999999999,124039.533,Feasible,N/A
0.38,0.65,0.92875,0.07,0.00125,0.07125,0.22137404580152673,0.5087719298245614,28,102,5577.213,150.0,118312.31999999999,124039.533,Feasible,N/A
0.38,0.66,0.92875,0.07,0.00125,0.07125,0.22137404580152673,0.5087719298245614,28,102,5577.213,150.0,118312.31999999999,124039.533,Feasible,N/A
0.38,0.67,0.92875,0.07,0.00125,0.07125,0.22137404580152673,0.5087719298245614,28,102,5577.213,150.0,118312.31999999999,124039.533,Feasible,N/A
0.38,0.68,0.92875,0.07,0.00125,0.07125,0.22137404580152673,0.5087719298245614,28,102,5577.213,150.0,118312.31999999999,124039.533,Feasible,N/A
0.38,0.69,0.92875,0.07125,0.0,0.07125,0.22137404580152673,0.5087719298245614,28,102,5627.213,0.0,118312.31999999999,123939.533,Feasible,N/A
0.38,0.7,0.92875,0.07125,0.0,0.07125,0.22137404580152673,0.5087719298245614,28,102,5627.213,0.0,118312.31999999999,123939.533,Feasible,N/A
0.38,0.71,0.92875,0.07125,0.0,0.07125,0.22137404580152673,0.5087719298245614,28,102,5627.213,0.0,118312.31999999999,123939.533,Feasible,N/A
0.38,0.72,0.92875,0.07125,0.0,0.07125,0.22137404580152673,0.5087719298245614,28,102,5627.213,0.0,118312.31999999999,123939.533,Feasible,N/A
0.38,0.73,0.92875,0.07125,0.0,0.07125,0.22137404580152673,0.5087719298245614,28,102,5627.213,0.0,118312.31999999999,123939.533,Feasible,N/A
0.38,0.74,0.92875,0.07125,0.0,0.07125,0.22137404580152673,0.5087719298245614,28,102,5627.213,0.0,118312.31999999999,123939.533,Feasible,N/A
0.38,0.75,0.92875,0.07125,0.0,0.07125,0.22137404580152673,0.5087719298245614,28,102,5627.213,0.0,118312.31999999999,123939.533,Feasible,N/A
0.38,0.76,0.92875,0.07125,0.0,0.07125,0.22137404580152673,0.5087719298245614,28,102,5627.213,0.0,118312.31999999999,123939.533,Feasible,N/A
0.38,0.77,0.92875,0.07125,0.0,0.07125,0.22137404580152673,0.5087719298245614,28,102,5627.213,0.0,118312.31999999999,123939.533,Feasible,N/A
0.38,0.78,0.92875,0.07125,0.0,0.07125,0.22137404580152673,0.5087719298245614,28,102,5627.213,0.0,118312.31999999999,123939.533,Feasible,N/A
0.38,0.79,0.92875,0.07125,0.0,0.07125,0.22137404580152673,0.5087719298245614,28,102,5627.213,0.0,118312.31999999999,123939.533,Feasible,N/A
0.38,0.8,0.92875,0.07125,0.0,0.07125,0.22137404580152673,0.5087719298245614,28,102,5627.213,0.0,118312.31999999999,123939.533,Feasible,N/A
0.38,0.81,0.92875,0.07125,0.0,0.07125,0.22137404580152673,0.5087719298245614,28,102,5627.213,0.0,118312.31999999999,123939.533,Feasible,N/A
0.38,0.82,0.92875,0.07125,0.0,0.07125,0.22137404580152673,0.5087719298245614,28,102,5627.213,0.0,118312.31999999999,123939.533,Feasible,N/A
0.38,0.83,0.92875,0.07125,0.0,0.07125,0.22137404580152673,0.5087719298245614,28,102,5627.213,0.0,118312.31999999999,123939.533,Feasible,N/A
0.38,0.84,0.92875,0.07125,0.0,0.07125,0.22137404580152673,0.5087719298245614,28,102,5627.213,0.0,118312.31999999999,123939.533,Feasible,N/A
0.38,0.85,0.92875,0.07125,0.0,0.07125,0.22137404580152673,0.5087719298245614,28,102,5627.213,0.0,118312.31999999999,123939.533,Feasible,N/A
0.38,0.86,0.92875,0.07125,0.0,0.07125,0.22137404580152673,0.5087719298245614,28,102,5627.213,0.0,118312.31999999999,123939.533,Feasible,N/A
0.38,0.87,0.92875,0.07125,0.0,0.07125,0.22137404580152673,0.5087719298245614,28,102,5627.213,0.0,118312.31999999999,123939.533,Feasible,N/A
0.38,0.88,0.92875,0.07125,0.0,0.07125,0.22137404580152673,0.5087719298245614,28,102,5627.213,0.0,118312.31999999999,123939.533,Feasible,N/A
0.38,0.89,0.92875,0.07125,0.0,0.07125,0.22137404580152673,0.5087719298245614,28,102,5627.213,0.0,118312.31999999999,123939.533,Feasible,N/A
0.38,0.9,0.92875,0.07125,0.0,0.07125,0.22137404580152673,0.5087719298245614,28,102,5627.213,0.0,118312.31999999999,123939.533,Feasible,N/A
0.38,0.91,0.92875,0.07125,0.0,0.07125,0.22137404580152673,0.5087719298245614,28,102,5627.213,0.0,118312.31999999999,123939.533,Feasible,N/A
0.38,0.92,0.92875,0.07125,0.0,0.07125,0.22137404580152673,0.5087719298245614,28,102,5627.213,0.0,118312.31999999999,123939.533,Feasible,N/A
0.38,0.93,0.92875,0.07125,0.0,0.07125,0.22137404580152673,0.5087719298245614,28,102,5627.213,0.0,118312.31999999999,123939.533,Feasible,N/A
0.38,0.94,0.92875,0.07125,0.0,0.07125,0.22137404580152673,0.5087719298245614,28,102,5627.213,0.0,118312.31999999999,123939.533,Feasible,N/A
0.38,0.95,0.92875,0.07125,0.0,0.07125,0.22137404580152673,0.5087719298245614,28,102,5627.213,0.0,118312.31999999999,123939.533,Feasible,N/A
0.38,0.96,0.92875,0.07125,0.0,0.07125,0.22137404580152673,0.5087719298245614,28,102,5627.213,0.0,118312.31999999999,123939.533,Feasible,N/A
0.38,0.97,0.92875,0.07125,0.0,0.07125,0.22137404580152673,0.5087719298245614,28,102,5627.213,0.0,118312.31999999999,123939.533,Feasible,N/A
0.38,0.98,0.92875,0.07125,0.0,0.07125,0.22137404580152673,0.5087719298245614,28,102,5627.213,0.0,118312.31999999999,123939.533,Feasible,N/A
0.38,0.99,0.92875,0.07125,0.0,0.07125,0.22137404580152673,0.5087719298245614,28,102,5627.213,0.0,118312.31999999999,123939.533,Feasible,N/A
0.39,0.4,0.935,0.01,0.055,0.065,0.22137404580152673,0.5576923076923077,23,102,716.3230000000001,6600.0,118312.31999999999,125628.643,Infeasible,Violates MAX_HOLD_RATE
0.39,0.41,0.935,0.01625,0.04875,0.065,0.22137404580152673,0.5576923076923077,23,102,1142.763,5850.0,118312.31999999999,125305.083,Feasible,N/A
0.39,0.42,0.935,0.02125,0.04375,0.065,0.22137404580152673,0.5576923076923077,23,102,1543.712,5250.0,118312.31999999999,125106.03199999999,Feasible,N/A
0.39,0.43,0.935,0.025,0.04,0.065,0.22137404580152673,0.5576923076923077,23,102,1693.712,4800.0,118312.31999999999,124806.03199999999,Feasible,N/A
0.39,0.44,0.935,0.025,0.04,0.065,0.22137404580152673,0.5576923076923077,23,102,1693.712,4800.0,118312.31999999999,124806.03199999999,Feasible,N/A
0.39,0.45,0.935,0.03,0.035,0.065,0.22137404580152673,0.5576923076923077,23,102,1893.712,4200.0,118312.31999999999,124406.03199999999,Feasible,N/A
0.39,0.46,0.935,0.0325,0.0325,0.065,0.22137404580152673,0.5576923076923077,23,102,2130.733,3900.0,118312.31999999999,124343.05299999999,Feasible,N/A
0.39,0.47,0.935,0.0375,0.0275,0.065,0.22137404580152673,0.5576923076923077,23,102,2871.138,3300.0,118312.31999999999,124483.458,Feasible,N/A
0.39,0.48,0.935,0.03875,0.02625,0.065,0.22137404580152673,0.5576923076923077,23,102,2943.166,3150.0,118312.31999999999,124405.48599999999,Feasible,N/A
0.39,0.49,0.935,0.0425,0.0225,0.065,0.22137404580152673,0.5576923076923077,23,102,3411.6009999999997,2700.0,118312.31999999999,124423.92099999999,Feasible,N/A
0.39,0.5,0.935,0.045,0.02,0.065,0.22137404580152673,0.5576923076923077,23,102,3627.295,2400.0,118312.31999999999,124339.61499999999,Feasible,N/A
0.39,0.51,0.935,0.0475,0.0175,0.065,0.22137404580152673,0.5576923076923077,23,102,3951.564,2100.0,118312.31999999999,124363.88399999999,Feasible,N/A
0.39,0.52,0.935,0.05125,0.01375,0.065,0.22137404580152673,0.5576923076923077,23,102,4249.073,1650.0,118312.31999999999,124211.393,Feasible,N/A
0.39,0.53,0.935,0.05125,0.01375,0.065,0.22137404580152673,0.5576923076923077,23,102,4249.073,1650.0,118312.31999999999,124211.393,Feasible,N/A
0.39,0.54,0.935,0.0525,0.0125,0.065,0.22137404580152673,0.5576923076923077,23,102,4363.593000000001,1500.0,118312.31999999999,124175.913,Feasible,N/A
0.39,0.55,0.935,0.055,0.01,0.065,0.22137404580152673,0.5576923076923077,23,102,4657.200000000001,1200.0,118312.31999999999,124169.51999999999,Feasible,N/A
0.39,0.56,0.935,0.05625,0.00875,0.065,0.22137404580152673,0.5576923076923077,23,102,4707.200000000001,1050.0,118312.31999999999,124069.51999999999,Feasible,N/A
0.39,0.57,0.935,0.0575,0.0075,0.065,0.22137404580152673,0.5576923076923077,23,102,4785.151,900.0,118312.31999999999,123997.47099999999,Feasible,N/A
0.39,0.58,0.935,0.05875,0.00625,0.065,0.22137404580152673,0.5576923076923077,23,102,4835.151,750.0,118312.31999999999,123897.47099999999,Feasible,N/A
0.39,0.59,0.935,0.05875,0.00625,0.065,0.22137404580152673,0.5576923076923077,23,102,4835.151,750.0,118312.31999999999,123897.47099999999,Feasible,N/A
0.39,0.6,0.935,0.06,0.005,0.065,0.22137404580152673,0.5576923076923077,23,102,4967.141,600.0,118312.31999999999,123879.461,Feasible,N/A
0.39,0.61,0.935,0.06,0.005,0.065,0.22137404580152673,0.5576923076923077,23,102,4967.141,600.0,118312.31999999999,123879.461,Feasible,N/A
0.39,0.62,0.935,0.06,0.005,0.065,0.22137404580152673,0.5576923076923077,23,102,4967.141,600.0,118312.31999999999,123879.461,Feasible,N/A
0.39,0.63,0.935,0.0625,0.0025,0.065,0.22137404580152673,0.5576923076923077,23,102,5204.596,300.0,118312.31999999999,123816.916,Feasible,N/A
0.39,0.64,0.935,0.06375,0.00125,0.065,0.22137404580152673,0.5576923076923077,23,102,5327.213,150.0,118312.31999999999,123789.533,Feasible,N/A
0.39,0.65,0.935,0.06375,0.00125,0.065,0.22137404580152673,0.5576923076923077,23,102,5327.213,150.0,118312.31999999999,123789.533,Feasible,N/A
0.39,0.66,0.935,0.06375,0.00125,0.065,0.22137404580152673,0.5576923076923077,23,102,5327.213,150.0,118312.31999999999,123789.533,Feasible,N/A
0.39,0.67,0.935,0.06375,0.00125,0.065,0.22137404580152673,0.5576923076923077,23,102,5327.213,150.0,118312.31999999999,123789.533,Feasible,N/A
0.39,0.68,0.935,0.06375,0.00125,0.065,0.22137404580152673,0.5576923076923077,23,102,5327.213,150.0,118312.31999999999,123789.533,Feasible,N/A
0.39,0.69,0.935,0.065,0.0,0.065,0.22137404580152673,0.5576923076923077,23,102,5377.213,0.0,118312.31999999999,123689.533,Feasible,N/A
0.39,0.7,0.935,0.065,0.0,0.065,0.22137404580152673,0.5576923076923077,23,102,5377.213,0.0,118312.31999999999,123689.533,Feasible,N/A
0.39,0.71,0.935,0.065,0.0,0.065,0.22137404580152673,0.5576923076923077,23,102,5377.213,0.0,118312.31999999999,123689.533,Feasible,N/A
0.39,0.72,0.935,0.065,0.0,0.065,0.22137404580152673,0.5576923076923077,23,102,5377.213,0.0,118312.31999999999,123689.533,Feasible,N/A
0.39,0.73,0.935,0.065,0.0,0.065,0.22137404580152673,0.5576923076923077,23,102,5377.213,0.0,118312.31999999999,123689.533,Feasible,N/A
0.39,0.74,0.935,0.065,0.0,0.065,0.22137404580152673,0.5576923076923077,23,102,5377.213,0.0,118312.31999999999,123689.533,Feasible,N/A
0.39,0.75,0.935,0.065,0.0,0.065,0.22137404580152673,0.5576923076923077,23,102,5377.213,0.0,118312.31999999999,123689.533,Feasible,N/A
0.39,0.76,0.935,0.065,0.0,0.065,0.22137404580152673,0.5576923076923077,23,102,5377.213,0.0,118312.31999999999,123689.533,Feasible,N/A
0.39,0.77,0.935,0.065,0.0,0.065,0.22137404580152673,0.5576923076923077,23,102,5377.213,0.0,118312.31999999999,123689.533,Feasible,N/A
0.39,0.78,0.935,0.065,0.0,0.065,0.22137404580152673,0.5576923076923077,23,102,5377.213,0.0,118312.31999999999,123689.533,Feasible,N/A
0.39,0.79,0.935,0.065,0.0,0.065,0.22137404580152673,0.5576923076923077,23,102,5377.213,0.0,118312.31999999999,123689.533,Feasible,N/A
0.39,0.8,0.935,0.065,0.0,0.065,0.22137404580152673,0.5576923076923077,23,102,5377.213,0.0,118312.31999999999,123689.533,Feasible,N/A
0.39,0.81,0.935,0.065,0.0,0.065,0.22137404580152673,0.5576923076923077,23,102,5377.213,0.0,118312.31999999999,123689.533,Feasible,N/A
0.39,0.82,0.935,0.065,0.0,0.065,0.22137404580152673,0.5576923076923077,23,102,5377.213,0.0,118312.31999999999,123689.533,Feasible,N/A
0.39,0.83,0.935,0.065,0.0,0.065,0.22137404580152673,0.5576923076923077,23,102,5377.213,0.0,118312.31999999999,123689.533,Feasible,N/A
0.39,0.84,0.935,0.065,0.0,0.065,0.22137404580152673,0.5576923076923077,23,102,5377.213,0.0,118312.31999999999,123689.533,Feasible,N/A
0.39,0.85,0.935,0.065,0.0,0.065,0.22137404580152673,0.5576923076923077,23,102,5377.213,0.0,118312.31999999999,123689.533,Feasible,N/A
0.39,0.86,0.935,0.065,0.0,0.065,0.22137404580152673,0.5576923076923077,23,102,5377.213,0.0,118312.31999999999,123689.533,Feasible,N/A
0.39,0.87,0.935,0.065,0.0,0.065,0.22137404580152673,0.5576923076923077,23,102,5377.213,0.0,118312.31999999999,123689.533,Feasible,N/A
0.39,0.88,0.935,0.065,0.0,0.065,0.22137404580152673,0.5576923076923077,23,102,5377.213,0.0,118312.31999999999,123689.533,Feasible,N/A
0.39,0.89,0.935,0.065,0.0,0.065,0.22137404580152673,0.5576923076923077,23,102,5377.213,0.0,118312.31999999999,123689.533,Feasible,N/A
0.39,0.9,0.935,0.065,0.0,0.065,0.22137404580152673,0.5576923076923077,23,102,5377.213,0.0,118312.31999999999,123689.533,Feasible,N/A
0.39,0.91,0.935,0.065,0.0,0.065,0.22137404580152673,0.5576923076923077,23,102,5377.213,0.0,118312.31999999999,123689.533,Feasible,N/A
0.39,0.92,0.935,0.065,0.0,0.065,0.22137404580152673,0.5576923076923077,23,102,5377.213,0.0,118312.31999999999,123689.533,Feasible,N/A
0.39,0.93,0.935,0.065,0.0,0.065,0.22137404580152673,0.5576923076923077,23,102,5377.213,0.0,118312.31999999999,123689.533,Feasible,N/A
0.39,0.94,0.935,0.065,0.0,0.065,0.22137404580152673,0.5576923076923077,23,102,5377.213,0.0,118312.31999999999,123689.533,Feasible,N/A
0.39,0.95,0.935,0.065,0.0,0.065,0.22137404580152673,0.5576923076923077,23,102,5377.213,0.0,118312.31999999999,123689.533,Feasible,N/A
0.39,0.96,0.935,0.065,0.0,0.065,0.22137404580152673,0.5576923076923077,23,102,5377.213,0.0,118312.31999999999,123689.533,Feasible,N/A
0.39,0.97,0.935,0.065,0.0,0.065,0.22137404580152673,0.5576923076923077,23,102,5377.213,0.0,118312.31999999999,123689.533,Feasible,N/A
0.39,0.98,0.935,0.065,0.0,0.065,0.22137404580152673,0.5576923076923077,23,102,5377.213,0.0,118312.31999999999,123689.533,Feasible,N/A
0.39,0.99,0.935,0.065,0.0,0.065,0.22137404580152673,0.5576923076923077,23,102,5377.213,0.0,118312.31999999999,123689.533,Feasible,N/A
0.4,0.41,0.945,0.00625,0.04875,0.055,0.19083969465648856,0.5681818181818182,19,106,426.44000000000005,5850.0,121475.55000000002,127751.99000000002,Feasible,N/A
0.4,0.42,0.945,0.01125,0.04375,0.055,0.19083969465648856,0.5681818181818182,19,106,827.3890000000001,5250.0,121475.55000000002,127552.93900000001,Feasible,N/A
0.4,0.43,0.945,0.015,0.04,0.055,0.19083969465648856,0.5681818181818182,19,106,977.3890000000001,4800.0,121475.55000000002,127252.93900000001,Feasible,N/A
0.4,0.44,0.945,0.015,0.04,0.055,0.19083969465648856,0.5681818181818182,19,106,977.3890000000001,4800.0,121475.55000000002,127252.93900000001,Feasible,N/A
0.4,0.45,0.945,0.02,0.035,0.055,0.19083969465648856,0.5681818181818182,19,106,1177.3890000000001,4200.0,121475.55000000002,126852.93900000001,Feasible,N/A
0.4,0.46,0.945,0.0225,0.0325,0.055,0.19083969465648856,0.5681818181818182,19,106,1414.41,3900.0,121475.55000000002,126789.96000000002,Feasible,N/A
0.4,0.47,0.945,0.0275,0.0275,0.055,0.19083969465648856,0.5681818181818182,19,106,2154.815,3300.0,121475.55000000002,126930.36500000002,Feasible,N/A
0.4,0.48,0.945,0.02875,0.02625,0.055,0.19083969465648856,0.5681818181818182,19,106,2226.843,3150.0,121475.55000000002,126852.39300000001,Feasible,N/A
0.4,0.49,0.945,0.0325,0.0225,0.055,0.19083969465648856,0.5681818181818182,19,106,2695.2780000000002,2700.0,121475.55000000002,126870.82800000002,Feasible,N/A
0.4,0.5,0.945,0.035,0.02,0.055,0.19083969465648856,0.5681818181818182,19,106,2910.9719999999998,2400.0,121475.55000000002,126786.52200000001,Feasible,N/A
0.4,0.51,0.945,0.0375,0.0175,0.055,0.19083969465648856,0.5681818181818182,19,106,3235.241,2100.0,121475.55000000002,126810.79100000001,Feasible,N/A
0.4,0.52,0.945,0.04125,0.01375,0.055,0.19083969465648856,0.5681818181818182,19,106,3532.75,1650.0,121475.55000000002,126658.30000000002,Feasible,N/A
0.4,0.53,0.945,0.04125,0.01375,0.055,0.19083969465648856,0.5681818181818182,19,106,3532.75,1650.0,121475.55000000002,126658.30000000002,Feasible,N/A
0.4,0.54,0.945,0.0425,0.0125,0.055,0.19083969465648856,0.5681818181818182,19,106,3647.2700000000004,1500.0,121475.55000000002,126622.82000000002,Feasible,N/A
0.4,0.55,0.945,0.045,0.01,0.055,0.19083969465648856,0.5681818181818182,19,106,3940.877,1200.0,121475.55000000002,126616.42700000001,Feasible,N/A
0.4,0.56,0.945,0.04625,0.00875,0.055,0.19083969465648856,0.5681818181818182,19,106,3990.877,1050.0,121475.55000000002,126516.42700000001,Feasible,N/A
0.4,0.57,0.945,0.0475,0.0075,0.055,0.19083969465648856,0.5681818181818182,19,106,4068.828,900.0,121475.55000000002,126444.37800000001,Feasible,N/A
0.4,0.58,0.945,0.04875,0.00625,0.055,0.19083969465648856,0.5681818181818182,19,106,4118.8279999999995,750.0,121475.55000000002,126344.37800000001,Feasible,N/A
0.4,0.59,0.945,0.04875,0.00625,0.055,0.19083969465648856,0.5681818181818182,19,106,4118.8279999999995,750.0,121475.55000000002,126344.37800000001,Feasible,N/A
0.4,0.6,0.945,0.05,0.005,0.055,0.19083969465648856,0.5681818181818182,19,106,4250.818,600.0,121475.55000000002,126326.36800000002,Feasible,N/A
0.4,0.61,0.945,0.05,0.005,0.055,0.19083969465648856,0.5681818181818182,19,106,4250.818,600.0,121475.55000000002,126326.36800000002,Feasible,N/A
0.4,0.62,0.945,0.05,0.005,0.055,0.19083969465648856,0.5681818181818182,19,106,4250.818,600.0,121475.55000000002,126326.36800000002,Feasible,N/A
0.4,0.63,0.945,0.0525,0.0025,0.055,0.19083969465648856,0.5681818181818182,19,106,4488.273,300.0,121475.55000000002,126263.82300000002,Feasible,N/A
0.4,0.64,0.945,0.05375,0.00125,0.055,0.19083969465648856,0.5681818181818182,19,106,4610.889999999999,150.0,121475.55000000002,126236.44000000002,Feasible,N/A
0.4,0.65,0.945,0.05375,0.00125,0.055,0.19083969465648856,0.5681818181818182,19,106,4610.889999999999,150.0,121475.55000000002,126236.44000000002,Feasible,N/A
0.4,0.66,0.945,0.05375,0.00125,0.055,0.19083969465648856,0.5681818181818182,19,106,4610.889999999999,150.0,121475.55000000002,126236.44000000002,Feasible,N/A
0.4,0.67,0.945,0.05375,0.00125,0.055,0.19083969465648856,0.5681818181818182,19,106,4610.889999999999,150.0,121475.55000000002,126236.44000000002,Feasible,N/A
0.4,0.68,0.945,0.05375,0.00125,0.055,0.19083969465648856,0.5681818181818182,19,106,4610.889999999999,150.0,121475.55000000002,126236.44000000002,Feasible,N/A
0.4,0.69,0.945,0.055,0.0,0.055,0.19083969465648856,0.5681818181818182,19,106,4660.889999999999,0.0,121475.55000000002,126136.44000000002,Feasible,N/A
0.4,0.7,0.945,0.055,0.0,0.055,0.19083969465648856,0.5681818181818182,19,106,4660.889999999999,0.0,121475.55000000002,126136.44000000002,Feasible,N/A
0.4,0.71,0.945,0.055,0.0,0.055,0.19083969465648856,0.5681818181818182,19,106,4660.889999999999,0.0,121475.55000000002,126136.44000000002,Feasible,N/A
0.4,0.72,0.945,0.055,0.0,0.055,0.19083969465648856,0.5681818181818182,19,106,4660.889999999999,0.0,121475.55000000002,126136.44000000002,Feasible,N/A
0.4,0.73,0.945,0.055,0.0,0.055,0.19083969465648856,0.5681818181818182,19,106,4660.889999999999,0.0,121475.55000000002,126136.44000000002,Feasible,N/A
0.4,0.74,0.945,0.055,0.0,0.055,0.19083969465648856,0.5681818181818182,19,106,4660.889999999999,0.0,121475.55000000002,126136.44000000002,Feasible,N/A
0.4,0.75,0.945,0.055,0.0,0.055,0.19083969465648856,0.5681818181818182,19,106,4660.889999999999,0.0,121475.55000000002,126136.44000000002,Feasible,N/A
0.4,0.76,0.945,0.055,0.0,0.055,0.19083969465648856,0.5681818181818182,19,106,4660.889999999999,0.0,121475.55000000002,126136.44000000002,Feasible,N/A
0.4,0.77,0.945,0.055,0.0,0.055,0.19083969465648856,0.5681818181818182,19,106,4660.889999999999,0.0,121475.55000000002,126136.44000000002,Feasible,N/A
0.4,0.78,0.945,0.055,0.0,0.055,0.19083969465648856,0.5681818181818182,19,106,4660.889999999999,0.0,121475.55000000002,126136.44000000002,Feasible,N/A
0.4,0.79,0.945,0.055,0.0,0.055,0.19083969465648856,0.5681818181818182,19,106,4660.889999999999,0.0,121475.55000000002,126136.44000000002,Feasible,N/A
0.4,0.8,0.945,0.055,0.0,0.055,0.19083969465648856,0.5681818181818182,19,106,4660.889999999999,0.0,121475.55000000002,126136.44000000002,Feasible,N/A
0.4,0.81,0.945,0.055,0.0,0.055,0.19083969465648856,0.5681818181818182,19,106,4660.889999999999,0.0,121475.55000000002,126136.44000000002,Feasible,N/A
0.4,0.82,0.945,0.055,0.0,0.055,0.19083969465648856,0.5681818181818182,19,106,4660.889999999999,0.0,121475.55000000002,126136.44000000002,Feasible,N/A
0.4,0.83,0.945,0.055,0.0,0.055,0.19083969465648856,0.5681818181818182,19,106,4660.889999999999,0.0,121475.55000000002,126136.44000000002,Feasible,N/A
0.4,0.84,0.945,0.055,0.0,0.055,0.19083969465648856,0.5681818181818182,19,106,4660.889999999999,0.0,121475.55000000002,126136.44000000002,Feasible,N/A
0.4,0.85,0.945,0.055,0.0,0.055,0.19083969465648856,0.5681818181818182,19,106,4660.889999999999,0.0,121475.55000000002,126136.44000000002,Feasible,N/A
0.4,0.86,0.945,0.055,0.0,0.055,0.19083969465648856,0.5681818181818182,19,106,4660.889999999999,0.0,121475.55000000002,126136.44000000002,Feasible,N/A
0.4,0.87,0.945,0.055,0.0,0.055,0.19083969465648856,0.5681818181818182,19,106,4660.889999999999,0.0,121475.55000000002,126136.44000000002,Feasible,N/A
0.4,0.88,0.945,0.055,0.0,0.055,0.19083969465648856,0.5681818181818182,19,106,4660.889999999999,0.0,121475.55000000002,126136.44000000002,Feasible,N/A
0.4,0.89,0.945,0.055,0.0,0.055,0.19083969465648856,0.5681818181818182,19,106,4660.889999999999,0.0,121475.55000000002,126136.44000000002,Feasible,N/A
0.4,0.9,0.945,0.055,0.0,0.055,0.19083969465648856,0.5681818181818182,19,106,4660.889999999999,0.0,121475.55000000002,126136.44000000002,Feasible,N/A
0.4,0.91,0.945,0.055,0.0,0.055,0.19083969465648856,0.5681818181818182,19,106,4660.889999999999,0.0,121475.55000000002,126136.44000000002,Feasible,N/A
0.4,0.92,0.945,0.055,0.0,0.055,0.19083969465648856,0.5681818181818182,19,106,4660.889999999999,0.0,121475.55000000002,126136.44000000002,Feasible,N/A
0.4,0.93,0.945,0.055,0.0,0.055,0.19083969465648856,0.5681818181818182,19,106,4660.889999999999,0.0,121475.55000000002,126136.44000000002,Feasible,N/A
0.4,0.94,0.945,0.055,0.0,0.055,0.19083969465648856,0.5681818181818182,19,106,4660.889999999999,0.0,121475.55000000002,126136.44000000002,Feasible,N/A
0.4,0.95,0.945,0.055,0.0,0.055,0.19083969465648856,0.5681818181818182,19,106,4660.889999999999,0.0,121475.55000000002,126136.44000000002,Feasible,N/A
0.4,0.96,0.945,0.055,0.0,0.055,0.19083969465648856,0.5681818181818182,19,106,4660.889999999999,0.0,121475.55000000002,126136.44000000002,Feasible,N/A
0.4,0.97,0.945,0.055,0.0,0.055,0.19083969465648856,0.5681818181818182,19,106,4660.889999999999,0.0,121475.55000000002,126136.44000000002,Feasible,N/A
0.4,0.98,0.945,0.055,0.0,0.055,0.19083969465648856,0.5681818181818182,19,106,4660.889999999999,0.0,121475.55000000002,126136.44000000002,Feasible,N/A
0.4,0.99,0.945,0.055,0.0,0.055,0.19083969465648856,0.5681818181818182,19,106,4660.889999999999,0.0,121475.55000000002,126136.44000000002,Feasible,N/A
0.41,0.42,0.95125,0.005,0.04375,0.04875,0.16793893129770993,0.5641025641025641,17,109,400.949,5250.0,123239.95,128890.89899999999,Feasible,N/A
0.41,0.43,0.95125,0.00875,0.04,0.04875,0.16793893129770993,0.5641025641025641,17,109,550.9490000000001,4800.0,123239.95,128590.89899999999,Feasible,N/A
0.41,0.44,0.95125,0.00875,0.04,0.04875,0.16793893129770993,0.5641025641025641,17,109,550.9490000000001,4800.0,123239.95,128590.89899999999,Feasible,N/A
0.41,0.45,0.95125,0.01375,0.035,0.04875,0.16793893129770993,0.5641025641025641,17,109,750.9490000000001,4200.0,123239.95,128190.89899999999,Feasible,N/A
0.41,0.46,0.95125,0.01625,0.0325,0.04875,0.16793893129770993,0.5641025641025641,17,109,987.97,3900.0,123239.95,128127.92,Feasible,N/A
0.41,0.47,0.95125,0.02125,0.0275,0.04875,0.16793893129770993,0.5641025641025641,17,109,1728.375,3300.0,123239.95,128268.325,Feasible,N/A
0.41,0.48,0.95125,0.0225,0.02625,0.04875,0.16793893129770993,0.5641025641025641,17,109,1800.4029999999998,3150.0,123239.95,128190.353,Feasible,N/A
0.41,0.49,0.95125,0.02625,0.0225,0.04875,0.16793893129770993,0.5641025641025641,17,109,2268.838,2700.0,123239.95,128208.788,Feasible,N/A
0.41,0.5,0.95125,0.02875,0.02,0.04875,0.16793893129770993,0.5641025641025641,17,109,2484.532,2400.0,123239.95,128124.482,Feasible,N/A
0.41,0.51,0.95125,0.03125,0.0175,0.04875,0.16793893129770993,0.5641025641025641,17,109,2808.801,2100.0,123239.95,128148.751,Feasible,N/A
0.41,0.52,0.95125,0.035,0.01375,0.04875,0.16793893129770993,0.5641025641025641,17,109,3106.31,1650.0,123239.95,127996.26,Feasible,N/A
0.41,0.53,0.95125,0.035,0.01375,0.04875,0.16793893129770993,0.5641025641025641,17,109,3106.31,1650.0,123239.95,127996.26,Feasible,N/A
0.41,0.54,0.95125,0.03625,0.0125,0.04875,0.16793893129770993,0.5641025641025641,17,109,3220.83,1500.0,123239.95,127960.78,Feasible,N/A
0.41,0.55,0.95125,0.03875,0.01,0.04875,0.16793893129770993,0.5641025641025641,17,109,3514.437,1200.0,123239.95,127954.387,Feasible,N/A
0.41,0.56,0.95125,0.04,0.00875,0.04875,0.16793893129770993,0.5641025641025641,17,109,3564.437,1050.0,123239.95,127854.387,Feasible,N/A
0.41,0.57,0.95125,0.04125,0.0075,0.04875,0.16793893129770993,0.5641025641025641,17,109,3642.388,900.0,123239.95,127782.338,Feasible,N/A
0.41,0.58,0.95125,0.0425,0.00625,0.04875,0.16793893129770993,0.5641025641025641,17,109,3692.388,750.0,123239.95,127682.338,Feasible,N/A
0.41,0.59,0.95125,0.0425,0.00625,0.04875,0.16793893129770993,0.5641025641025641,17,109,3692.388,750.0,123239.95,127682.338,Feasible,N/A
0.41,0.6,0.95125,0.04375,0.005,0.04875,0.16793893129770993,0.5641025641025641,17,109,3824.378,600.0,123239.95,127664.328,Feasible,N/A
0.41,0.61,0.95125,0.04375,0.005,0.04875,0.16793893129770993,0.5641025641025641,17,109,3824.378,600.0,123239.95,127664.328,Feasible,N/A
0.41,0.62,0.95125,0.04375,0.005,0.04875,0.16793893129770993,0.5641025641025641,17,109,3824.378,600.0,123239.95,127664.328,Feasible,N/A
0.41,0.63,0.95125,0.04625,0.0025,0.04875,0.16793893129770993,0.5641025641025641,17,109,4061.833,300.0,123239.95,127601.783,Feasible,N/A
0.41,0.64,0.95125,0.0475,0.00125,0.04875,0.16793893129770993,0.5641025641025641,17,109,4184.450000000001,150.0,123239.95,127574.4,Feasible,N/A
0.41,0.65,0.95125,0.0475,0.00125,0.04875,0.16793893129770993,0.5641025641025641,17,109,4184.450000000001,150.0,123239.95,127574.4,Feasible,N/A
0.41,0.66,0.95125,0.0475,0.00125,0.04875,0.16793893129770993,0.5641025641025641,17,109,4184.450000000001,150.0,123239.95,127574.4,Feasible,N/A
0.41,0.67,0.95125,0.0475,0.00125,0.04875,0.16793893129770993,0.5641025641025641,17,109,4184.450000000001,150.0,123239.95,127574.4,Feasible,N/A
0.41,0.68,0.95125,0.0475,0.00125,0.04875,0.16793893129770993,0.5641025641025641,17,109,4184.450000000001,150.0,123239.95,127574.4,Feasible,N/A
0.41,0.69,0.95125,0.04875,0.0,0.04875,0.16793893129770993,0.5641025641025641,17,109,4234.450000000001,0.0,123239.95,127474.4,Feasible,N/A
0.41,0.7,0.95125,0.04875,0.0,0.04875,0.16793893129770993,0.5641025641025641,17,109,4234.450000000001,0.0,123239.95,127474.4,Feasible,N/A
0.41,0.71,0.95125,0.04875,0.0,0.04875,0.16793893129770993,0.5641025641025641,17,109,4234.450000000001,0.0,123239.95,127474.4,Feasible,N/A
0.41,0.72,0.95125,0.04875,0.0,0.04875,0.16793893129770993,0.5641025641025641,17,109,4234.450000000001,0.0,123239.95,127474.4,Feasible,N/A
0.41,0.73,0.95125,0.04875,0.0,0.04875,0.16793893129770993,0.5641025641025641,17,109,4234.450000000001,0.0,123239.95,127474.4,Feasible,N/A
0.41,0.74,0.95125,0.04875,0.0,0.04875,0.16793893129770993,0.5641025641025641,17,109,4234.450000000001,0.0,123239.95,127474.4,Feasible,N/A
0.41,0.75,0.95125,0.04875,0.0,0.04875,0.16793893129770993,0.5641025641025641,17,109,4234.450000000001,0.0,123239.95,127474.4,Feasible,N/A
0.41,0.76,0.95125,0.04875,0.0,0.04875,0.16793893129770993,0.5641025641025641,17,109,4234.450000000001,0.0,123239.95,127474.4,Feasible,N/A
0.41,0.77,0.95125,0.04875,0.0,0.04875,0.16793893129770993,0.5641025641025641,17,109,4234.450000000001,0.0,123239.95,127474.4,Feasible,N/A
0.41,0.78,0.95125,0.04875,0.0,0.04875,0.16793893129770993,0.5641025641025641,17,109,4234.450000000001,0.0,123239.95,127474.4,Feasible,N/A
0.41,0.79,0.95125,0.04875,0.0,0.04875,0.16793893129770993,0.5641025641025641,17,109,4234.450000000001,0.0,123239.95,127474.4,Feasible,N/A
0.41,0.8,0.95125,0.04875,0.0,0.04875,0.16793893129770993,0.5641025641025641,17,109,4234.450000000001,0.0,123239.95,127474.4,Feasible,N/A
0.41,0.81,0.95125,0.04875,0.0,0.04875,0.16793893129770993,0.5641025641025641,17,109,4234.450000000001,0.0,123239.95,127474.4,Feasible,N/A
0.41,0.82,0.95125,0.04875,0.0,0.04875,0.16793893129770993,0.5641025641025641,17,109,4234.450000000001,0.0,123239.95,127474.4,Feasible,N/A
0.41,0.83,0.95125,0.04875,0.0,0.04875,0.16793893129770993,0.5641025641025641,17,109,4234.450000000001,0.0,123239.95,127474.4,Feasible,N/A
0.41,0.84,0.95125,0.04875,0.0,0.04875,0.16793893129770993,0.5641025641025641,17,109,4234.450000000001,0.0,123239.95,127474.4,Feasible,N/A
0.41,0.85,0.95125,0.04875,0.0,0.04875,0.16793893129770993,0.5641025641025641,17,109,4234.450000000001,0.0,123239.95,127474.4,Feasible,N/A
0.41,0.86,0.95125,0.04875,0.0,0.04875,0.16793893129770993,0.5641025641025641,17,109,4234.450000000001,0.0,123239.95,127474.4,Feasible,N/A
0.41,0.87,0.95125,0.04875,0.0,0.04875,0.16793893129770993,0.5641025641025641,17,109,4234.450000000001,0.0,123239.95,127474.4,Feasible,N/A
0.41,0.88,0.95125,0.04875,0.0,0.04875,0.16793893129770993,0.5641025641025641,17,109,4234.450000000001,0.0,123239.95,127474.4,Feasible,N/A
0.41,0.89,0.95125,0.04875,0.0,0.04875,0.16793893129770993,0.5641025641025641,17,109,4234.450000000001,0.0,123239.95,127474.4,Feasible,N/A
0.41,0.9,0.95125,0.04875,0.0,0.04875,0.16793893129770993,0.5641025641025641,17,109,4234.450000000001,0.0,123239.95,127474.4,Feasible,N/A
0.41,0.91,0.95125,0.04875,0.0,0.04875,0.16793893129770993,0.5641025641025641,17,109,4234.450000000001,0.0,123239.95,127474.4,Feasible,N/A
0.41,0.92,0.95125,0.04875,0.0,0.04875,0.16793893129770993,0.5641025641025641,17,109,4234.450000000001,0.0,123239.95,127474.4,Feasible,N/A
0.41,0.93,0.95125,0.04875,0.0,0.04875,0.16793893129770993,0.5641025641025641,17,109,4234.450000000001,0.0,123239.95,127474.4,Feasible,N/A
0.41,0.94,0.95125,0.04875,0.0,0.04875,0.16793893129770993,0.5641025641025641,17,109,4234.450000000001,0.0,123239.95,127474.4,Feasible,N/A
0.41,0.95,0.95125,0.04875,0.0,0.04875,0.16793893129770993,0.5641025641025641,17,109,4234.450000000001,0.0,123239.95,127474.4,Feasible,N/A
0.41,0.96,0.95125,0.04875,0.0,0.04875,0.16793893129770993,0.5641025641025641,17,109,4234.450000000001,0.0,123239.95,127474.4,Feasible,N/A
0.41,0.97,0.95125,0.04875,0.0,0.04875,0.16793893129770993,0.5641025641025641,17,109,4234.450000000001,0.0,123239.95,127474.4,Feasible,N/A
0.41,0.98,0.95125,0.04875,0.0,0.04875,0.16793893129770993,0.5641025641025641,17,109,4234.450000000001,0.0,123239.95,127474.4,Feasible,N/A
0.41,0.99,0.95125,0.04875,0.0,0.04875,0.16793893129770993,0.5641025641025641,17,109,4234.450000000001,0.0,123239.95,127474.4,Feasible,N/A
0.42,0.43,0.95625,0.00375,0.04,0.04375,0.16030534351145037,0.6,14,110,150.0,4800.0,125249.43999999999,130199.43999999999,Feasible,N/A
0.42,0.44,0.95625,0.00375,0.04,0.04375,0.16030534351145037,0.6,14,110,150.0,4800.0,125249.43999999999,130199.43999999999,Feasible,N/A
0.42,0.45,0.95625,0.00875,0.035,0.04375,0.16030534351145037,0.6,14,110,350.0,4200.0,125249.43999999999,129799.43999999999,Feasible,N/A
0.42,0.46,0.95625,0.01125,0.0325,0.04375,0.16030534351145037,0.6,14,110,587.021,3900.0,125249.43999999999,129736.46099999998,Feasible,N/A
0.42,0.47,0.95625,0.01625,0.0275,0.04375,0.16030534351145037,0.6,14,110,1327.426,3300.0,125249.43999999999,129876.866,Feasible,N/A
0.42,0.48,0.95625,0.0175,0.02625,0.04375,0.16030534351145037,0.6,14,110,1399.4540000000002,3150.0,125249.43999999999,129798.89399999999,Feasible,N/A
0.42,0.49,0.95625,0.02125,0.0225,0.04375,0.16030534351145037,0.6,14,110,1867.8890000000001,2700.0,125249.43999999999,129817.32899999998,Feasible,N/A
0.42,0.5,0.95625,0.02375,0.02,0.04375,0.16030534351145037,0.6,14,110,2083.5829999999996,2400.0,125249.43999999999,129733.02299999999,Feasible,N/A
0.42,0.51,0.95625,0.02625,0.0175,0.04375,0.16030534351145037,0.6,14,110,2407.852,2100.0,125249.43999999999,129757.29199999999,Feasible,N/A
0.42,0.52,0.95625,0.03,0.01375,0.04375,0.16030534351145037,0.6,14,110,2705.361,1650.0,125249.43999999999,129604.80099999999,Feasible,N/A
0.42,0.53,0.95625,0.03,0.01375,0.04375,0.16030534351145037,0.6,14,110,2705.361,1650.0,125249.43999999999,129604.80099999999,Feasible,N/A
0.42,0.54,0.95625,0.03125,0.0125,0.04375,0.16030534351145037,0.6,14,110,2819.8810000000003,1500.0,125249.43999999999,129569.32099999998,Feasible,N/A
0.42,0.55,0.95625,0.03375,0.01,0.04375,0.16030534351145037,0.6,14,110,3113.4880000000003,1200.0,125249.43999999999,129562.92799999999,Feasible,N/A
0.42,0.56,0.95625,0.035,0.00875,0.04375,0.16030534351145037,0.6,14,110,3163.4880000000003,1050.0,125249.43999999999,129462.92799999999,Feasible,N/A
0.42,0.57,0.95625,0.03625,0.0075,0.04375,0.16030534351145037,0.6,14,110,3241.4390000000003,900.0,125249.43999999999,129390.87899999999,Feasible,N/A
0.42,0.58,0.95625,0.0375,0.00625,0.04375,0.16030534351145037,0.6,14,110,3291.4390000000003,750.0,125249.43999999999,129290.87899999999,Feasible,N/A
0.42,0.59,0.95625,0.0375,0.00625,0.04375,0.16030534351145037,0.6,14,110,3291.4390000000003,750.0,125249.43999999999,129290.87899999999,Feasible,N/A
0.42,0.6,0.95625,0.03875,0.005,0.04375,0.16030534351145037,0.6,14,110,3423.429,600.0,125249.43999999999,129272.86899999999,Feasible,N/A
0.42,0.61,0.95625,0.03875,0.005,0.04375,0.16030534351145037,0.6,14,110,3423.429,600.0,125249.43999999999,129272.86899999999,Feasible,N/A
0.42,0.62,0.95625,0.03875,0.005,0.04375,0.16030534351145037,0.6,14,110,3423.429,600.0,125249.43999999999,129272.86899999999,Feasible,N/A
0.42,0.63,0.95625,0.04125,0.0025,0.04375,0.16030534351145037,0.6,14,110,3660.884,300.0,125249.43999999999,129210.324,Feasible,N/A
0.42,0.64,0.95625,0.0425,0.00125,0.04375,0.16030534351145037,0.6,14,110,3783.5009999999997,150.0,125249.43999999999,129182.94099999999,Feasible,N/A
0.42,0.65,0.95625,0.0425,0.00125,0.04375,0.16030534351145037,0.6,14,110,3783.5009999999997,150.0,125249.43999999999,129182.94099999999,Feasible,N/A
0.42,0.66,0.95625,0.0425,0.00125,0.04375,0.16030534351145037,0.6,14,110,3783.5009999999997,150.0,125249.43999999999,129182.94099999999,Feasible,N/A
0.42,0.67,0.95625,0.0425,0.00125,0.04375,0.16030534351145037,0.6,14,110,3783.5009999999997,150.0,125249.43999999999,129182.94099999999,Feasible,N/A
0.42,0.68,0.95625,0.0425,0.00125,0.04375,0.16030534351145037,0.6,14,110,3783.5009999999997,150.0,125249.43999999999,129182.94099999999,Feasible,N/A
0.42,0.69,0.95625,0.04375,0.0,0.04375,0.16030534351145037,0.6,14,110,3833.5009999999997,0.0,125249.43999999999,129082.94099999999,Feasible,N/A
0.42,0.7,0.95625,0.04375,0.0,0.04375,0.16030534351145037,0.6,14,110,3833.5009999999997,0.0,125249.43999999999,129082.94099999999,Feasible,N/A
0.42,0.71,0.95625,0.04375,0.0,0.04375,0.16030534351145037,0.6,14,110,3833.5009999999997,0.0,125249.43999999999,129082.94099999999,Feasible,N/A
0.42,0.72,0.95625,0.04375,0.0,0.04375,0.16030534351145037,0.6,14,110,3833.5009999999997,0.0,125249.43999999999,129082.94099999999,Feasible,N/A
0.42,0.73,0.95625,0.04375,0.0,0.04375,0.16030534351145037,0.6,14,110,3833.5009999999997,0.0,125249.43999999999,129082.94099999999,Feasible,N/A
0.42,0.74,0.95625,0.04375,0.0,0.04375,0.16030534351145037,0.6,14,110,3833.5009999999997,0.0,125249.43999999999,129082.94099999999,Feasible,N/A
0.42,0.75,0.95625,0.04375,0.0,0.04375,0.16030534351145037,0.6,14,110,3833.5009999999997,0.0,125249.43999999999,129082.94099999999,Feasible,N/A
0.42,0.76,0.95625,0.04375,0.0,0.04375,0.16030534351145037,0.6,14,110,3833.5009999999997,0.0,125249.43999999999,129082.94099999999,Feasible,N/A
0.42,0.77,0.95625,0.04375,0.0,0.04375,0.16030534351145037,0.6,14,110,3833.5009999999997,0.0,125249.43999999999,129082.94099999999,Feasible,N/A
0.42,0.78,0.95625,0.04375,0.0,0.04375,0.16030534351145037,0.6,14,110,3833.5009999999997,0.0,125249.43999999999,129082.94099999999,Feasible,N/A
0.42,0.79,0.95625,0.04375,0.0,0.04375,0.16030534351145037,0.6,14,110,3833.5009999999997,0.0,125249.43999999999,129082.94099999999,Feasible,N/A
0.42,0.8,0.95625,0.04375,0.0,0.04375,0.16030534351145037,0.6,14,110,3833.5009999999997,0.0,125249.43999999999,129082.94099999999,Feasible,N/A
0.42,0.81,0.95625,0.04375,0.0,0.04375,0.16030534351145037,0.6,14,110,3833.5009999999997,0.0,125249.43999999999,129082.94099999999,Feasible,N/A
0.42,0.82,0.95625,0.04375,0.0,0.04375,0.16030534351145037,0.6,14,110,3833.5009999999997,0.0,125249.43999999999,129082.94099999999,Feasible,N/A
0.42,0.83,0.95625,0.04375,0.0,0.04375,0.16030534351145037,0.6,14,110,3833.5009999999997,0.0,125249.43999999999,129082.94099999999,Feasible,N/A
0.42,0.84,0.95625,0.04375,0.0,0.04375,0.16030534351145037,0.6,14,110,3833.5009999999997,0.0,125249.43999999999,129082.94099999999,Feasible,N/A
0.42,0.85,0.95625,0.04375,0.0,0.04375,0.16030534351145037,0.6,14,110,3833.5009999999997,0.0,125249.43999999999,129082.94099999999,Feasible,N/A
0.42,0.86,0.95625,0.04375,0.0,0.04375,0.16030534351145037,0.6,14,110,3833.5009999999997,0.0,125249.43999999999,129082.94099999999,Feasible,N/A
0.42,0.87,0.95625,0.04375,0.0,0.04375,0.16030534351145037,0.6,14,110,3833.5009999999997,0.0,125249.43999999999,129082.94099999999,Feasible,N/A
0.42,0.88,0.95625,0.04375,0.0,0.04375,0.16030534351145037,0.6,14,110,3833.5009999999997,0.0,125249.43999999999,129082.94099999999,Feasible,N/A
0.42,0.89,0.95625,0.04375,0.0,0.04375,0.16030534351145037,0.6,14,110,3833.5009999999997,0.0,125249.43999999999,129082.94099999999,Feasible,N/A
0.42,0.9,0.95625,0.04375,0.0,0.04375,0.16030534351145037,0.6,14,110,3833.5009999999997,0.0,125249.43999999999,129082.94099999999,Feasible,N/A
0.42,0.91,0.95625,0.04375,0.0,0.04375,0.16030534351145037,0.6,14,110,3833.5009999999997,0.0,125249.43999999999,129082.94099999999,Feasible,N/A
0.42,0.92,0.95625,0.04375,0.0,0.04375,0.16030534351145037,0.6,14,110,3833.5009999999997,0.0,125249.43999999999,129082.94099999999,Feasible,N/A
0.42,0.93,0.95625,0.04375,0.0,0.04375,0.16030534351145037,0.6,14,110,3833.5009999999997,0.0,125249.43999999999,129082.94099999999,Feasible,N/A
0.42,0.94,0.95625,0.04375,0.0,0.04375,0.16030534351145037,0.6,14,110,3833.5009999999997,0.0,125249.43999999999,129082.94099999999,Feasible,N/A
0.42,0.95,0.95625,0.04375,0.0,0.04375,0.16030534351145037,0.6,14,110,3833.5009999999997,0.0,125249.43999999999,129082.94099999999,Feasible,N/A
0.42,0.96,0.95625,0.04375,0.0,0.04375,0.16030534351145037,0.6,14,110,3833.5009999999997,0.0,125249.43999999999,129082.94099999999,Feasible,N/A
0.42,0.97,0.95625,0.04375,0.0,0.04375,0.16030534351145037,0.6,14,110,3833.5009999999997,0.0,125249.43999999999,129082.94099999999,Feasible,N/A
0.42,0.98,0.95625,0.04375,0.0,0.04375,0.16030534351145037,0.6,14,110,3833.5009999999997,0.0,125249.43999999999,129082.94099999999,Feasible,N/A
0.42,0.99,0.95625,0.04375,0.0,0.04375,0.16030534351145037,0.6,14,110,3833.5009999999997,0.0,125249.43999999999,129082.94099999999,Feasible,N/A
0.43,0.44,0.96,0.0,0.04,0.04,0.16030534351145037,0.65625,11,110,0.0,4800.0,125249.43999999999,130049.43999999999,Feasible,N/A
0.43,0.45,0.96,0.005,0.035,0.04,0.16030534351145037,0.65625,11,110,200.0,4200.0,125249.43999999999,129649.43999999999,Feasible,N/A
0.43,0.46,0.96,0.0075,0.0325,0.04,0.16030534351145037,0.65625,11,110,437.021,3900.0,125249.43999999999,129586.46099999998,Feasible,N/A
0.43,0.47,0.96,0.0125,0.0275,0.04,0.16030534351145037,0.65625,11,110,1177.426,3300.0,125249.43999999999,129726.866,Feasible,N/A
0.43,0.48,0.96,0.01375,0.02625,0.04,0.16030534351145037,0.65625,11,110,1249.4540000000002,3150.0,125249.43999999999,129648.89399999999,Feasible,N/A
0.43,0.49,0.96,0.0175,0.0225,0.04,0.16030534351145037,0.65625,11,110,1717.8890000000001,2700.0,125249.43999999999,129667.32899999998,Feasible,N/A
0.43,0.5,0.96,0.02,0.02,0.04,0.16030534351145037,0.65625,11,110,1933.5829999999999,2400.0,125249.43999999999,129583.02299999999,Feasible,N/A
0.43,0.51,0.96,0.0225,0.0175,0.04,0.16030534351145037,0.65625,11,110,2257.852,2100.0,125249.43999999999,129607.29199999999,Feasible,N/A
0.43,0.52,0.96,0.02625,0.01375,0.04,0.16030534351145037,0.65625,11,110,2555.361,1650.0,125249.43999999999,129454.80099999999,Feasible,N/A
0.43,0.53,0.96,0.02625,0.01375,0.04,0.16030534351145037,0.65625,11,110,2555.361,1650.0,125249.43999999999,129454.80099999999,Feasible,N/A
0.43,0.54,0.96,0.0275,0.0125,0.04,0.16030534351145037,0.65625,11,110,2669.8810000000003,1500.0,125249.43999999999,129419.32099999998,Feasible,N/A
0.43,0.55,0.96,0.03,0.01,0.04,0.16030534351145037,0.65625,11,110,2963.4880000000003,1200.0,125249.43999999999,129412.92799999999,Feasible,N/A
0.43,0.56,0.96,0.03125,0.00875,0.04,0.16030534351145037,0.65625,11,110,3013.4880000000003,1050.0,125249.43999999999,129312.92799999999,Feasible,N/A
0.43,0.57,0.96,0.0325,0.0075,0.04,0.16030534351145037,0.65625,11,110,3091.4390000000003,900.0,125249.43999999999,129240.87899999999,Feasible,N/A
0.43,0.58,0.96,0.03375,0.00625,0.04,0.16030534351145037,0.65625,11,110,3141.4390000000003,750.0,125249.43999999999,129140.87899999999,Feasible,N/A
0.43,0.59,0.96,0.03375,0.00625,0.04,0.16030534351145037,0.65625,11,110,3141.4390000000003,750.0,125249.43999999999,129140.87899999999,Feasible,N/A
0.43,0.6,0.96,0.035,0.005,0.04,0.16030534351145037,0.65625,11,110,3273.429,600.0,125249.43999999999,129122.86899999999,Feasible,N/A
0.43,0.61,0.96,0.035,0.005,0.04,0.16030534351145037,0.65625,11,110,3273.429,600.0,125249.43999999999,129122.86899999999,Feasible,N/A
0.43,0.62,0.96,0.035,0.005,0.04,0.16030534351145037,0.65625,11,110,3273.429,600.0,125249.43999999999,129122.86899999999,Feasible,N/A
0.43,0.63,0.96,0.0375,0.0025,0.04,0.16030534351145037,0.65625,11,110,3510.884,300.0,125249.43999999999,129060.324,Feasible,N/A
0.43,0.64,0.96,0.03875,0.00125,0.04,0.16030534351145037,0.65625,11,110,3633.5009999999997,150.0,125249.43999999999,129032.94099999999,Feasible,N/A
0.43,0.65,0.96,0.03875,0.00125,0.04,0.16030534351145037,0.65625,11,110,3633.5009999999997,150.0,125249.43999999999,129032.94099999999,Feasible,N/A
0.43,0.66,0.96,0.03875,0.00125,0.04,0.16030534351145037,0.65625,11,110,3633.5009999999997,150.0,125249.43999999999,129032.94099999999,Feasible,N/A
0.43,0.67,0.96,0.03875,0.00125,0.04,0.16030534351145037,0.65625,11,110,3633.5009999999997,150.0,125249.43999999999,129032.94099999999,Feasible,N/A
0.43,0.68,0.96,0.03875,0.00125,0.04,0.16030534351145037,0.65625,11,110,3633.5009999999997,150.0,125249.43999999999,129032.94099999999,Feasible,N/A
0.43,0.69,0.96,0.04,0.0,0.04,0.16030534351145037,0.65625,11,110,3683.5009999999997,0.0,125249.43999999999,128932.94099999999,Feasible,N/A
0.43,0.7,0.96,0.04,0.0,0.04,0.16030534351145037,0.65625,11,110,3683.5009999999997,0.0,125249.43999999999,128932.94099999999,Feasible,N/A
0.43,0.71,0.96,0.04,0.0,0.04,0.16030534351145037,0.65625,11,110,3683.5009999999997,0.0,125249.43999999999,128932.94099999999,Feasible,N/A
0.43,0.72,0.96,0.04,0.0,0.04,0.16030534351145037,0.65625,11,110,3683.5009999999997,0.0,125249.43999999999,128932.94099999999,Feasible,N/A
0.43,0.73,0.96,0.04,0.0,0.04,0.16030534351145037,0.65625,11,110,3683.5009999999997,0.0,125249.43999999999,128932.94099999999,Feasible,N/A
0.43,0.74,0.96,0.04,0.0,0.04,0.16030534351145037,0.65625,11,110,3683.5009999999997,0.0,125249.43999999999,128932.94099999999,Feasible,N/A
0.43,0.75,0.96,0.04,0.0,0.04,0.16030534351145037,0.65625,11,110,3683.5009999999997,0.0,125249.43999999999,128932.94099999999,Feasible,N/A
0.43,0.76,0.96,0.04,0.0,0.04,0.16030534351145037,0.65625,11,110,3683.5009999999997,0.0,125249.43999999999,128932.94099999999,Feasible,N/A
0.43,0.77,0.96,0.04,0.0,0.04,0.16030534351145037,0.65625,11,110,3683.5009999999997,0.0,125249.43999999999,128932.94099999999,Feasible,N/A
0.43,0.78,0.96,0.04,0.0,0.04,0.16030534351145037,0.65625,11,110,3683.5009999999997,0.0,125249.43999999999,128932.94099999999,Feasible,N/A
0.43,0.79,0.96,0.04,0.0,0.04,0.16030534351145037,0.65625,11,110,3683.5009999999997,0.0,125249.43999999999,128932.94099999999,Feasible,N/A
0.43,0.8,0.96,0.04,0.0,0.04,0.16030534351145037,0.65625,11,110,3683.5009999999997,0.0,125249.43999999999,128932.94099999999,Feasible,N/A
0.43,0.81,0.96,0.04,0.0,0.04,0.16030534351145037,0.65625,11,110,3683.5009999999997,0.0,125249.43999999999,128932.94099999999,Feasible,N/A
0.43,0.82,0.96,0.04,0.0,0.04,0.16030534351145037,0.65625,11,110,3683.5009999999997,0.0,125249.43999999999,128932.94099999999,Feasible,N/A
0.43,0.83,0.96,0.04,0.0,0.04,0.16030534351145037,0.65625,11,110,3683.5009999999997,0.0,125249.43999999999,128932.94099999999,Feasible,N/A
0.43,0.84,0.96,0.04,0.0,0.04,0.16030534351145037,0.65625,11,110,3683.5009999999997,0.0,125249.43999999999,128932.94099999999,Feasible,N/A
0.43,0.85,0.96,0.04,0.0,0.04,0.16030534351145037,0.65625,11,110,3683.5009999999997,0.0,125249.43999999999,128932.94099999999,Feasible,N/A
0.43,0.86,0.96,0.04,0.0,0.04,0.16030534351145037,0.65625,11,110,3683.5009999999997,0.0,125249.43999999999,128932.94099999999,Feasible,N/A
0.43,0.87,0.96,0.04,0.0,0.04,0.16030534351145037,0.65625,11,110,3683.5009999999997,0.0,125249.43999999999,128932.94099999999,Feasible,N/A
0.43,0.88,0.96,0.04,0.0,0.04,0.16030534351145037,0.65625,11,110,3683.5009999999997,0.0,125249.43999999999,128932.94099999999,Feasible,N/A
0.43,0.89,0.96,0.04,0.0,0.04,0.16030534351145037,0.65625,11,110,3683.5009999999997,0.0,125249.43999999999,128932.94099999999,Feasible,N/A
0.43,0.9,0.96,0.04,0.0,0.04,0.16030534351145037,0.65625,11,110,3683.5009999999997,0.0,125249.43999999999,128932.94099999999,Feasible,N/A
0.43,0.91,0.96,0.04,0.0,0.04,0.16030534351145037,0.65625,11,110,3683.5009999999997,0.0,125249.43999999999,128932.94099999999,Feasible,N/A
0.43,0.92,0.96,0.04,0.0,0.04,0.16030534351145037,0.65625,11,110,3683.5009999999997,0.0,125249.43999999999,128932.94099999999,Feasible,N/A
0.43,0.93,0.96,0.04,0.0,0.04,0.16030534351145037,0.65625,11,110,3683.5009999999997,0.0,125249.43999999999,128932.94099999999,Feasible,N/A
0.43,0.94,0.96,0.04,0.0,0.04,0.16030534351145037,0.65625,11,110,3683.5009999999997,0.0,125249.43999999999,128932.94099999999,Feasible,N/A
0.43,0.95,0.96,0.04,0.0,0.04,0.16030534351145037,0.65625,11,110,3683.5009999999997,0.0,125249.43999999999,128932.94099999999,Feasible,N/A
0.43,0.96,0.96,0.04,0.0,0.04,0.16030534351145037,0.65625,11,110,3683.5009999999997,0.0,125249.43999999999,128932.94099999999,Feasible,N/A
0.43,0.97,0.96,0.04,0.0,0.04,0.16030534351145037,0.65625,11,110,3683.5009999999997,0.0,125249.43999999999,128932.94099999999,Feasible,N/A
0.43,0.98,0.96,0.04,0.0,0.04,0.16030534351145037,0.65625,11,110,3683.5009999999997,0.0,125249.43999999999,128932.94099999999,Feasible,N/A
0.43,0.99,0.96,0.04,0.0,0.04,0.16030534351145037,0.65625,11,110,3683.5009999999997,0.0,125249.43999999999,128932.94099999999,Feasible,N/A
0.44,0.45,0.96,0.005,0.035,0.04,0.16030534351145037,0.65625,11,110,200.0,4200.0,125249.43999999999,129649.43999999999,Feasible,N/A
0.44,0.46,0.96,0.0075,0.0325,0.04,0.16030534351145037,0.65625,11,110,437.021,3900.0,125249.43999999999,129586.46099999998,Feasible,N/A
0.44,0.47,0.96,0.0125,0.0275,0.04,0.16030534351145037,0.65625,11,110,1177.426,3300.0,125249.43999999999,129726.866,Feasible,N/A
0.44,0.48,0.96,0.01375,0.02625,0.04,0.16030534351145037,0.65625,11,110,1249.4540000000002,3150.0,125249.43999999999,129648.89399999999,Feasible,N/A
0.44,0.49,0.96,0.0175,0.0225,0.04,0.16030534351145037,0.65625,11,110,1717.8890000000001,2700.0,125249.43999999999,129667.32899999998,Feasible,N/A
0.44,0.5,0.96,0.02,0.02,0.04,0.16030534351145037,0.65625,11,110,1933.5829999999999,2400.0,125249.43999999999,129583.02299999999,Feasible,N/A
0.44,0.51,0.96,0.0225,0.0175,0.04,0.16030534351145037,0.65625,11,110,2257.852,2100.0,125249.43999999999,129607.29199999999,Feasible,N/A
0.44,0.52,0.96,0.02625,0.01375,0.04,0.16030534351145037,0.65625,11,110,2555.361,1650.0,125249.43999999999,129454.80099999999,Feasible,N/A
0.44,0.53,0.96,0.02625,0.01375,0.04,0.16030534351145037,0.65625,11,110,2555.361,1650.0,125249.43999999999,129454.80099999999,Feasible,N/A
0.44,0.54,0.96,0.0275,0.0125,0.04,0.16030534351145037,0.65625,11,110,2669.8810000000003,1500.0,125249.43999999999,129419.32099999998,Feasible,N/A
0.44,0.55,0.96,0.03,0.01,0.04,0.16030534351145037,0.65625,11,110,2963.4880000000003,1200.0,125249.43999999999,129412.92799999999,Feasible,N/A
0.44,0.56,0.96,0.03125,0.00875,0.04,0.16030534351145037,0.65625,11,110,3013.4880000000003,1050.0,125249.43999999999,129312.92799999999,Feasible,N/A
0.44,0.57,0.96,0.0325,0.0075,0.04,0.16030534351145037,0.65625,11,110,3091.4390000000003,900.0,125249.43999999999,129240.87899999999,Feasible,N/A
0.44,0.58,0.96,0.03375,0.00625,0.04,0.16030534351145037,0.65625,11,110,3141.4390000000003,750.0,125249.43999999999,129140.87899999999,Feasible,N/A
0.44,0.59,0.96,0.03375,0.00625,0.04,0.16030534351145037,0.65625,11,110,3141.4390000000003,750.0,125249.43999999999,129140.87899999999,Feasible,N/A
0.44,0.6,0.96,0.035,0.005,0.04,0.16030534351145037,0.65625,11,110,3273.429,600.0,125249.43999999999,129122.86899999999,Feasible,N/A
0.44,0.61,0.96,0.035,0.005,0.04,0.16030534351145037,0.65625,11,110,3273.429,600.0,125249.43999999999,129122.86899999999,Feasible,N/A
0.44,0.62,0.96,0.035,0.005,0.04,0.16030534351145037,0.65625,11,110,3273.429,600.0,125249.43999999999,129122.86899999999,Feasible,N/A
0.44,0.63,0.96,0.0375,0.0025,0.04,0.16030534351145037,0.65625,11,110,3510.884,300.0,125249.43999999999,129060.324,Feasible,N/A
0.44,0.64,0.96,0.03875,0.00125,0.04,0.16030534351145037,0.65625,11,110,3633.5009999999997,150.0,125249.43999999999,129032.94099999999,Feasible,N/A
0.44,0.65,0.96,0.03875,0.00125,0.04,0.16030534351145037,0.65625,11,110,3633.5009999999997,150.0,125249.43999999999,129032.94099999999,Feasible,N/A
0.44,0.66,0.96,0.03875,0.00125,0.04,0.16030534351145037,0.65625,11,110,3633.5009999999997,150.0,125249.43999999999,129032.94099999999,Feasible,N/A
0.44,0.67,0.96,0.03875,0.00125,0.04,0.16030534351145037,0.65625,11,110,3633.5009999999997,150.0,125249.43999999999,129032.94099999999,Feasible,N/A
0.44,0.68,0.96,0.03875,0.00125,0.04,0.16030534351145037,0.65625,11,110,3633.5009999999997,150.0,125249.43999999999,129032.94099999999,Feasible,N/A
0.44,0.69,0.96,0.04,0.0,0.04,0.16030534351145037,0.65625,11,110,3683.5009999999997,0.0,125249.43999999999,128932.94099999999,Feasible,N/A
0.44,0.7,0.96,0.04,0.0,0.04,0.16030534351145037,0.65625,11,110,3683.5009999999997,0.0,125249.43999999999,128932.94099999999,Feasible,N/A
0.44,0.71,0.96,0.04,0.0,0.04,0.16030534351145037,0.65625,11,110,3683.5009999999997,0.0,125249.43999999999,128932.94099999999,Feasible,N/A
0.44,0.72,0.96,0.04,0.0,0.04,0.16030534351145037,0.65625,11,110,3683.5009999999997,0.0,125249.43999999999,128932.94099999999,Feasible,N/A
0.44,0.73,0.96,0.04,0.0,0.04,0.16030534351145037,0.65625,11,110,3683.5009999999997,0.0,125249.43999999999,128932.94099999999,Feasible,N/A
0.44,0.74,0.96,0.04,0.0,0.04,0.16030534351145037,0.65625,11,110,3683.5009999999997,0.0,125249.43999999999,128932.94099999999,Feasible,N/A
0.44,0.75,0.96,0.04,0.0,0.04,0.16030534351145037,0.65625,11,110,3683.5009999999997,0.0,125249.43999999999,128932.94099999999,Feasible,N/A
0.44,0.76,0.96,0.04,0.0,0.04,0.16030534351145037,0.65625,11,110,3683.5009999999997,0.0,125249.43999999999,128932.94099999999,Feasible,N/A
0.44,0.77,0.96,0.04,0.0,0.04,0.16030534351145037,0.65625,11,110,3683.5009999999997,0.0,125249.43999999999,128932.94099999999,Feasible,N/A
0.44,0.78,0.96,0.04,0.0,0.04,0.16030534351145037,0.65625,11,110,3683.5009999999997,0.0,125249.43999999999,128932.94099999999,Feasible,N/A
0.44,0.79,0.96,0.04,0.0,0.04,0.16030534351145037,0.65625,11,110,3683.5009999999997,0.0,125249.43999999999,128932.94099999999,Feasible,N/A
0.44,0.8,0.96,0.04,0.0,0.04,0.16030534351145037,0.65625,11,110,3683.5009999999997,0.0,125249.43999999999,128932.94099999999,Feasible,N/A
0.44,0.81,0.96,0.04,0.0,0.04,0.16030534351145037,0.65625,11,110,3683.5009999999997,0.0,125249.43999999999,128932.94099999999,Feasible,N/A
0.44,0.82,0.96,0.04,0.0,0.04,0.16030534351145037,0.65625,11,110,3683.5009999999997,0.0,125249.43999999999,128932.94099999999,Feasible,N/A
0.44,0.83,0.96,0.04,0.0,0.04,0.16030534351145037,0.65625,11,110,3683.5009999999997,0.0,125249.43999999999,128932.94099999999,Feasible,N/A
0.44,0.84,0.96,0.04,0.0,0.04,0.16030534351145037,0.65625,11,110,3683.5009999999997,0.0,125249.43999999999,128932.94099999999,Feasible,N/A
0.44,0.85,0.96,0.04,0.0,0.04,0.16030534351145037,0.65625,11,110,3683.5009999999997,0.0,125249.43999999999,128932.94099999999,Feasible,N/A
0.44,0.86,0.96,0.04,0.0,0.04,0.16030534351145037,0.65625,11,110,3683.5009999999997,0.0,125249.43999999999,128932.94099999999,Feasible,N/A
0.44,0.87,0.96,0.04,0.0,0.04,0.16030534351145037,0.65625,11,110,3683.5009999999997,0.0,125249.43999999999,128932.94099999999,Feasible,N/A
0.44,0.88,0.96,0.04,0.0,0.04,0.16030534351145037,0.65625,11,110,3683.5009999999997,0.0,125249.43999999999,128932.94099999999,Feasible,N/A
0.44,0.89,0.96,0.04,0.0,0.04,0.16030534351145037,0.65625,11,110,3683.5009999999997,0.0,125249.43999999999,128932.94099999999,Feasible,N/A
0.44,0.9,0.96,0.04,0.0,0.04,0.16030534351145037,0.65625,11,110,3683.5009999999997,0.0,125249.43999999999,128932.94099999999,Feasible,N/A
0.44,0.91,0.96,0.04,0.0,0.04,0.16030534351145037,0.65625,11,110,3683.5009999999997,0.0,125249.43999999999,128932.94099999999,Feasible,N/A
0.44,0.92,0.96,0.04,0.0,0.04,0.16030534351145037,0.65625,11,110,3683.5009999999997,0.0,125249.43999999999,128932.94099999999,Feasible,N/A
0.44,0.93,0.96,0.04,0.0,0.04,0.16030534351145037,0.65625,11,110,3683.5009999999997,0.0,125249.43999999999,128932.94099999999,Feasible,N/A
0.44,0.94,0.96,0.04,0.0,0.04,0.16030534351145037,0.65625,11,110,3683.5009999999997,0.0,125249.43999999999,128932.94099999999,Feasible,N/A
0.44,0.95,0.96,0.04,0.0,0.04,0.16030534351145037,0.65625,11,110,3683.5009999999997,0.0,125249.43999999999,128932.94099999999,Feasible,N/A
0.44,0.96,0.96,0.04,0.0,0.04,0.16030534351145037,0.65625,11,110,3683.5009999999997,0.0,125249.43999999999,128932.94099999999,Feasible,N/A
0.44,0.97,0.96,0.04,0.0,0.04,0.16030534351145037,0.65625,11,110,3683.5009999999997,0.0,125249.43999999999,128932.94099999999,Feasible,N/A
0.44,0.98,0.96,0.04,0.0,0.04,0.16030534351145037,0.65625,11,110,3683.5009999999997,0.0,125249.43999999999,128932.94099999999,Feasible,N/A
0.44,0.99,0.96,0.04,0.0,0.04,0.16030534351145037,0.65625,11,110,3683.5009999999997,0.0,125249.43999999999,128932.94099999999,Feasible,N/A
0.45,0.46,0.965,0.0025,0.0325,0.035,0.16030534351145037,0.75,7,110,237.02100000000002,3900.0,125249.43999999999,129386.46099999998,Feasible,N/A
0.45,0.47,0.965,0.0075,0.0275,0.035,0.16030534351145037,0.75,7,110,977.426,3300.0,125249.43999999999,129526.866,Feasible,N/A
0.45,0.48,0.965,0.00875,0.02625,0.035,0.16030534351145037,0.75,7,110,1049.4540000000002,3150.0,125249.43999999999,129448.89399999999,Feasible,N/A
0.45,0.49,0.965,0.0125,0.0225,0.035,0.16030534351145037,0.75,7,110,1517.8890000000001,2700.0,125249.43999999999,129467.32899999998,Feasible,N/A
0.45,0.5,0.965,0.015,0.02,0.035,0.16030534351145037,0.75,7,110,1733.5829999999999,2400.0,125249.43999999999,129383.02299999999,Feasible,N/A
0.45,0.51,0.965,0.0175,0.0175,0.035,0.16030534351145037,0.75,7,110,2057.852,2100.0,125249.43999999999,129407.29199999999,Feasible,N/A
0.45,0.52,0.965,0.02125,0.01375,0.035,0.16030534351145037,0.75,7,110,2355.361,1650.0,125249.43999999999,129254.80099999999,Feasible,N/A
0.45,0.53,0.965,0.02125,0.01375,0.035,0.16030534351145037,0.75,7,110,2355.361,1650.0,125249.43999999999,129254.80099999999,Feasible,N/A
0.45,0.54,0.965,0.0225,0.0125,0.035,0.16030534351145037,0.75,7,110,2469.8810000000003,1500.0,125249.43999999999,129219.32099999998,Feasible,N/A
0.45,0.55,0.965,0.025,0.01,0.035,0.16030534351145037,0.75,7,110,2763.4880000000003,1200.0,125249.43999999999,129212.92799999999,Feasible,N/A
0.45,0.56,0.965,0.02625,0.00875,0.035,0.16030534351145037,0.75,7,110,2813.4880000000003,1050.0,125249.43999999999,129112.92799999999,Feasible,N/A
0.45,0.57,0.965,0.0275,0.0075,0.035,0.16030534351145037,0.75,7,110,2891.4390000000003,900.0,125249.43999999999,129040.87899999999,Feasible,N/A
0.45,0.58,0.965,0.02875,0.00625,0.035,0.16030534351145037,0.75,7,110,2941.4390000000003,750.0,125249.43999999999,128940.87899999999,Feasible,N/A
0.45,0.59,0.965,0.02875,0.00625,0.035,0.16030534351145037,0.75,7,110,2941.4390000000003,750.0,125249.43999999999,128940.87899999999,Feasible,N/A
0.45,0.6,0.965,0.03,0.005,0.035,0.16030534351145037,0.75,7,110,3073.429,600.0,125249.43999999999,128922.86899999999,Feasible,N/A
0.45,0.61,0.965,0.03,0.005,0.035,0.16030534351145037,0.75,7,110,3073.429,600.0,125249.43999999999,128922.86899999999,Feasible,N/A
0.45,0.62,0.965,0.03,0.005,0.035,0.16030534351145037,0.75,7,110,3073.429,600.0,125249.43999999999,128922.86899999999,Feasible,N/A
0.45,0.63,0.965,0.0325,0.0025,0.035,0.16030534351145037,0.75,7,110,3310.884,300.0,125249.43999999999,128860.324,Feasible,N/A
0.45,0.64,0.965,0.03375,0.00125,0.035,0.16030534351145037,0.75,7,110,3433.5009999999997,150.0,125249.43999999999,128832.94099999999,Feasible,N/A
0.45,0.65,0.965,0.03375,0.00125,0.035,0.16030534351145037,0.75,7,110,3433.5009999999997,150.0,125249.43999999999,128832.94099999999,Feasible,N/A
0.45,0.66,0.965,0.03375,0.00125,0.035,0.16030534351145037,0.75,7,110,3433.5009999999997,150.0,125249.43999999999,128832.94099999999,Feasible,N/A
0.45,0.67,0.965,0.03375,0.00125,0.035,0.16030534351145037,0.75,7,110,3433.5009999999997,150.0,125249.43999999999,128832.94099999999,Feasible,N/A
0.45,0.68,0.965,0.03375,0.00125,0.035,0.16030534351145037,0.75,7,110,3433.5009999999997,150.0,125249.43999999999,128832.94099999999,Feasible,N/A
0.45,0.69,0.965,0.035,0.0,0.035,0.16030534351145037,0.75,7,110,3483.5009999999997,0.0,125249.43999999999,128732.94099999999,Feasible,N/A
0.45,0.7,0.965,0.035,0.0,0.035,0.16030534351145037,0.75,7,110,3483.5009999999997,0.0,125249.43999999999,128732.94099999999,Feasible,N/A
0.45,0.71,0.965,0.035,0.0,0.035,0.16030534351145037,0.75,7,110,3483.5009999999997,0.0,125249.43999999999,128732.94099999999,Feasible,N/A
0.45,0.72,0.965,0.035,0.0,0.035,0.16030534351145037,0.75,7,110,3483.5009999999997,0.0,125249.43999999999,128732.94099999999,Feasible,N/A
0.45,0.73,0.965,0.035,0.0,0.035,0.16030534351145037,0.75,7,110,3483.5009999999997,0.0,125249.43999999999,128732.94099999999,Feasible,N/A
0.45,0.74,0.965,0.035,0.0,0.035,0.16030534351145037,0.75,7,110,3483.5009999999997,0.0,125249.43999999999,128732.94099999999,Feasible,N/A
0.45,0.75,0.965,0.035,0.0,0.035,0.16030534351145037,0.75,7,110,3483.5009999999997,0.0,125249.43999999999,128732.94099999999,Feasible,N/A
0.45,0.76,0.965,0.035,0.0,0.035,0.16030534351145037,0.75,7,110,3483.5009999999997,0.0,125249.43999999999,128732.94099999999,Feasible,N/A
0.45,0.77,0.965,0.035,0.0,0.035,0.16030534351145037,0.75,7,110,3483.5009999999997,0.0,125249.43999999999,128732.94099999999,Feasible,N/A
0.45,0.78,0.965,0.035,0.0,0.035,0.16030534351145037,0.75,7,110,3483.5009999999997,0.0,125249.43999999999,128732.94099999999,Feasible,N/A
0.45,0.79,0.965,0.035,0.0,0.035,0.16030534351145037,0.75,7,110,3483.5009999999997,0.0,125249.43999999999,128732.94099999999,Feasible,N/A
0.45,0.8,0.965,0.035,0.0,0.035,0.16030534351145037,0.75,7,110,3483.5009999999997,0.0,125249.43999999999,128732.94099999999,Feasible,N/A
0.45,0.81,0.965,0.035,0.0,0.035,0.16030534351145037,0.75,7,110,3483.5009999999997,0.0,125249.43999999999,128732.94099999999,Feasible,N/A
0.45,0.82,0.965,0.035,0.0,0.035,0.16030534351145037,0.75,7,110,3483.5009999999997,0.0,125249.43999999999,128732.94099999999,Feasible,N/A
0.45,0.83,0.965,0.035,0.0,0.035,0.16030534351145037,0.75,7,110,3483.5009999999997,0.0,125249.43999999999,128732.94099999999,Feasible,N/A
0.45,0.84,0.965,0.035,0.0,0.035,0.16030534351145037,0.75,7,110,3483.5009999999997,0.0,125249.43999999999,128732.94099999999,Feasible,N/A
0.45,0.85,0.965,0.035,0.0,0.035,0.16030534351145037,0.75,7,110,3483.5009999999997,0.0,125249.43999999999,128732.94099999999,Feasible,N/A
0.45,0.86,0.965,0.035,0.0,0.035,0.16030534351145037,0.75,7,110,3483.5009999999997,0.0,125249.43999999999,128732.94099999999,Feasible,N/A
0.45,0.87,0.965,0.035,0.0,0.035,0.16030534351145037,0.75,7,110,3483.5009999999997,0.0,125249.43999999999,128732.94099999999,Feasible,N/A
0.45,0.88,0.965,0.035,0.0,0.035,0.16030534351145037,0.75,7,110,3483.5009999999997,0.0,125249.43999999999,128732.94099999999,Feasible,N/A
0.45,0.89,0.965,0.035,0.0,0.035,0.16030534351145037,0.75,7,110,3483.5009999999997,0.0,125249.43999999999,128732.94099999999,Feasible,N/A
0.45,0.9,0.965,0.035,0.0,0.035,0.16030534351145037,0.75,7,110,3483.5009999999997,0.0,125249.43999999999,128732.94099999999,Feasible,N/A
0.45,0.91,0.965,0.035,0.0,0.035,0.16030534351145037,0.75,7,110,3483.5009999999997,0.0,125249.43999999999,128732.94099999999,Feasible,N/A
0.45,0.92,0.965,0.035,0.0,0.035,0.16030534351145037,0.75,7,110,3483.5009999999997,0.0,125249.43999999999,128732.94099999999,Feasible,N/A
0.45,0.93,0.965,0.035,0.0,0.035,0.16030534351145037,0.75,7,110,3483.5009999999997,0.0,125249.43999999999,128732.94099999999,Feasible,N/A
0.45,0.94,0.965,0.035,0.0,0.035,0.16030534351145037,0.75,7,110,3483.5009999999997,0.0,125249.43999999999,128732.94099999999,Feasible,N/A
0.45,0.95,0.965,0.035,0.0,0.035,0.16030534351145037,0.75,7,110,3483.5009999999997,0.0,125249.43999999999,128732.94099999999,Feasible,N/A
0.45,0.96,0.965,0.035,0.0,0.035,0.16030534351145037,0.75,7,110,3483.5009999999997,0.0,125249.43999999999,128732.94099999999,Feasible,N/A
0.45,0.97,0.965,0.035,0.0,0.035,0.16030534351145037,0.75,7,110,3483.5009999999997,0.0,125249.43999999999,128732.94099999999,Feasible,N/A
0.45,0.98,0.965,0.035,0.0,0.035,0.16030534351145037,0.75,7,110,3483.5009999999997,0.0,125249.43999999999,128732.94099999999,Feasible,N/A
0.45,0.99,0.965,0.035,0.0,0.035,0.16030534351145037,0.75,7,110,3483.5009999999997,0.0,125249.43999999999,128732.94099999999,Feasible,N/A
0.46,0.47,0.9675,0.005,0.0275,0.0325,0.15267175572519084,0.7692307692307693,6,111,740.4050000000001,3300.0,126619.65,130660.055,Feasible,N/A
0.46,0.48,0.9675,0.00625,0.02625,0.0325,0.15267175572519084,0.7692307692307693,6,111,812.433,3150.0,126619.65,130582.083,Feasible,N/A
0.46,0.49,0.9675,0.01,0.0225,0.0325,0.15267175572519084,0.7692307692307693,6,111,1280.868,2700.0,126619.65,130600.518,Feasible,N/A
0.46,0.5,0.9675,0.0125,0.02,0.0325,0.15267175572519084,0.7692307692307693,6,111,1496.562,2400.0,126619.65,130516.212,Feasible,N/A
0.46,0.51,0.9675,0.015,0.0175,0.0325,0.15267175572519084,0.7692307692307693,6,111,1820.831,2100.0,126619.65,130540.481,Feasible,N/A
0.46,0.52,0.9675,0.01875,0.01375,0.0325,0.15267175572519084,0.7692307692307693,6,111,2118.34,1650.0,126619.65,130387.98999999999,Feasible,N/A
0.46,0.53,0.9675,0.01875,0.01375,0.0325,0.15267175572519084,0.7692307692307693,6,111,2118.34,1650.0,126619.65,130387.98999999999,Feasible,N/A
0.46,0.54,0.9675,0.02,0.0125,0.0325,0.15267175572519084,0.7692307692307693,6,111,2232.86,1500.0,126619.65,130352.51,Feasible,N/A
0.46,0.55,0.9675,0.0225,0.01,0.0325,0.15267175572519084,0.7692307692307693,6,111,2526.4670000000006,1200.0,126619.65,130346.117,Feasible,N/A
0.46,0.56,0.9675,0.02375,0.00875,0.0325,0.15267175572519084,0.7692307692307693,6,111,2576.4670000000006,1050.0,126619.65,130246.117,Feasible,N/A
0.46,0.57,0.9675,0.025,0.0075,0.0325,0.15267175572519084,0.7692307692307693,6,111,2654.418,900.0,126619.65,130174.068,Feasible,N/A
0.46,0.58,0.9675,0.02625,0.00625,0.0325,0.15267175572519084,0.7692307692307693,6,111,2704.418,750.0,126619.65,130074.068,Feasible,N/A
0.46,0.59,0.9675,0.02625,0.00625,0.0325,0.15267175572519084,0.7692307692307693,6,111,2704.418,750.0,126619.65,130074.068,Feasible,N/A
0.46,0.6,0.9675,0.0275,0.005,0.0325,0.15267175572519084,0.7692307692307693,6,111,2836.4080000000004,600.0,126619.65,130056.05799999999,Feasible,N/A
0.46,0.61,0.9675,0.0275,0.005,0.0325,0.15267175572519084,0.7692307692307693,6,111,2836.4080000000004,600.0,126619.65,130056.05799999999,Feasible,N/A
0.46,0.62,0.9675,0.0275,0.005,0.0325,0.15267175572519084,0.7692307692307693,6,111,2836.4080000000004,600.0,126619.65,130056.05799999999,Feasible,N/A
0.46,0.63,0.9675,0.03,0.0025,0.0325,0.15267175572519084,0.7692307692307693,6,111,3073.8630000000003,300.0,126619.65,129993.51299999999,Feasible,N/A
0.46,0.64,0.9675,0.03125,0.00125,0.0325,0.15267175572519084,0.7692307692307693,6,111,3196.48,150.0,126619.65,129966.12999999999,Feasible,N/A
0.46,0.65,0.9675,0.03125,0.00125,0.0325,0.15267175572519084,0.7692307692307693,6,111,3196.48,150.0,126619.65,129966.12999999999,Feasible,N/A
0.46,0.66,0.9675,0.03125,0.00125,0.0325,0.15267175572519084,0.7692307692307693,6,111,3196.48,150.0,126619.65,129966.12999999999,Feasible,N/A
0.46,0.67,0.9675,0.03125,0.00125,0.0325,0.15267175572519084,0.7692307692307693,6,111,3196.48,150.0,126619.65,129966.12999999999,Feasible,N/A
0.46,0.68,0.9675,0.03125,0.00125,0.0325,0.15267175572519084,0.7692307692307693,6,111,3196.48,150.0,126619.65,129966.12999999999,Feasible,N/A
0.46,0.69,0.9675,0.0325,0.0,0.0325,0.15267175572519084,0.7692307692307693,6,111,3246.48,0.0,126619.65,129866.12999999999,Feasible,N/A
0.46,0.7,0.9675,0.0325,0.0,0.0325,0.15267175572519084,0.7692307692307693,6,111,3246.48,0.0,126619.65,129866.12999999999,Feasible,N/A
0.46,0.71,0.9675,0.0325,0.0,0.0325,0.15267175572519084,0.7692307692307693,6,111,3246.48,0.0,126619.65,129866.12999999999,Feasible,N/A
0.46,0.72,0.9675,0.0325,0.0,0.0325,0.15267175572519084,0.7692307692307693,6,111,3246.48,0.0,126619.65,129866.12999999999,Feasible,N/A
0.46,0.73,0.9675,0.0325,0.0,0.0325,0.15267175572519084,0.7692307692307693,6,111,3246.48,0.0,126619.65,129866.12999999999,Feasible,N/A
0.46,0.74,0.9675,0.0325,0.0,0.0325,0.15267175572519084,0.7692307692307693,6,111,3246.48,0.0,126619.65,129866.12999999999,Feasible,N/A
0.46,0.75,0.9675,0.0325,0.0,0.0325,0.15267175572519084,0.7692307692307693,6,111,3246.48,0.0,126619.65,129866.12999999999,Feasible,N/A
0.46,0.76,0.9675,0.0325,0.0,0.0325,0.15267175572519084,0.7692307692307693,6,111,3246.48,0.0,126619.65,129866.12999999999,Feasible,N/A
0.46,0.77,0.9675,0.0325,0.0,0.0325,0.15267175572519084,0.7692307692307693,6,111,3246.48,0.0,126619.65,129866.12999999999,Feasible,N/A
0.46,0.78,0.9675,0.0325,0.0,0.0325,0.15267175572519084,0.7692307692307693,6,111,3246.48,0.0,126619.65,129866.12999999999,Feasible,N/A
0.46,0.79,0.9675,0.0325,0.0,0.0325,0.15267175572519084,0.7692307692307693,6,111,3246.48,0.0,126619.65,129866.12999999999,Feasible,N/A
0.46,0.8,0.9675,0.0325,0.0,0.0325,0.15267175572519084,0.7692307692307693,6,111,3246.48,0.0,126619.65,129866.12999999999,Feasible,N/A
0.46,0.81,0.9675,0.0325,0.0,0.0325,0.15267175572519084,0.7692307692307693,6,111,3246.48,0.0,126619.65,129866.12999999999,Feasible,N/A
0.46,0.82,0.9675,0.0325,0.0,0.0325,0.15267175572519084,0.7692307692307693,6,111,3246.48,0.0,126619.65,129866.12999999999,Feasible,N/A
0.46,0.83,0.9675,0.0325,0.0,0.0325,0.15267175572519084,0.7692307692307693,6,111,3246.48,0.0,126619.65,129866.12999999999,Feasible,N/A
0.46,0.84,0.9675,0.0325,0.0,0.0325,0.15267175572519084,0.7692307692307693,6,111,3246.48,0.0,126619.65,129866.12999999999,Feasible,N/A
0.46,0.85,0.9675,0.0325,0.0,0.0325,0.15267175572519084,0.7692307692307693,6,111,3246.48,0.0,126619.65,129866.12999999999,Feasible,N/A
0.46,0.86,0.9675,0.0325,0.0,0.0325,0.15267175572519084,0.7692307692307693,6,111,3246.48,0.0,126619.65,129866.12999999999,Feasible,N/A
0.46,0.87,0.9675,0.0325,0.0,0.0325,0.15267175572519084,0.7692307692307693,6,111,3246.48,0.0,126619.65,129866.12999999999,Feasible,N/A
0.46,0.88,0.9675,0.0325,0.0,0.0325,0.15267175572519084,0.7692307692307693,6,111,3246.48,0.0,126619.65,129866.12999999999,Feasible,N/A
0.46,0.89,0.9675,0.0325,0.0,0.0325,0.15267175572519084,0.7692307692307693,6,111,3246.48,0.0,126619.65,129866.12999999999,Feasible,N/A
0.46,0.9,0.9675,0.0325,0.0,0.0325,0.15267175572519084,0.7692307692307693,6,111,3246.48,0.0,126619.65,129866.12999999999,Feasible,N/A
0.46,0.91,0.9675,0.0325,0.0,0.0325,0.15267175572519084,0.7692307692307693,6,111,3246.48,0.0,126619.65,129866.12999999999,Feasible,N/A
0.46,0.92,0.9675,0.0325,0.0,0.0325,0.15267175572519084,0.7692307692307693,6,111,3246.48,0.0,126619.65,129866.12999999999,Feasible,N/A
0.46,0.93,0.9675,0.0325,0.0,0.0325,0.15267175572519084,0.7692307692307693,6,111,3246.48,0.0,126619.65,129866.12999999999,Feasible,N/A
0.46,0.94,0.9675,0.0325,0.0,0.0325,0.15267175572519084,0.7692307692307693,6,111,3246.48,0.0,126619.65,129866.12999999999,Feasible,N/A
0.46,0.95,0.9675,0.0325,0.0,0.0325,0.15267175572519084,0.7692307692307693,6,111,3246.48,0.0,126619.65,129866.12999999999,Feasible,N/A
0.46,0.96,0.9675,0.0325,0.0,0.0325,0.15267175572519084,0.7692307692307693,6,111,3246.48,0.0,126619.65,129866.12999999999,Feasible,N/A
0.46,0.97,0.9675,0.0325,0.0,0.0325,0.15267175572519084,0.7692307692307693,6,111,3246.48,0.0,126619.65,129866.12999999999,Feasible,N/A
0.46,0.98,0.9675,0.0325,0.0,0.0325,0.15267175572519084,0.7692307692307693,6,111,3246.48,0.0,126619.65,129866.12999999999,Feasible,N/A
0.46,0.99,0.9675,0.0325,0.0,0.0325,0.15267175572519084,0.7692307692307693,6,111,3246.48,0.0,126619.65,129866.12999999999,Feasible,N/A
0.47,0.48,0.9725,0.00125,0.02625,0.0275,0.12213740458015267,0.7272727272727273,6,115,72.028,3150.0,132023.7,135245.728,Feasible,N/A
0.47,0.49,0.9725,0.005,0.0225,0.0275,0.12213740458015267,0.7272727272727273,6,115,540.463,2700.0,132023.7,135264.163,Feasible,N/A
0.47,0.5,0.9725,0.0075,0.02,0.0275,0.12213740458015267,0.7272727272727273,6,115,756.1570000000002,2400.0,132023.7,135179.85700000002,Feasible,N/A
0.47,0.51,0.9725,0.01,0.0175,0.0275,0.12213740458015267,0.7272727272727273,6,115,1080.426,2100.0,132023.7,135204.12600000002,Feasible,N/A
0.47,0.52,0.9725,0.01375,0.01375,0.0275,0.12213740458015267,0.7272727272727273,6,115,1377.935,1650.0,132023.7,135051.635,Feasible,N/A
0.47,0.53,0.9725,0.01375,0.01375,0.0275,0.12213740458015267,0.7272727272727273,6,115,1377.935,1650.0,132023.7,135051.635,Feasible,N/A
0.47,0.54,0.9725,0.015,0.0125,0.0275,0.12213740458015267,0.7272727272727273,6,115,1492.4550000000002,1500.0,132023.7,135016.155,Feasible,N/A
0.47,0.55,0.9725,0.0175,0.01,0.0275,0.12213740458015267,0.7272727272727273,6,115,1786.0620000000001,1200.0,132023.7,135009.76200000002,Feasible,N/A
0.47,0.56,0.9725,0.01875,0.00875,0.0275,0.12213740458015267,0.7272727272727273,6,115,1836.0620000000001,1050.0,132023.7,134909.76200000002,Feasible,N/A
0.47,0.57,0.9725,0.02,0.0075,0.0275,0.12213740458015267,0.7272727272727273,6,115,1914.0130000000001,900.0,132023.7,134837.71300000002,Feasible,N/A
0.47,0.58,0.9725,0.02125,0.00625,0.0275,0.12213740458015267,0.7272727272727273,6,115,1964.0130000000001,750.0,132023.7,134737.71300000002,Feasible,N/A
0.47,0.59,0.9725,0.02125,0.00625,0.0275,0.12213740458015267,0.7272727272727273,6,115,1964.0130000000001,750.0,132023.7,134737.71300000002,Feasible,N/A
0.47,0.6,0.9725,0.0225,0.005,0.0275,0.12213740458015267,0.7272727272727273,6,115,2096.003,600.0,132023.7,134719.703,Feasible,N/A
0.47,0.61,0.9725,0.0225,0.005,0.0275,0.12213740458015267,0.7272727272727273,6,115,2096.003,600.0,132023.7,134719.703,Feasible,N/A
0.47,0.62,0.9725,0.0225,0.005,0.0275,0.12213740458015267,0.7272727272727273,6,115,2096.003,600.0,132023.7,134719.703,Feasible,N/A
0.47,0.63,0.9725,0.025,0.0025,0.0275,0.12213740458015267,0.7272727272727273,6,115,2333.458,300.0,132023.7,134657.15800000002,Feasible,N/A
0.47,0.64,0.9725,0.02625,0.00125,0.0275,0.12213740458015267,0.7272727272727273,6,115,2456.075,150.0,132023.7,134629.77500000002,Feasible,N/A
0.47,0.65,0.9725,0.02625,0.00125,0.0275,0.12213740458015267,0.7272727272727273,6,115,2456.075,150.0,132023.7,134629.77500000002,Feasible,N/A
0.47,0.66,0.9725,0.02625,0.00125,0.0275,0.12213740458015267,0.7272727272727273,6,115,2456.075,150.0,132023.7,134629.77500000002,Feasible,N/A
0.47,0.67,0.9725,0.02625,0.00125,0.0275,0.12213740458015267,0.7272727272727273,6,115,2456.075,150.0,132023.7,134629.77500000002,Feasible,N/A
0.47,0.68,0.9725,0.02625,0.00125,0.0275,0.12213740458015267,0.7272727272727273,6,115,2456.075,150.0,132023.7,134629.77500000002,Feasible,N/A
0.47,0.69,0.9725,0.0275,0.0,0.0275,0.12213740458015267,0.7272727272727273,6,115,2506.075,0.0,132023.7,134529.77500000002,Feasible,N/A
0.47,0.7,0.9725,0.0275,0.0,0.0275,0.12213740458015267,0.7272727272727273,6,115,2506.075,0.0,132023.7,134529.77500000002,Feasible,N/A
0.47,0.71,0.9725,0.0275,0.0,0.0275,0.12213740458015267,0.7272727272727273,6,115,2506.075,0.0,132023.7,134529.77500000002,Feasible,N/A
0.47,0.72,0.9725,0.0275,0.0,0.0275,0.12213740458015267,0.7272727272727273,6,115,2506.075,0.0,132023.7,134529.77500000002,Feasible,N/A
0.47,0.73,0.9725,0.0275,0.0,0.0275,0.12213740458015267,0.7272727272727273,6,115,2506.075,0.0,132023.7,134529.77500000002,Feasible,N/A
0.47,0.74,0.9725,0.0275,0.0,0.0275,0.12213740458015267,0.7272727272727273,6,115,2506.075,0.0,132023.7,134529.77500000002,Feasible,N/A
0.47,0.75,0.9725,0.0275,0.0,0.0275,0.12213740458015267,0.7272727272727273,6,115,2506.075,0.0,132023.7,134529.77500000002,Feasible,N/A
0.47,0.76,0.9725,0.0275,0.0,0.0275,0.12213740458015267,0.7272727272727273,6,115,2506.075,0.0,132023.7,134529.77500000002,Feasible,N/A
0.47,0.77,0.9725,0.0275,0.0,0.0275,0.12213740458015267,0.7272727272727273,6,115,2506.075,0.0,132023.7,134529.77500000002,Feasible,N/A
0.47,0.78,0.9725,0.0275,0.0,0.0275,0.12213740458015267,0.7272727272727273,6,115,2506.075,0.0,132023.7,134529.77500000002,Feasible,N/A
0.47,0.79,0.9725,0.0275,0.0,0.0275,0.12213740458015267,0.7272727272727273,6,115,2506.075,0.0,132023.7,134529.77500000002,Feasible,N/A
0.47,0.8,0.9725,0.0275,0.0,0.0275,0.12213740458015267,0.7272727272727273,6,115,2506.075,0.0,132023.7,134529.77500000002,Feasible,N/A
0.47,0.81,0.9725,0.0275,0.0,0.0275,0.12213740458015267,0.7272727272727273,6,115,2506.075,0.0,132023.7,134529.77500000002,Feasible,N/A
0.47,0.82,0.9725,0.0275,0.0,0.0275,0.12213740458015267,0.7272727272727273,6,115,2506.075,0.0,132023.7,134529.77500000002,Feasible,N/A
0.47,0.83,0.9725,0.0275,0.0,0.0275,0.12213740458015267,0.7272727272727273,6,115,2506.075,0.0,132023.7,134529.77500000002,Feasible,N/A
0.47,0.84,0.9725,0.0275,0.0,0.0275,0.12213740458015267,0.7272727272727273,6,115,2506.075,0.0,132023.7,134529.77500000002,Feasible,N/A
0.47,0.85,0.9725,0.0275,0.0,0.0275,0.12213740458015267,0.7272727272727273,6,115,2506.075,0.0,132023.7,134529.77500000002,Feasible,N/A
0.47,0.86,0.9725,0.0275,0.0,0.0275,0.12213740458015267,0.7272727272727273,6,115,2506.075,0.0,132023.7,134529.77500000002,Feasible,N/A
0.47,0.87,0.9725,0.0275,0.0,0.0275,0.12213740458015267,0.7272727272727273,6,115,2506.075,0.0,132023.7,134529.77500000002,Feasible,N/A
0.47,0.88,0.9725,0.0275,0.0,0.0275,0.12213740458015267,0.7272727272727273,6,115,2506.075,0.0,132023.7,134529.77500000002,Feasible,N/A
0.47,0.89,0.9725,0.0275,0.0,0.0275,0.12213740458015267,0.7272727272727273,6,115,2506.075,0.0,132023.7,134529.77500000002,Feasible,N/A
0.47,0.9,0.9725,0.0275,0.0,0.0275,0.12213740458015267,0.7272727272727273,6,115,2506.075,0.0,132023.7,134529.77500000002,Feasible,N/A
0.47,0.91,0.9725,0.0275,0.0,0.0275,0.12213740458015267,0.7272727272727273,6,115,2506.075,0.0,132023.7,134529.77500000002,Feasible,N/A
0.47,0.92,0.9725,0.0275,0.0,0.0275,0.12213740458015267,0.7272727272727273,6,115,2506.075,0.0,132023.7,134529.77500000002,Feasible,N/A
0.47,0.93,0.9725,0.0275,0.0,0.0275,0.12213740458015267,0.7272727272727273,6,115,2506.075,0.0,132023.7,134529.77500000002,Feasible,N/A
0.47,0.94,0.9725,0.0275,0.0,0.0275,0.12213740458015267,0.7272727272727273,6,115,2506.075,0.0,132023.7,134529.77500000002,Feasible,N/A
0.47,0.95,0.9725,0.0275,0.0,0.0275,0.12213740458015267,0.7272727272727273,6,115,2506.075,0.0,132023.7,134529.77500000002,Feasible,N/A
0.47,0.96,0.9725,0.0275,0.0,0.0275,0.12213740458015267,0.7272727272727273,6,115,2506.075,0.0,132023.7,134529.77500000002,Feasible,N/A
0.47,0.97,0.9725,0.0275,0.0,0.0275,0.12213740458015267,0.7272727272727273,6,115,2506.075,0.0,132023.7,134529.77500000002,Feasible,N/A
0.47,0.98,0.9725,0.0275,0.0,0.0275,0.12213740458015267,0.7272727272727273,6,115,2506.075,0.0,132023.7,134529.77500000002,Feasible,N/A
0.47,0.99,0.9725,0.0275,0.0,0.0275,0.12213740458015267,0.7272727272727273,6,115,2506.075,0.0,132023.7,134529.77500000002,Feasible,N/A
0.48,0.49,0.97375,0.00375,0.0225,0.02625,0.11450381679389313,0.7142857142857143,6,116,468.43500000000006,2700.0,132243.98,135412.415,Feasible,N/A
0.48,0.5,0.97375,0.00625,0.02,0.02625,0.11450381679389313,0.7142857142857143,6,116,684.129,2400.0,132243.98,135328.109,Feasible,N/A
0.48,0.51,0.97375,0.00875,0.0175,0.02625,0.11450381679389313,0.7142857142857143,6,116,1008.398,2100.0,132243.98,135352.378,Feasible,N/A
0.48,0.52,0.97375,0.0125,0.01375,0.02625,0.11450381679389313,0.7142857142857143,6,116,1305.9070000000002,1650.0,132243.98,135199.88700000002,Feasible,N/A
0.48,0.53,0.97375,0.0125,0.01375,0.02625,0.11450381679389313,0.7142857142857143,6,116,1305.9070000000002,1650.0,132243.98,135199.88700000002,Feasible,N/A
0.48,0.54,0.97375,0.01375,0.0125,0.02625,0.11450381679389313,0.7142857142857143,6,116,1420.4270000000001,1500.0,132243.98,135164.407,Feasible,N/A
0.48,0.55,0.97375,0.01625,0.01,0.02625,0.11450381679389313,0.7142857142857143,6,116,1714.034,1200.0,132243.98,135158.01400000002,Feasible,N/A
0.48,0.56,0.97375,0.0175,0.00875,0.02625,0.11450381679389313,0.7142857142857143,6,116,1764.034,1050.0,132243.98,135058.01400000002,Feasible,N/A
0.48,0.57,0.97375,0.01875,0.0075,0.02625,0.11450381679389313,0.7142857142857143,6,116,1841.9850000000001,900.0,132243.98,134985.965,Feasible,N/A
0.48,0.58,0.97375,0.02,0.00625,0.02625,0.11450381679389313,0.7142857142857143,6,116,1891.9850000000001,750.0,132243.98,134885.965,Feasible,N/A
0.48,0.59,0.97375,0.02,0.00625,0.02625,0.11450381679389313,0.7142857142857143,6,116,1891.9850000000001,750.0,132243.98,134885.965,Feasible,N/A
0.48,0.6,0.97375,0.02125,0.005,0.02625,0.11450381679389313,0.7142857142857143,6,116,2023.9750000000001,600.0,132243.98,134867.95500000002,Feasible,N/A
0.48,0.61,0.97375,0.02125,0.005,0.02625,0.11450381679389313,0.7142857142857143,6,116,2023.9750000000001,600.0,132243.98,134867.95500000002,Feasible,N/A
0.48,0.62,0.97375,0.02125,0.005,0.02625,0.11450381679389313,0.7142857142857143,6,116,2023.9750000000001,600.0,132243.98,134867.95500000002,Feasible,N/A
0.48,0.63,0.97375,0.02375,0.0025,0.02625,0.11450381679389313,0.7142857142857143,6,116,2261.4300000000003,300.0,132243.98,134805.41,Feasible,N/A
0.48,0.64,0.97375,0.025,0.00125,0.02625,0.11450381679389313,0.7142857142857143,6,116,2384.047,150.0,132243.98,134778.027,Feasible,N/A
0.48,0.65,0.97375,0.025,0.00125,0.02625,0.11450381679389313,0.7142857142857143,6,116,2384.047,150.0,132243.98,134778.027,Feasible,N/A
0.48,0.66,0.97375,0.025,0.00125,0.02625,0.11450381679389313,0.7142857142857143,6,116,2384.047,150.0,132243.98,134778.027,Feasible,N/A
0.48,0.67,0.97375,0.025,0.00125,0.02625,0.11450381679389313,0.7142857142857143,6,116,2384.047,150.0,132243.98,134778.027,Feasible,N/A
0.48,0.68,0.97375,0.025,0.00125,0.02625,0.11450381679389313,0.7142857142857143,6,116,2384.047,150.0,132243.98,134778.027,Feasible,N/A
0.48,0.69,0.97375,0.02625,0.0,0.02625,0.11450381679389313,0.7142857142857143,6,116,2434.047,0.0,132243.98,134678.027,Feasible,N/A
0.48,0.7,0.97375,0.02625,0.0,0.02625,0.11450381679389313,0.7142857142857143,6,116,2434.047,0.0,132243.98,134678.027,Feasible,N/A
0.48,0.71,0.97375,0.02625,0.0,0.02625,0.11450381679389313,0.7142857142857143,6,116,2434.047,0.0,132243.98,134678.027,Feasible,N/A
0.48,0.72,0.97375,0.02625,0.0,0.02625,0.11450381679389313,0.7142857142857143,6,116,2434.047,0.0,132243.98,134678.027,Feasible,N/A
0.48,0.73,0.97375,0.02625,0.0,0.02625,0.11450381679389313,0.7142857142857143,6,116,2434.047,0.0,132243.98,134678.027,Feasible,N/A
0.48,0.74,0.97375,0.02625,0.0,0.02625,0.11450381679389313,0.7142857142857143,6,116,2434.047,0.0,132243.98,134678.027,Feasible,N/A
0.48,0.75,0.97375,0.02625,0.0,0.02625,0.11450381679389313,0.7142857142857143,6,116,2434.047,0.0,132243.98,134678.027,Feasible,N/A
0.48,0.76,0.97375,0.02625,0.0,0.02625,0.11450381679389313,0.7142857142857143,6,116,2434.047,0.0,132243.98,134678.027,Feasible,N/A
0.48,0.77,0.97375,0.02625,0.0,0.02625,0.11450381679389313,0.7142857142857143,6,116,2434.047,0.0,132243.98,134678.027,Feasible,N/A
0.48,0.78,0.97375,0.02625,0.0,0.02625,0.11450381679389313,0.7142857142857143,6,116,2434.047,0.0,132243.98,134678.027,Feasible,N/A
0.48,0.79,0.97375,0.02625,0.0,0.02625,0.11450381679389313,0.7142857142857143,6,116,2434.047,0.0,132243.98,134678.027,Feasible,N/A
0.48,0.8,0.97375,0.02625,0.0,0.02625,0.11450381679389313,0.7142857142857143,6,116,2434.047,0.0,132243.98,134678.027,Feasible,N/A
0.48,0.81,0.97375,0.02625,0.0,0.02625,0.11450381679389313,0.7142857142857143,6,116,2434.047,0.0,132243.98,134678.027,Feasible,N/A
0.48,0.82,0.97375,0.02625,0.0,0.02625,0.11450381679389313,0.7142857142857143,6,116,2434.047,0.0,132243.98,134678.027,Feasible,N/A
0.48,0.83,0.97375,0.02625,0.0,0.02625,0.11450381679389313,0.7142857142857143,6,116,2434.047,0.0,132243.98,134678.027,Feasible,N/A
0.48,0.84,0.97375,0.02625,0.0,0.02625,0.11450381679389313,0.7142857142857143,6,116,2434.047,0.0,132243.98,134678.027,Feasible,N/A
0.48,0.85,0.97375,0.02625,0.0,0.02625,0.11450381679389313,0.7142857142857143,6,116,2434.047,0.0,132243.98,134678.027,Feasible,N/A
0.48,0.86,0.97375,0.02625,0.0,0.02625,0.11450381679389313,0.7142857142857143,6,116,2434.047,0.0,132243.98,134678.027,Feasible,N/A
0.48,0.87,0.97375,0.02625,0.0,0.02625,0.11450381679389313,0.7142857142857143,6,116,2434.047,0.0,132243.98,134678.027,Feasible,N/A
0.48,0.88,0.97375,0.02625,0.0,0.02625,0.11450381679389313,0.7142857142857143,6,116,2434.047,0.0,132243.98,134678.027,Feasible,N/A
0.48,0.89,0.97375,0.02625,0.0,0.02625,0.11450381679389313,0.7142857142857143,6,116,2434.047,0.0,132243.98,134678.027,Feasible,N/A
0.48,0.9,0.97375,0.02625,0.0,0.02625,0.11450381679389313,0.7142857142857143,6,116,2434.047,0.0,132243.98,134678.027,Feasible,N/A
0.48,0.91,0.97375,0.02625,0.0,0.02625,0.11450381679389313,0.7142857142857143,6,116,2434.047,0.0,132243.98,134678.027,Feasible,N/A
0.48,0.92,0.97375,0.02625,0.0,0.02625,0.11450381679389313,0.7142857142857143,6,116,2434.047,0.0,132243.98,134678.027,Feasible,N/A
0.48,0.93,0.97375,0.02625,0.0,0.02625,0.11450381679389313,0.7142857142857143,6,116,2434.047,0.0,132243.98,134678.027,Feasible,N/A
0.48,0.94,0.97375,0.02625,0.0,0.02625,0.11450381679389313,0.7142857142857143,6,116,2434.047,0.0,132243.98,134678.027,Feasible,N/A
0.48,0.95,0.97375,0.02625,0.0,0.02625,0.11450381679389313,0.7142857142857143,6,116,2434.047,0.0,132243.98,134678.027,Feasible,N/A
0.48,0.96,0.97375,0.02625,0.0,0.02625,0.11450381679389313,0.7142857142857143,6,116,2434.047,0.0,132243.98,134678.027,Feasible,N/A
0.48,0.97,0.97375,0.02625,0.0,0.02625,0.11450381679389313,0.7142857142857143,6,116,2434.047,0.0,132243.98,134678.027,Feasible,N/A
0.48,0.98,0.97375,0.02625,0.0,0.02625,0.11450381679389313,0.7142857142857143,6,116,2434.047,0.0,132243.98,134678.027,Feasible,N/A
0.48,0.99,0.97375,0.02625,0.0,0.02625,0.11450381679389313,0.7142857142857143,6,116,2434.047,0.0,132243.98,134678.027,Feasible,N/A
0.49,0.5,0.9775,0.0025,0.02,0.0225,0.0916030534351145,0.6666666666666666,6,119,215.69400000000002,2400.0,135428.33000000002,138044.024,Feasible,N/A
0.49,0.51,0.9775,0.005,0.0175,0.0225,0.0916030534351145,0.6666666666666666,6,119,539.963,2100.0,135428.33000000002,138068.293,Feasible,N/A
0.49,0.52,0.9775,0.00875,0.01375,0.0225,0.0916030534351145,0.6666666666666666,6,119,837.472,1650.0,135428.33000000002,137915.80200000003,Feasible,N/A
0.49,0.53,0.9775,0.00875,0.01375,0.0225,0.0916030534351145,0.6666666666666666,6,119,837.472,1650.0,135428.33000000002,137915.80200000003,Feasible,N/A
0.49,0.54,0.9775,0.01,0.0125,0.0225,0.0916030534351145,0.6666666666666666,6,119,951.9920000000001,1500.0,135428.33000000002,137880.32200000001,Feasible,N/A
0.49,0.55,0.9775,0.0125,0.01,0.0225,0.0916030534351145,0.6666666666666666,6,119,1245.5990000000002,1200.0,135428.33000000002,137873.929,Feasible,N/A
0.49,0.56,0.9775,0.01375,0.00875,0.0225,0.0916030534351145,0.6666666666666666,6,119,1295.5990000000002,1050.0,135428.33000000002,137773.929,Feasible,N/A
0.49,0.57,0.9775,0.015,0.0075,0.0225,0.0916030534351145,0.6666666666666666,6,119,1373.5500000000002,900.0,135428.33000000002,137701.88,Feasible,N/A
0.49,0.58,0.9775,0.01625,0.00625,0.0225,0.0916030534351145,0.6666666666666666,6,119,1423.5500000000002,750.0,135428.33000000002,137601.88,Feasible,N/A
0.49,0.59,0.9775,0.01625,0.00625,0.0225,0.0916030534351145,0.6666666666666666,6,119,1423.5500000000002,750.0,135428.33000000002,137601.88,Feasible,N/A
0.49,0.6,0.9775,0.0175,0.005,0.0225,0.0916030534351145,0.6666666666666666,6,119,1555.54,600.0,135428.33000000002,137583.87000000002,Feasible,N/A
0.49,0.61,0.9775,0.0175,0.005,0.0225,0.0916030534351145,0.6666666666666666,6,119,1555.54,600.0,135428.33000000002,137583.87000000002,Feasible,N/A
0.49,0.62,0.9775,0.0175,0.005,0.0225,0.0916030534351145,0.6666666666666666,6,119,1555.54,600.0,135428.33000000002,137583.87000000002,Feasible,N/A
0.49,0.63,0.9775,0.02,0.0025,0.0225,0.0916030534351145,0.6666666666666666,6,119,1792.995,300.0,135428.33000000002,137521.325,Feasible,N/A
0.49,0.64,0.9775,0.02125,0.00125,0.0225,0.0916030534351145,0.6666666666666666,6,119,1915.6119999999999,150.0,135428.33000000002,137493.942,Feasible,N/A
0.49,0.65,0.9775,0.02125,0.00125,0.0225,0.0916030534351145,0.6666666666666666,6,119,1915.6119999999999,150.0,135428.33000000002,137493.942,Feasible,N/A
0.49,0.66,0.9775,0.02125,0.00125,0.0225,0.0916030534351145,0.6666666666666666,6,119,1915.6119999999999,150.0,135428.33000000002,137493.942,Feasible,N/A
0.49,0.67,0.9775,0.02125,0.00125,0.0225,0.0916030534351145,0.6666666666666666,6,119,1915.6119999999999,150.0,135428.33000000002,137493.942,Feasible,N/A
0.49,0.68,0.9775,0.02125,0.00125,0.0225,0.0916030534351145,0.6666666666666666,6,119,1915.6119999999999,150.0,135428.33000000002,137493.942,Feasible,N/A
0.49,0.69,0.9775,0.0225,0.0,0.0225,0.0916030534351145,0.6666666666666666,6,119,1965.6119999999999,0.0,135428.33000000002,137393.942,Feasible,N/A
0.49,0.7,0.9775,0.0225,0.0,0.0225,0.0916030534351145,0.6666666666666666,6,119,1965.6119999999999,0.0,135428.33000000002,137393.942,Feasible,N/A
0.49,0.71,0.9775,0.0225,0.0,0.0225,0.0916030534351145,0.6666666666666666,6,119,1965.6119999999999,0.0,135428.33000000002,137393.942,Feasible,N/A
0.49,0.72,0.9775,0.0225,0.0,0.0225,0.0916030534351145,0.6666666666666666,6,119,1965.6119999999999,0.0,135428.33000000002,137393.942,Feasible,N/A
0.49,0.73,0.9775,0.0225,0.0,0.0225,0.0916030534351145,0.6666666666666666,6,119,1965.6119999999999,0.0,135428.33000000002,137393.942,Feasible,N/A
0.49,0.74,0.9775,0.0225,0.0,0.0225,0.0916030534351145,0.6666666666666666,6,119,1965.6119999999999,0.0,135428.33000000002,137393.942,Feasible,N/A
0.49,0.75,0.9775,0.0225,0.0,0.0225,0.0916030534351145,0.6666666666666666,6,119,1965.6119999999999,0.0,135428.33000000002,137393.942,Feasible,N/A
0.49,0.76,0.9775,0.0225,0.0,0.0225,0.0916030534351145,0.6666666666666666,6,119,1965.6119999999999,0.0,135428.33000000002,137393.942,Feasible,N/A
0.49,0.77,0.9775,0.0225,0.0,0.0225,0.0916030534351145,0.6666666666666666,6,119,1965.6119999999999,0.0,135428.33000000002,137393.942,Feasible,N/A
0.49,0.78,0.9775,0.0225,0.0,0.0225,0.0916030534351145,0.6666666666666666,6,119,1965.6119999999999,0.0,135428.33000000002,137393.942,Feasible,N/A
0.49,0.79,0.9775,0.0225,0.0,0.0225,0.0916030534351145,0.6666666666666666,6,119,1965.6119999999999,0.0,135428.33000000002,137393.942,Feasible,N/A
0.49,0.8,0.9775,0.0225,0.0,0.0225,0.0916030534351145,0.6666666666666666,6,119,1965.6119999999999,0.0,135428.33000000002,137393.942,Feasible,N/A
0.49,0.81,0.9775,0.0225,0.0,0.0225,0.0916030534351145,0.6666666666666666,6,119,1965.6119999999999,0.0,135428.33000000002,137393.942,Feasible,N/A
0.49,0.82,0.9775,0.0225,0.0,0.0225,0.0916030534351145,0.6666666666666666,6,119,1965.6119999999999,0.0,135428.33000000002,137393.942,Feasible,N/A
0.49,0.83,0.9775,0.0225,0.0,0.0225,0.0916030534351145,0.6666666666666666,6,119,1965.6119999999999,0.0,135428.33000000002,137393.942,Feasible,N/A
0.49,0.84,0.9775,0.0225,0.0,0.0225,0.0916030534351145,0.6666666666666666,6,119,1965.6119999999999,0.0,135428.33000000002,137393.942,Feasible,N/A
0.49,0.85,0.9775,0.0225,0.0,0.0225,0.0916030534351145,0.6666666666666666,6,119,1965.6119999999999,0.0,135428.33000000002,137393.942,Feasible,N/A
0.49,0.86,0.9775,0.0225,0.0,0.0225,0.0916030534351145,0.6666666666666666,6,119,1965.6119999999999,0.0,135428.33000000002,137393.942,Feasible,N/A
0.49,0.87,0.9775,0.0225,0.0,0.0225,0.0916030534351145,0.6666666666666666,6,119,1965.6119999999999,0.0,135428.33000000002,137393.942,Feasible,N/A
0.49,0.88,0.9775,0.0225,0.0,0.0225,0.0916030534351145,0.6666666666666666,6,119,1965.6119999999999,0.0,135428.33000000002,137393.942,Feasible,N/A
0.49,0.89,0.9775,0.0225,0.0,0.0225,0.0916030534351145,0.6666666666666666,6,119,1965.6119999999999,0.0,135428.33000000002,137393.942,Feasible,N/A
0.49,0.9,0.9775,0.0225,0.0,0.0225,0.0916030534351145,0.6666666666666666,6,119,1965.6119999999999,0.0,135428.33000000002,137393.942,Feasible,N/A
0.49,0.91,0.9775,0.0225,0.0,0.0225,0.0916030534351145,0.6666666666666666,6,119,1965.6119999999999,0.0,135428.33000000002,137393.942,Feasible,N/A
0.49,0.92,0.9775,0.0225,0.0,0.0225,0.0916030534351145,0.6666666666666666,6,119,1965.6119999999999,0.0,135428.33000000002,137393.942,Feasible,N/A
0.49,0.93,0.9775,0.0225,0.0,0.0225,0.0916030534351145,0.6666666666666666,6,119,1965.6119999999999,0.0,135428.33000000002,137393.942,Feasible,N/A
0.49,0.94,0.9775,0.0225,0.0,0.0225,0.0916030534351145,0.6666666666666666,6,119,1965.6119999999999,0.0,135428.33000000002,137393.942,Feasible,N/A
0.49,0.95,0.9775,0.0225,0.0,0.0225,0.0916030534351145,0.6666666666666666,6,119,1965.6119999999999,0.0,135428.33000000002,137393.942,Feasible,N/A
0.49,0.96,0.9775,0.0225,0.0,0.0225,0.0916030534351145,0.6666666666666666,6,119,1965.6119999999999,0.0,135428.33000000002,137393.942,Feasible,N/A
0.49,0.97,0.9775,0.0225,0.0,0.0225,0.0916030534351145,0.6666666666666666,6,119,1965.6119999999999,0.0,135428.33000000002,137393.942,Feasible,N/A
0.49,0.98,0.9775,0.0225,0.0,0.0225,0.0916030534351145,0.6666666666666666,6,119,1965.6119999999999,0.0,135428.33000000002,137393.942,Feasible,N/A
0.49,0.99,0.9775,0.0225,0.0,0.0225,0.0916030534351145,0.6666666666666666,6,119,1965.6119999999999,0.0,135428.33000000002,137393.942,Feasible,N/A
0.5,0.51,0.98,0.0025,0.0175,0.02,0.07633587786259542,0.625,6,121,324.269,2100.0,136585.27000000002,139009.53900000002,Feasible,N/A
0.5,0.52,0.98,0.00625,0.01375,0.02,0.07633587786259542,0.625,6,121,621.778,1650.0,136585.27000000002,138857.048,Feasible,N/A
0.5,0.53,0.98,0.00625,0.01375,0.02,0.07633587786259542,0.625,6,121,621.778,1650.0,136585.27000000002,138857.048,Feasible,N/A
0.5,0.54,0.98,0.0075,0.0125,0.02,0.07633587786259542,0.625,6,121,736.298,1500.0,136585.27000000002,138821.56800000003,Feasible,N/A
0.5,0.55,0.98,0.01,0.01,0.02,0.07633587786259542,0.625,6,121,1029.9050000000002,1200.0,136585.27000000002,138815.17500000002,Feasible,N/A
0.5,0.56,0.98,0.01125,0.00875,0.02,0.07633587786259542,0.625,6,121,1079.9050000000002,1050.0,136585.27000000002,138715.17500000002,Feasible,N/A
0.5,0.57,0.98,0.0125,0.0075,0.02,0.07633587786259542,0.625,6,121,1157.856,900.0,136585.27000000002,138643.12600000002,Feasible,N/A
0.5,0.58,0.98,0.01375,0.00625,0.02,0.07633587786259542,0.625,6,121,1207.856,750.0,136585.27000000002,138543.12600000002,Feasible,N/A
0.5,0.59,0.98,0.01375,0.00625,0.02,0.07633587786259542,0.625,6,121,1207.856,750.0,136585.27000000002,138543.12600000002,Feasible,N/A
0.5,0.6,0.98,0.015,0.005,0.02,0.07633587786259542,0.625,6,121,1339.846,600.0,136585.27000000002,138525.116,Feasible,N/A
0.5,0.61,0.98,0.015,0.005,0.02,0.07633587786259542,0.625,6,121,1339.846,600.0,136585.27000000002,138525.116,Feasible,N/A
0.5,0.62,0.98,0.015,0.005,0.02,0.07633587786259542,0.625,6,121,1339.846,600.0,136585.27000000002,138525.116,Feasible,N/A
0.5,0.63,0.98,0.0175,0.0025,0.02,0.07633587786259542,0.625,6,121,1577.301,300.0,136585.27000000002,138462.57100000003,Feasible,N/A
0.5,0.64,0.98,0.01875,0.00125,0.02,0.07633587786259542,0.625,6,121,1699.918,150.0,136585.27000000002,138435.18800000002,Feasible,N/A
0.5,0.65,0.98,0.01875,0.00125,0.02,0.07633587786259542,0.625,6,121,1699.918,150.0,136585.27000000002,138435.18800000002,Feasible,N/A
0.5,0.66,0.98,0.01875,0.00125,0.02,0.07633587786259542,0.625,6,121,1699.918,150.0,136585.27000000002,138435.18800000002,Feasible,N/A
0.5,0.67,0.98,0.01875,0.00125,0.02,0.07633587786259542,0.625,6,121,1699.918,150.0,136585.27000000002,138435.18800000002,Feasible,N/A
0.5,0.68,0.98,0.01875,0.00125,0.02,0.07633587786259542,0.625,6,121,1699.918,150.0,136585.27000000002,138435.18800000002,Feasible,N/A
0.5,0.69,0.98,0.02,0.0,0.02,0.07633587786259542,0.625,6,121,1749.918,0.0,136585.27000000002,138335.18800000002,Feasible,N/A
0.5,0.7,0.98,0.02,0.0,0.02,0.07633587786259542,0.625,6,121,1749.918,0.0,136585.27000000002,138335.18800000002,Feasible,N/A
0.5,0.71,0.98,0.02,0.0,0.02,0.07633587786259542,0.625,6,121,1749.918,0.0,136585.27000000002,138335.18800000002,Feasible,N/A
0.5,0.72,0.98,0.02,0.0,0.02,0.07633587786259542,0.625,6,121,1749.918,0.0,136585.27000000002,138335.18800000002,Feasible,N/A
0.5,0.73,0.98,0.02,0.0,0.02,0.07633587786259542,0.625,6,121,1749.918,0.0,136585.27000000002,138335.18800000002,Feasible,N/A
0.5,0.74,0.98,0.02,0.0,0.02,0.07633587786259542,0.625,6,121,1749.918,0.0,136585.27000000002,138335.18800000002,Feasible,N/A
0.5,0.75,0.98,0.02,0.0,0.02,0.07633587786259542,0.625,6,121,1749.918,0.0,136585.27000000002,138335.18800000002,Feasible,N/A
0.5,0.76,0.98,0.02,0.0,0.02,0.07633587786259542,0.625,6,121,1749.918,0.0,136585.27000000002,138335.18800000002,Feasible,N/A
0.5,0.77,0.98,0.02,0.0,0.02,0.07633587786259542,0.625,6,121,1749.918,0.0,136585.27000000002,138335.18800000002,Feasible,N/A
0.5,0.78,0.98,0.02,0.0,0.02,0.07633587786259542,0.625,6,121,1749.918,0.0,136585.27000000002,138335.18800000002,Feasible,N/A
0.5,0.79,0.98,0.02,0.0,0.02,0.07633587786259542,0.625,6,121,1749.918,0.0,136585.27000000002,138335.18800000002,Feasible,N/A
0.5,0.8,0.98,0.02,0.0,0.02,0.07633587786259542,0.625,6,121,1749.918,0.0,136585.27000000002,138335.18800000002,Feasible,N/A
0.5,0.81,0.98,0.02,0.0,0.02,0.07633587786259542,0.625,6,121,1749.918,0.0,136585.27000000002,138335.18800000002,Feasible,N/A
0.5,0.82,0.98,0.02,0.0,0.02,0.07633587786259542,0.625,6,121,1749.918,0.0,136585.27000000002,138335.18800000002,Feasible,N/A
0.5,0.83,0.98,0.02,0.0,0.02,0.07633587786259542,0.625,6,121,1749.918,0.0,136585.27000000002,138335.18800000002,Feasible,N/A
0.5,0.84,0.98,0.02,0.0,0.02,0.07633587786259542,0.625,6,121,1749.918,0.0,136585.27000000002,138335.18800000002,Feasible,N/A
0.5,0.85,0.98,0.02,0.0,0.02,0.07633587786259542,0.625,6,121,1749.918,0.0,136585.27000000002,138335.18800000002,Feasible,N/A
0.5,0.86,0.98,0.02,0.0,0.02,0.07633587786259542,0.625,6,121,1749.918,0.0,136585.27000000002,138335.18800000002,Feasible,N/A
0.5,0.87,0.98,0.02,0.0,0.02,0.07633587786259542,0.625,6,121,1749.918,0.0,136585.27000000002,138335.18800000002,Feasible,N/A
0.5,0.88,0.98,0.02,0.0,0.02,0.07633587786259542,0.625,6,121,1749.918,0.0,136585.27000000002,138335.18800000002,Feasible,N/A
0.5,0.89,0.98,0.02,0.0,0.02,0.07633587786259542,0.625,6,121,1749.918,0.0,136585.27000000002,138335.18800000002,Feasible,N/A
0.5,0.9,0.98,0.02,0.0,0.02,0.07633587786259542,0.625,6,121,1749.918,0.0,136585.27000000002,138335.18800000002,Feasible,N/A
0.5,0.91,0.98,0.02,0.0,0.02,0.07633587786259542,0.625,6,121,1749.918,0.0,136585.27000000002,138335.18800000002,Feasible,N/A
0.5,0.92,0.98,0.02,0.0,0.02,0.07633587786259542,0.625,6,121,1749.918,0.0,136585.27000000002,138335.18800000002,Feasible,N/A
0.5,0.93,0.98,0.02,0.0,0.02,0.07633587786259542,0.625,6,121,1749.918,0.0,136585.27000000002,138335.18800000002,Feasible,N/A
0.5,0.94,0.98,0.02,0.0,0.02,0.07633587786259542,0.625,6,121,1749.918,0.0,136585.27000000002,138335.18800000002,Feasible,N/A
0.5,0.95,0.98,0.02,0.0,0.02,0.07633587786259542,0.625,6,121,1749.918,0.0,136585.27000000002,138335.18800000002,Feasible,N/A
0.5,0.96,0.98,0.02,0.0,0.02,0.07633587786259542,0.625,6,121,1749.918,0.0,136585.27000000002,138335.18800000002,Feasible,N/A
0.5,0.97,0.98,0.02,0.0,0.02,0.07633587786259542,0.625,6,121,1749.918,0.0,136585.27000000002,138335.18800000002,Feasible,N/A
0.5,0.98,0.98,0.02,0.0,0.02,0.07633587786259542,0.625,6,121,1749.918,0.0,136585.27000000002,138335.18800000002,Feasible,N/A
0.5,0.99,0.98,0.02,0.0,0.02,0.07633587786259542,0.625,6,121,1749.918,0.0,136585.27000000002,138335.18800000002,Feasible,N/A
0.51,0.52,0.9825,0.00375,0.01375,0.0175,0.06870229007633588,0.6428571428571429,5,122,297.509,1650.0,138827.96000000002,140775.469,Feasible,N/A
0.51,0.53,0.9825,0.00375,0.01375,0.0175,0.06870229007633588,0.6428571428571429,5,122,297.509,1650.0,138827.96000000002,140775.469,Feasible,N/A
0.51,0.54,0.9825,0.005,0.0125,0.0175,0.06870229007633588,0.6428571428571429,5,122,412.029,1500.0,138827.96000000002,140739.98900000003,Feasible,N/A
0.51,0.55,0.9825,0.0075,0.01,0.0175,0.06870229007633588,0.6428571428571429,5,122,705.636,1200.0,138827.96000000002,140733.59600000002,Feasible,N/A
0.51,0.56,0.9825,0.00875,0.00875,0.0175,0.06870229007633588,0.6428571428571429,5,122,755.636,1050.0,138827.96000000002,140633.59600000002,Feasible,N/A
0.51,0.57,0.9825,0.01,0.0075,0.0175,0.06870229007633588,0.6428571428571429,5,122,833.587,900.0,138827.96000000002,140561.54700000002,Feasible,N/A
0.51,0.58,0.9825,0.01125,0.00625,0.0175,0.06870229007633588,0.6428571428571429,5,122,883.587,750.0,138827.96000000002,140461.54700000002,Feasible,N/A
0.51,0.59,0.9825,0.01125,0.00625,0.0175,0.06870229007633588,0.6428571428571429,5,122,883.587,750.0,138827.96000000002,140461.54700000002,Feasible,N/A
0.51,0.6,0.9825,0.0125,0.005,0.0175,0.06870229007633588,0.6428571428571429,5,122,1015.5770000000001,600.0,138827.96000000002,140443.537,Feasible,N/A
0.51,0.61,0.9825,0.0125,0.005,0.0175,0.06870229007633588,0.6428571428571429,5,122,1015.5770000000001,600.0,138827.96000000002,140443.537,Feasible,N/A
0.51,0.62,0.9825,0.0125,0.005,0.0175,0.06870229007633588,0.6428571428571429,5,122,1015.5770000000001,600.0,138827.96000000002,140443.537,Feasible,N/A
0.51,0.63,0.9825,0.015,0.0025,0.0175,0.06870229007633588,0.6428571428571429,5,122,1253.0320000000002,300.0,138827.96000000002,140380.99200000003,Feasible,N/A
0.51,0.64,0.9825,0.01625,0.00125,0.0175,0.06870229007633588,0.6428571428571429,5,122,1375.6490000000001,150.0,138827.96000000002,140353.60900000003,Feasible,N/A
0.51,0.65,0.9825,0.01625,0.00125,0.0175,0.06870229007633588,0.6428571428571429,5,122,1375.6490000000001,150.0,138827.96000000002,140353.60900000003,Feasible,N/A
0.51,0.66,0.9825,0.01625,0.00125,0.0175,0.06870229007633588,0.6428571428571429,5,122,1375.6490000000001,150.0,138827.96000000002,140353.60900000003,Feasible,N/A
0.51,0.67,0.9825,0.01625,0.00125,0.0175,0.06870229007633588,0.6428571428571429,5,122,1375.6490000000001,150.0,138827.96000000002,140353.60900000003,Feasible,N/A
0.51,0.68,0.9825,0.01625,0.00125,0.0175,0.06870229007633588,0.6428571428571429,5,122,1375.6490000000001,150.0,138827.96000000002,140353.60900000003,Feasible,N/A
0.51,0.69,0.9825,0.0175,0.0,0.0175,0.06870229007633588,0.6428571428571429,5,122,1425.6490000000001,0.0,138827.96000000002,140253.60900000003,Feasible,N/A
0.51,0.7,0.9825,0.0175,0.0,0.0175,0.06870229007633588,0.6428571428571429,5,122,1425.6490000000001,0.0,138827.96000000002,140253.60900000003,Feasible,N/A
0.51,0.71,0.9825,0.0175,0.0,0.0175,0.06870229007633588,0.6428571428571429,5,122,1425.6490000000001,0.0,138827.96000000002,140253.60900000003,Feasible,N/A
0.51,0.72,0.9825,0.0175,0.0,0.0175,0.06870229007633588,0.6428571428571429,5,122,1425.6490000000001,0.0,138827.96000000002,140253.60900000003,Feasible,N/A
0.51,0.73,0.9825,0.0175,0.0,0.0175,0.06870229007633588,0.6428571428571429,5,122,1425.6490000000001,0.0,138827.96000000002,140253.60900000003,Feasible,N/A
0.51,0.74,0.9825,0.0175,0.0,0.0175,0.06870229007633588,0.6428571428571429,5,122,1425.6490000000001,0.0,138827.96000000002,140253.60900000003,Feasible,N/A
0.51,0.75,0.9825,0.0175,0.0,0.0175,0.06870229007633588,0.6428571428571429,5,122,1425.6490000000001,0.0,138827.96000000002,140253.60900000003,Feasible,N/A
0.51,0.76,0.9825,0.0175,0.0,0.0175,0.06870229007633588,0.6428571428571429,5,122,1425.6490000000001,0.0,138827.96000000002,140253.60900000003,Feasible,N/A
0.51,0.77,0.9825,0.0175,0.0,0.0175,0.06870229007633588,0.6428571428571429,5,122,1425.6490000000001,0.0,138827.96000000002,140253.60900000003,Feasible,N/A
0.51,0.78,0.9825,0.0175,0.0,0.0175,0.06870229007633588,0.6428571428571429,5,122,1425.6490000000001,0.0,138827.96000000002,140253.60900000003,Feasible,N/A
0.51,0.79,0.9825,0.0175,0.0,0.0175,0.06870229007633588,0.6428571428571429,5,122,1425.6490000000001,0.0,138827.96000000002,140253.60900000003,Feasible,N/A
0.51,0.8,0.9825,0.0175,0.0,0.0175,0.06870229007633588,0.6428571428571429,5,122,1425.6490000000001,0.0,138827.96000000002,140253.60900000003,Feasible,N/A
0.51,0.81,0.9825,0.0175,0.0,0.0175,0.06870229007633588,0.6428571428571429,5,122,1425.6490000000001,0.0,138827.96000000002,140253.60900000003,Feasible,N/A
0.51,0.82,0.9825,0.0175,0.0,0.0175,0.06870229007633588,0.6428571428571429,5,122,1425.6490000000001,0.0,138827.96000000002,140253.60900000003,Feasible,N/A
0.51,0.83,0.9825,0.0175,0.0,0.0175,0.06870229007633588,0.6428571428571429,5,122,1425.6490000000001,0.0,138827.96000000002,140253.60900000003,Feasible,N/A
0.51,0.84,0.9825,0.0175,0.0,0.0175,0.06870229007633588,0.6428571428571429,5,122,1425.6490000000001,0.0,138827.96000000002,140253.60900000003,Feasible,N/A
0.51,0.85,0.9825,0.0175,0.0,0.0175,0.06870229007633588,0.6428571428571429,5,122,1425.6490000000001,0.0,138827.96000000002,140253.60900000003,Feasible,N/A
0.51,0.86,0.9825,0.0175,0.0,0.0175,0.06870229007633588,0.6428571428571429,5,122,1425.6490000000001,0.0,138827.96000000002,140253.60900000003,Feasible,N/A
0.51,0.87,0.9825,0.0175,0.0,0.0175,0.06870229007633588,0.6428571428571429,5,122,1425.6490000000001,0.0,138827.96000000002,140253.60900000003,Feasible,N/A
0.51,0.88,0.9825,0.0175,0.0,0.0175,0.06870229007633588,0.6428571428571429,5,122,1425.6490000000001,0.0,138827.96000000002,140253.60900000003,Feasible,N/A
0.51,0.89,0.9825,0.0175,0.0,0.0175,0.06870229007633588,0.6428571428571429,5,122,1425.6490000000001,0.0,138827.96000000002,140253.60900000003,Feasible,N/A
0.51,0.9,0.9825,0.0175,0.0,0.0175,0.06870229007633588,0.6428571428571429,5,122,1425.6490000000001,0.0,138827.96000000002,140253.60900000003,Feasible,N/A
0.51,0.91,0.9825,0.0175,0.0,0.0175,0.06870229007633588,0.6428571428571429,5,122,1425.6490000000001,0.0,138827.96000000002,140253.60900000003,Feasible,N/A
0.51,0.92,0.9825,0.0175,0.0,0.0175,0.06870229007633588,0.6428571428571429,5,122,1425.6490000000001,0.0,138827.96000000002,140253.60900000003,Feasible,N/A
0.51,0.93,0.9825,0.0175,0.0,0.0175,0.06870229007633588,0.6428571428571429,5,122,1425.6490000000001,0.0,138827.96000000002,140253.60900000003,Feasible,N/A
0.51,0.94,0.9825,0.0175,0.0,0.0175,0.06870229007633588,0.6428571428571429,5,122,1425.6490000000001,0.0,138827.96000000002,140253.60900000003,Feasible,N/A
0.51,0.95,0.9825,0.0175,0.0,0.0175,0.06870229007633588,0.6428571428571429,5,122,1425.6490000000001,0.0,138827.96000000002,140253.60900000003,Feasible,N/A
0.51,0.96,0.9825,0.0175,0.0,0.0175,0.06870229007633588,0.6428571428571429,5,122,1425.6490000000001,0.0,138827.96000000002,140253.60900000003,Feasible,N/A
0.51,0.97,0.9825,0.0175,0.0,0.0175,0.06870229007633588,0.6428571428571429,5,122,1425.6490000000001,0.0,138827.96000000002,140253.60900000003,Feasible,N/A
0.51,0.98,0.9825,0.0175,0.0,0.0175,0.06870229007633588,0.6428571428571429,5,122,1425.6490000000001,0.0,138827.96000000002,140253.60900000003,Feasible,N/A
0.51,0.99,0.9825,0.0175,0.0,0.0175,0.06870229007633588,0.6428571428571429,5,122,1425.6490000000001,0.0,138827.96000000002,140253.60900000003,Feasible,N/A
0.52,0.53,0.98625,0.0,0.01375,0.01375,0.05343511450381679,0.6363636363636364,4,124,0.0,1650.0,140303.05,141953.05,Feasible,N/A
0.52,0.54,0.98625,0.00125,0.0125,0.01375,0.05343511450381679,0.6363636363636364,4,124,114.52000000000001,1500.0,140303.05,141917.56999999998,Feasible,N/A
0.52,0.55,0.98625,0.00375,0.01,0.01375,0.05343511450381679,0.6363636363636364,4,124,408.127,1200.0,140303.05,141911.177,Feasible,N/A
0.52,0.56,0.98625,0.005,0.00875,0.01375,0.05343511450381679,0.6363636363636364,4,124,458.127,1050.0,140303.05,141811.177,Feasible,N/A
0.52,0.57,0.98625,0.00625,0.0075,0.01375,0.05343511450381679,0.6363636363636364,4,124,536.078,900.0,140303.05,141739.128,Feasible,N/A
0.52,0.58,0.98625,0.0075,0.00625,0.01375,0.05343511450381679,0.6363636363636364,4,124,586.078,750.0,140303.05,141639.128,Feasible,N/A
0.52,0.59,0.98625,0.0075,0.00625,0.01375,0.05343511450381679,0.6363636363636364,4,124,586.078,750.0,140303.05,141639.128,Feasible,N/A
0.52,0.6,0.98625,0.00875,0.005,0.01375,0.05343511450381679,0.6363636363636364,4,124,718.068,600.0,140303.05,141621.118,Feasible,N/A
0.52,0.61,0.98625,0.00875,0.005,0.01375,0.05343511450381679,0.6363636363636364,4,124,718.068,600.0,140303.05,141621.118,Feasible,N/A
0.52,0.62,0.98625,0.00875,0.005,0.01375,0.05343511450381679,0.6363636363636364,4,124,718.068,600.0,140303.05,141621.118,Feasible,N/A
0.52,0.63,0.98625,0.01125,0.0025,0.01375,0.05343511450381679,0.6363636363636364,4,124,955.5230000000001,300.0,140303.05,141558.57299999997,Feasible,N/A
0.52,0.64,0.98625,0.0125,0.00125,0.01375,0.05343511450381679,0.6363636363636364,4,124,1078.14,150.0,140303.05,141531.19,Feasible,N/A
0.52,0.65,0.98625,0.0125,0.00125,0.01375,0.05343511450381679,0.6363636363636364,4,124,1078.14,150.0,140303.05,141531.19,Feasible,N/A
0.52,0.66,0.98625,0.0125,0.00125,0.01375,0.05343511450381679,0.6363636363636364,4,124,1078.14,150.0,140303.05,141531.19,Feasible,N/A
0.52,0.67,0.98625,0.0125,0.00125,0.01375,0.05343511450381679,0.6363636363636364,4,124,1078.14,150.0,140303.05,141531.19,Feasible,N/A
0.52,0.68,0.98625,0.0125,0.00125,0.01375,0.05343511450381679,0.6363636363636364,4,124,1078.14,150.0,140303.05,141531.19,Feasible,N/A
0.52,0.69,0.98625,0.01375,0.0,0.01375,0.05343511450381679,0.6363636363636364,4,124,1128.14,0.0,140303.05,141431.19,Feasible,N/A
0.52,0.7,0.98625,0.01375,0.0,0.01375,0.05343511450381679,0.6363636363636364,4,124,1128.14,0.0,140303.05,141431.19,Feasible,N/A
0.52,0.71,0.98625,0.01375,0.0,0.01375,0.05343511450381679,0.6363636363636364,4,124,1128.14,0.0,140303.05,141431.19,Feasible,N/A
0.52,0.72,0.98625,0.01375,0.0,0.01375,0.05343511450381679,0.6363636363636364,4,124,1128.14,0.0,140303.05,141431.19,Feasible,N/A
0.52,0.73,0.98625,0.01375,0.0,0.01375,0.05343511450381679,0.6363636363636364,4,124,1128.14,0.0,140303.05,141431.19,Feasible,N/A
0.52,0.74,0.98625,0.01375,0.0,0.01375,0.05343511450381679,0.6363636363636364,4,124,1128.14,0.0,140303.05,141431.19,Feasible,N/A
0.52,0.75,0.98625,0.01375,0.0,0.01375,0.05343511450381679,0.6363636363636364,4,124,1128.14,0.0,140303.05,141431.19,Feasible,N/A
0.52,0.76,0.98625,0.01375,0.0,0.01375,0.05343511450381679,0.6363636363636364,4,124,1128.14,0.0,140303.05,141431.19,Feasible,N/A
0.52,0.77,0.98625,0.01375,0.0,0.01375,0.05343511450381679,0.6363636363636364,4,124,1128.14,0.0,140303.05,141431.19,Feasible,N/A
0.52,0.78,0.98625,0.01375,0.0,0.01375,0.05343511450381679,0.6363636363636364,4,124,1128.14,0.0,140303.05,141431.19,Feasible,N/A
0.52,0.79,0.98625,0.01375,0.0,0.01375,0.05343511450381679,0.6363636363636364,4,124,1128.14,0.0,140303.05,141431.19,Feasible,N/A
0.52,0.8,0.98625,0.01375,0.0,0.01375,0.05343511450381679,0.6363636363636364,4,124,1128.14,0.0,140303.05,141431.19,Feasible,N/A
0.52,0.81,0.98625,0.01375,0.0,0.01375,0.05343511450381679,0.6363636363636364,4,124,1128.14,0.0,140303.05,141431.19,Feasible,N/A
0.52,0.82,0.98625,0.01375,0.0,0.01375,0.05343511450381679,0.6363636363636364,4,124,1128.14,0.0,140303.05,141431.19,Feasible,N/A
0.52,0.83,0.98625,0.01375,0.0,0.01375,0.05343511450381679,0.6363636363636364,4,124,1128.14,0.0,140303.05,141431.19,Feasible,N/A
0.52,0.84,0.98625,0.01375,0.0,0.01375,0.05343511450381679,0.6363636363636364,4,124,1128.14,0.0,140303.05,141431.19,Feasible,N/A
0.52,0.85,0.98625,0.01375,0.0,0.01375,0.05343511450381679,0.6363636363636364,4,124,1128.14,0.0,140303.05,141431.19,Feasible,N/A
0.52,0.86,0.98625,0.01375,0.0,0.01375,0.05343511450381679,0.6363636363636364,4,124,1128.14,0.0,140303.05,141431.19,Feasible,N/A
0.52,0.87,0.98625,0.01375,0.0,0.01375,0.05343511450381679,0.6363636363636364,4,124,1128.14,0.0,140303.05,141431.19,Feasible,N/A
0.52,0.88,0.98625,0.01375,0.0,0.01375,0.05343511450381679,0.6363636363636364,4,124,1128.14,0.0,140303.05,141431.19,Feasible,N/A
0.52,0.89,0.98625,0.01375,0.0,0.01375,0.05343511450381679,0.6363636363636364,4,124,1128.14,0.0,140303.05,141431.19,Feasible,N/A
0.52,0.9,0.98625,0.01375,0.0,0.01375,0.05343511450381679,0.6363636363636364,4,124,1128.14,0.0,140303.05,141431.19,Feasible,N/A
0.52,0.91,0.98625,0.01375,0.0,0.01375,0.05343511450381679,0.6363636363636364,4,124,1128.14,0.0,140303.05,141431.19,Feasible,N/A
0.52,0.92,0.98625,0.01375,0.0,0.01375,0.05343511450381679,0.6363636363636364,4,124,1128.14,0.0,140303.05,141431.19,Feasible,N/A
0.52,0.93,0.98625,0.01375,0.0,0.01375,0.05343511450381679,0.6363636363636364,4,124,1128.14,0.0,140303.05,141431.19,Feasible,N/A
0.52,0.94,0.98625,0.01375,0.0,0.01375,0.05343511450381679,0.6363636363636364,4,124,1128.14,0.0,140303.05,141431.19,Feasible,N/A
0.52,0.95,0.98625,0.01375,0.0,0.01375,0.05343511450381679,0.6363636363636364,4,124,1128.14,0.0,140303.05,141431.19,Feasible,N/A
0.52,0.96,0.98625,0.01375,0.0,0.01375,0.05343511450381679,0.6363636363636364,4,124,1128.14,0.0,140303.05,141431.19,Feasible,N/A
0.52,0.97,0.98625,0.01375,0.0,0.01375,0.05343511450381679,0.6363636363636364,4,124,1128.14,0.0,140303.05,141431.19,Feasible,N/A
0.52,0.98,0.98625,0.01375,0.0,0.01375,0.05343511450381679,0.6363636363636364,4,124,1128.14,0.0,140303.05,141431.19,Feasible,N/A
0.52,0.99,0.98625,0.01375,0.0,0.01375,0.05343511450381679,0.6363636363636364,4,124,1128.14,0.0,140303.05,141431.19,Feasible,N/A
0.53,0.54,0.98625,0.00125,0.0125,0.01375,0.05343511450381679,0.6363636363636364,4,124,114.52000000000001,1500.0,140303.05,141917.56999999998,Feasible,N/A
0.53,0.55,0.98625,0.00375,0.01,0.01375,0.05343511450381679,0.6363636363636364,4,124,408.127,1200.0,140303.05,141911.177,Feasible,N/A
0.53,0.56,0.98625,0.005,0.00875,0.01375,0.05343511450381679,0.6363636363636364,4,124,458.127,1050.0,140303.05,141811.177,Feasible,N/A
0.53,0.57,0.98625,0.00625,0.0075,0.01375,0.05343511450381679,0.6363636363636364,4,124,536.078,900.0,140303.05,141739.128,Feasible,N/A
0.53,0.58,0.98625,0.0075,0.00625,0.01375,0.05343511450381679,0.6363636363636364,4,124,586.078,750.0,140303.05,141639.128,Feasible,N/A
0.53,0.59,0.98625,0.0075,0.00625,0.01375,0.05343511450381679,0.6363636363636364,4,124,586.078,750.0,140303.05,141639.128,Feasible,N/A
0.53,0.6,0.98625,0.00875,0.005,0.01375,0.05343511450381679,0.6363636363636364,4,124,718.068,600.0,140303.05,141621.118,Feasible,N/A
0.53,0.61,0.98625,0.00875,0.005,0.01375,0.05343511450381679,0.6363636363636364,4,124,718.068,600.0,140303.05,141621.118,Feasible,N/A
0.53,0.62,0.98625,0.00875,0.005,0.01375,0.05343511450381679,0.6363636363636364,4,124,718.068,600.0,140303.05,141621.118,Feasible,N/A
0.53,0.63,0.98625,0.01125,0.0025,0.01375,0.05343511450381679,0.6363636363636364,4,124,955.5230000000001,300.0,140303.05,141558.57299999997,Feasible,N/A
0.53,0.64,0.98625,0.0125,0.00125,0.01375,0.05343511450381679,0.6363636363636364,4,124,1078.14,150.0,140303.05,141531.19,Feasible,N/A
0.53,0.65,0.98625,0.0125,0.00125,0.01375,0.05343511450381679,0.6363636363636364,4,124,1078.14,150.0,140303.05,141531.19,Feasible,N/A
0.53,0.66,0.98625,0.0125,0.00125,0.01375,0.05343511450381679,0.6363636363636364,4,124,1078.14,150.0,140303.05,141531.19,Feasible,N/A
0.53,0.67,0.98625,0.0125,0.00125,0.01375,0.05343511450381679,0.6363636363636364,4,124,1078.14,150.0,140303.05,141531.19,Feasible,N/A
0.53,0.68,0.98625,0.0125,0.00125,0.01375,0.05343511450381679,0.6363636363636364,4,124,1078.14,150.0,140303.05,141531.19,Feasible,N/A
0.53,0.69,0.98625,0.01375,0.0,0.01375,0.05343511450381679,0.6363636363636364,4,124,1128.14,0.0,140303.05,141431.19,Feasible,N/A
0.53,0.7,0.98625,0.01375,0.0,0.01375,0.05343511450381679,0.6363636363636364,4,124,1128.14,0.0,140303.05,141431.19,Feasible,N/A
0.53,0.71,0.98625,0.01375,0.0,0.01375,0.05343511450381679,0.6363636363636364,4,124,1128.14,0.0,140303.05,141431.19,Feasible,N/A
0.53,0.72,0.98625,0.01375,0.0,0.01375,0.05343511450381679,0.6363636363636364,4,124,1128.14,0.0,140303.05,141431.19,Feasible,N/A
0.53,0.73,0.98625,0.01375,0.0,0.01375,0.05343511450381679,0.6363636363636364,4,124,1128.14,0.0,140303.05,141431.19,Feasible,N/A
0.53,0.74,0.98625,0.01375,0.0,0.01375,0.05343511450381679,0.6363636363636364,4,124,1128.14,0.0,140303.05,141431.19,Feasible,N/A
0.53,0.75,0.98625,0.01375,0.0,0.01375,0.05343511450381679,0.6363636363636364,4,124,1128.14,0.0,140303.05,141431.19,Feasible,N/A
0.53,0.76,0.98625,0.01375,0.0,0.01375,0.05343511450381679,0.6363636363636364,4,124,1128.14,0.0,140303.05,141431.19,Feasible,N/A
0.53,0.77,0.98625,0.01375,0.0,0.01375,0.05343511450381679,0.6363636363636364,4,124,1128.14,0.0,140303.05,141431.19,Feasible,N/A
0.53,0.78,0.98625,0.01375,0.0,0.01375,0.05343511450381679,0.6363636363636364,4,124,1128.14,0.0,140303.05,141431.19,Feasible,N/A
0.53,0.79,0.98625,0.01375,0.0,0.01375,0.05343511450381679,0.6363636363636364,4,124,1128.14,0.0,140303.05,141431.19,Feasible,N/A
0.53,0.8,0.98625,0.01375,0.0,0.01375,0.05343511450381679,0.6363636363636364,4,124,1128.14,0.0,140303.05,141431.19,Feasible,N/A
0.53,0.81,0.98625,0.01375,0.0,0.01375,0.05343511450381679,0.6363636363636364,4,124,1128.14,0.0,140303.05,141431.19,Feasible,N/A
0.53,0.82,0.98625,0.01375,0.0,0.01375,0.05343511450381679,0.6363636363636364,4,124,1128.14,0.0,140303.05,141431.19,Feasible,N/A
0.53,0.83,0.98625,0.01375,0.0,0.01375,0.05343511450381679,0.6363636363636364,4,124,1128.14,0.0,140303.05,141431.19,Feasible,N/A
0.53,0.84,0.98625,0.01375,0.0,0.01375,0.05343511450381679,0.6363636363636364,4,124,1128.14,0.0,140303.05,141431.19,Feasible,N/A
0.53,0.85,0.98625,0.01375,0.0,0.01375,0.05343511450381679,0.6363636363636364,4,124,1128.14,0.0,140303.05,141431.19,Feasible,N/A
0.53,0.86,0.98625,0.01375,0.0,0.01375,0.05343511450381679,0.6363636363636364,4,124,1128.14,0.0,140303.05,141431.19,Feasible,N/A
0.53,0.87,0.98625,0.01375,0.0,0.01375,0.05343511450381679,0.6363636363636364,4,124,1128.14,0.0,140303.05,141431.19,Feasible,N/A
0.53,0.88,0.98625,0.01375,0.0,0.01375,0.05343511450381679,0.6363636363636364,4,124,1128.14,0.0,140303.05,141431.19,Feasible,N/A
0.53,0.89,0.98625,0.01375,0.0,0.01375,0.05343511450381679,0.6363636363636364,4,124,1128.14,0.0,140303.05,141431.19,Feasible,N/A
0.53,0.9,0.98625,0.01375,0.0,0.01375,0.05343511450381679,0.6363636363636364,4,124,1128.14,0.0,140303.05,141431.19,Feasible,N/A
0.53,0.91,0.98625,0.01375,0.0,0.01375,0.05343511450381679,0.6363636363636364,4,124,1128.14,0.0,140303.05,141431.19,Feasible,N/A
0.53,0.92,0.98625,0.01375,0.0,0.01375,0.05343511450381679,0.6363636363636364,4,124,1128.14,0.0,140303.05,141431.19,Feasible,N/A
0.53,0.93,0.98625,0.01375,0.0,0.01375,0.05343511450381679,0.6363636363636364,4,124,1128.14,0.0,140303.05,141431.19,Feasible,N/A
0.53,0.94,0.98625,0.01375,0.0,0.01375,0.05343511450381679,0.6363636363636364,4,124,1128.14,0.0,140303.05,141431.19,Feasible,N/A
0.53,0.95,0.98625,0.01375,0.0,0.01375,0.05343511450381679,0.6363636363636364,4,124,1128.14,0.0,140303.05,141431.19,Feasible,N/A
0.53,0.96,0.98625,0.01375,0.0,0.01375,0.05343511450381679,0.6363636363636364,4,124,1128.14,0.0,140303.05,141431.19,Feasible,N/A
0.53,0.97,0.98625,0.01375,0.0,0.01375,0.05343511450381679,0.6363636363636364,4,124,1128.14,0.0,140303.05,141431.19,Feasible,N/A
0.53,0.98,0.98625,0.01375,0.0,0.01375,0.05343511450381679,0.6363636363636364,4,124,1128.14,0.0,140303.05,141431.19,Feasible,N/A
0.53,0.99,0.98625,0.01375,0.0,0.01375,0.05343511450381679,0.6363636363636364,4,124,1128.14,0.0,140303.05,141431.19,Feasible,N/A
0.54,0.55,0.9875,0.0025,0.01,0.0125,0.04580152671755725,0.6,4,125,293.607,1200.0,140948.25,142441.857,Feasible,N/A
0.54,0.56,0.9875,0.00375,0.00875,0.0125,0.04580152671755725,0.6,4,125,343.607,1050.0,140948.25,142341.857,Feasible,N/A
0.54,0.57,0.9875,0.005,0.0075,0.0125,0.04580152671755725,0.6,4,125,421.558,900.0,140948.25,142269.808,Feasible,N/A
0.54,0.58,0.9875,0.00625,0.00625,0.0125,0.04580152671755725,0.6,4,125,471.558,750.0,140948.25,142169.808,Feasible,N/A
0.54,0.59,0.9875,0.00625,0.00625,0.0125,0.04580152671755725,0.6,4,125,471.558,750.0,140948.25,142169.808,Feasible,N/A
0.54,0.6,0.9875,0.0075,0.005,0.0125,0.04580152671755725,0.6,4,125,603.548,600.0,140948.25,142151.798,Feasible,N/A
0.54,0.61,0.9875,0.0075,0.005,0.0125,0.04580152671755725,0.6,4,125,603.548,600.0,140948.25,142151.798,Feasible,N/A
0.54,0.62,0.9875,0.0075,0.005,0.0125,0.04580152671755725,0.6,4,125,603.548,600.0,140948.25,142151.798,Feasible,N/A
0.54,0.63,0.9875,0.01,0.0025,0.0125,0.04580152671755725,0.6,4,125,841.0029999999999,300.0,140948.25,142089.253,Feasible,N/A
0.54,0.64,0.9875,0.01125,0.00125,0.0125,0.04580152671755725,0.6,4,125,963.62,150.0,140948.25,142061.87,Feasible,N/A
0.54,0.65,0.9875,0.01125,0.00125,0.0125,0.04580152671755725,0.6,4,125,963.62,150.0,140948.25,142061.87,Feasible,N/A
0.54,0.66,0.9875,0.01125,0.00125,0.0125,0.04580152671755725,0.6,4,125,963.62,150.0,140948.25,142061.87,Feasible,N/A
0.54,0.67,0.9875,0.01125,0.00125,0.0125,0.04580152671755725,0.6,4,125,963.62,150.0,140948.25,142061.87,Feasible,N/A
0.54,0.68,0.9875,0.01125,0.00125,0.0125,0.04580152671755725,0.6,4,125,963.62,150.0,140948.25,142061.87,Feasible,N/A
0.54,0.69,0.9875,0.0125,0.0,0.0125,0.04580152671755725,0.6,4,125,1013.62,0.0,140948.25,141961.87,Feasible,N/A
0.54,0.7,0.9875,0.0125,0.0,0.0125,0.04580152671755725,0.6,4,125,1013.62,0.0,140948.25,141961.87,Feasible,N/A
0.54,0.71,0.9875,0.0125,0.0,0.0125,0.04580152671755725,0.6,4,125,1013.62,0.0,140948.25,141961.87,Feasible,N/A
0.54,0.72,0.9875,0.0125,0.0,0.0125,0.04580152671755725,0.6,4,125,1013.62,0.0,140948.25,141961.87,Feasible,N/A
0.54,0.73,0.9875,0.0125,0.0,0.0125,0.04580152671755725,0.6,4,125,1013.62,0.0,140948.25,141961.87,Feasible,N/A
0.54,0.74,0.9875,0.0125,0.0,0.0125,0.04580152671755725,0.6,4,125,1013.62,0.0,140948.25,141961.87,Feasible,N/A
0.54,0.75,0.9875,0.0125,0.0,0.0125,0.04580152671755725,0.6,4,125,1013.62,0.0,140948.25,141961.87,Feasible,N/A
0.54,0.76,0.9875,0.0125,0.0,0.0125,0.04580152671755725,0.6,4,125,1013.62,0.0,140948.25,141961.87,Feasible,N/A
0.54,0.77,0.9875,0.0125,0.0,0.0125,0.04580152671755725,0.6,4,125,1013.62,0.0,140948.25,141961.87,Feasible,N/A
0.54,0.78,0.9875,0.0125,0.0,0.0125,0.04580152671755725,0.6,4,125,1013.62,0.0,140948.25,141961.87,Feasible,N/A
0.54,0.79,0.9875,0.0125,0.0,0.0125,0.04580152671755725,0.6,4,125,1013.62,0.0,140948.25,141961.87,Feasible,N/A
0.54,0.8,0.9875,0.0125,0.0,0.0125,0.04580152671755725,0.6,4,125,1013.62,0.0,140948.25,141961.87,Feasible,N/A
0.54,0.81,0.9875,0.0125,0.0,0.0125,0.04580152671755725,0.6,4,125,1013.62,0.0,140948.25,141961.87,Feasible,N/A
0.54,0.82,0.9875,0.0125,0.0,0.0125,0.04580152671755725,0.6,4,125,1013.62,0.0,140948.25,141961.87,Feasible,N/A
0.54,0.83,0.9875,0.0125,0.0,0.0125,0.04580152671755725,0.6,4,125,1013.62,0.0,140948.25,141961.87,Feasible,N/A
0.54,0.84,0.9875,0.0125,0.0,0.0125,0.04580152671755725,0.6,4,125,1013.62,0.0,140948.25,141961.87,Feasible,N/A
0.54,0.85,0.9875,0.0125,0.0,0.0125,0.04580152671755725,0.6,4,125,1013.62,0.0,140948.25,141961.87,Feasible,N/A
0.54,0.86,0.9875,0.0125,0.0,0.0125,0.04580152671755725,0.6,4,125,1013.62,0.0,140948.25,141961.87,Feasible,N/A
0.54,0.87,0.9875,0.0125,0.0,0.0125,0.04580152671755725,0.6,4,125,1013.62,0.0,140948.25,141961.87,Feasible,N/A
0.54,0.88,0.9875,0.0125,0.0,0.0125,0.04580152671755725,0.6,4,125,1013.62,0.0,140948.25,141961.87,Feasible,N/A
0.54,0.89,0.9875,0.0125,0.0,0.0125,0.04580152671755725,0.6,4,125,1013.62,0.0,140948.25,141961.87,Feasible,N/A
0.54,0.9,0.9875,0.0125,0.0,0.0125,0.04580152671755725,0.6,4,125,1013.62,0.0,140948.25,141961.87,Feasible,N/A
0.54,0.91,0.9875,0.0125,0.0,0.0125,0.04580152671755725,0.6,4,125,1013.62,0.0,140948.25,141961.87,Feasible,N/A
0.54,0.92,0.9875,0.0125,0.0,0.0125,0.04580152671755725,0.6,4,125,1013.62,0.0,140948.25,141961.87,Feasible,N/A
0.54,0.93,0.9875,0.0125,0.0,0.0125,0.04580152671755725,0.6,4,125,1013.62,0.0,140948.25,141961.87,Feasible,N/A
0.54,0.94,0.9875,0.0125,0.0,0.0125,0.04580152671755725,0.6,4,125,1013.62,0.0,140948.25,141961.87,Feasible,N/A
0.54,0.95,0.9875,0.0125,0.0,0.0125,0.04580152671755725,0.6,4,125,1013.62,0.0,140948.25,141961.87,Feasible,N/A
0.54,0.96,0.9875,0.0125,0.0,0.0125,0.04580152671755725,0.6,4,125,1013.62,0.0,140948.25,141961.87,Feasible,N/A
0.54,0.97,0.9875,0.0125,0.0,0.0125,0.04580152671755725,0.6,4,125,1013.62,0.0,140948.25,141961.87,Feasible,N/A
0.54,0.98,0.9875,0.0125,0.0,0.0125,0.04580152671755725,0.6,4,125,1013.62,0.0,140948.25,141961.87,Feasible,N/A
0.54,0.99,0.9875,0.0125,0.0,0.0125,0.04580152671755725,0.6,4,125,1013.62,0.0,140948.25,141961.87,Feasible,N/A
0.55,0.56,0.99,0.00125,0.00875,0.01,0.030534351145038167,0.5,4,127,50.0,1050.0,142884.32000000004,143984.32000000004,Feasible,N/A
0.55,0.57,0.99,0.0025,0.0075,0.01,0.030534351145038167,0.5,4,127,127.951,900.0,142884.32000000004,143912.27100000004,Feasible,N/A
0.55,0.58,0.99,0.00375,0.00625,0.01,0.030534351145038167,0.5,4,127,177.951,750.0,142884.32000000004,143812.27100000004,Feasible,N/A
0.55,0.59,0.99,0.00375,0.00625,0.01,0.030534351145038167,0.5,4,127,177.951,750.0,142884.32000000004,143812.27100000004,Feasible,N/A
0.55,0.6,0.99,0.005,0.005,0.01,0.030534351145038167,0.5,4,127,309.941,600.0,142884.32000000004,143794.26100000003,Feasible,N/A
0.55,0.61,0.99,0.005,0.005,0.01,0.030534351145038167,0.5,4,127,309.941,600.0,142884.32000000004,143794.26100000003,Feasible,N/A
0.55,0.62,0.99,0.005,0.005,0.01,0.030534351145038167,0.5,4,127,309.941,600.0,142884.32000000004,143794.26100000003,Feasible,N/A
0.55,0.63,0.99,0.0075,0.0025,0.01,0.030534351145038167,0.5,4,127,547.396,300.0,142884.32000000004,143731.71600000004,Feasible,N/A
0.55,0.64,0.99,0.00875,0.00125,0.01,0.030534351145038167,0.5,4,127,670.013,150.0,142884.32000000004,143704.33300000004,Feasible,N/A
0.55,0.65,0.99,0.00875,0.00125,0.01,0.030534351145038167,0.5,4,127,670.013,150.0,142884.32000000004,143704.33300000004,Feasible,N/A
0.55,0.66,0.99,0.00875,0.00125,0.01,0.030534351145038167,0.5,4,127,670.013,150.0,142884.32000000004,143704.33300000004,Feasible,N/A
0.55,0.67,0.99,0.00875,0.00125,0.01,0.030534351145038167,0.5,4,127,670.013,150.0,142884.32000000004,143704.33300000004,Feasible,N/A
0.55,0.68,0.99,0.00875,0.00125,0.01,0.030534351145038167,0.5,4,127,670.013,150.0,142884.32000000004,143704.33300000004,Feasible,N/A
0.55,0.69,0.99,0.01,0.0,0.01,0.030534351145038167,0.5,4,127,720.013,0.0,142884.32000000004,143604.33300000004,Feasible,N/A
0.55,0.7,0.99,0.01,0.0,0.01,0.030534351145038167,0.5,4,127,720.013,0.0,142884.32000000004,143604.33300000004,Feasible,N/A
0.55,0.71,0.99,0.01,0.0,0.01,0.030534351145038167,0.5,4,127,720.013,0.0,142884.32000000004,143604.33300000004,Feasible,N/A
0.55,0.72,0.99,0.01,0.0,0.01,0.030534351145038167,0.5,4,127,720.013,0.0,142884.32000000004,143604.33300000004,Feasible,N/A
0.55,0.73,0.99,0.01,0.0,0.01,0.030534351145038167,0.5,4,127,720.013,0.0,142884.32000000004,143604.33300000004,Feasible,N/A
0.55,0.74,0.99,0.01,0.0,0.01,0.030534351145038167,0.5,4,127,720.013,0.0,142884.32000000004,143604.33300000004,Feasible,N/A
0.55,0.75,0.99,0.01,0.0,0.01,0.030534351145038167,0.5,4,127,720.013,0.0,142884.32000000004,143604.33300000004,Feasible,N/A
0.55,0.76,0.99,0.01,0.0,0.01,0.030534351145038167,0.5,4,127,720.013,0.0,142884.32000000004,143604.33300000004,Feasible,N/A
0.55,0.77,0.99,0.01,0.0,0.01,0.030534351145038167,0.5,4,127,720.013,0.0,142884.32000000004,143604.33300000004,Feasible,N/A
0.55,0.78,0.99,0.01,0.0,0.01,0.030534351145038167,0.5,4,127,720.013,0.0,142884.32000000004,143604.33300000004,Feasible,N/A
0.55,0.79,0.99,0.01,0.0,0.01,0.030534351145038167,0.5,4,127,720.013,0.0,142884.32000000004,143604.33300000004,Feasible,N/A
0.55,0.8,0.99,0.01,0.0,0.01,0.030534351145038167,0.5,4,127,720.013,0.0,142884.32000000004,143604.33300000004,Feasible,N/A
0.55,0.81,0.99,0.01,0.0,0.01,0.030534351145038167,0.5,4,127,720.013,0.0,142884.32000000004,143604.33300000004,Feasible,N/A
0.55,0.82,0.99,0.01,0.0,0.01,0.030534351145038167,0.5,4,127,720.013,0.0,142884.32000000004,143604.33300000004,Feasible,N/A
0.55,0.83,0.99,0.01,0.0,0.01,0.030534351145038167,0.5,4,127,720.013,0.0,142884.32000000004,143604.33300000004,Feasible,N/A
0.55,0.84,0.99,0.01,0.0,0.01,0.030534351145038167,0.5,4,127,720.013,0.0,142884.32000000004,143604.33300000004,Feasible,N/A
0.55,0.85,0.99,0.01,0.0,0.01,0.030534351145038167,0.5,4,127,720.013,0.0,142884.32000000004,143604.33300000004,Feasible,N/A
0.55,0.86,0.99,0.01,0.0,0.01,0.030534351145038167,0.5,4,127,720.013,0.0,142884.32000000004,143604.33300000004,Feasible,N/A
0.55,0.87,0.99,0.01,0.0,0.01,0.030534351145038167,0.5,4,127,720.013,0.0,142884.32000000004,143604.33300000004,Feasible,N/A
0.55,0.88,0.99,0.01,0.0,0.01,0.030534351145038167,0.5,4,127,720.013,0.0,142884.32000000004,143604.33300000004,Feasible,N/A
0.55,0.89,0.99,0.01,0.0,0.01,0.030534351145038167,0.5,4,127,720.013,0.0,142884.32000000004,143604.33300000004,Feasible,N/A
0.55,0.9,0.99,0.01,0.0,0.01,0.030534351145038167,0.5,4,127,720.013,0.0,142884.32000000004,143604.33300000004,Feasible,N/A
0.55,0.91,0.99,0.01,0.0,0.01,0.030534351145038167,0.5,4,127,720.013,0.0,142884.32000000004,143604.33300000004,Feasible,N/A
0.55,0.92,0.99,0.01,0.0,0.01,0.030534351145038167,0.5,4,127,720.013,0.0,142884.32000000004,143604.33300000004,Feasible,N/A
0.55,0.93,0.99,0.01,0.0,0.01,0.030534351145038167,0.5,4,127,720.013,0.0,142884.32000000004,143604.33300000004,Feasible,N/A
0.55,0.94,0.99,0.01,0.0,0.01,0.030534351145038167,0.5,4,127,720.013,0.0,142884.32000000004,143604.33300000004,Feasible,N/A
0.55,0.95,0.99,0.01,0.0,0.01,0.030534351145038167,0.5,4,127,720.013,0.0,142884.32000000004,143604.33300000004,Feasible,N/A
0.55,0.96,0.99,0.01,0.0,0.01,0.030534351145038167,0.5,4,127,720.013,0.0,142884.32000000004,143604.33300000004,Feasible,N/A
0.55,0.97,0.99,0.01,0.0,0.01,0.030534351145038167,0.5,4,127,720.013,0.0,142884.32000000004,143604.33300000004,Feasible,N/A
0.55,0.98,0.99,0.01,0.0,0.01,0.030534351145038167,0.5,4,127,720.013,0.0,142884.32000000004,143604.33300000004,Feasible,N/A
0.55,0.99,0.99,0.01,0.0,0.01,0.030534351145038167,0.5,4,127,720.013,0.0,142884.32000000004,143604.33300000004,Feasible,N/A
0.56,0.57,0.99125,0.00125,0.0075,0.00875,0.030534351145038167,0.5714285714285714,3,127,77.951,900.0,142884.32000000004,143862.27100000004,Feasible,N/A
0.56,0.58,0.99125,0.0025,0.00625,0.00875,0.030534351145038167,0.5714285714285714,3,127,127.951,750.0,142884.32000000004,143762.27100000004,Feasible,N/A
0.56,0.59,0.99125,0.0025,0.00625,0.00875,0.030534351145038167,0.5714285714285714,3,127,127.951,750.0,142884.32000000004,143762.27100000004,Feasible,N/A
0.56,0.6,0.99125,0.00375,0.005,0.00875,0.030534351145038167,0.5714285714285714,3,127,259.941,600.0,142884.32000000004,143744.26100000003,Feasible,N/A
0.56,0.61,0.99125,0.00375,0.005,0.00875,0.030534351145038167,0.5714285714285714,3,127,259.941,600.0,142884.32000000004,143744.26100000003,Feasible,N/A
0.56,0.62,0.99125,0.00375,0.005,0.00875,0.030534351145038167,0.5714285714285714,3,127,259.941,600.0,142884.32000000004,143744.26100000003,Feasible,N/A
0.56,0.63,0.99125,0.00625,0.0025,0.00875,0.030534351145038167,0.5714285714285714,3,127,497.396,300.0,142884.32000000004,143681.71600000004,Feasible,N/A
0.56,0.64,0.99125,0.0075,0.00125,0.00875,0.030534351145038167,0.5714285714285714,3,127,620.013,150.0,142884.32000000004,143654.33300000004,Feasible,N/A
0.56,0.65,0.99125,0.0075,0.00125,0.00875,0.030534351145038167,0.5714285714285714,3,127,620.013,150.0,142884.32000000004,143654.33300000004,Feasible,N/A
0.56,0.66,0.99125,0.0075,0.00125,0.00875,0.030534351145038167,0.5714285714285714,3,127,620.013,150.0,142884.32000000004,143654.33300000004,Feasible,N/A
0.56,0.67,0.99125,0.0075,0.00125,0.00875,0.030534351145038167,0.5714285714285714,3,127,620.013,150.0,142884.32000000004,143654.33300000004,Feasible,N/A
0.56,0.68,0.99125,0.0075,0.00125,0.00875,0.030534351145038167,0.5714285714285714,3,127,620.013,150.0,142884.32000000004,143654.33300000004,Feasible,N/A
0.56,0.69,0.99125,0.00875,0.0,0.00875,0.030534351145038167,0.5714285714285714,3,127,670.013,0.0,142884.32000000004,143554.33300000004,Feasible,N/A
0.56,0.7,0.99125,0.00875,0.0,0.00875,0.030534351145038167,0.5714285714285714,3,127,670.013,0.0,142884.32000000004,143554.33300000004,Feasible,N/A
0.56,0.71,0.99125,0.00875,0.0,0.00875,0.030534351145038167,0.5714285714285714,3,127,670.013,0.0,142884.32000000004,143554.33300000004,Feasible,N/A
0.56,0.72,0.99125,0.00875,0.0,0.00875,0.030534351145038167,0.5714285714285714,3,127,670.013,0.0,142884.32000000004,143554.33300000004,Feasible,N/A
0.56,0.73,0.99125,0.00875,0.0,0.00875,0.030534351145038167,0.5714285714285714,3,127,670.013,0.0,142884.32000000004,143554.33300000004,Feasible,N/A
0.56,0.74,0.99125,0.00875,0.0,0.00875,0.030534351145038167,0.5714285714285714,3,127,670.013,0.0,142884.32000000004,143554.33300000004,Feasible,N/A
0.56,0.75,0.99125,0.00875,0.0,0.00875,0.030534351145038167,0.5714285714285714,3,127,670.013,0.0,142884.32000000004,143554.33300000004,Feasible,N/A
0.56,0.76,0.99125,0.00875,0.0,0.00875,0.030534351145038167,0.5714285714285714,3,127,670.013,0.0,142884.32000000004,143554.33300000004,Feasible,N/A
0.56,0.77,0.99125,0.00875,0.0,0.00875,0.030534351145038167,0.5714285714285714,3,127,670.013,0.0,142884.32000000004,143554.33300000004,Feasible,N/A
0.56,0.78,0.99125,0.00875,0.0,0.00875,0.030534351145038167,0.5714285714285714,3,127,670.013,0.0,142884.32000000004,143554.33300000004,Feasible,N/A
0.56,0.79,0.99125,0.00875,0.0,0.00875,0.030534351145038167,0.5714285714285714,3,127,670.013,0.0,142884.32000000004,143554.33300000004,Feasible,N/A
0.56,0.8,0.99125,0.00875,0.0,0.00875,0.030534351145038167,0.5714285714285714,3,127,670.013,0.0,142884.32000000004,143554.33300000004,Feasible,N/A
0.56,0.81,0.99125,0.00875,0.0,0.00875,0.030534351145038167,0.5714285714285714,3,127,670.013,0.0,142884.32000000004,143554.33300000004,Feasible,N/A
0.56,0.82,0.99125,0.00875,0.0,0.00875,0.030534351145038167,0.5714285714285714,3,127,670.013,0.0,142884.32000000004,143554.33300000004,Feasible,N/A
0.56,0.83,0.99125,0.00875,0.0,0.00875,0.030534351145038167,0.5714285714285714,3,127,670.013,0.0,142884.32000000004,143554.33300000004,Feasible,N/A
0.56,0.84,0.99125,0.00875,0.0,0.00875,0.030534351145038167,0.5714285714285714,3,127,670.013,0.0,142884.32000000004,143554.33300000004,Feasible,N/A
0.56,0.85,0.99125,0.00875,0.0,0.00875,0.030534351145038167,0.5714285714285714,3,127,670.013,0.0,142884.32000000004,143554.33300000004,Feasible,N/A
0.56,0.86,0.99125,0.00875,0.0,0.00875,0.030534351145038167,0.5714285714285714,3,127,670.013,0.0,142884.32000000004,143554.33300000004,Feasible,N/A
0.56,0.87,0.99125,0.00875,0.0,0.00875,0.030534351145038167,0.5714285714285714,3,127,670.013,0.0,142884.32000000004,143554.33300000004,Feasible,N/A
0.56,0.88,0.99125,0.00875,0.0,0.00875,0.030534351145038167,0.5714285714285714,3,127,670.013,0.0,142884.32000000004,143554.33300000004,Feasible,N/A
0.56,0.89,0.99125,0.00875,0.0,0.00875,0.030534351145038167,0.5714285714285714,3,127,670.013,0.0,142884.32000000004,143554.33300000004,Feasible,N/A
0.56,0.9,0.99125,0.00875,0.0,0.00875,0.030534351145038167,0.5714285714285714,3,127,670.013,0.0,142884.32000000004,143554.33300000004,Feasible,N/A
0.56,0.91,0.99125,0.00875,0.0,0.00875,0.030534351145038167,0.5714285714285714,3,127,670.013,0.0,142884.32000000004,143554.33300000004,Feasible,N/A
0.56,0.92,0.99125,0.00875,0.0,0.00875,0.030534351145038167,0.5714285714285714,3,127,670.013,0.0,142884.32000000004,143554.33300000004,Feasible,N/A
0.56,0.93,0.99125,0.00875,0.0,0.00875,0.030534351145038167,0.5714285714285714,3,127,670.013,0.0,142884.32000000004,143554.33300000004,Feasible,N/A
0.56,0.94,0.99125,0.00875,0.0,0.00875,0.030534351145038167,0.5714285714285714,3,127,670.013,0.0,142884.32000000004,143554.33300000004,Feasible,N/A
0.56,0.95,0.99125,0.00875,0.0,0.00875,0.030534351145038167,0.5714285714285714,3,127,670.013,0.0,142884.32000000004,143554.33300000004,Feasible,N/A
0.56,0.96,0.99125,0.00875,0.0,0.00875,0.030534351145038167,0.5714285714285714,3,127,670.013,0.0,142884.32000000004,143554.33300000004,Feasible,N/A
0.56,0.97,0.99125,0.00875,0.0,0.00875,0.030534351145038167,0.5714285714285714,3,127,670.013,0.0,142884.32000000004,143554.33300000004,Feasible,N/A
0.56,0.98,0.99125,0.00875,0.0,0.00875,0.030534351145038167,0.5714285714285714,3,127,670.013,0.0,142884.32000000004,143554.33300000004,Feasible,N/A
0.56,0.99,0.99125,0.00875,0.0,0.00875,0.030534351145038167,0.5714285714285714,3,127,670.013,0.0,142884.32000000004,143554.33300000004,Feasible,N/A
0.57,0.58,0.9925,0.00125,0.00625,0.0075,0.022900763358778626,0.5,3,128,50.0,750.0,143163.83000000002,143963.83000000002,Feasible,N/A
0.57,0.59,0.9925,0.00125,0.00625,0.0075,0.022900763358778626,0.5,3,128,50.0,750.0,143163.83000000002,143963.83000000002,Feasible,N/A
0.57,0.6,0.9925,0.0025,0.005,0.0075,0.022900763358778626,0.5,3,128,181.99,600.0,143163.83000000002,143945.82,Feasible,N/A
0.57,0.61,0.9925,0.0025,0.005,0.0075,0.022900763358778626,0.5,3,128,181.99,600.0,143163.83000000002,143945.82,Feasible,N/A
0.57,0.62,0.9925,0.0025,0.005,0.0075,0.022900763358778626,0.5,3,128,181.99,600.0,143163.83000000002,143945.82,Feasible,N/A
0.57,0.63,0.9925,0.005,0.0025,0.0075,0.022900763358778626,0.5,3,128,419.445,300.0,143163.83000000002,143883.27500000002,Feasible,N/A
0.57,0.64,0.9925,0.00625,0.00125,0.0075,0.022900763358778626,0.5,3,128,542.062,150.0,143163.83000000002,143855.89200000002,Feasible,N/A
0.57,0.65,0.9925,0.00625,0.00125,0.0075,0.022900763358778626,0.5,3,128,542.062,150.0,143163.83000000002,143855.89200000002,Feasible,N/A
0.57,0.66,0.9925,0.00625,0.00125,0.0075,0.022900763358778626,0.5,3,128,542.062,150.0,143163.83000000002,143855.89200000002,Feasible,N/A
0.57,0.67,0.9925,0.00625,0.00125,0.0075,0.022900763358778626,0.5,3,128,542.062,150.0,143163.83000000002,143855.89200000002,Feasible,N/A
0.57,0.68,0.9925,0.00625,0.00125,0.0075,0.022900763358778626,0.5,3,128,542.062,150.0,143163.83000000002,143855.89200000002,Feasible,N/A
0.57,0.69,0.9925,0.0075,0.0,0.0075,0.022900763358778626,0.5,3,128,592.062,0.0,143163.83000000002,143755.89200000002,Feasible,N/A
0.57,0.7,0.9925,0.0075,0.0,0.0075,0.022900763358778626,0.5,3,128,592.062,0.0,143163.83000000002,143755.89200000002,Feasible,N/A
0.57,0.71,0.9925,0.0075,0.0,0.0075,0.022900763358778626,0.5,3,128,592.062,0.0,143163.83000000002,143755.89200000002,Feasible,N/A
0.57,0.72,0.9925,0.0075,0.0,0.0075,0.022900763358778626,0.5,3,128,592.062,0.0,143163.83000000002,143755.89200000002,Feasible,N/A
0.57,0.73,0.9925,0.0075,0.0,0.0075,0.022900763358778626,0.5,3,128,592.062,0.0,143163.83000000002,143755.89200000002,Feasible,N/A
0.57,0.74,0.9925,0.0075,0.0,0.0075,0.022900763358778626,0.5,3,128,592.062,0.0,143163.83000000002,143755.89200000002,Feasible,N/A
0.57,0.75,0.9925,0.0075,0.0,0.0075,0.022900763358778626,0.5,3,128,592.062,0.0,143163.83000000002,143755.89200000002,Feasible,N/A
0.57,0.76,0.9925,0.0075,0.0,0.0075,0.022900763358778626,0.5,3,128,592.062,0.0,143163.83000000002,143755.89200000002,Feasible,N/A
0.57,0.77,0.9925,0.0075,0.0,0.0075,0.022900763358778626,0.5,3,128,592.062,0.0,143163.83000000002,143755.89200000002,Feasible,N/A
0.57,0.78,0.9925,0.0075,0.0,0.0075,0.022900763358778626,0.5,3,128,592.062,0.0,143163.83000000002,143755.89200000002,Feasible,N/A
0.57,0.79,0.9925,0.0075,0.0,0.0075,0.022900763358778626,0.5,3,128,592.062,0.0,143163.83000000002,143755.89200000002,Feasible,N/A
0.57,0.8,0.9925,0.0075,0.0,0.0075,0.022900763358778626,0.5,3,128,592.062,0.0,143163.83000000002,143755.89200000002,Feasible,N/A
0.57,0.81,0.9925,0.0075,0.0,0.0075,0.022900763358778626,0.5,3,128,592.062,0.0,143163.83000000002,143755.89200000002,Feasible,N/A
0.57,0.82,0.9925,0.0075,0.0,0.0075,0.022900763358778626,0.5,3,128,592.062,0.0,143163.83000000002,143755.89200000002,Feasible,N/A
0.57,0.83,0.9925,0.0075,0.0,0.0075,0.022900763358778626,0.5,3,128,592.062,0.0,143163.83000000002,143755.89200000002,Feasible,N/A
0.57,0.84,0.9925,0.0075,0.0,0.0075,0.022900763358778626,0.5,3,128,592.062,0.0,143163.83000000002,143755.89200000002,Feasible,N/A
0.57,0.85,0.9925,0.0075,0.0,0.0075,0.022900763358778626,0.5,3,128,592.062,0.0,143163.83000000002,143755.89200000002,Feasible,N/A
0.57,0.86,0.9925,0.0075,0.0,0.0075,0.022900763358778626,0.5,3,128,592.062,0.0,143163.83000000002,143755.89200000002,Feasible,N/A
0.57,0.87,0.9925,0.0075,0.0,0.0075,0.022900763358778626,0.5,3,128,592.062,0.0,143163.83000000002,143755.89200000002,Feasible,N/A
0.57,0.88,0.9925,0.0075,0.0,0.0075,0.022900763358778626,0.5,3,128,592.062,0.0,143163.83000000002,143755.89200000002,Feasible,N/A
0.57,0.89,0.9925,0.0075,0.0,0.0075,0.022900763358778626,0.5,3,128,592.062,0.0,143163.83000000002,143755.89200000002,Feasible,N/A
0.57,0.9,0.9925,0.0075,0.0,0.0075,0.022900763358778626,0.5,3,128,592.062,0.0,143163.83000000002,143755.89200000002,Feasible,N/A
0.57,0.91,0.9925,0.0075,0.0,0.0075,0.022900763358778626,0.5,3,128,592.062,0.0,143163.83000000002,143755.89200000002,Feasible,N/A
0.57,0.92,0.9925,0.0075,0.0,0.0075,0.022900763358778626,0.5,3,128,592.062,0.0,143163.83000000002,143755.89200000002,Feasible,N/A
0.57,0.93,0.9925,0.0075,0.0,0.0075,0.022900763358778626,0.5,3,128,592.062,0.0,143163.83000000002,143755.89200000002,Feasible,N/A
0.57,0.94,0.9925,0.0075,0.0,0.0075,0.022900763358778626,0.5,3,128,592.062,0.0,143163.83000000002,143755.89200000002,Feasible,N/A
0.57,0.95,0.9925,0.0075,0.0,0.0075,0.022900763358778626,0.5,3,128,592.062,0.0,143163.83000000002,143755.89200000002,Feasible,N/A
0.57,0.96,0.9925,0.0075,0.0,0.0075,0.022900763358778626,0.5,3,128,592.062,0.0,143163.83000000002,143755.89200000002,Feasible,N/A
0.57,0.97,0.9925,0.0075,0.0,0.0075,0.022900763358778626,0.5,3,128,592.062,0.0,143163.83000000002,143755.89200000002,Feasible,N/A
0.57,0.98,0.9925,0.0075,0.0,0.0075,0.022900763358778626,0.5,3,128,592.062,0.0,143163.83000000002,143755.89200000002,Feasible,N/A
0.57,0.99,0.9925,0.0075,0.0,0.0075,0.022900763358778626,0.5,3,128,592.062,0.0,143163.83000000002,143755.89200000002,Feasible,N/A
0.58,0.59,0.99375,0.0,0.00625,0.00625,0.022900763358778626,0.6,2,128,0.0,750.0,143163.83000000002,143913.83000000002,Feasible,N/A
0.58,0.6,0.99375,0.00125,0.005,0.00625,0.022900763358778626,0.6,2,128,131.99,600.0,143163.83000000002,143895.82,Feasible,N/A
0.58,0.61,0.99375,0.00125,0.005,0.00625,0.022900763358778626,0.6,2,128,131.99,600.0,143163.83000000002,143895.82,Feasible,N/A
0.58,0.62,0.99375,0.00125,0.005,0.00625,0.022900763358778626,0.6,2,128,131.99,600.0,143163.83000000002,143895.82,Feasible,N/A
0.58,0.63,0.99375,0.00375,0.0025,0.00625,0.022900763358778626,0.6,2,128,369.445,300.0,143163.83000000002,143833.27500000002,Feasible,N/A
0.58,0.64,0.99375,0.005,0.00125,0.00625,0.022900763358778626,0.6,2,128,492.062,150.0,143163.83000000002,143805.89200000002,Feasible,N/A
0.58,0.65,0.99375,0.005,0.00125,0.00625,0.022900763358778626,0.6,2,128,492.062,150.0,143163.83000000002,143805.89200000002,Feasible,N/A
0.58,0.66,0.99375,0.005,0.00125,0.00625,0.022900763358778626,0.6,2,128,492.062,150.0,143163.83000000002,143805.89200000002,Feasible,N/A
0.58,0.67,0.99375,0.005,0.00125,0.00625,0.022900763358778626,0.6,2,128,492.062,150.0,143163.83000000002,143805.89200000002,Feasible,N/A
0.58,0.68,0.99375,0.005,0.00125,0.00625,0.022900763358778626,0.6,2,128,492.062,150.0,143163.83000000002,143805.89200000002,Feasible,N/A
0.58,0.69,0.99375,0.00625,0.0,0.00625,0.022900763358778626,0.6,2,128,542.062,0.0,143163.83000000002,143705.89200000002,Feasible,N/A
0.58,0.7,0.99375,0.00625,0.0,0.00625,0.022900763358778626,0.6,2,128,542.062,0.0,143163.83000000002,143705.89200000002,Feasible,N/A
0.58,0.71,0.99375,0.00625,0.0,0.00625,0.022900763358778626,0.6,2,128,542.062,0.0,143163.83000000002,143705.89200000002,Feasible,N/A
0.58,0.72,0.99375,0.00625,0.0,0.00625,0.022900763358778626,0.6,2,128,542.062,0.0,143163.83000000002,143705.89200000002,Feasible,N/A
0.58,0.73,0.99375,0.00625,0.0,0.00625,0.022900763358778626,0.6,2,128,542.062,0.0,143163.83000000002,143705.89200000002,Feasible,N/A
0.58,0.74,0.99375,0.00625,0.0,0.00625,0.022900763358778626,0.6,2,128,542.062,0.0,143163.83000000002,143705.89200000002,Feasible,N/A
0.58,0.75,0.99375,0.00625,0.0,0.00625,0.022900763358778626,0.6,2,128,542.062,0.0,143163.83000000002,143705.89200000002,Feasible,N/A
0.58,0.76,0.99375,0.00625,0.0,0.00625,0.022900763358778626,0.6,2,128,542.062,0.0,143163.83000000002,143705.89200000002,Feasible,N/A
0.58,0.77,0.99375,0.00625,0.0,0.00625,0.022900763358778626,0.6,2,128,542.062,0.0,143163.83000000002,143705.89200000002,Feasible,N/A
0.58,0.78,0.99375,0.00625,0.0,0.00625,0.022900763358778626,0.6,2,128,542.062,0.0,143163.83000000002,143705.89200000002,Feasible,N/A
0.58,0.79,0.99375,0.00625,0.0,0.00625,0.022900763358778626,0.6,2,128,542.062,0.0,143163.83000000002,143705.89200000002,Feasible,N/A
0.58,0.8,0.99375,0.00625,0.0,0.00625,0.022900763358778626,0.6,2,128,542.062,0.0,143163.83000000002,143705.89200000002,Feasible,N/A
0.58,0.81,0.99375,0.00625,0.0,0.00625,0.022900763358778626,0.6,2,128,542.062,0.0,143163.83000000002,143705.89200000002,Feasible,N/A
0.58,0.82,0.99375,0.00625,0.0,0.00625,0.022900763358778626,0.6,2,128,542.062,0.0,143163.83000000002,143705.89200000002,Feasible,N/A
0.58,0.83,0.99375,0.00625,0.0,0.00625,0.022900763358778626,0.6,2,128,542.062,0.0,143163.83000000002,143705.89200000002,Feasible,N/A
0.58,0.84,0.99375,0.00625,0.0,0.00625,0.022900763358778626,0.6,2,128,542.062,0.0,143163.83000000002,143705.89200000002,Feasible,N/A
0.58,0.85,0.99375,0.00625,0.0,0.00625,0.022900763358778626,0.6,2,128,542.062,0.0,143163.83000000002,143705.89200000002,Feasible,N/A
0.58,0.86,0.99375,0.00625,0.0,0.00625,0.022900763358778626,0.6,2,128,542.062,0.0,143163.83000000002,143705.89200000002,Feasible,N/A
0.58,0.87,0.99375,0.00625,0.0,0.00625,0.022900763358778626,0.6,2,128,542.062,0.0,143163.83000000002,143705.89200000002,Feasible,N/A
0.58,0.88,0.99375,0.00625,0.0,0.00625,0.022900763358778626,0.6,2,128,542.062,0.0,143163.83000000002,143705.89200000002,Feasible,N/A
0.58,0.89,0.99375,0.00625,0.0,0.00625,0.022900763358778626,0.6,2,128,542.062,0.0,143163.83000000002,143705.89200000002,Feasible,N/A
0.58,0.9,0.99375,0.00625,0.0,0.00625,0.022900763358778626,0.6,2,128,542.062,0.0,143163.83000000002,143705.89200000002,Feasible,N/A
0.58,0.91,0.99375,0.00625,0.0,0.00625,0.022900763358778626,0.6,2,128,542.062,0.0,143163.83000000002,143705.89200000002,Feasible,N/A
0.58,0.92,0.99375,0.00625,0.0,0.00625,0.022900763358778626,0.6,2,128,542.062,0.0,143163.83000000002,143705.89200000002,Feasible,N/A
0.58,0.93,0.99375,0.00625,0.0,0.00625,0.022900763358778626,0.6,2,128,542.062,0.0,143163.83000000002,143705.89200000002,Feasible,N/A
0.58,0.94,0.99375,0.00625,0.0,0.00625,0.022900763358778626,0.6,2,128,542.062,0.0,143163.83000000002,143705.89200000002,Feasible,N/A
0.58,0.95,0.99375,0.00625,0.0,0.00625,0.022900763358778626,0.6,2,128,542.062,0.0,143163.83000000002,143705.89200000002,Feasible,N/A
0.58,0.96,0.99375,0.00625,0.0,0.00625,0.022900763358778626,0.6,2,128,542.062,0.0,143163.83000000002,143705.89200000002,Feasible,N/A
0.58,0.97,0.99375,0.00625,0.0,0.00625,0.022900763358778626,0.6,2,128,542.062,0.0,143163.83000000002,143705.89200000002,Feasible,N/A
0.58,0.98,0.99375,0.00625,0.0,0.00625,0.022900763358778626,0.6,2,128,542.062,0.0,143163.83000000002,143705.89200000002,Feasible,N/A
0.58,0.99,0.99375,0.00625,0.0,0.00625,0.022900763358778626,0.6,2,128,542.062,0.0,143163.83000000002,143705.89200000002,Feasible,N/A
0.59,0.6,0.99375,0.00125,0.005,0.00625,0.022900763358778626,0.6,2,128,131.99,600.0,143163.83000000002,143895.82,Feasible,N/A
0.59,0.61,0.99375,0.00125,0.005,0.00625,0.022900763358778626,0.6,2,128,131.99,600.0,143163.83000000002,143895.82,Feasible,N/A
0.59,0.62,0.99375,0.00125,0.005,0.00625,0.022900763358778626,0.6,2,128,131.99,600.0,143163.83000000002,143895.82,Feasible,N/A
0.59,0.63,0.99375,0.00375,0.0025,0.00625,0.022900763358778626,0.6,2,128,369.445,300.0,143163.83000000002,143833.27500000002,Feasible,N/A
0.59,0.64,0.99375,0.005,0.00125,0.00625,0.022900763358778626,0.6,2,128,492.062,150.0,143163.83000000002,143805.89200000002,Feasible,N/A
0.59,0.65,0.99375,0.005,0.00125,0.00625,0.022900763358778626,0.6,2,128,492.062,150.0,143163.83000000002,143805.89200000002,Feasible,N/A
0.59,0.66,0.99375,0.005,0.00125,0.00625,0.022900763358778626,0.6,2,128,492.062,150.0,143163.83000000002,143805.89200000002,Feasible,N/A
0.59,0.67,0.99375,0.005,0.00125,0.00625,0.022900763358778626,0.6,2,128,492.062,150.0,143163.83000000002,143805.89200000002,Feasible,N/A
0.59,0.68,0.99375,0.005,0.00125,0.00625,0.022900763358778626,0.6,2,128,492.062,150.0,143163.83000000002,143805.89200000002,Feasible,N/A
0.59,0.69,0.99375,0.00625,0.0,0.00625,0.022900763358778626,0.6,2,128,542.062,0.0,143163.83000000002,143705.89200000002,Feasible,N/A
0.59,0.7,0.99375,0.00625,0.0,0.00625,0.022900763358778626,0.6,2,128,542.062,0.0,143163.83000000002,143705.89200000002,Feasible,N/A
0.59,0.71,0.99375,0.00625,0.0,0.00625,0.022900763358778626,0.6,2,128,542.062,0.0,143163.83000000002,143705.89200000002,Feasible,N/A
0.59,0.72,0.99375,0.00625,0.0,0.00625,0.022900763358778626,0.6,2,128,542.062,0.0,143163.83000000002,143705.89200000002,Feasible,N/A
0.59,0.73,0.99375,0.00625,0.0,0.00625,0.022900763358778626,0.6,2,128,542.062,0.0,143163.83000000002,143705.89200000002,Feasible,N/A
0.59,0.74,0.99375,0.00625,0.0,0.00625,0.022900763358778626,0.6,2,128,542.062,0.0,143163.83000000002,143705.89200000002,Feasible,N/A
0.59,0.75,0.99375,0.00625,0.0,0.00625,0.022900763358778626,0.6,2,128,542.062,0.0,143163.83000000002,143705.89200000002,Feasible,N/A
0.59,0.76,0.99375,0.00625,0.0,0.00625,0.022900763358778626,0.6,2,128,542.062,0.0,143163.83000000002,143705.89200000002,Feasible,N/A
0.59,0.77,0.99375,0.00625,0.0,0.00625,0.022900763358778626,0.6,2,128,542.062,0.0,143163.83000000002,143705.89200000002,Feasible,N/A
0.59,0.78,0.99375,0.00625,0.0,0.00625,0.022900763358778626,0.6,2,128,542.062,0.0,143163.83000000002,143705.89200000002,Feasible,N/A
0.59,0.79,0.99375,0.00625,0.0,0.00625,0.022900763358778626,0.6,2,128,542.062,0.0,143163.83000000002,143705.89200000002,Feasible,N/A
0.59,0.8,0.99375,0.00625,0.0,0.00625,0.022900763358778626,0.6,2,128,542.062,0.0,143163.83000000002,143705.89200000002,Feasible,N/A
0.59,0.81,0.99375,0.00625,0.0,0.00625,0.022900763358778626,0.6,2,128,542.062,0.0,143163.83000000002,143705.89200000002,Feasible,N/A
0.59,0.82,0.99375,0.00625,0.0,0.00625,0.022900763358778626,0.6,2,128,542.062,0.0,143163.83000000002,143705.89200000002,Feasible,N/A
0.59,0.83,0.99375,0.00625,0.0,0.00625,0.022900763358778626,0.6,2,128,542.062,0.0,143163.83000000002,143705.89200000002,Feasible,N/A
0.59,0.84,0.99375,0.00625,0.0,0.00625,0.022900763358778626,0.6,2,128,542.062,0.0,143163.83000000002,143705.89200000002,Feasible,N/A
0.59,0.85,0.99375,0.00625,0.0,0.00625,0.022900763358778626,0.6,2,128,542.062,0.0,143163.83000000002,143705.89200000002,Feasible,N/A
0.59,0.86,0.99375,0.00625,0.0,0.00625,0.022900763358778626,0.6,2,128,542.062,0.0,143163.83000000002,143705.89200000002,Feasible,N/A
0.59,0.87,0.99375,0.00625,0.0,0.00625,0.022900763358778626,0.6,2,128,542.062,0.0,143163.83000000002,143705.89200000002,Feasible,N/A
0.59,0.88,0.99375,0.00625,0.0,0.00625,0.022900763358778626,0.6,2,128,542.062,0.0,143163.83000000002,143705.89200000002,Feasible,N/A
0.59,0.89,0.99375,0.00625,0.0,0.00625,0.022900763358778626,0.6,2,128,542.062,0.0,143163.83000000002,143705.89200000002,Feasible,N/A
0.59,0.9,0.99375,0.00625,0.0,0.00625,0.022900763358778626,0.6,2,128,542.062,0.0,143163.83000000002,143705.89200000002,Feasible,N/A
0.59,0.91,0.99375,0.00625,0.0,0.00625,0.022900763358778626,0.6,2,128,542.062,0.0,143163.83000000002,143705.89200000002,Feasible,N/A
0.59,0.92,0.99375,0.00625,0.0,0.00625,0.022900763358778626,0.6,2,128,542.062,0.0,143163.83000000002,143705.89200000002,Feasible,N/A
0.59,0.93,0.99375,0.00625,0.0,0.00625,0.022900763358778626,0.6,2,128,542.062,0.0,143163.83000000002,143705.89200000002,Feasible,N/A
0.59,0.94,0.99375,0.00625,0.0,0.00625,0.022900763358778626,0.6,2,128,542.062,0.0,143163.83000000002,143705.89200000002,Feasible,N/A
0.59,0.95,0.99375,0.00625,0.0,0.00625,0.022900763358778626,0.6,2,128,542.062,0.0,143163.83000000002,143705.89200000002,Feasible,N/A
0.59,0.96,0.99375,0.00625,0.0,0.00625,0.022900763358778626,0.6,2,128,542.062,0.0,143163.83000000002,143705.89200000002,Feasible,N/A
0.59,0.97,0.99375,0.00625,0.0,0.00625,0.022900763358778626,0.6,2,128,542.062,0.0,143163.83000000002,143705.89200000002,Feasible,N/A
0.59,0.98,0.99375,0.00625,0.0,0.00625,0.022900763358778626,0.6,2,128,542.062,0.0,143163.83000000002,143705.89200000002,Feasible,N/A
0.59,0.99,0.99375,0.00625,0.0,0.00625,0.022900763358778626,0.6,2,128,542.062,0.0,143163.83000000002,143705.89200000002,Feasible,N/A
0.6,0.61,0.995,0.0,0.005,0.005,0.015267175572519083,0.5,2,129,0.0,600.0,143983.72999999998,144583.72999999998,Feasible,N/A
0.6,0.62,0.995,0.0,0.005,0.005,0.015267175572519083,0.5,2,129,0.0,600.0,143983.72999999998,144583.72999999998,Feasible,N/A
0.6,0.63,0.995,0.0025,0.0025,0.005,0.015267175572519083,0.5,2,129,237.455,300.0,143983.72999999998,144521.18499999997,Feasible,N/A
0.6,0.64,0.995,0.00375,0.00125,0.005,0.015267175572519083,0.5,2,129,360.072,150.0,143983.72999999998,144493.80199999997,Feasible,N/A
0.6,0.65,0.995,0.00375,0.00125,0.005,0.015267175572519083,0.5,2,129,360.072,150.0,143983.72999999998,144493.80199999997,Feasible,N/A
0.6,0.66,0.995,0.00375,0.00125,0.005,0.015267175572519083,0.5,2,129,360.072,150.0,143983.72999999998,144493.80199999997,Feasible,N/A
0.6,0.67,0.995,0.00375,0.00125,0.005,0.015267175572519083,0.5,2,129,360.072,150.0,143983.72999999998,144493.80199999997,Feasible,N/A
0.6,0.68,0.995,0.00375,0.00125,0.005,0.015267175572519083,0.5,2,129,360.072,150.0,143983.72999999998,144493.80199999997,Feasible,N/A
0.6,0.69,0.995,0.005,0.0,0.005,0.015267175572519083,0.5,2,129,410.072,0.0,143983.72999999998,144393.80199999997,Feasible,N/A
0.6,0.7,0.995,0.005,0.0,0.005,0.015267175572519083,0.5,2,129,410.072,0.0,143983.72999999998,144393.80199999997,Feasible,N/A
0.6,0.71,0.995,0.005,0.0,0.005,0.015267175572519083,0.5,2,129,410.072,0.0,143983.72999999998,144393.80199999997,Feasible,N/A
0.6,0.72,0.995,0.005,0.0,0.005,0.015267175572519083,0.5,2,129,410.072,0.0,143983.72999999998,144393.80199999997,Feasible,N/A
0.6,0.73,0.995,0.005,0.0,0.005,0.015267175572519083,0.5,2,129,410.072,0.0,143983.72999999998,144393.80199999997,Feasible,N/A
0.6,0.74,0.995,0.005,0.0,0.005,0.015267175572519083,0.5,2,129,410.072,0.0,143983.72999999998,144393.80199999997,Feasible,N/A
0.6,0.75,0.995,0.005,0.0,0.005,0.015267175572519083,0.5,2,129,410.072,0.0,143983.72999999998,144393.80199999997,Feasible,N/A
0.6,0.76,0.995,0.005,0.0,0.005,0.015267175572519083,0.5,2,129,410.072,0.0,143983.72999999998,144393.80199999997,Feasible,N/A
0.6,0.77,0.995,0.005,0.0,0.005,0.015267175572519083,0.5,2,129,410.072,0.0,143983.72999999998,144393.80199999997,Feasible,N/A
0.6,0.78,0.995,0.005,0.0,0.005,0.015267175572519083,0.5,2,129,410.072,0.0,143983.72999999998,144393.80199999997,Feasible,N/A
0.6,0.79,0.995,0.005,0.0,0.005,0.015267175572519083,0.5,2,129,410.072,0.0,143983.72999999998,144393.80199999997,Feasible,N/A
0.6,0.8,0.995,0.005,0.0,0.005,0.015267175572519083,0.5,2,129,410.072,0.0,143983.72999999998,144393.80199999997,Feasible,N/A
0.6,0.81,0.995,0.005,0.0,0.005,0.015267175572519083,0.5,2,129,410.072,0.0,143983.72999999998,144393.80199999997,Feasible,N/A
0.6,0.82,0.995,0.005,0.0,0.005,0.015267175572519083,0.5,2,129,410.072,0.0,143983.72999999998,144393.80199999997,Feasible,N/A
0.6,0.83,0.995,0.005,0.0,0.005,0.015267175572519083,0.5,2,129,410.072,0.0,143983.72999999998,144393.80199999997,Feasible,N/A
0.6,0.84,0.995,0.005,0.0,0.005,0.015267175572519083,0.5,2,129,410.072,0.0,143983.72999999998,144393.80199999997,Feasible,N/A
0.6,0.85,0.995,0.005,0.0,0.005,0.015267175572519083,0.5,2,129,410.072,0.0,143983.72999999998,144393.80199999997,Feasible,N/A
0.6,0.86,0.995,0.005,0.0,0.005,0.015267175572519083,0.5,2,129,410.072,0.0,143983.72999999998,144393.80199999997,Feasible,N/A
0.6,0.87,0.995,0.005,0.0,0.005,0.015267175572519083,0.5,2,129,410.072,0.0,143983.72999999998,144393.80199999997,Feasible,N/A
0.6,0.88,0.995,0.005,0.0,0.005,0.015267175572519083,0.5,2,129,410.072,0.0,143983.72999999998,144393.80199999997,Feasible,N/A
0.6,0.89,0.995,0.005,0.0,0.005,0.015267175572519083,0.5,2,129,410.072,0.0,143983.72999999998,144393.80199999997,Feasible,N/A
0.6,0.9,0.995,0.005,0.0,0.005,0.015267175572519083,0.5,2,129,410.072,0.0,143983.72999999998,144393.80199999997,Feasible,N/A
0.6,0.91,0.995,0.005,0.0,0.005,0.015267175572519083,0.5,2,129,410.072,0.0,143983.72999999998,144393.80199999997,Feasible,N/A
0.6,0.92,0.995,0.005,0.0,0.005,0.015267175572519083,0.5,2,129,410.072,0.0,143983.72999999998,144393.80199999997,Feasible,N/A
0.6,0.93,0.995,0.005,0.0,0.005,0.015267175572519083,0.5,2,129,410.072,0.0,143983.72999999998,144393.80199999997,Feasible,N/A
0.6,0.94,0.995,0.005,0.0,0.005,0.015267175572519083,0.5,2,129,410.072,0.0,143983.72999999998,144393.80199999997,Feasible,N/A
0.6,0.95,0.995,0.005,0.0,0.005,0.015267175572519083,0.5,2,129,410.072,0.0,143983.72999999998,144393.80199999997,Feasible,N/A
0.6,0.96,0.995,0.005,0.0,0.005,0.015267175572519083,0.5,2,129,410.072,0.0,143983.72999999998,144393.80199999997,Feasible,N/A
0.6,0.97,0.995,0.005,0.0,0.005,0.015267175572519083,0.5,2,129,410.072,0.0,143983.72999999998,144393.80199999997,Feasible,N/A
0.6,0.98,0.995,0.005,0.0,0.005,0.015267175572519083,0.5,2,129,410.072,0.0,143983.72999999998,144393.80199999997,Feasible,N/A
0.6,0.99,0.995,0.005,0.0,0.005,0.015267175572519083,0.5,2,129,410.072,0.0,143983.72999999998,144393.80199999997,Feasible,N/A
0.61,0.62,0.995,0.0,0.005,0.005,0.015267175572519083,0.5,2,129,0.0,600.0,143983.72999999998,144583.72999999998,Feasible,N/A
0.61,0.63,0.995,0.0025,0.0025,0.005,0.015267175572519083,0.5,2,129,237.455,300.0,143983.72999999998,144521.18499999997,Feasible,N/A
0.61,0.64,0.995,0.00375,0.00125,0.005,0.015267175572519083,0.5,2,129,360.072,150.0,143983.72999999998,144493.80199999997,Feasible,N/A
0.61,0.65,0.995,0.00375,0.00125,0.005,0.015267175572519083,0.5,2,129,360.072,150.0,143983.72999999998,144493.80199999997,Feasible,N/A
0.61,0.66,0.995,0.00375,0.00125,0.005,0.015267175572519083,0.5,2,129,360.072,150.0,143983.72999999998,144493.80199999997,Feasible,N/A
0.61,0.67,0.995,0.00375,0.00125,0.005,0.015267175572519083,0.5,2,129,360.072,150.0,143983.72999999998,144493.80199999997,Feasible,N/A
0.61,0.68,0.995,0.00375,0.00125,0.005,0.015267175572519083,0.5,2,129,360.072,150.0,143983.72999999998,144493.80199999997,Feasible,N/A
0.61,0.69,0.995,0.005,0.0,0.005,0.015267175572519083,0.5,2,129,410.072,0.0,143983.72999999998,144393.80199999997,Feasible,N/A
0.61,0.7,0.995,0.005,0.0,0.005,0.015267175572519083,0.5,2,129,410.072,0.0,143983.72999999998,144393.80199999997,Feasible,N/A
0.61,0.71,0.995,0.005,0.0,0.005,0.015267175572519083,0.5,2,129,410.072,0.0,143983.72999999998,144393.80199999997,Feasible,N/A
0.61,0.72,0.995,0.005,0.0,0.005,0.015267175572519083,0.5,2,129,410.072,0.0,143983.72999999998,144393.80199999997,Feasible,N/A
0.61,0.73,0.995,0.005,0.0,0.005,0.015267175572519083,0.5,2,129,410.072,0.0,143983.72999999998,144393.80199999997,Feasible,N/A
0.61,0.74,0.995,0.005,0.0,0.005,0.015267175572519083,0.5,2,129,410.072,0.0,143983.72999999998,144393.80199999997,Feasible,N/A
0.61,0.75,0.995,0.005,0.0,0.005,0.015267175572519083,0.5,2,129,410.072,0.0,143983.72999999998,144393.80199999997,Feasible,N/A
0.61,0.76,0.995,0.005,0.0,0.005,0.015267175572519083,0.5,2,129,410.072,0.0,143983.72999999998,144393.80199999997,Feasible,N/A
0.61,0.77,0.995,0.005,0.0,0.005,0.015267175572519083,0.5,2,129,410.072,0.0,143983.72999999998,144393.80199999997,Feasible,N/A
0.61,0.78,0.995,0.005,0.0,0.005,0.015267175572519083,0.5,2,129,410.072,0.0,143983.72999999998,144393.80199999997,Feasible,N/A
0.61,0.79,0.995,0.005,0.0,0.005,0.015267175572519083,0.5,2,129,410.072,0.0,143983.72999999998,144393.80199999997,Feasible,N/A
0.61,0.8,0.995,0.005,0.0,0.005,0.015267175572519083,0.5,2,129,410.072,0.0,143983.72999999998,144393.80199999997,Feasible,N/A
0.61,0.81,0.995,0.005,0.0,0.005,0.015267175572519083,0.5,2,129,410.072,0.0,143983.72999999998,144393.80199999997,Feasible,N/A
0.61,0.82,0.995,0.005,0.0,0.005,0.015267175572519083,0.5,2,129,410.072,0.0,143983.72999999998,144393.80199999997,Feasible,N/A
0.61,0.83,0.995,0.005,0.0,0.005,0.015267175572519083,0.5,2,129,410.072,0.0,143983.72999999998,144393.80199999997,Feasible,N/A
0.61,0.84,0.995,0.005,0.0,0.005,0.015267175572519083,0.5,2,129,410.072,0.0,143983.72999999998,144393.80199999997,Feasible,N/A
0.61,0.85,0.995,0.005,0.0,0.005,0.015267175572519083,0.5,2,129,410.072,0.0,143983.72999999998,144393.80199999997,Feasible,N/A
0.61,0.86,0.995,0.005,0.0,0.005,0.015267175572519083,0.5,2,129,410.072,0.0,143983.72999999998,144393.80199999997,Feasible,N/A
0.61,0.87,0.995,0.005,0.0,0.005,0.015267175572519083,0.5,2,129,410.072,0.0,143983.72999999998,144393.80199999997,Feasible,N/A
0.61,0.88,0.995,0.005,0.0,0.005,0.015267175572519083,0.5,2,129,410.072,0.0,143983.72999999998,144393.80199999997,Feasible,N/A
0.61,0.89,0.995,0.005,0.0,0.005,0.015267175572519083,0.5,2,129,410.072,0.0,143983.72999999998,144393.80199999997,Feasible,N/A
0.61,0.9,0.995,0.005,0.0,0.005,0.015267175572519083,0.5,2,129,410.072,0.0,143983.72999999998,144393.80199999997,Feasible,N/A
0.61,0.91,0.995,0.005,0.0,0.005,0.015267175572519083,0.5,2,129,410.072,0.0,143983.72999999998,144393.80199999997,Feasible,N/A
0.61,0.92,0.995,0.005,0.0,0.005,0.015267175572519083,0.5,2,129,410.072,0.0,143983.72999999998,144393.80199999997,Feasible,N/A
0.61,0.93,0.995,0.005,0.0,0.005,0.015267175572519083,0.5,2,129,410.072,0.0,143983.72999999998,144393.80199999997,Feasible,N/A
0.61,0.94,0.995,0.005,0.0,0.005,0.015267175572519083,0.5,2,129,410.072,0.0,143983.72999999998,144393.80199999997,Feasible,N/A
0.61,0.95,0.995,0.005,0.0,0.005,0.015267175572519083,0.5,2,129,410.072,0.0,143983.72999999998,144393.80199999997,Feasible,N/A
0.61,0.96,0.995,0.005,0.0,0.005,0.015267175572519083,0.5,2,129,410.072,0.0,143983.72999999998,144393.80199999997,Feasible,N/A
0.61,0.97,0.995,0.005,0.0,0.005,0.015267175572519083,0.5,2,129,410.072,0.0,143983.72999999998,144393.80199999997,Feasible,N/A
0.61,0.98,0.995,0.005,0.0,0.005,0.015267175572519083,0.5,2,129,410.072,0.0,143983.72999999998,144393.80199999997,Feasible,N/A
0.61,0.99,0.995,0.005,0.0,0.005,0.015267175572519083,0.5,2,129,410.072,0.0,143983.72999999998,144393.80199999997,Feasible,N/A
0.62,0.63,0.995,0.0025,0.0025,0.005,0.015267175572519083,0.5,2,129,237.455,300.0,143983.72999999998,144521.18499999997,Feasible,N/A
0.62,0.64,0.995,0.00375,0.00125,0.005,0.015267175572519083,0.5,2,129,360.072,150.0,143983.72999999998,144493.80199999997,Feasible,N/A
0.62,0.65,0.995,0.00375,0.00125,0.005,0.015267175572519083,0.5,2,129,360.072,150.0,143983.72999999998,144493.80199999997,Feasible,N/A
0.62,0.66,0.995,0.00375,0.00125,0.005,0.015267175572519083,0.5,2,129,360.072,150.0,143983.72999999998,144493.80199999997,Feasible,N/A
0.62,0.67,0.995,0.00375,0.00125,0.005,0.015267175572519083,0.5,2,129,360.072,150.0,143983.72999999998,144493.80199999997,Feasible,N/A
0.62,0.68,0.995,0.00375,0.00125,0.005,0.015267175572519083,0.5,2,129,360.072,150.0,143983.72999999998,144493.80199999997,Feasible,N/A
0.62,0.69,0.995,0.005,0.0,0.005,0.015267175572519083,0.5,2,129,410.072,0.0,143983.72999999998,144393.80199999997,Feasible,N/A
0.62,0.7,0.995,0.005,0.0,0.005,0.015267175572519083,0.5,2,129,410.072,0.0,143983.72999999998,144393.80199999997,Feasible,N/A
0.62,0.71,0.995,0.005,0.0,0.005,0.015267175572519083,0.5,2,129,410.072,0.0,143983.72999999998,144393.80199999997,Feasible,N/A
0.62,0.72,0.995,0.005,0.0,0.005,0.015267175572519083,0.5,2,129,410.072,0.0,143983.72999999998,144393.80199999997,Feasible,N/A
0.62,0.73,0.995,0.005,0.0,0.005,0.015267175572519083,0.5,2,129,410.072,0.0,143983.72999999998,144393.80199999997,Feasible,N/A
0.62,0.74,0.995,0.005,0.0,0.005,0.015267175572519083,0.5,2,129,410.072,0.0,143983.72999999998,144393.80199999997,Feasible,N/A
0.62,0.75,0.995,0.005,0.0,0.005,0.015267175572519083,0.5,2,129,410.072,0.0,143983.72999999998,144393.80199999997,Feasible,N/A
0.62,0.76,0.995,0.005,0.0,0.005,0.015267175572519083,0.5,2,129,410.072,0.0,143983.72999999998,144393.80199999997,Feasible,N/A
0.62,0.77,0.995,0.005,0.0,0.005,0.015267175572519083,0.5,2,129,410.072,0.0,143983.72999999998,144393.80199999997,Feasible,N/A
0.62,0.78,0.995,0.005,0.0,0.005,0.015267175572519083,0.5,2,129,410.072,0.0,143983.72999999998,144393.80199999997,Feasible,N/A
0.62,0.79,0.995,0.005,0.0,0.005,0.015267175572519083,0.5,2,129,410.072,0.0,143983.72999999998,144393.80199999997,Feasible,N/A
0.62,0.8,0.995,0.005,0.0,0.005,0.015267175572519083,0.5,2,129,410.072,0.0,143983.72999999998,144393.80199999997,Feasible,N/A
0.62,0.81,0.995,0.005,0.0,0.005,0.015267175572519083,0.5,2,129,410.072,0.0,143983.72999999998,144393.80199999997,Feasible,N/A
0.62,0.82,0.995,0.005,0.0,0.005,0.015267175572519083,0.5,2,129,410.072,0.0,143983.72999999998,144393.80199999997,Feasible,N/A
0.62,0.83,0.995,0.005,0.0,0.005,0.015267175572519083,0.5,2,129,410.072,0.0,143983.72999999998,144393.80199999997,Feasible,N/A
0.62,0.84,0.995,0.005,0.0,0.005,0.015267175572519083,0.5,2,129,410.072,0.0,143983.72999999998,144393.80199999997,Feasible,N/A
0.62,0.85,0.995,0.005,0.0,0.005,0.015267175572519083,0.5,2,129,410.072,0.0,143983.72999999998,144393.80199999997,Feasible,N/A
0.62,0.86,0.995,0.005,0.0,0.005,0.015267175572519083,0.5,2,129,410.072,0.0,143983.72999999998,144393.80199999997,Feasible,N/A
0.62,0.87,0.995,0.005,0.0,0.005,0.015267175572519083,0.5,2,129,410.072,0.0,143983.72999999998,144393.80199999997,Feasible,N/A
0.62,0.88,0.995,0.005,0.0,0.005,0.015267175572519083,0.5,2,129,410.072,0.0,143983.72999999998,144393.80199999997,Feasible,N/A
0.62,0.89,0.995,0.005,0.0,0.005,0.015267175572519083,0.5,2,129,410.072,0.0,143983.72999999998,144393.80199999997,Feasible,N/A
0.62,0.9,0.995,0.005,0.0,0.005,0.015267175572519083,0.5,2,129,410.072,0.0,143983.72999999998,144393.80199999997,Feasible,N/A
0.62,0.91,0.995,0.005,0.0,0.005,0.015267175572519083,0.5,2,129,410.072,0.0,143983.72999999998,144393.80199999997,Feasible,N/A
0.62,0.92,0.995,0.005,0.0,0.005,0.015267175572519083,0.5,2,129,410.072,0.0,143983.72999999998,144393.80199999997,Feasible,N/A
0.62,0.93,0.995,0.005,0.0,0.005,0.015267175572519083,0.5,2,129,410.072,0.0,143983.72999999998,144393.80199999997,Feasible,N/A
0.62,0.94,0.995,0.005,0.0,0.005,0.015267175572519083,0.5,2,129,410.072,0.0,143983.72999999998,144393.80199999997,Feasible,N/A
0.62,0.95,0.995,0.005,0.0,0.005,0.015267175572519083,0.5,2,129,410.072,0.0,143983.72999999998,144393.80199999997,Feasible,N/A
0.62,0.96,0.995,0.005,0.0,0.005,0.015267175572519083,0.5,2,129,410.072,0.0,143983.72999999998,144393.80199999997,Feasible,N/A
0.62,0.97,0.995,0.005,0.0,0.005,0.015267175572519083,0.5,2,129,410.072,0.0,143983.72999999998,144393.80199999997,Feasible,N/A
0.62,0.98,0.995,0.005,0.0,0.005,0.015267175572519083,0.5,2,129,410.072,0.0,143983.72999999998,144393.80199999997,Feasible,N/A
0.62,0.99,0.995,0.005,0.0,0.005,0.015267175572519083,0.5,2,129,410.072,0.0,143983.72999999998,144393.80199999997,Feasible,N/A
0.63,0.64,0.9975,0.00125,0.00125,0.0025,0.007633587786259542,0.5,1,130,122.617,150.0,145358.28,145630.897,Feasible,N/A
0.63,0.65,0.9975,0.00125,0.00125,0.0025,0.007633587786259542,0.5,1,130,122.617,150.0,145358.28,145630.897,Feasible,N/A
0.63,0.66,0.9975,0.00125,0.00125,0.0025,0.007633587786259542,0.5,1,130,122.617,150.0,145358.28,145630.897,Feasible,N/A
0.63,0.67,0.9975,0.00125,0.00125,0.0025,0.007633587786259542,0.5,1,130,122.617,150.0,145358.28,145630.897,Feasible,N/A
0.63,0.68,0.9975,0.00125,0.00125,0.0025,0.007633587786259542,0.5,1,130,122.617,150.0,145358.28,145630.897,Feasible,N/A
0.63,0.69,0.9975,0.0025,0.0,0.0025,0.007633587786259542,0.5,1,130,172.61700000000002,0.0,145358.28,145530.897,Feasible,N/A
0.63,0.7,0.9975,0.0025,0.0,0.0025,0.007633587786259542,0.5,1,130,172.61700000000002,0.0,145358.28,145530.897,Feasible,N/A
0.63,0.71,0.9975,0.0025,0.0,0.0025,0.007633587786259542,0.5,1,130,172.61700000000002,0.0,145358.28,145530.897,Feasible,N/A
0.63,0.72,0.9975,0.0025,0.0,0.0025,0.007633587786259542,0.5,1,130,172.61700000000002,0.0,145358.28,145530.897,Feasible,N/A
0.63,0.73,0.9975,0.0025,0.0,0.0025,0.007633587786259542,0.5,1,130,172.61700000000002,0.0,145358.28,145530.897,Feasible,N/A
0.63,0.74,0.9975,0.0025,0.0,0.0025,0.007633587786259542,0.5,1,130,172.61700000000002,0.0,145358.28,145530.897,Feasible,N/A
0.63,0.75,0.9975,0.0025,0.0,0.0025,0.007633587786259542,0.5,1,130,172.61700000000002,0.0,145358.28,145530.897,Feasible,N/A
0.63,0.76,0.9975,0.0025,0.0,0.0025,0.007633587786259542,0.5,1,130,172.61700000000002,0.0,145358.28,145530.897,Feasible,N/A
0.63,0.77,0.9975,0.0025,0.0,0.0025,0.007633587786259542,0.5,1,130,172.61700000000002,0.0,145358.28,145530.897,Feasible,N/A
0.63,0.78,0.9975,0.0025,0.0,0.0025,0.007633587786259542,0.5,1,130,172.61700000000002,0.0,145358.28,145530.897,Feasible,N/A
0.63,0.79,0.9975,0.0025,0.0,0.0025,0.007633587786259542,0.5,1,130,172.61700000000002,0.0,145358.28,145530.897,Feasible,N/A
0.63,0.8,0.9975,0.0025,0.0,0.0025,0.007633587786259542,0.5,1,130,172.61700000000002,0.0,145358.28,145530.897,Feasible,N/A
0.63,0.81,0.9975,0.0025,0.0,0.0025,0.007633587786259542,0.5,1,130,172.61700000000002,0.0,145358.28,145530.897,Feasible,N/A
0.63,0.82,0.9975,0.0025,0.0,0.0025,0.007633587786259542,0.5,1,130,172.61700000000002,0.0,145358.28,145530.897,Feasible,N/A
0.63,0.83,0.9975,0.0025,0.0,0.0025,0.007633587786259542,0.5,1,130,172.61700000000002,0.0,145358.28,145530.897,Feasible,N/A
0.63,0.84,0.9975,0.0025,0.0,0.0025,0.007633587786259542,0.5,1,130,172.61700000000002,0.0,145358.28,145530.897,Feasible,N/A
0.63,0.85,0.9975,0.0025,0.0,0.0025,0.007633587786259542,0.5,1,130,172.61700000000002,0.0,145358.28,145530.897,Feasible,N/A
0.63,0.86,0.9975,0.0025,0.0,0.0025,0.007633587786259542,0.5,1,130,172.61700000000002,0.0,145358.28,145530.897,Feasible,N/A
0.63,0.87,0.9975,0.0025,0.0,0.0025,0.007633587786259542,0.5,1,130,172.61700000000002,0.0,145358.28,145530.897,Feasible,N/A
0.63,0.88,0.9975,0.0025,0.0,0.0025,0.007633587786259542,0.5,1,130,172.61700000000002,0.0,145358.28,145530.897,Feasible,N/A
0.63,0.89,0.9975,0.0025,0.0,0.0025,0.007633587786259542,0.5,1,130,172.61700000000002,0.0,145358.28,145530.897,Feasible,N/A
0.63,0.9,0.9975,0.0025,0.0,0.0025,0.007633587786259542,0.5,1,130,172.61700000000002,0.0,145358.28,145530.897,Feasible,N/A
0.63,0.91,0.9975,0.0025,0.0,0.0025,0.007633587786259542,0.5,1,130,172.61700000000002,0.0,145358.28,145530.897,Feasible,N/A
0.63,0.92,0.9975,0.0025,0.0,0.0025,0.007633587786259542,0.5,1,130,172.61700000000002,0.0,145358.28,145530.897,Feasible,N/A
0.63,0.93,0.9975,0.0025,0.0,0.0025,0.007633587786259542,0.5,1,130,172.61700000000002,0.0,145358.28,145530.897,Feasible,N/A
0.63,0.94,0.9975,0.0025,0.0,0.0025,0.007633587786259542,0.5,1,130,172.61700000000002,0.0,145358.28,145530.897,Feasible,N/A
0.63,0.95,0.9975,0.0025,0.0,0.0025,0.007633587786259542,0.5,1,130,172.61700000000002,0.0,145358.28,145530.897,Feasible,N/A
0.63,0.96,0.9975,0.0025,0.0,0.0025,0.007633587786259542,0.5,1,130,172.61700000000002,0.0,145358.28,145530.897,Feasible,N/A
0.63,0.97,0.9975,0.0025,0.0,0.0025,0.007633587786259542,0.5,1,130,172.61700000000002,0.0,145358.28,145530.897,Feasible,N/A
0.63,0.98,0.9975,0.0025,0.0,0.0025,0.007633587786259542,0.5,1,130,172.61700000000002,0.0,145358.28,145530.897,Feasible,N/A
0.63,0.99,0.9975,0.0025,0.0,0.0025,0.007633587786259542,0.5,1,130,172.61700000000002,0.0,145358.28,145530.897,Feasible,N/A
0.64,0.65,0.99875,0.0,0.00125,0.00125,0.0,0.0,1,131,0.0,150.0,146084.44999999998,146234.44999999998,Feasible,N/A
0.64,0.66,0.99875,0.0,0.00125,0.00125,0.0,0.0,1,131,0.0,150.0,146084.44999999998,146234.44999999998,Feasible,N/A
0.64,0.67,0.99875,0.0,0.00125,0.00125,0.0,0.0,1,131,0.0,150.0,146084.44999999998,146234.44999999998,Feasible,N/A
0.64,0.68,0.99875,0.0,0.00125,0.00125,0.0,0.0,1,131,0.0,150.0,146084.44999999998,146234.44999999998,Feasible,N/A
0.64,0.69,0.99875,0.00125,0.0,0.00125,0.0,0.0,1,131,50.0,0.0,146084.44999999998,146134.44999999998,Feasible,N/A
0.64,0.7,0.99875,0.00125,0.0,0.00125,0.0,0.0,1,131,50.0,0.0,146084.44999999998,146134.44999999998,Feasible,N/A
0.64,0.71,0.99875,0.00125,0.0,0.00125,0.0,0.0,1,131,50.0,0.0,146084.44999999998,146134.44999999998,Feasible,N/A
0.64,0.72,0.99875,0.00125,0.0,0.00125,0.0,0.0,1,131,50.0,0.0,146084.44999999998,146134.44999999998,Feasible,N/A
0.64,0.73,0.99875,0.00125,0.0,0.00125,0.0,0.0,1,131,50.0,0.0,146084.44999999998,146134.44999999998,Feasible,N/A
0.64,0.74,0.99875,0.00125,0.0,0.00125,0.0,0.0,1,131,50.0,0.0,146084.44999999998,146134.44999999998,Feasible,N/A
0.64,0.75,0.99875,0.00125,0.0,0.00125,0.0,0.0,1,131,50.0,0.0,146084.44999999998,146134.44999999998,Feasible,N/A
0.64,0.76,0.99875,0.00125,0.0,0.00125,0.0,0.0,1,131,50.0,0.0,146084.44999999998,146134.44999999998,Feasible,N/A
0.64,0.77,0.99875,0.00125,0.0,0.00125,0.0,0.0,1,131,50.0,0.0,146084.44999999998,146134.44999999998,Feasible,N/A
0.64,0.78,0.99875,0.00125,0.0,0.00125,0.0,0.0,1,131,50.0,0.0,146084.44999999998,146134.44999999998,Feasible,N/A
0.64,0.79,0.99875,0.00125,0.0,0.00125,0.0,0.0,1,131,50.0,0.0,146084.44999999998,146134.44999999998,Feasible,N/A
0.64,0.8,0.99875,0.00125,0.0,0.00125,0.0,0.0,1,131,50.0,0.0,146084.44999999998,146134.44999999998,Feasible,N/A
0.64,0.81,0.99875,0.00125,0.0,0.00125,0.0,0.0,1,131,50.0,0.0,146084.44999999998,146134.44999999998,Feasible,N/A
0.64,0.82,0.99875,0.00125,0.0,0.00125,0.0,0.0,1,131,50.0,0.0,146084.44999999998,146134.44999999998,Feasible,N/A
0.64,0.83,0.99875,0.00125,0.0,0.00125,0.0,0.0,1,131,50.0,0.0,146084.44999999998,146134.44999999998,Feasible,N/A
0.64,0.84,0.99875,0.00125,0.0,0.00125,0.0,0.0,1,131,50.0,0.0,146084.44999999998,146134.44999999998,Feasible,N/A
0.64,0.85,0.99875,0.00125,0.0,0.00125,0.0,0.0,1,131,50.0,0.0,146084.44999999998,146134.44999999998,Feasible,N/A
0.64,0.86,0.99875,0.00125,0.0,0.00125,0.0,0.0,1,131,50.0,0.0,146084.44999999998,146134.44999999998,Feasible,N/A
0.64,0.87,0.99875,0.00125,0.0,0.00125,0.0,0.0,1,131,50.0,0.0,146084.44999999998,146134.44999999998,Feasible,N/A
0.64,0.88,0.99875,0.00125,0.0,0.00125,0.0,0.0,1,131,50.0,0.0,146084.44999999998,146134.44999999998,Feasible,N/A
0.64,0.89,0.99875,0.00125,0.0,0.00125,0.0,0.0,1,131,50.0,0.0,146084.44999999998,146134.44999999998,Feasible,N/A
0.64,0.9,0.99875,0.00125,0.0,0.00125,0.0,0.0,1,131,50.0,0.0,146084.44999999998,146134.44999999998,Feasible,N/A
0.64,0.91,0.99875,0.00125,0.0,0.00125,0.0,0.0,1,131,50.0,0.0,146084.44999999998,146134.44999999998,Feasible,N/A
0.64,0.92,0.99875,0.00125,0.0,0.00125,0.0,0.0,1,131,50.0,0.0,146084.44999999998,146134.44999999998,Feasible,N/A
0.64,0.93,0.99875,0.00125,0.0,0.00125,0.0,0.0,1,131,50.0,0.0,146084.44999999998,146134.44999999998,Feasible,N/A
0.64,0.94,0.99875,0.00125,0.0,0.00125,0.0,0.0,1,131,50.0,0.0,146084.44999999998,146134.44999999998,Feasible,N/A
0.64,0.95,0.99875,0.00125,0.0,0.00125,0.0,0.0,1,131,50.0,0.0,146084.44999999998,146134.44999999998,Feasible,N/A
0.64,0.96,0.99875,0.00125,0.0,0.00125,0.0,0.0,1,131,50.0,0.0,146084.44999999998,146134.44999999998,Feasible,N/A
0.64,0.97,0.99875,0.00125,0.0,0.00125,0.0,0.0,1,131,50.0,0.0,146084.44999999998,146134.44999999998,Feasible,N/A
0.64,0.98,0.99875,0.00125,0.0,0.00125,0.0,0.0,1,131,50.0,0.0,146084.44999999998,146134.44999999998,Feasible,N/A
0.64,0.99,0.99875,0.00125,0.0,0.00125,0.0,0.0,1,131,50.0,0.0,146084.44999999998,146134.44999999998,Feasible,N/A
0.65,0.66,0.99875,0.0,0.00125,0.00125,0.0,0.0,1,131,0.0,150.0,146084.44999999998,146234.44999999998,Feasible,N/A
0.65,0.67,0.99875,0.0,0.00125,0.00125,0.0,0.0,1,131,0.0,150.0,146084.44999999998,146234.44999999998,Feasible,N/A
0.65,0.68,0.99875,0.0,0.00125,0.00125,0.0,0.0,1,131,0.0,150.0,146084.44999999998,146234.44999999998,Feasible,N/A
0.65,0.69,0.99875,0.00125,0.0,0.00125,0.0,0.0,1,131,50.0,0.0,146084.44999999998,146134.44999999998,Feasible,N/A
0.65,0.7,0.99875,0.00125,0.0,0.00125,0.0,0.0,1,131,50.0,0.0,146084.44999999998,146134.44999999998,Feasible,N/A
0.65,0.71,0.99875,0.00125,0.0,0.00125,0.0,0.0,1,131,50.0,0.0,146084.44999999998,146134.44999999998,Feasible,N/A
0.65,0.72,0.99875,0.00125,0.0,0.00125,0.0,0.0,1,131,50.0,0.0,146084.44999999998,146134.44999999998,Feasible,N/A
0.65,0.73,0.99875,0.00125,0.0,0.00125,0.0,0.0,1,131,50.0,0.0,146084.44999999998,146134.44999999998,Feasible,N/A
0.65,0.74,0.99875,0.00125,0.0,0.00125,0.0,0.0,1,131,50.0,0.0,146084.44999999998,146134.44999999998,Feasible,N/A
0.65,0.75,0.99875,0.00125,0.0,0.00125,0.0,0.0,1,131,50.0,0.0,146084.44999999998,146134.44999999998,Feasible,N/A
0.65,0.76,0.99875,0.00125,0.0,0.00125,0.0,0.0,1,131,50.0,0.0,146084.44999999998,146134.44999999998,Feasible,N/A
0.65,0.77,0.99875,0.00125,0.0,0.00125,0.0,0.0,1,131,50.0,0.0,146084.44999999998,146134.44999999998,Feasible,N/A
0.65,0.78,0.99875,0.00125,0.0,0.00125,0.0,0.0,1,131,50.0,0.0,146084.44999999998,146134.44999999998,Feasible,N/A
0.65,0.79,0.99875,0.00125,0.0,0.00125,0.0,0.0,1,131,50.0,0.0,146084.44999999998,146134.44999999998,Feasible,N/A
0.65,0.8,0.99875,0.00125,0.0,0.00125,0.0,0.0,1,131,50.0,0.0,146084.44999999998,146134.44999999998,Feasible,N/A
0.65,0.81,0.99875,0.00125,0.0,0.00125,0.0,0.0,1,131,50.0,0.0,146084.44999999998,146134.44999999998,Feasible,N/A
0.65,0.82,0.99875,0.00125,0.0,0.00125,0.0,0.0,1,131,50.0,0.0,146084.44999999998,146134.44999999998,Feasible,N/A
0.65,0.83,0.99875,0.00125,0.0,0.00125,0.0,0.0,1,131,50.0,0.0,146084.44999999998,146134.44999999998,Feasible,N/A
0.65,0.84,0.99875,0.00125,0.0,0.00125,0.0,0.0,1,131,50.0,0.0,146084.44999999998,146134.44999999998,Feasible,N/A
0.65,0.85,0.99875,0.00125,0.0,0.00125,0.0,0.0,1,131,50.0,0.0,146084.44999999998,146134.44999999998,Feasible,N/A
0.65,0.86,0.99875,0.00125,0.0,0.00125,0.0,0.0,1,131,50.0,0.0,146084.44999999998,146134.44999999998,Feasible,N/A
0.65,0.87,0.99875,0.00125,0.0,0.00125,0.0,0.0,1,131,50.0,0.0,146084.44999999998,146134.44999999998,Feasible,N/A
0.65,0.88,0.99875,0.00125,0.0,0.00125,0.0,0.0,1,131,50.0,0.0,146084.44999999998,146134.44999999998,Feasible,N/A
0.65,0.89,0.99875,0.00125,0.0,0.00125,0.0,0.0,1,131,50.0,0.0,146084.44999999998,146134.44999999998,Feasible,N/A
0.65,0.9,0.99875,0.00125,0.0,0.00125,0.0,0.0,1,131,50.0,0.0,146084.44999999998,146134.44999999998,Feasible,N/A
0.65,0.91,0.99875,0.00125,0.0,0.00125,0.0,0.0,1,131,50.0,0.0,146084.44999999998,146134.44999999998,Feasible,N/A
0.65,0.92,0.99875,0.00125,0.0,0.00125,0.0,0.0,1,131,50.0,0.0,146084.44999999998,146134.44999999998,Feasible,N/A
0.65,0.93,0.99875,0.00125,0.0,0.00125,0.0,0.0,1,131,50.0,0.0,146084.44999999998,146134.44999999998,Feasible,N/A
0.65,0.94,0.99875,0.00125,0.0,0.00125,0.0,0.0,1,131,50.0,0.0,146084.44999999998,146134.44999999998,Feasible,N/A
0.65,0.95,0.99875,0.00125,0.0,0.00125,0.0,0.0,1,131,50.0,0.0,146084.44999999998,146134.44999999998,Feasible,N/A
0.65,0.96,0.99875,0.00125,0.0,0.00125,0.0,0.0,1,131,50.0,0.0,146084.44999999998,146134.44999999998,Feasible,N/A
0.65,0.97,0.99875,0.00125,0.0,0.00125,0.0,0.0,1,131,50.0,0.0,146084.44999999998,146134.44999999998,Feasible,N/A
0.65,0.98,0.99875,0.00125,0.0,0.00125,0.0,0.0,1,131,50.0,0.0,146084.44999999998,146134.44999999998,Feasible,N/A
0.65,0.99,0.99875,0.00125,0.0,0.00125,0.0,0.0,1,131,50.0,0.0,146084.44999999998,146134.44999999998,Feasible,N/A
0.66,0.67,0.99875,0.0,0.00125,0.00125,0.0,0.0,1,131,0.0,150.0,146084.44999999998,146234.44999999998,Feasible,N/A
0.66,0.68,0.99875,0.0,0.00125,0.00125,0.0,0.0,1,131,0.0,150.0,146084.44999999998,146234.44999999998,Feasible,N/A
0.66,0.69,0.99875,0.00125,0.0,0.00125,0.0,0.0,1,131,50.0,0.0,146084.44999999998,146134.44999999998,Feasible,N/A
0.66,0.7,0.99875,0.00125,0.0,0.00125,0.0,0.0,1,131,50.0,0.0,146084.44999999998,146134.44999999998,Feasible,N/A
0.66,0.71,0.99875,0.00125,0.0,0.00125,0.0,0.0,1,131,50.0,0.0,146084.44999999998,146134.44999999998,Feasible,N/A
0.66,0.72,0.99875,0.00125,0.0,0.00125,0.0,0.0,1,131,50.0,0.0,146084.44999999998,146134.44999999998,Feasible,N/A
0.66,0.73,0.99875,0.00125,0.0,0.00125,0.0,0.0,1,131,50.0,0.0,146084.44999999998,146134.44999999998,Feasible,N/A
0.66,0.74,0.99875,0.00125,0.0,0.00125,0.0,0.0,1,131,50.0,0.0,146084.44999999998,146134.44999999998,Feasible,N/A
0.66,0.75,0.99875,0.00125,0.0,0.00125,0.0,0.0,1,131,50.0,0.0,146084.44999999998,146134.44999999998,Feasible,N/A
0.66,0.76,0.99875,0.00125,0.0,0.00125,0.0,0.0,1,131,50.0,0.0,146084.44999999998,146134.44999999998,Feasible,N/A
0.66,0.77,0.99875,0.00125,0.0,0.00125,0.0,0.0,1,131,50.0,0.0,146084.44999999998,146134.44999999998,Feasible,N/A
0.66,0.78,0.99875,0.00125,0.0,0.00125,0.0,0.0,1,131,50.0,0.0,146084.44999999998,146134.44999999998,Feasible,N/A
0.66,0.79,0.99875,0.00125,0.0,0.00125,0.0,0.0,1,131,50.0,0.0,146084.44999999998,146134.44999999998,Feasible,N/A
0.66,0.8,0.99875,0.00125,0.0,0.00125,0.0,0.0,1,131,50.0,0.0,146084.44999999998,146134.44999999998,Feasible,N/A
0.66,0.81,0.99875,0.00125,0.0,0.00125,0.0,0.0,1,131,50.0,0.0,146084.44999999998,146134.44999999998,Feasible,N/A
0.66,0.82,0.99875,0.00125,0.0,0.00125,0.0,0.0,1,131,50.0,0.0,146084.44999999998,146134.44999999998,Feasible,N/A
0.66,0.83,0.99875,0.00125,0.0,0.00125,0.0,0.0,1,131,50.0,0.0,146084.44999999998,146134.44999999998,Feasible,N/A
0.66,0.84,0.99875,0.00125,0.0,0.00125,0.0,0.0,1,131,50.0,0.0,146084.44999999998,146134.44999999998,Feasible,N/A
0.66,0.85,0.99875,0.00125,0.0,0.00125,0.0,0.0,1,131,50.0,0.0,146084.44999999998,146134.44999999998,Feasible,N/A
0.66,0.86,0.99875,0.00125,0.0,0.00125,0.0,0.0,1,131,50.0,0.0,146084.44999999998,146134.44999999998,Feasible,N/A
0.66,0.87,0.99875,0.00125,0.0,0.00125,0.0,0.0,1,131,50.0,0.0,146084.44999999998,146134.44999999998,Feasible,N/A
0.66,0.88,0.99875,0.00125,0.0,0.00125,0.0,0.0,1,131,50.0,0.0,146084.44999999998,146134.44999999998,Feasible,N/A
0.66,0.89,0.99875,0.00125,0.0,0.00125,0.0,0.0,1,131,50.0,0.0,146084.44999999998,146134.44999999998,Feasible,N/A
0.66,0.9,0.99875,0.00125,0.0,0.00125,0.0,0.0,1,131,50.0,0.0,146084.44999999998,146134.44999999998,Feasible,N/A
0.66,0.91,0.99875,0.00125,0.0,0.00125,0.0,0.0,1,131,50.0,0.0,146084.44999999998,146134.44999999998,Feasible,N/A
0.66,0.92,0.99875,0.00125,0.0,0.00125,0.0,0.0,1,131,50.0,0.0,146084.44999999998,146134.44999999998,Feasible,N/A
0.66,0.93,0.99875,0.00125,0.0,0.00125,0.0,0.0,1,131,50.0,0.0,146084.44999999998,146134.44999999998,Feasible,N/A
0.66,0.94,0.99875,0.00125,0.0,0.00125,0.0,0.0,1,131,50.0,0.0,146084.44999999998,146134.44999999998,Feasible,N/A
0.66,0.95,0.99875,0.00125,0.0,0.00125,0.0,0.0,1,131,50.0,0.0,146084.44999999998,146134.44999999998,Feasible,N/A
0.66,0.96,0.99875,0.00125,0.0,0.00125,0.0,0.0,1,131,50.0,0.0,146084.44999999998,146134.44999999998,Feasible,N/A
0.66,0.97,0.99875,0.00125,0.0,0.00125,0.0,0.0,1,131,50.0,0.0,146084.44999999998,146134.44999999998,Feasible,N/A
0.66,0.98,0.99875,0.00125,0.0,0.00125,0.0,0.0,1,131,50.0,0.0,146084.44999999998,146134.44999999998,Feasible,N/A
0.66,0.99,0.99875,0.00125,0.0,0.00125,0.0,0.0,1,131,50.0,0.0,146084.44999999998,146134.44999999998,Feasible,N/A
0.67,0.68,0.99875,0.0,0.00125,0.00125,0.0,0.0,1,131,0.0,150.0,146084.44999999998,146234.44999999998,Feasible,N/A
0.67,0.69,0.99875,0.00125,0.0,0.00125,0.0,0.0,1,131,50.0,0.0,146084.44999999998,146134.44999999998,Feasible,N/A
0.67,0.7,0.99875,0.00125,0.0,0.00125,0.0,0.0,1,131,50.0,0.0,146084.44999999998,146134.44999999998,Feasible,N/A
0.67,0.71,0.99875,0.00125,0.0,0.00125,0.0,0.0,1,131,50.0,0.0,146084.44999999998,146134.44999999998,Feasible,N/A
0.67,0.72,0.99875,0.00125,0.0,0.00125,0.0,0.0,1,131,50.0,0.0,146084.44999999998,146134.44999999998,Feasible,N/A
0.67,0.73,0.99875,0.00125,0.0,0.00125,0.0,0.0,1,131,50.0,0.0,146084.44999999998,146134.44999999998,Feasible,N/A
0.67,0.74,0.99875,0.00125,0.0,0.00125,0.0,0.0,1,131,50.0,0.0,146084.44999999998,146134.44999999998,Feasible,N/A
0.67,0.75,0.99875,0.00125,0.0,0.00125,0.0,0.0,1,131,50.0,0.0,146084.44999999998,146134.44999999998,Feasible,N/A
0.67,0.76,0.99875,0.00125,0.0,0.00125,0.0,0.0,1,131,50.0,0.0,146084.44999999998,146134.44999999998,Feasible,N/A
0.67,0.77,0.99875,0.00125,0.0,0.00125,0.0,0.0,1,131,50.0,0.0,146084.44999999998,146134.44999999998,Feasible,N/A
0.67,0.78,0.99875,0.00125,0.0,0.00125,0.0,0.0,1,131,50.0,0.0,146084.44999999998,146134.44999999998,Feasible,N/A
0.67,0.79,0.99875,0.00125,0.0,0.00125,0.0,0.0,1,131,50.0,0.0,146084.44999999998,146134.44999999998,Feasible,N/A
0.67,0.8,0.99875,0.00125,0.0,0.00125,0.0,0.0,1,131,50.0,0.0,146084.44999999998,146134.44999999998,Feasible,N/A
0.67,0.81,0.99875,0.00125,0.0,0.00125,0.0,0.0,1,131,50.0,0.0,146084.44999999998,146134.44999999998,Feasible,N/A
0.67,0.82,0.99875,0.00125,0.0,0.00125,0.0,0.0,1,131,50.0,0.0,146084.44999999998,146134.44999999998,Feasible,N/A
0.67,0.83,0.99875,0.00125,0.0,0.00125,0.0,0.0,1,131,50.0,0.0,146084.44999999998,146134.44999999998,Feasible,N/A
0.67,0.84,0.99875,0.00125,0.0,0.00125,0.0,0.0,1,131,50.0,0.0,146084.44999999998,146134.44999999998,Feasible,N/A
0.67,0.85,0.99875,0.00125,0.0,0.00125,0.0,0.0,1,131,50.0,0.0,146084.44999999998,146134.44999999998,Feasible,N/A
0.67,0.86,0.99875,0.00125,0.0,0.00125,0.0,0.0,1,131,50.0,0.0,146084.44999999998,146134.44999999998,Feasible,N/A
0.67,0.87,0.99875,0.00125,0.0,0.00125,0.0,0.0,1,131,50.0,0.0,146084.44999999998,146134.44999999998,Feasible,N/A
0.67,0.88,0.99875,0.00125,0.0,0.00125,0.0,0.0,1,131,50.0,0.0,146084.44999999998,146134.44999999998,Feasible,N/A
0.67,0.89,0.99875,0.00125,0.0,0.00125,0.0,0.0,1,131,50.0,0.0,146084.44999999998,146134.44999999998,Feasible,N/A
0.67,0.9,0.99875,0.00125,0.0,0.00125,0.0,0.0,1,131,50.0,0.0,146084.44999999998,146134.44999999998,Feasible,N/A
0.67,0.91,0.99875,0.00125,0.0,0.00125,0.0,0.0,1,131,50.0,0.0,146084.44999999998,146134.44999999998,Feasible,N/A
0.67,0.92,0.99875,0.00125,0.0,0.00125,0.0,0.0,1,131,50.0,0.0,146084.44999999998,146134.44999999998,Feasible,N/A
0.67,0.93,0.99875,0.00125,0.0,0.00125,0.0,0.0,1,131,50.0,0.0,146084.44999999998,146134.44999999998,Feasible,N/A
0.67,0.94,0.99875,0.00125,0.0,0.00125,0.0,0.0,1,131,50.0,0.0,146084.44999999998,146134.44999999998,Feasible,N/A
0.67,0.95,0.99875,0.00125,0.0,0.00125,0.0,0.0,1,131,50.0,0.0,146084.44999999998,146134.44999999998,Feasible,N/A
0.67,0.96,0.99875,0.00125,0.0,0.00125,0.0,0.0,1,131,50.0,0.0,146084.44999999998,146134.44999999998,Feasible,N/A
0.67,0.97,0.99875,0.00125,0.0,0.00125,0.0,0.0,1,131,50.0,0.0,146084.44999999998,146134.44999999998,Feasible,N/A
0.67,0.98,0.99875,0.00125,0.0,0.00125,0.0,0.0,1,131,50.0,0.0,146084.44999999998,146134.44999999998,Feasible,N/A
0.67,0.99,0.99875,0.00125,0.0,0.00125,0.0,0.0,1,131,50.0,0.0,146084.44999999998,146134.44999999998,Feasible,N/A
0.68,0.69,0.99875,0.00125,0.0,0.00125,0.0,0.0,1,131,50.0,0.0,146084.44999999998,146134.44999999998,Feasible,N/A
0.68,0.7,0.99875,0.00125,0.0,0.00125,0.0,0.0,1,131,50.0,0.0,146084.44999999998,146134.44999999998,Feasible,N/A
0.68,0.71,0.99875,0.00125,0.0,0.00125,0.0,0.0,1,131,50.0,0.0,146084.44999999998,146134.44999999998,Feasible,N/A
0.68,0.72,0.99875,0.00125,0.0,0.00125,0.0,0.0,1,131,50.0,0.0,146084.44999999998,146134.44999999998,Feasible,N/A
0.68,0.73,0.99875,0.00125,0.0,0.00125,0.0,0.0,1,131,50.0,0.0,146084.44999999998,146134.44999999998,Feasible,N/A
0.68,0.74,0.99875,0.00125,0.0,0.00125,0.0,0.0,1,131,50.0,0.0,146084.44999999998,146134.44999999998,Feasible,N/A
0.68,0.75,0.99875,0.00125,0.0,0.00125,0.0,0.0,1,131,50.0,0.0,146084.44999999998,146134.44999999998,Feasible,N/A
0.68,0.76,0.99875,0.00125,0.0,0.00125,0.0,0.0,1,131,50.0,0.0,146084.44999999998,146134.44999999998,Feasible,N/A
0.68,0.77,0.99875,0.00125,0.0,0.00125,0.0,0.0,1,131,50.0,0.0,146084.44999999998,146134.44999999998,Feasible,N/A
0.68,0.78,0.99875,0.00125,0.0,0.00125,0.0,0.0,1,131,50.0,0.0,146084.44999999998,146134.44999999998,Feasible,N/A
0.68,0.79,0.99875,0.00125,0.0,0.00125,0.0,0.0,1,131,50.0,0.0,146084.44999999998,146134.44999999998,Feasible,N/A
0.68,0.8,0.99875,0.00125,0.0,0.00125,0.0,0.0,1,131,50.0,0.0,146084.44999999998,146134.44999999998,Feasible,N/A
0.68,0.81,0.99875,0.00125,0.0,0.00125,0.0,0.0,1,131,50.0,0.0,146084.44999999998,146134.44999999998,Feasible,N/A
0.68,0.82,0.99875,0.00125,0.0,0.00125,0.0,0.0,1,131,50.0,0.0,146084.44999999998,146134.44999999998,Feasible,N/A
0.68,0.83,0.99875,0.00125,0.0,0.00125,0.0,0.0,1,131,50.0,0.0,146084.44999999998,146134.44999999998,Feasible,N/A
0.68,0.84,0.99875,0.00125,0.0,0.00125,0.0,0.0,1,131,50.0,0.0,146084.44999999998,146134.44999999998,Feasible,N/A
0.68,0.85,0.99875,0.00125,0.0,0.00125,0.0,0.0,1,131,50.0,0.0,146084.44999999998,146134.44999999998,Feasible,N/A
0.68,0.86,0.99875,0.00125,0.0,0.00125,0.0,0.0,1,131,50.0,0.0,146084.44999999998,146134.44999999998,Feasible,N/A
0.68,0.87,0.99875,0.00125,0.0,0.00125,0.0,0.0,1,131,50.0,0.0,146084.44999999998,146134.44999999998,Feasible,N/A
0.68,0.88,0.99875,0.00125,0.0,0.00125,0.0,0.0,1,131,50.0,0.0,146084.44999999998,146134.44999999998,Feasible,N/A
0.68,0.89,0.99875,0.00125,0.0,0.00125,0.0,0.0,1,131,50.0,0.0,146084.44999999998,146134.44999999998,Feasible,N/A
0.68,0.9,0.99875,0.00125,0.0,0.00125,0.0,0.0,1,131,50.0,0.0,146084.44999999998,146134.44999999998,Feasible,N/A
0.68,0.91,0.99875,0.00125,0.0,0.00125,0.0,0.0,1,131,50.0,0.0,146084.44999999998,146134.44999999998,Feasible,N/A
0.68,0.92,0.99875,0.00125,0.0,0.00125,0.0,0.0,1,131,50.0,0.0,146084.44999999998,146134.44999999998,Feasible,N/A
0.68,0.93,0.99875,0.00125,0.0,0.00125,0.0,0.0,1,131,50.0,0.0,146084.44999999998,146134.44999999998,Feasible,N/A
0.68,0.94,0.99875,0.00125,0.0,0.00125,0.0,0.0,1,131,50.0,0.0,146084.44999999998,146134.44999999998,Feasible,N/A
0.68,0.95,0.99875,0.00125,0.0,0.00125,0.0,0.0,1,131,50.0,0.0,146084.44999999998,146134.44999999998,Feasible,N/A
0.68,0.96,0.99875,0.00125,0.0,0.00125,0.0,0.0,1,131,50.0,0.0,146084.44999999998,146134.44999999998,Feasible,N/A
0.68,0.97,0.99875,0.00125,0.0,0.00125,0.0,0.0,1,131,50.0,0.0,146084.44999999998,146134.44999999998,Feasible,N/A
0.68,0.98,0.99875,0.00125,0.0,0.00125,0.0,0.0,1,131,50.0,0.0,146084.44999999998,146134.44999999998,Feasible,N/A
0.68,0.99,0.99875,0.00125,0.0,0.00125,0.0,0.0,1,131,50.0,0.0,146084.44999999998,146134.44999999998,Feasible,N/A
0.69,0.7,1.0,0.0,0.0,0.0,0.0,0.0,0,131,0.0,0.0,146084.44999999998,146084.44999999998,Feasible,N/A
0.69,0.71,1.0,0.0,0.0,0.0,0.0,0.0,0,131,0.0,0.0,146084.44999999998,146084.44999999998,Feasible,N/A
0.69,0.72,1.0,0.0,0.0,0.0,0.0,0.0,0,131,0.0,0.0,146084.44999999998,146084.44999999998,Feasible,N/A
0.69,0.73,1.0,0.0,0.0,0.0,0.0,0.0,0,131,0.0,0.0,146084.44999999998,146084.44999999998,Feasible,N/A
0.69,0.74,1.0,0.0,0.0,0.0,0.0,0.0,0,131,0.0,0.0,146084.44999999998,146084.44999999998,Feasible,N/A
0.69,0.75,1.0,0.0,0.0,0.0,0.0,0.0,0,131,0.0,0.0,146084.44999999998,146084.44999999998,Feasible,N/A
0.69,0.76,1.0,0.0,0.0,0.0,0.0,0.0,0,131,0.0,0.0,146084.44999999998,146084.44999999998,Feasible,N/A
0.69,0.77,1.0,0.0,0.0,0.0,0.0,0.0,0,131,0.0,0.0,146084.44999999998,146084.44999999998,Feasible,N/A
0.69,0.78,1.0,0.0,0.0,0.0,0.0,0.0,0,131,0.0,0.0,146084.44999999998,146084.44999999998,Feasible,N/A
0.69,0.79,1.0,0.0,0.0,0.0,0.0,0.0,0,131,0.0,0.0,146084.44999999998,146084.44999999998,Feasible,N/A
0.69,0.8,1.0,0.0,0.0,0.0,0.0,0.0,0,131,0.0,0.0,146084.44999999998,146084.44999999998,Feasible,N/A
0.69,0.81,1.0,0.0,0.0,0.0,0.0,0.0,0,131,0.0,0.0,146084.44999999998,146084.44999999998,Feasible,N/A
0.69,0.82,1.0,0.0,0.0,0.0,0.0,0.0,0,131,0.0,0.0,146084.44999999998,146084.44999999998,Feasible,N/A
0.69,0.83,1.0,0.0,0.0,0.0,0.0,0.0,0,131,0.0,0.0,146084.44999999998,146084.44999999998,Feasible,N/A
0.69,0.84,1.0,0.0,0.0,0.0,0.0,0.0,0,131,0.0,0.0,146084.44999999998,146084.44999999998,Feasible,N/A
0.69,0.85,1.0,0.0,0.0,0.0,0.0,0.0,0,131,0.0,0.0,146084.44999999998,146084.44999999998,Feasible,N/A
0.69,0.86,1.0,0.0,0.0,0.0,0.0,0.0,0,131,0.0,0.0,146084.44999999998,146084.44999999998,Feasible,N/A
0.69,0.87,1.0,0.0,0.0,0.0,0.0,0.0,0,131,0.0,0.0,146084.44999999998,146084.44999999998,Feasible,N/A
0.69,0.88,1.0,0.0,0.0,0.0,0.0,0.0,0,131,0.0,0.0,146084.44999999998,146084.44999999998,Feasible,N/A
0.69,0.89,1.0,0.0,0.0,0.0,0.0,0.0,0,131,0.0,0.0,146084.44999999998,146084.44999999998,Feasible,N/A
0.69,0.9,1.0,0.0,0.0,0.0,0.0,0.0,0,131,0.0,0.0,146084.44999999998,146084.44999999998,Feasible,N/A
0.69,0.91,1.0,0.0,0.0,0.0,0.0,0.0,0,131,0.0,0.0,146084.44999999998,146084.44999999998,Feasible,N/A
0.69,0.92,1.0,0.0,0.0,0.0,0.0,0.0,0,131,0.0,0.0,146084.44999999998,146084.44999999998,Feasible,N/A
0.69,0.93,1.0,0.0,0.0,0.0,0.0,0.0,0,131,0.0,0.0,146084.44999999998,146084.44999999998,Feasible,N/A
0.69,0.94,1.0,0.0,0.0,0.0,0.0,0.0,0,131,0.0,0.0,146084.44999999998,146084.44999999998,Feasible,N/A
0.69,0.95,1.0,0.0,0.0,0.0,0.0,0.0,0,131,0.0,0.0,146084.44999999998,146084.44999999998,Feasible,N/A
0.69,0.96,1.0,0.0,0.0,0.0,0.0,0.0,0,131,0.0,0.0,146084.44999999998,146084.44999999998,Feasible,N/A
0.69,0.97,1.0,0.0,0.0,0.0,0.0,0.0,0,131,0.0,0.0,146084.44999999998,146084.44999999998,Feasible,N/A
0.69,0.98,1.0,0.0,0.0,0.0,0.0,0.0,0,131,0.0,0.0,146084.44999999998,146084.44999999998,Feasible,N/A
0.69,0.99,1.0,0.0,0.0,0.0,0.0,0.0,0,131,0.0,0.0,146084.44999999998,146084.44999999998,Feasible,N/A
0.7,0.71,1.0,0.0,0.0,0.0,0.0,0.0,0,131,0.0,0.0,146084.44999999998,146084.44999999998,Feasible,N/A
0.7,0.72,1.0,0.0,0.0,0.0,0.0,0.0,0,131,0.0,0.0,146084.44999999998,146084.44999999998,Feasible,N/A
0.7,0.73,1.0,0.0,0.0,0.0,0.0,0.0,0,131,0.0,0.0,146084.44999999998,146084.44999999998,Feasible,N/A
0.7,0.74,1.0,0.0,0.0,0.0,0.0,0.0,0,131,0.0,0.0,146084.44999999998,146084.44999999998,Feasible,N/A
0.7,0.75,1.0,0.0,0.0,0.0,0.0,0.0,0,131,0.0,0.0,146084.44999999998,146084.44999999998,Feasible,N/A
0.7,0.76,1.0,0.0,0.0,0.0,0.0,0.0,0,131,0.0,0.0,146084.44999999998,146084.44999999998,Feasible,N/A
0.7,0.77,1.0,0.0,0.0,0.0,0.0,0.0,0,131,0.0,0.0,146084.44999999998,146084.44999999998,Feasible,N/A
0.7,0.78,1.0,0.0,0.0,0.0,0.0,0.0,0,131,0.0,0.0,146084.44999999998,146084.44999999998,Feasible,N/A
0.7,0.79,1.0,0.0,0.0,0.0,0.0,0.0,0,131,0.0,0.0,146084.44999999998,146084.44999999998,Feasible,N/A
0.7,0.8,1.0,0.0,0.0,0.0,0.0,0.0,0,131,0.0,0.0,146084.44999999998,146084.44999999998,Feasible,N/A
0.7,0.81,1.0,0.0,0.0,0.0,0.0,0.0,0,131,0.0,0.0,146084.44999999998,146084.44999999998,Feasible,N/A
0.7,0.82,1.0,0.0,0.0,0.0,0.0,0.0,0,131,0.0,0.0,146084.44999999998,146084.44999999998,Feasible,N/A
0.7,0.83,1.0,0.0,0.0,0.0,0.0,0.0,0,131,0.0,0.0,146084.44999999998,146084.44999999998,Feasible,N/A
0.7,0.84,1.0,0.0,0.0,0.0,0.0,0.0,0,131,0.0,0.0,146084.44999999998,146084.44999999998,Feasible,N/A
0.7,0.85,1.0,0.0,0.0,0.0,0.0,0.0,0,131,0.0,0.0,146084.44999999998,146084.44999999998,Feasible,N/A
0.7,0.86,1.0,0.0,0.0,0.0,0.0,0.0,0,131,0.0,0.0,146084.44999999998,146084.44999999998,Feasible,N/A
0.7,0.87,1.0,0.0,0.0,0.0,0.0,0.0,0,131,0.0,0.0,146084.44999999998,146084.44999999998,Feasible,N/A
0.7,0.88,1.0,0.0,0.0,0.0,0.0,0.0,0,131,0.0,0.0,146084.44999999998,146084.44999999998,Feasible,N/A
0.7,0.89,1.0,0.0,0.0,0.0,0.0,0.0,0,131,0.0,0.0,146084.44999999998,146084.44999999998,Feasible,N/A
0.7,0.9,1.0,0.0,0.0,0.0,0.0,0.0,0,131,0.0,0.0,146084.44999999998,146084.44999999998,Feasible,N/A
0.7,0.91,1.0,0.0,0.0,0.0,0.0,0.0,0,131,0.0,0.0,146084.44999999998,146084.44999999998,Feasible,N/A
0.7,0.92,1.0,0.0,0.0,0.0,0.0,0.0,0,131,0.0,0.0,146084.44999999998,146084.44999999998,Feasible,N/A
0.7,0.93,1.0,0.0,0.0,0.0,0.0,0.0,0,131,0.0,0.0,146084.44999999998,146084.44999999998,Feasible,N/A
0.7,0.94,1.0,0.0,0.0,0.0,0.0,0.0,0,131,0.0,0.0,146084.44999999998,146084.44999999998,Feasible,N/A
0.7,0.95,1.0,0.0,0.0,0.0,0.0,0.0,0,131,0.0,0.0,146084.44999999998,146084.44999999998,Feasible,N/A
0.7,0.96,1.0,0.0,0.0,0.0,0.0,0.0,0,131,0.0,0.0,146084.44999999998,146084.44999999998,Feasible,N/A
0.7,0.97,1.0,0.0,0.0,0.0,0.0,0.0,0,131,0.0,0.0,146084.44999999998,146084.44999999998,Feasible,N/A
0.7,0.98,1.0,0.0,0.0,0.0,0.0,0.0,0,131,0.0,0.0,146084.44999999998,146084.44999999998,Feasible,N/A
0.7,0.99,1.0,0.0,0.0,0.0,0.0,0.0,0,131,0.0,0.0,146084.44999999998,146084.44999999998,Feasible,N/A
0.71,0.72,1.0,0.0,0.0,0.0,0.0,0.0,0,131,0.0,0.0,146084.44999999998,146084.44999999998,Feasible,N/A
0.71,0.73,1.0,0.0,0.0,0.0,0.0,0.0,0,131,0.0,0.0,146084.44999999998,146084.44999999998,Feasible,N/A
0.71,0.74,1.0,0.0,0.0,0.0,0.0,0.0,0,131,0.0,0.0,146084.44999999998,146084.44999999998,Feasible,N/A
0.71,0.75,1.0,0.0,0.0,0.0,0.0,0.0,0,131,0.0,0.0,146084.44999999998,146084.44999999998,Feasible,N/A
0.71,0.76,1.0,0.0,0.0,0.0,0.0,0.0,0,131,0.0,0.0,146084.44999999998,146084.44999999998,Feasible,N/A
0.71,0.77,1.0,0.0,0.0,0.0,0.0,0.0,0,131,0.0,0.0,146084.44999999998,146084.44999999998,Feasible,N/A
0.71,0.78,1.0,0.0,0.0,0.0,0.0,0.0,0,131,0.0,0.0,146084.44999999998,146084.44999999998,Feasible,N/A
0.71,0.79,1.0,0.0,0.0,0.0,0.0,0.0,0,131,0.0,0.0,146084.44999999998,146084.44999999998,Feasible,N/A
0.71,0.8,1.0,0.0,0.0,0.0,0.0,0.0,0,131,0.0,0.0,146084.44999999998,146084.44999999998,Feasible,N/A
0.71,0.81,1.0,0.0,0.0,0.0,0.0,0.0,0,131,0.0,0.0,146084.44999999998,146084.44999999998,Feasible,N/A
0.71,0.82,1.0,0.0,0.0,0.0,0.0,0.0,0,131,0.0,0.0,146084.44999999998,146084.44999999998,Feasible,N/A
0.71,0.83,1.0,0.0,0.0,0.0,0.0,0.0,0,131,0.0,0.0,146084.44999999998,146084.44999999998,Feasible,N/A
0.71,0.84,1.0,0.0,0.0,0.0,0.0,0.0,0,131,0.0,0.0,146084.44999999998,146084.44999999998,Feasible,N/A
0.71,0.85,1.0,0.0,0.0,0.0,0.0,0.0,0,131,0.0,0.0,146084.44999999998,146084.44999999998,Feasible,N/A
0.71,0.86,1.0,0.0,0.0,0.0,0.0,0.0,0,131,0.0,0.0,146084.44999999998,146084.44999999998,Feasible,N/A
0.71,0.87,1.0,0.0,0.0,0.0,0.0,0.0,0,131,0.0,0.0,146084.44999999998,146084.44999999998,Feasible,N/A
0.71,0.88,1.0,0.0,0.0,0.0,0.0,0.0,0,131,0.0,0.0,146084.44999999998,146084.44999999998,Feasible,N/A
0.71,0.89,1.0,0.0,0.0,0.0,0.0,0.0,0,131,0.0,0.0,146084.44999999998,146084.44999999998,Feasible,N/A
0.71,0.9,1.0,0.0,0.0,0.0,0.0,0.0,0,131,0.0,0.0,146084.44999999998,146084.44999999998,Feasible,N/A
0.71,0.91,1.0,0.0,0.0,0.0,0.0,0.0,0,131,0.0,0.0,146084.44999999998,146084.44999999998,Feasible,N/A
0.71,0.92,1.0,0.0,0.0,0.0,0.0,0.0,0,131,0.0,0.0,146084.44999999998,146084.44999999998,Feasible,N/A
0.71,0.93,1.0,0.0,0.0,0.0,0.0,0.0,0,131,0.0,0.0,146084.44999999998,146084.44999999998,Feasible,N/A
0.71,0.94,1.0,0.0,0.0,0.0,0.0,0.0,0,131,0.0,0.0,146084.44999999998,146084.44999999998,Feasible,N/A
0.71,0.95,1.0,0.0,0.0,0.0,0.0,0.0,0,131,0.0,0.0,146084.44999999998,146084.44999999998,Feasible,N/A
0.71,0.96,1.0,0.0,0.0,0.0,0.0,0.0,0,131,0.0,0.0,146084.44999999998,146084.44999999998,Feasible,N/A
0.71,0.97,1.0,0.0,0.0,0.0,0.0,0.0,0,131,0.0,0.0,146084.44999999998,146084.44999999998,Feasible,N/A
0.71,0.98,1.0,0.0,0.0,0.0,0.0,0.0,0,131,0.0,0.0,146084.44999999998,146084.44999999998,Feasible,N/A
0.71,0.99,1.0,0.0,0.0,0.0,0.0,0.0,0,131,0.0,0.0,146084.44999999998,146084.44999999998,Feasible,N/A
0.72,0.73,1.0,0.0,0.0,0.0,0.0,0.0,0,131,0.0,0.0,146084.44999999998,146084.44999999998,Feasible,N/A
0.72,0.74,1.0,0.0,0.0,0.0,0.0,0.0,0,131,0.0,0.0,146084.44999999998,146084.44999999998,Feasible,N/A
0.72,0.75,1.0,0.0,0.0,0.0,0.0,0.0,0,131,0.0,0.0,146084.44999999998,146084.44999999998,Feasible,N/A
0.72,0.76,1.0,0.0,0.0,0.0,0.0,0.0,0,131,0.0,0.0,146084.44999999998,146084.44999999998,Feasible,N/A
0.72,0.77,1.0,0.0,0.0,0.0,0.0,0.0,0,131,0.0,0.0,146084.44999999998,146084.44999999998,Feasible,N/A
0.72,0.78,1.0,0.0,0.0,0.0,0.0,0.0,0,131,0.0,0.0,146084.44999999998,146084.44999999998,Feasible,N/A
0.72,0.79,1.0,0.0,0.0,0.0,0.0,0.0,0,131,0.0,0.0,146084.44999999998,146084.44999999998,Feasible,N/A
0.72,0.8,1.0,0.0,0.0,0.0,0.0,0.0,0,131,0.0,0.0,146084.44999999998,146084.44999999998,Feasible,N/A
0.72,0.81,1.0,0.0,0.0,0.0,0.0,0.0,0,131,0.0,0.0,146084.44999999998,146084.44999999998,Feasible,N/A
0.72,0.82,1.0,0.0,0.0,0.0,0.0,0.0,0,131,0.0,0.0,146084.44999999998,146084.44999999998,Feasible,N/A
0.72,0.83,1.0,0.0,0.0,0.0,0.0,0.0,0,131,0.0,0.0,146084.44999999998,146084.44999999998,Feasible,N/A
0.72,0.84,1.0,0.0,0.0,0.0,0.0,0.0,0,131,0.0,0.0,146084.44999999998,146084.44999999998,Feasible,N/A
0.72,0.85,1.0,0.0,0.0,0.0,0.0,0.0,0,131,0.0,0.0,146084.44999999998,146084.44999999998,Feasible,N/A
0.72,0.86,1.0,0.0,0.0,0.0,0.0,0.0,0,131,0.0,0.0,146084.44999999998,146084.44999999998,Feasible,N/A
0.72,0.87,1.0,0.0,0.0,0.0,0.0,0.0,0,131,0.0,0.0,146084.44999999998,146084.44999999998,Feasible,N/A
0.72,0.88,1.0,0.0,0.0,0.0,0.0,0.0,0,131,0.0,0.0,146084.44999999998,146084.44999999998,Feasible,N/A
0.72,0.89,1.0,0.0,0.0,0.0,0.0,0.0,0,131,0.0,0.0,146084.44999999998,146084.44999999998,Feasible,N/A
0.72,0.9,1.0,0.0,0.0,0.0,0.0,0.0,0,131,0.0,0.0,146084.44999999998,146084.44999999998,Feasible,N/A
0.72,0.91,1.0,0.0,0.0,0.0,0.0,0.0,0,131,0.0,0.0,146084.44999999998,146084.44999999998,Feasible,N/A
0.72,0.92,1.0,0.0,0.0,0.0,0.0,0.0,0,131,0.0,0.0,146084.44999999998,146084.44999999998,Feasible,N/A
0.72,0.93,1.0,0.0,0.0,0.0,0.0,0.0,0,131,0.0,0.0,146084.44999999998,146084.44999999998,Feasible,N/A
0.72,0.94,1.0,0.0,0.0,0.0,0.0,0.0,0,131,0.0,0.0,146084.44999999998,146084.44999999998,Feasible,N/A
0.72,0.95,1.0,0.0,0.0,0.0,0.0,0.0,0,131,0.0,0.0,146084.44999999998,146084.44999999998,Feasible,N/A
0.72,0.96,1.0,0.0,0.0,0.0,0.0,0.0,0,131,0.0,0.0,146084.44999999998,146084.44999999998,Feasible,N/A
0.72,0.97,1.0,0.0,0.0,0.0,0.0,0.0,0,131,0.0,0.0,146084.44999999998,146084.44999999998,Feasible,N/A
0.72,0.98,1.0,0.0,0.0,0.0,0.0,0.0,0,131,0.0,0.0,146084.44999999998,146084.44999999998,Feasible,N/A
0.72,0.99,1.0,0.0,0.0,0.0,0.0,0.0,0,131,0.0,0.0,146084.44999999998,146084.44999999998,Feasible,N/A
0.73,0.74,1.0,0.0,0.0,0.0,0.0,0.0,0,131,0.0,0.0,146084.44999999998,146084.44999999998,Feasible,N/A
0.73,0.75,1.0,0.0,0.0,0.0,0.0,0.0,0,131,0.0,0.0,146084.44999999998,146084.44999999998,Feasible,N/A
0.73,0.76,1.0,0.0,0.0,0.0,0.0,0.0,0,131,0.0,0.0,146084.44999999998,146084.44999999998,Feasible,N/A
0.73,0.77,1.0,0.0,0.0,0.0,0.0,0.0,0,131,0.0,0.0,146084.44999999998,146084.44999999998,Feasible,N/A
0.73,0.78,1.0,0.0,0.0,0.0,0.0,0.0,0,131,0.0,0.0,146084.44999999998,146084.44999999998,Feasible,N/A
0.73,0.79,1.0,0.0,0.0,0.0,0.0,0.0,0,131,0.0,0.0,146084.44999999998,146084.44999999998,Feasible,N/A
0.73,0.8,1.0,0.0,0.0,0.0,0.0,0.0,0,131,0.0,0.0,146084.44999999998,146084.44999999998,Feasible,N/A
0.73,0.81,1.0,0.0,0.0,0.0,0.0,0.0,0,131,0.0,0.0,146084.44999999998,146084.44999999998,Feasible,N/A
0.73,0.82,1.0,0.0,0.0,0.0,0.0,0.0,0,131,0.0,0.0,146084.44999999998,146084.44999999998,Feasible,N/A
0.73,0.83,1.0,0.0,0.0,0.0,0.0,0.0,0,131,0.0,0.0,146084.44999999998,146084.44999999998,Feasible,N/A
0.73,0.84,1.0,0.0,0.0,0.0,0.0,0.0,0,131,0.0,0.0,146084.44999999998,146084.44999999998,Feasible,N/A
0.73,0.85,1.0,0.0,0.0,0.0,0.0,0.0,0,131,0.0,0.0,146084.44999999998,146084.44999999998,Feasible,N/A
0.73,0.86,1.0,0.0,0.0,0.0,0.0,0.0,0,131,0.0,0.0,146084.44999999998,146084.44999999998,Feasible,N/A
0.73,0.87,1.0,0.0,0.0,0.0,0.0,0.0,0,131,0.0,0.0,146084.44999999998,146084.44999999998,Feasible,N/A
0.73,0.88,1.0,0.0,0.0,0.0,0.0,0.0,0,131,0.0,0.0,146084.44999999998,146084.44999999998,Feasible,N/A
0.73,0.89,1.0,0.0,0.0,0.0,0.0,0.0,0,131,0.0,0.0,146084.44999999998,146084.44999999998,Feasible,N/A
0.73,0.9,1.0,0.0,0.0,0.0,0.0,0.0,0,131,0.0,0.0,146084.44999999998,146084.44999999998,Feasible,N/A
0.73,0.91,1.0,0.0,0.0,0.0,0.0,0.0,0,131,0.0,0.0,146084.44999999998,146084.44999999998,Feasible,N/A
0.73,0.92,1.0,0.0,0.0,0.0,0.0,0.0,0,131,0.0,0.0,146084.44999999998,146084.44999999998,Feasible,N/A
0.73,0.93,1.0,0.0,0.0,0.0,0.0,0.0,0,131,0.0,0.0,146084.44999999998,146084.44999999998,Feasible,N/A
0.73,0.94,1.0,0.0,0.0,0.0,0.0,0.0,0,131,0.0,0.0,146084.44999999998,146084.44999999998,Feasible,N/A
0.73,0.95,1.0,0.0,0.0,0.0,0.0,0.0,0,131,0.0,0.0,146084.44999999998,146084.44999999998,Feasible,N/A
0.73,0.96,1.0,0.0,0.0,0.0,0.0,0.0,0,131,0.0,0.0,146084.44999999998,146084.44999999998,Feasible,N/A
0.73,0.97,1.0,0.0,0.0,0.0,0.0,0.0,0,131,0.0,0.0,146084.44999999998,146084.44999999998,Feasible,N/A
0.73,0.98,1.0,0.0,0.0,0.0,0.0,0.0,0,131,0.0,0.0,146084.44999999998,146084.44999999998,Feasible,N/A
0.73,0.99,1.0,0.0,0.0,0.0,0.0,0.0,0,131,0.0,0.0,146084.44999999998,146084.44999999998,Feasible,N/A
0.74,0.75,1.0,0.0,0.0,0.0,0.0,0.0,0,131,0.0,0.0,146084.44999999998,146084.44999999998,Feasible,N/A
0.74,0.76,1.0,0.0,0.0,0.0,0.0,0.0,0,131,0.0,0.0,146084.44999999998,146084.44999999998,Feasible,N/A
0.74,0.77,1.0,0.0,0.0,0.0,0.0,0.0,0,131,0.0,0.0,146084.44999999998,146084.44999999998,Feasible,N/A
0.74,0.78,1.0,0.0,0.0,0.0,0.0,0.0,0,131,0.0,0.0,146084.44999999998,146084.44999999998,Feasible,N/A
0.74,0.79,1.0,0.0,0.0,0.0,0.0,0.0,0,131,0.0,0.0,146084.44999999998,146084.44999999998,Feasible,N/A
0.74,0.8,1.0,0.0,0.0,0.0,0.0,0.0,0,131,0.0,0.0,146084.44999999998,146084.44999999998,Feasible,N/A
0.74,0.81,1.0,0.0,0.0,0.0,0.0,0.0,0,131,0.0,0.0,146084.44999999998,146084.44999999998,Feasible,N/A
0.74,0.82,1.0,0.0,0.0,0.0,0.0,0.0,0,131,0.0,0.0,146084.44999999998,146084.44999999998,Feasible,N/A
0.74,0.83,1.0,0.0,0.0,0.0,0.0,0.0,0,131,0.0,0.0,146084.44999999998,146084.44999999998,Feasible,N/A
0.74,0.84,1.0,0.0,0.0,0.0,0.0,0.0,0,131,0.0,0.0,146084.44999999998,146084.44999999998,Feasible,N/A
0.74,0.85,1.0,0.0,0.0,0.0,0.0,0.0,0,131,0.0,0.0,146084.44999999998,146084.44999999998,Feasible,N/A
0.74,0.86,1.0,0.0,0.0,0.0,0.0,0.0,0,131,0.0,0.0,146084.44999999998,146084.44999999998,Feasible,N/A
0.74,0.87,1.0,0.0,0.0,0.0,0.0,0.0,0,131,0.0,0.0,146084.44999999998,146084.44999999998,Feasible,N/A
0.74,0.88,1.0,0.0,0.0,0.0,0.0,0.0,0,131,0.0,0.0,146084.44999999998,146084.44999999998,Feasible,N/A
0.74,0.89,1.0,0.0,0.0,0.0,0.0,0.0,0,131,0.0,0.0,146084.44999999998,146084.44999999998,Feasible,N/A
0.74,0.9,1.0,0.0,0.0,0.0,0.0,0.0,0,131,0.0,0.0,146084.44999999998,146084.44999999998,Feasible,N/A
0.74,0.91,1.0,0.0,0.0,0.0,0.0,0.0,0,131,0.0,0.0,146084.44999999998,146084.44999999998,Feasible,N/A
0.74,0.92,1.0,0.0,0.0,0.0,0.0,0.0,0,131,0.0,0.0,146084.44999999998,146084.44999999998,Feasible,N/A
0.74,0.93,1.0,0.0,0.0,0.0,0.0,0.0,0,131,0.0,0.0,146084.44999999998,146084.44999999998,Feasible,N/A
0.74,0.94,1.0,0.0,0.0,0.0,0.0,0.0,0,131,0.0,0.0,146084.44999999998,146084.44999999998,Feasible,N/A
0.74,0.95,1.0,0.0,0.0,0.0,0.0,0.0,0,131,0.0,0.0,146084.44999999998,146084.44999999998,Feasible,N/A
0.74,0.96,1.0,0.0,0.0,0.0,0.0,0.0,0,131,0.0,0.0,146084.44999999998,146084.44999999998,Feasible,N/A
0.74,0.97,1.0,0.0,0.0,0.0,0.0,0.0,0,131,0.0,0.0,146084.44999999998,146084.44999999998,Feasible,N/A
0.74,0.98,1.0,0.0,0.0,0.0,0.0,0.0,0,131,0.0,0.0,146084.44999999998,146084.44999999998,Feasible,N/A
0.74,0.99,1.0,0.0,0.0,0.0,0.0,0.0,0,131,0.0,0.0,146084.44999999998,146084.44999999998,Feasible,N/A
0.75,0.76,1.0,0.0,0.0,0.0,0.0,0.0,0,131,0.0,0.0,146084.44999999998,146084.44999999998,Feasible,N/A
0.75,0.77,1.0,0.0,0.0,0.0,0.0,0.0,0,131,0.0,0.0,146084.44999999998,146084.44999999998,Feasible,N/A
0.75,0.78,1.0,0.0,0.0,0.0,0.0,0.0,0,131,0.0,0.0,146084.44999999998,146084.44999999998,Feasible,N/A
0.75,0.79,1.0,0.0,0.0,0.0,0.0,0.0,0,131,0.0,0.0,146084.44999999998,146084.44999999998,Feasible,N/A
0.75,0.8,1.0,0.0,0.0,0.0,0.0,0.0,0,131,0.0,0.0,146084.44999999998,146084.44999999998,Feasible,N/A
0.75,0.81,1.0,0.0,0.0,0.0,0.0,0.0,0,131,0.0,0.0,146084.44999999998,146084.44999999998,Feasible,N/A
0.75,0.82,1.0,0.0,0.0,0.0,0.0,0.0,0,131,0.0,0.0,146084.44999999998,146084.44999999998,Feasible,N/A
0.75,0.83,1.0,0.0,0.0,0.0,0.0,0.0,0,131,0.0,0.0,146084.44999999998,146084.44999999998,Feasible,N/A
0.75,0.84,1.0,0.0,0.0,0.0,0.0,0.0,0,131,0.0,0.0,146084.44999999998,146084.44999999998,Feasible,N/A
0.75,0.85,1.0,0.0,0.0,0.0,0.0,0.0,0,131,0.0,0.0,146084.44999999998,146084.44999999998,Feasible,N/A
0.75,0.86,1.0,0.0,0.0,0.0,0.0,0.0,0,131,0.0,0.0,146084.44999999998,146084.44999999998,Feasible,N/A
0.75,0.87,1.0,0.0,0.0,0.0,0.0,0.0,0,131,0.0,0.0,146084.44999999998,146084.44999999998,Feasible,N/A
0.75,0.88,1.0,0.0,0.0,0.0,0.0,0.0,0,131,0.0,0.0,146084.44999999998,146084.44999999998,Feasible,N/A
0.75,0.89,1.0,0.0,0.0,0.0,0.0,0.0,0,131,0.0,0.0,146084.44999999998,146084.44999999998,Feasible,N/A
0.75,0.9,1.0,0.0,0.0,0.0,0.0,0.0,0,131,0.0,0.0,146084.44999999998,146084.44999999998,Feasible,N/A
0.75,0.91,1.0,0.0,0.0,0.0,0.0,0.0,0,131,0.0,0.0,146084.44999999998,146084.44999999998,Feasible,N/A
0.75,0.92,1.0,0.0,0.0,0.0,0.0,0.0,0,131,0.0,0.0,146084.44999999998,146084.44999999998,Feasible,N/A
0.75,0.93,1.0,0.0,0.0,0.0,0.0,0.0,0,131,0.0,0.0,146084.44999999998,146084.44999999998,Feasible,N/A
0.75,0.94,1.0,0.0,0.0,0.0,0.0,0.0,0,131,0.0,0.0,146084.44999999998,146084.44999999998,Feasible,N/A
0.75,0.95,1.0,0.0,0.0,0.0,0.0,0.0,0,131,0.0,0.0,146084.44999999998,146084.44999999998,Feasible,N/A
0.75,0.96,1.0,0.0,0.0,0.0,0.0,0.0,0,131,0.0,0.0,146084.44999999998,146084.44999999998,Feasible,N/A
0.75,0.97,1.0,0.0,0.0,0.0,0.0,0.0,0,131,0.0,0.0,146084.44999999998,146084.44999999998,Feasible,N/A
0.75,0.98,1.0,0.0,0.0,0.0,0.0,0.0,0,131,0.0,0.0,146084.44999999998,146084.44999999998,Feasible,N/A
0.75,0.99,1.0,0.0,0.0,0.0,0.0,0.0,0,131,0.0,0.0,146084.44999999998,146084.44999999998,Feasible,N/A
0.76,0.77,1.0,0.0,0.0,0.0,0.0,0.0,0,131,0.0,0.0,146084.44999999998,146084.44999999998,Feasible,N/A
0.76,0.78,1.0,0.0,0.0,0.0,0.0,0.0,0,131,0.0,0.0,146084.44999999998,146084.44999999998,Feasible,N/A
0.76,0.79,1.0,0.0,0.0,0.0,0.0,0.0,0,131,0.0,0.0,146084.44999999998,146084.44999999998,Feasible,N/A
0.76,0.8,1.0,0.0,0.0,0.0,0.0,0.0,0,131,0.0,0.0,146084.44999999998,146084.44999999998,Feasible,N/A
0.76,0.81,1.0,0.0,0.0,0.0,0.0,0.0,0,131,0.0,0.0,146084.44999999998,146084.44999999998,Feasible,N/A
0.76,0.82,1.0,0.0,0.0,0.0,0.0,0.0,0,131,0.0,0.0,146084.44999999998,146084.44999999998,Feasible,N/A
0.76,0.83,1.0,0.0,0.0,0.0,0.0,0.0,0,131,0.0,0.0,146084.44999999998,146084.44999999998,Feasible,N/A
0.76,0.84,1.0,0.0,0.0,0.0,0.0,0.0,0,131,0.0,0.0,146084.44999999998,146084.44999999998,Feasible,N/A
0.76,0.85,1.0,0.0,0.0,0.0,0.0,0.0,0,131,0.0,0.0,146084.44999999998,146084.44999999998,Feasible,N/A
0.76,0.86,1.0,0.0,0.0,0.0,0.0,0.0,0,131,0.0,0.0,146084.44999999998,146084.44999999998,Feasible,N/A
0.76,0.87,1.0,0.0,0.0,0.0,0.0,0.0,0,131,0.0,0.0,146084.44999999998,146084.44999999998,Feasible,N/A
0.76,0.88,1.0,0.0,0.0,0.0,0.0,0.0,0,131,0.0,0.0,146084.44999999998,146084.44999999998,Feasible,N/A
0.76,0.89,1.0,0.0,0.0,0.0,0.0,0.0,0,131,0.0,0.0,146084.44999999998,146084.44999999998,Feasible,N/A
0.76,0.9,1.0,0.0,0.0,0.0,0.0,0.0,0,131,0.0,0.0,146084.44999999998,146084.44999999998,Feasible,N/A
0.76,0.91,1.0,0.0,0.0,0.0,0.0,0.0,0,131,0.0,0.0,146084.44999999998,146084.44999999998,Feasible,N/A
0.76,0.92,1.0,0.0,0.0,0.0,0.0,0.0,0,131,0.0,0.0,146084.44999999998,146084.44999999998,Feasible,N/A
0.76,0.93,1.0,0.0,0.0,0.0,0.0,0.0,0,131,0.0,0.0,146084.44999999998,146084.44999999998,Feasible,N/A
0.76,0.94,1.0,0.0,0.0,0.0,0.0,0.0,0,131,0.0,0.0,146084.44999999998,146084.44999999998,Feasible,N/A
0.76,0.95,1.0,0.0,0.0,0.0,0.0,0.0,0,131,0.0,0.0,146084.44999999998,146084.44999999998,Feasible,N/A
0.76,0.96,1.0,0.0,0.0,0.0,0.0,0.0,0,131,0.0,0.0,146084.44999999998,146084.44999999998,Feasible,N/A
0.76,0.97,1.0,0.0,0.0,0.0,0.0,0.0,0,131,0.0,0.0,146084.44999999998,146084.44999999998,Feasible,N/A
0.76,0.98,1.0,0.0,0.0,0.0,0.0,0.0,0,131,0.0,0.0,146084.44999999998,146084.44999999998,Feasible,N/A
0.76,0.99,1.0,0.0,0.0,0.0,0.0,0.0,0,131,0.0,0.0,146084.44999999998,146084.44999999998,Feasible,N/A
0.77,0.78,1.0,0.0,0.0,0.0,0.0,0.0,0,131,0.0,0.0,146084.44999999998,146084.44999999998,Feasible,N/A
0.77,0.79,1.0,0.0,0.0,0.0,0.0,0.0,0,131,0.0,0.0,146084.44999999998,146084.44999999998,Feasible,N/A
0.77,0.8,1.0,0.0,0.0,0.0,0.0,0.0,0,131,0.0,0.0,146084.44999999998,146084.44999999998,Feasible,N/A
0.77,0.81,1.0,0.0,0.0,0.0,0.0,0.0,0,131,0.0,0.0,146084.44999999998,146084.44999999998,Feasible,N/A
0.77,0.82,1.0,0.0,0.0,0.0,0.0,0.0,0,131,0.0,0.0,146084.44999999998,146084.44999999998,Feasible,N/A
0.77,0.83,1.0,0.0,0.0,0.0,0.0,0.0,0,131,0.0,0.0,146084.44999999998,146084.44999999998,Feasible,N/A
0.77,0.84,1.0,0.0,0.0,0.0,0.0,0.0,0,131,0.0,0.0,146084.44999999998,146084.44999999998,Feasible,N/A
0.77,0.85,1.0,0.0,0.0,0.0,0.0,0.0,0,131,0.0,0.0,146084.44999999998,146084.44999999998,Feasible,N/A
0.77,0.86,1.0,0.0,0.0,0.0,0.0,0.0,0,131,0.0,0.0,146084.44999999998,146084.44999999998,Feasible,N/A
0.77,0.87,1.0,0.0,0.0,0.0,0.0,0.0,0,131,0.0,0.0,146084.44999999998,146084.44999999998,Feasible,N/A
0.77,0.88,1.0,0.0,0.0,0.0,0.0,0.0,0,131,0.0,0.0,146084.44999999998,146084.44999999998,Feasible,N/A
0.77,0.89,1.0,0.0,0.0,0.0,0.0,0.0,0,131,0.0,0.0,146084.44999999998,146084.44999999998,Feasible,N/A
0.77,0.9,1.0,0.0,0.0,0.0,0.0,0.0,0,131,0.0,0.0,146084.44999999998,146084.44999999998,Feasible,N/A
0.77,0.91,1.0,0.0,0.0,0.0,0.0,0.0,0,131,0.0,0.0,146084.44999999998,146084.44999999998,Feasible,N/A
0.77,0.92,1.0,0.0,0.0,0.0,0.0,0.0,0,131,0.0,0.0,146084.44999999998,146084.44999999998,Feasible,N/A
0.77,0.93,1.0,0.0,0.0,0.0,0.0,0.0,0,131,0.0,0.0,146084.44999999998,146084.44999999998,Feasible,N/A
0.77,0.94,1.0,0.0,0.0,0.0,0.0,0.0,0,131,0.0,0.0,146084.44999999998,146084.44999999998,Feasible,N/A
0.77,0.95,1.0,0.0,0.0,0.0,0.0,0.0,0,131,0.0,0.0,146084.44999999998,146084.44999999998,Feasible,N/A
0.77,0.96,1.0,0.0,0.0,0.0,0.0,0.0,0,131,0.0,0.0,146084.44999999998,146084.44999999998,Feasible,N/A
0.77,0.97,1.0,0.0,0.0,0.0,0.0,0.0,0,131,0.0,0.0,146084.44999999998,146084.44999999998,Feasible,N/A
0.77,0.98,1.0,0.0,0.0,0.0,0.0,0.0,0,131,0.0,0.0,146084.44999999998,146084.44999999998,Feasible,N/A
0.77,0.99,1.0,0.0,0.0,0.0,0.0,0.0,0,131,0.0,0.0,146084.44999999998,146084.44999999998,Feasible,N/A
0.78,0.79,1.0,0.0,0.0,0.0,0.0,0.0,0,131,0.0,0.0,146084.44999999998,146084.44999999998,Feasible,N/A
0.78,0.8,1.0,0.0,0.0,0.0,0.0,0.0,0,131,0.0,0.0,146084.44999999998,146084.44999999998,Feasible,N/A
0.78,0.81,1.0,0.0,0.0,0.0,0.0,0.0,0,131,0.0,0.0,146084.44999999998,146084.44999999998,Feasible,N/A
0.78,0.82,1.0,0.0,0.0,0.0,0.0,0.0,0,131,0.0,0.0,146084.44999999998,146084.44999999998,Feasible,N/A
0.78,0.83,1.0,0.0,0.0,0.0,0.0,0.0,0,131,0.0,0.0,146084.44999999998,146084.44999999998,Feasible,N/A
0.78,0.84,1.0,0.0,0.0,0.0,0.0,0.0,0,131,0.0,0.0,146084.44999999998,146084.44999999998,Feasible,N/A
0.78,0.85,1.0,0.0,0.0,0.0,0.0,0.0,0,131,0.0,0.0,146084.44999999998,146084.44999999998,Feasible,N/A
0.78,0.86,1.0,0.0,0.0,0.0,0.0,0.0,0,131,0.0,0.0,146084.44999999998,146084.44999999998,Feasible,N/A
0.78,0.87,1.0,0.0,0.0,0.0,0.0,0.0,0,131,0.0,0.0,146084.44999999998,146084.44999999998,Feasible,N/A
0.78,0.88,1.0,0.0,0.0,0.0,0.0,0.0,0,131,0.0,0.0,146084.44999999998,146084.44999999998,Feasible,N/A
0.78,0.89,1.0,0.0,0.0,0.0,0.0,0.0,0,131,0.0,0.0,146084.44999999998,146084.44999999998,Feasible,N/A
0.78,0.9,1.0,0.0,0.0,0.0,0.0,0.0,0,131,0.0,0.0,146084.44999999998,146084.44999999998,Feasible,N/A
0.78,0.91,1.0,0.0,0.0,0.0,0.0,0.0,0,131,0.0,0.0,146084.44999999998,146084.44999999998,Feasible,N/A
0.78,0.92,1.0,0.0,0.0,0.0,0.0,0.0,0,131,0.0,0.0,146084.44999999998,146084.44999999998,Feasible,N/A
0.78,0.93,1.0,0.0,0.0,0.0,0.0,0.0,0,131,0.0,0.0,146084.44999999998,146084.44999999998,Feasible,N/A
0.78,0.94,1.0,0.0,0.0,0.0,0.0,0.0,0,131,0.0,0.0,146084.44999999998,146084.44999999998,Feasible,N/A
0.78,0.95,1.0,0.0,0.0,0.0,0.0,0.0,0,131,0.0,0.0,146084.44999999998,146084.44999999998,Feasible,N/A
0.78,0.96,1.0,0.0,0.0,0.0,0.0,0.0,0,131,0.0,0.0,146084.44999999998,146084.44999999998,Feasible,N/A
0.78,0.97,1.0,0.0,0.0,0.0,0.0,0.0,0,131,0.0,0.0,146084.44999999998,146084.44999999998,Feasible,N/A
0.78,0.98,1.0,0.0,0.0,0.0,0.0,0.0,0,131,0.0,0.0,146084.44999999998,146084.44999999998,Feasible,N/A
0.78,0.99,1.0,0.0,0.0,0.0,0.0,0.0,0,131,0.0,0.0,146084.44999999998,146084.44999999998,Feasible,N/A
0.79,0.8,1.0,0.0,0.0,0.0,0.0,0.0,0,131,0.0,0.0,146084.44999999998,146084.44999999998,Feasible,N/A
0.79,0.81,1.0,0.0,0.0,0.0,0.0,0.0,0,131,0.0,0.0,146084.44999999998,146084.44999999998,Feasible,N/A
0.79,0.82,1.0,0.0,0.0,0.0,0.0,0.0,0,131,0.0,0.0,146084.44999999998,146084.44999999998,Feasible,N/A
0.79,0.83,1.0,0.0,0.0,0.0,0.0,0.0,0,131,0.0,0.0,146084.44999999998,146084.44999999998,Feasible,N/A
0.79,0.84,1.0,0.0,0.0,0.0,0.0,0.0,0,131,0.0,0.0,146084.44999999998,146084.44999999998,Feasible,N/A
0.79,0.85,1.0,0.0,0.0,0.0,0.0,0.0,0,131,0.0,0.0,146084.44999999998,146084.44999999998,Feasible,N/A
0.79,0.86,1.0,0.0,0.0,0.0,0.0,0.0,0,131,0.0,0.0,146084.44999999998,146084.44999999998,Feasible,N/A
0.79,0.87,1.0,0.0,0.0,0.0,0.0,0.0,0,131,0.0,0.0,146084.44999999998,146084.44999999998,Feasible,N/A
0.79,0.88,1.0,0.0,0.0,0.0,0.0,0.0,0,131,0.0,0.0,146084.44999999998,146084.44999999998,Feasible,N/A
0.79,0.89,1.0,0.0,0.0,0.0,0.0,0.0,0,131,0.0,0.0,146084.44999999998,146084.44999999998,Feasible,N/A
0.79,0.9,1.0,0.0,0.0,0.0,0.0,0.0,0,131,0.0,0.0,146084.44999999998,146084.44999999998,Feasible,N/A
0.79,0.91,1.0,0.0,0.0,0.0,0.0,0.0,0,131,0.0,0.0,146084.44999999998,146084.44999999998,Feasible,N/A
0.79,0.92,1.0,0.0,0.0,0.0,0.0,0.0,0,131,0.0,0.0,146084.44999999998,146084.44999999998,Feasible,N/A
0.79,0.93,1.0,0.0,0.0,0.0,0.0,0.0,0,131,0.0,0.0,146084.44999999998,146084.44999999998,Feasible,N/A
0.79,0.94,1.0,0.0,0.0,0.0,0.0,0.0,0,131,0.0,0.0,146084.44999999998,146084.44999999998,Feasible,N/A
0.79,0.95,1.0,0.0,0.0,0.0,0.0,0.0,0,131,0.0,0.0,146084.44999999998,146084.44999999998,Feasible,N/A
0.79,0.96,1.0,0.0,0.0,0.0,0.0,0.0,0,131,0.0,0.0,146084.44999999998,146084.44999999998,Feasible,N/A
0.79,0.97,1.0,0.0,0.0,0.0,0.0,0.0,0,131,0.0,0.0,146084.44999999998,146084.44999999998,Feasible,N/A
0.79,0.98,1.0,0.0,0.0,0.0,0.0,0.0,0,131,0.0,0.0,146084.44999999998,146084.44999999998,Feasible,N/A
0.79,0.99,1.0,0.0,0.0,0.0,0.0,0.0,0,131,0.0,0.0,146084.44999999998,146084.44999999998,Feasible,N/A
0.8,0.81,1.0,0.0,0.0,0.0,0.0,0.0,0,131,0.0,0.0,146084.44999999998,146084.44999999998,Feasible,N/A
0.8,0.82,1.0,0.0,0.0,0.0,0.0,0.0,0,131,0.0,0.0,146084.44999999998,146084.44999999998,Feasible,N/A
0.8,0.83,1.0,0.0,0.0,0.0,0.0,0.0,0,131,0.0,0.0,146084.44999999998,146084.44999999998,Feasible,N/A
0.8,0.84,1.0,0.0,0.0,0.0,0.0,0.0,0,131,0.0,0.0,146084.44999999998,146084.44999999998,Feasible,N/A
0.8,0.85,1.0,0.0,0.0,0.0,0.0,0.0,0,131,0.0,0.0,146084.44999999998,146084.44999999998,Feasible,N/A
0.8,0.86,1.0,0.0,0.0,0.0,0.0,0.0,0,131,0.0,0.0,146084.44999999998,146084.44999999998,Feasible,N/A
0.8,0.87,1.0,0.0,0.0,0.0,0.0,0.0,0,131,0.0,0.0,146084.44999999998,146084.44999999998,Feasible,N/A
0.8,0.88,1.0,0.0,0.0,0.0,0.0,0.0,0,131,0.0,0.0,146084.44999999998,146084.44999999998,Feasible,N/A
0.8,0.89,1.0,0.0,0.0,0.0,0.0,0.0,0,131,0.0,0.0,146084.44999999998,146084.44999999998,Feasible,N/A
0.8,0.9,1.0,0.0,0.0,0.0,0.0,0.0,0,131,0.0,0.0,146084.44999999998,146084.44999999998,Feasible,N/A
0.8,0.91,1.0,0.0,0.0,0.0,0.0,0.0,0,131,0.0,0.0,146084.44999999998,146084.44999999998,Feasible,N/A
0.8,0.92,1.0,0.0,0.0,0.0,0.0,0.0,0,131,0.0,0.0,146084.44999999998,146084.44999999998,Feasible,N/A
0.8,0.93,1.0,0.0,0.0,0.0,0.0,0.0,0,131,0.0,0.0,146084.44999999998,146084.44999999998,Feasible,N/A
0.8,0.94,1.0,0.0,0.0,0.0,0.0,0.0,0,131,0.0,0.0,146084.44999999998,146084.44999999998,Feasible,N/A
0.8,0.95,1.0,0.0,0.0,0.0,0.0,0.0,0,131,0.0,0.0,146084.44999999998,146084.44999999998,Feasible,N/A
0.8,0.96,1.0,0.0,0.0,0.0,0.0,0.0,0,131,0.0,0.0,146084.44999999998,146084.44999999998,Feasible,N/A
0.8,0.97,1.0,0.0,0.0,0.0,0.0,0.0,0,131,0.0,0.0,146084.44999999998,146084.44999999998,Feasible,N/A
0.8,0.98,1.0,0.0,0.0,0.0,0.0,0.0,0,131,0.0,0.0,146084.44999999998,146084.44999999998,Feasible,N/A
0.8,0.99,1.0,0.0,0.0,0.0,0.0,0.0,0,131,0.0,0.0,146084.44999999998,146084.44999999998,Feasible,N/A
0.81,0.82,1.0,0.0,0.0,0.0,0.0,0.0,0,131,0.0,0.0,146084.44999999998,146084.44999999998,Feasible,N/A
0.81,0.83,1.0,0.0,0.0,0.0,0.0,0.0,0,131,0.0,0.0,146084.44999999998,146084.44999999998,Feasible,N/A
0.81,0.84,1.0,0.0,0.0,0.0,0.0,0.0,0,131,0.0,0.0,146084.44999999998,146084.44999999998,Feasible,N/A
0.81,0.85,1.0,0.0,0.0,0.0,0.0,0.0,0,131,0.0,0.0,146084.44999999998,146084.44999999998,Feasible,N/A
0.81,0.86,1.0,0.0,0.0,0.0,0.0,0.0,0,131,0.0,0.0,146084.44999999998,146084.44999999998,Feasible,N/A
0.81,0.87,1.0,0.0,0.0,0.0,0.0,0.0,0,131,0.0,0.0,146084.44999999998,146084.44999999998,Feasible,N/A
0.81,0.88,1.0,0.0,0.0,0.0,0.0,0.0,0,131,0.0,0.0,146084.44999999998,146084.44999999998,Feasible,N/A
0.81,0.89,1.0,0.0,0.0,0.0,0.0,0.0,0,131,0.0,0.0,146084.44999999998,146084.44999999998,Feasible,N/A
0.81,0.9,1.0,0.0,0.0,0.0,0.0,0.0,0,131,0.0,0.0,146084.44999999998,146084.44999999998,Feasible,N/A
0.81,0.91,1.0,0.0,0.0,0.0,0.0,0.0,0,131,0.0,0.0,146084.44999999998,146084.44999999998,Feasible,N/A
0.81,0.92,1.0,0.0,0.0,0.0,0.0,0.0,0,131,0.0,0.0,146084.44999999998,146084.44999999998,Feasible,N/A
0.81,0.93,1.0,0.0,0.0,0.0,0.0,0.0,0,131,0.0,0.0,146084.44999999998,146084.44999999998,Feasible,N/A
0.81,0.94,1.0,0.0,0.0,0.0,0.0,0.0,0,131,0.0,0.0,146084.44999999998,146084.44999999998,Feasible,N/A
0.81,0.95,1.0,0.0,0.0,0.0,0.0,0.0,0,131,0.0,0.0,146084.44999999998,146084.44999999998,Feasible,N/A
0.81,0.96,1.0,0.0,0.0,0.0,0.0,0.0,0,131,0.0,0.0,146084.44999999998,146084.44999999998,Feasible,N/A
0.81,0.97,1.0,0.0,0.0,0.0,0.0,0.0,0,131,0.0,0.0,146084.44999999998,146084.44999999998,Feasible,N/A
0.81,0.98,1.0,0.0,0.0,0.0,0.0,0.0,0,131,0.0,0.0,146084.44999999998,146084.44999999998,Feasible,N/A
0.81,0.99,1.0,0.0,0.0,0.0,0.0,0.0,0,131,0.0,0.0,146084.44999999998,146084.44999999998,Feasible,N/A
0.82,0.83,1.0,0.0,0.0,0.0,0.0,0.0,0,131,0.0,0.0,146084.44999999998,146084.44999999998,Feasible,N/A
0.82,0.84,1.0,0.0,0.0,0.0,0.0,0.0,0,131,0.0,0.0,146084.44999999998,146084.44999999998,Feasible,N/A
0.82,0.85,1.0,0.0,0.0,0.0,0.0,0.0,0,131,0.0,0.0,146084.44999999998,146084.44999999998,Feasible,N/A
0.82,0.86,1.0,0.0,0.0,0.0,0.0,0.0,0,131,0.0,0.0,146084.44999999998,146084.44999999998,Feasible,N/A
0.82,0.87,1.0,0.0,0.0,0.0,0.0,0.0,0,131,0.0,0.0,146084.44999999998,146084.44999999998,Feasible,N/A
0.82,0.88,1.0,0.0,0.0,0.0,0.0,0.0,0,131,0.0,0.0,146084.44999999998,146084.44999999998,Feasible,N/A
0.82,0.89,1.0,0.0,0.0,0.0,0.0,0.0,0,131,0.0,0.0,146084.44999999998,146084.44999999998,Feasible,N/A
0.82,0.9,1.0,0.0,0.0,0.0,0.0,0.0,0,131,0.0,0.0,146084.44999999998,146084.44999999998,Feasible,N/A
0.82,0.91,1.0,0.0,0.0,0.0,0.0,0.0,0,131,0.0,0.0,146084.44999999998,146084.44999999998,Feasible,N/A
0.82,0.92,1.0,0.0,0.0,0.0,0.0,0.0,0,131,0.0,0.0,146084.44999999998,146084.44999999998,Feasible,N/A
0.82,0.93,1.0,0.0,0.0,0.0,0.0,0.0,0,131,0.0,0.0,146084.44999999998,146084.44999999998,Feasible,N/A
0.82,0.94,1.0,0.0,0.0,0.0,0.0,0.0,0,131,0.0,0.0,146084.44999999998,146084.44999999998,Feasible,N/A
0.82,0.95,1.0,0.0,0.0,0.0,0.0,0.0,0,131,0.0,0.0,146084.44999999998,146084.44999999998,Feasible,N/A
0.82,0.96,1.0,0.0,0.0,0.0,0.0,0.0,0,131,0.0,0.0,146084.44999999998,146084.44999999998,Feasible,N/A
0.82,0.97,1.0,0.0,0.0,0.0,0.0,0.0,0,131,0.0,0.0,146084.44999999998,146084.44999999998,Feasible,N/A
0.82,0.98,1.0,0.0,0.0,0.0,0.0,0.0,0,131,0.0,0.0,146084.44999999998,146084.44999999998,Feasible,N/A
0.82,0.99,1.0,0.0,0.0,0.0,0.0,0.0,0,131,0.0,0.0,146084.44999999998,146084.44999999998,Feasible,N/A
0.83,0.84,1.0,0.0,0.0,0.0,0.0,0.0,0,131,0.0,0.0,146084.44999999998,146084.44999999998,Feasible,N/A
0.83,0.85,1.0,0.0,0.0,0.0,0.0,0.0,0,131,0.0,0.0,146084.44999999998,146084.44999999998,Feasible,N/A
0.83,0.86,1.0,0.0,0.0,0.0,0.0,0.0,0,131,0.0,0.0,146084.44999999998,146084.44999999998,Feasible,N/A
0.83,0.87,1.0,0.0,0.0,0.0,0.0,0.0,0,131,0.0,0.0,146084.44999999998,146084.44999999998,Feasible,N/A
0.83,0.88,1.0,0.0,0.0,0.0,0.0,0.0,0,131,0.0,0.0,146084.44999999998,146084.44999999998,Feasible,N/A
0.83,0.89,1.0,0.0,0.0,0.0,0.0,0.0,0,131,0.0,0.0,146084.44999999998,146084.44999999998,Feasible,N/A
0.83,0.9,1.0,0.0,0.0,0.0,0.0,0.0,0,131,0.0,0.0,146084.44999999998,146084.44999999998,Feasible,N/A
0.83,0.91,1.0,0.0,0.0,0.0,0.0,0.0,0,131,0.0,0.0,146084.44999999998,146084.44999999998,Feasible,N/A
0.83,0.92,1.0,0.0,0.0,0.0,0.0,0.0,0,131,0.0,0.0,146084.44999999998,146084.44999999998,Feasible,N/A
0.83,0.93,1.0,0.0,0.0,0.0,0.0,0.0,0,131,0.0,0.0,146084.44999999998,146084.44999999998,Feasible,N/A
0.83,0.94,1.0,0.0,0.0,0.0,0.0,0.0,0,131,0.0,0.0,146084.44999999998,146084.44999999998,Feasible,N/A
0.83,0.95,1.0,0.0,0.0,0.0,0.0,0.0,0,131,0.0,0.0,146084.44999999998,146084.44999999998,Feasible,N/A
0.83,0.96,1.0,0.0,0.0,0.0,0.0,0.0,0,131,0.0,0.0,146084.44999999998,146084.44999999998,Feasible,N/A
0.83,0.97,1.0,0.0,0.0,0.0,0.0,0.0,0,131,0.0,0.0,146084.44999999998,146084.44999999998,Feasible,N/A
0.83,0.98,1.0,0.0,0.0,0.0,0.0,0.0,0,131,0.0,0.0,146084.44999999998,146084.44999999998,Feasible,N/A
0.83,0.99,1.0,0.0,0.0,0.0,0.0,0.0,0,131,0.0,0.0,146084.44999999998,146084.44999999998,Feasible,N/A
0.84,0.85,1.0,0.0,0.0,0.0,0.0,0.0,0,131,0.0,0.0,146084.44999999998,146084.44999999998,Feasible,N/A
0.84,0.86,1.0,0.0,0.0,0.0,0.0,0.0,0,131,0.0,0.0,146084.44999999998,146084.44999999998,Feasible,N/A
0.84,0.87,1.0,0.0,0.0,0.0,0.0,0.0,0,131,0.0,0.0,146084.44999999998,146084.44999999998,Feasible,N/A
0.84,0.88,1.0,0.0,0.0,0.0,0.0,0.0,0,131,0.0,0.0,146084.44999999998,146084.44999999998,Feasible,N/A
0.84,0.89,1.0,0.0,0.0,0.0,0.0,0.0,0,131,0.0,0.0,146084.44999999998,146084.44999999998,Feasible,N/A
0.84,0.9,1.0,0.0,0.0,0.0,0.0,0.0,0,131,0.0,0.0,146084.44999999998,146084.44999999998,Feasible,N/A
0.84,0.91,1.0,0.0,0.0,0.0,0.0,0.0,0,131,0.0,0.0,146084.44999999998,146084.44999999998,Feasible,N/A
0.84,0.92,1.0,0.0,0.0,0.0,0.0,0.0,0,131,0.0,0.0,146084.44999999998,146084.44999999998,Feasible,N/A
0.84,0.93,1.0,0.0,0.0,0.0,0.0,0.0,0,131,0.0,0.0,146084.44999999998,146084.44999999998,Feasible,N/A
0.84,0.94,1.0,0.0,0.0,0.0,0.0,0.0,0,131,0.0,0.0,146084.44999999998,146084.44999999998,Feasible,N/A
0.84,0.95,1.0,0.0,0.0,0.0,0.0,0.0,0,131,0.0,0.0,146084.44999999998,146084.44999999998,Feasible,N/A
0.84,0.96,1.0,0.0,0.0,0.0,0.0,0.0,0,131,0.0,0.0,146084.44999999998,146084.44999999998,Feasible,N/A
0.84,0.97,1.0,0.0,0.0,0.0,0.0,0.0,0,131,0.0,0.0,146084.44999999998,146084.44999999998,Feasible,N/A
0.84,0.98,1.0,0.0,0.0,0.0,0.0,0.0,0,131,0.0,0.0,146084.44999999998,146084.44999999998,Feasible,N/A
0.84,0.99,1.0,0.0,0.0,0.0,0.0,0.0,0,131,0.0,0.0,146084.44999999998,146084.44999999998,Feasible,N/A
0.85,0.86,1.0,0.0,0.0,0.0,0.0,0.0,0,131,0.0,0.0,146084.44999999998,146084.44999999998,Feasible,N/A
0.85,0.87,1.0,0.0,0.0,0.0,0.0,0.0,0,131,0.0,0.0,146084.44999999998,146084.44999999998,Feasible,N/A
0.85,0.88,1.0,0.0,0.0,0.0,0.0,0.0,0,131,0.0,0.0,146084.44999999998,146084.44999999998,Feasible,N/A
0.85,0.89,1.0,0.0,0.0,0.0,0.0,0.0,0,131,0.0,0.0,146084.44999999998,146084.44999999998,Feasible,N/A
0.85,0.9,1.0,0.0,0.0,0.0,0.0,0.0,0,131,0.0,0.0,146084.44999999998,146084.44999999998,Feasible,N/A
0.85,0.91,1.0,0.0,0.0,0.0,0.0,0.0,0,131,0.0,0.0,146084.44999999998,146084.44999999998,Feasible,N/A
0.85,0.92,1.0,0.0,0.0,0.0,0.0,0.0,0,131,0.0,0.0,146084.44999999998,146084.44999999998,Feasible,N/A
0.85,0.93,1.0,0.0,0.0,0.0,0.0,0.0,0,131,0.0,0.0,146084.44999999998,146084.44999999998,Feasible,N/A
0.85,0.94,1.0,0.0,0.0,0.0,0.0,0.0,0,131,0.0,0.0,146084.44999999998,146084.44999999998,Feasible,N/A
0.85,0.95,1.0,0.0,0.0,0.0,0.0,0.0,0,131,0.0,0.0,146084.44999999998,146084.44999999998,Feasible,N/A
0.85,0.96,1.0,0.0,0.0,0.0,0.0,0.0,0,131,0.0,0.0,146084.44999999998,146084.44999999998,Feasible,N/A
0.85,0.97,1.0,0.0,0.0,0.0,0.0,0.0,0,131,0.0,0.0,146084.44999999998,146084.44999999998,Feasible,N/A
0.85,0.98,1.0,0.0,0.0,0.0,0.0,0.0,0,131,0.0,0.0,146084.44999999998,146084.44999999998,Feasible,N/A
0.85,0.99,1.0,0.0,0.0,0.0,0.0,0.0,0,131,0.0,0.0,146084.44999999998,146084.44999999998,Feasible,N/A
0.86,0.87,1.0,0.0,0.0,0.0,0.0,0.0,0,131,0.0,0.0,146084.44999999998,146084.44999999998,Feasible,N/A
0.86,0.88,1.0,0.0,0.0,0.0,0.0,0.0,0,131,0.0,0.0,146084.44999999998,146084.44999999998,Feasible,N/A
0.86,0.89,1.0,0.0,0.0,0.0,0.0,0.0,0,131,0.0,0.0,146084.44999999998,146084.44999999998,Feasible,N/A
0.86,0.9,1.0,0.0,0.0,0.0,0.0,0.0,0,131,0.0,0.0,146084.44999999998,146084.44999999998,Feasible,N/A
0.86,0.91,1.0,0.0,0.0,0.0,0.0,0.0,0,131,0.0,0.0,146084.44999999998,146084.44999999998,Feasible,N/A
0.86,0.92,1.0,0.0,0.0,0.0,0.0,0.0,0,131,0.0,0.0,146084.44999999998,146084.44999999998,Feasible,N/A
0.86,0.93,1.0,0.0,0.0,0.0,0.0,0.0,0,131,0.0,0.0,146084.44999999998,146084.44999999998,Feasible,N/A
0.86,0.94,1.0,0.0,0.0,0.0,0.0,0.0,0,131,0.0,0.0,146084.44999999998,146084.44999999998,Feasible,N/A
0.86,0.95,1.0,0.0,0.0,0.0,0.0,0.0,0,131,0.0,0.0,146084.44999999998,146084.44999999998,Feasible,N/A
0.86,0.96,1.0,0.0,0.0,0.0,0.0,0.0,0,131,0.0,0.0,146084.44999999998,146084.44999999998,Feasible,N/A
0.86,0.97,1.0,0.0,0.0,0.0,0.0,0.0,0,131,0.0,0.0,146084.44999999998,146084.44999999998,Feasible,N/A
0.86,0.98,1.0,0.0,0.0,0.0,0.0,0.0,0,131,0.0,0.0,146084.44999999998,146084.44999999998,Feasible,N/A
0.86,0.99,1.0,0.0,0.0,0.0,0.0,0.0,0,131,0.0,0.0,146084.44999999998,146084.44999999998,Feasible,N/A
0.87,0.88,1.0,0.0,0.0,0.0,0.0,0.0,0,131,0.0,0.0,146084.44999999998,146084.44999999998,Feasible,N/A
0.87,0.89,1.0,0.0,0.0,0.0,0.0,0.0,0,131,0.0,0.0,146084.44999999998,146084.44999999998,Feasible,N/A
0.87,0.9,1.0,0.0,0.0,0.0,0.0,0.0,0,131,0.0,0.0,146084.44999999998,146084.44999999998,Feasible,N/A
0.87,0.91,1.0,0.0,0.0,0.0,0.0,0.0,0,131,0.0,0.0,146084.44999999998,146084.44999999998,Feasible,N/A
0.87,0.92,1.0,0.0,0.0,0.0,0.0,0.0,0,131,0.0,0.0,146084.44999999998,146084.44999999998,Feasible,N/A
0.87,0.93,1.0,0.0,0.0,0.0,0.0,0.0,0,131,0.0,0.0,146084.44999999998,146084.44999999998,Feasible,N/A
0.87,0.94,1.0,0.0,0.0,0.0,0.0,0.0,0,131,0.0,0.0,146084.44999999998,146084.44999999998,Feasible,N/A
0.87,0.95,1.0,0.0,0.0,0.0,0.0,0.0,0,131,0.0,0.0,146084.44999999998,146084.44999999998,Feasible,N/A
0.87,0.96,1.0,0.0,0.0,0.0,0.0,0.0,0,131,0.0,0.0,146084.44999999998,146084.44999999998,Feasible,N/A
0.87,0.97,1.0,0.0,0.0,0.0,0.0,0.0,0,131,0.0,0.0,146084.44999999998,146084.44999999998,Feasible,N/A
0.87,0.98,1.0,0.0,0.0,0.0,0.0,0.0,0,131,0.0,0.0,146084.44999999998,146084.44999999998,Feasible,N/A
0.87,0.99,1.0,0.0,0.0,0.0,0.0,0.0,0,131,0.0,0.0,146084.44999999998,146084.44999999998,Feasible,N/A
0.88,0.89,1.0,0.0,0.0,0.0,0.0,0.0,0,131,0.0,0.0,146084.44999999998,146084.44999999998,Feasible,N/A
0.88,0.9,1.0,0.0,0.0,0.0,0.0,0.0,0,131,0.0,0.0,146084.44999999998,146084.44999999998,Feasible,N/A
0.88,0.91,1.0,0.0,0.0,0.0,0.0,0.0,0,131,0.0,0.0,146084.44999999998,146084.44999999998,Feasible,N/A
0.88,0.92,1.0,0.0,0.0,0.0,0.0,0.0,0,131,0.0,0.0,146084.44999999998,146084.44999999998,Feasible,N/A
0.88,0.93,1.0,0.0,0.0,0.0,0.0,0.0,0,131,0.0,0.0,146084.44999999998,146084.44999999998,Feasible,N/A
0.88,0.94,1.0,0.0,0.0,0.0,0.0,0.0,0,131,0.0,0.0,146084.44999999998,146084.44999999998,Feasible,N/A
0.88,0.95,1.0,0.0,0.0,0.0,0.0,0.0,0,131,0.0,0.0,146084.44999999998,146084.44999999998,Feasible,N/A
0.88,0.96,1.0,0.0,0.0,0.0,0.0,0.0,0,131,0.0,0.0,146084.44999999998,146084.44999999998,Feasible,N/A
0.88,0.97,1.0,0.0,0.0,0.0,0.0,0.0,0,131,0.0,0.0,146084.44999999998,146084.44999999998,Feasible,N/A
0.88,0.98,1.0,0.0,0.0,0.0,0.0,0.0,0,131,0.0,0.0,146084.44999999998,146084.44999999998,Feasible,N/A
0.88,0.99,1.0,0.0,0.0,0.0,0.0,0.0,0,131,0.0,0.0,146084.44999999998,146084.44999999998,Feasible,N/A
0.89,0.9,1.0,0.0,0.0,0.0,0.0,0.0,0,131,0.0,0.0,146084.44999999998,146084.44999999998,Feasible,N/A
0.89,0.91,1.0,0.0,0.0,0.0,0.0,0.0,0,131,0.0,0.0,146084.44999999998,146084.44999999998,Feasible,N/A
0.89,0.92,1.0,0.0,0.0,0.0,0.0,0.0,0,131,0.0,0.0,146084.44999999998,146084.44999999998,Feasible,N/A
0.89,0.93,1.0,0.0,0.0,0.0,0.0,0.0,0,131,0.0,0.0,146084.44999999998,146084.44999999998,Feasible,N/A
0.89,0.94,1.0,0.0,0.0,0.0,0.0,0.0,0,131,0.0,0.0,146084.44999999998,146084.44999999998,Feasible,N/A
0.89,0.95,1.0,0.0,0.0,0.0,0.0,0.0,0,131,0.0,0.0,146084.44999999998,146084.44999999998,Feasible,N/A
0.89,0.96,1.0,0.0,0.0,0.0,0.0,0.0,0,131,0.0,0.0,146084.44999999998,146084.44999999998,Feasible,N/A
0.89,0.97,1.0,0.0,0.0,0.0,0.0,0.0,0,131,0.0,0.0,146084.44999999998,146084.44999999998,Feasible,N/A
0.89,0.98,1.0,0.0,0.0,0.0,0.0,0.0,0,131,0.0,0.0,146084.44999999998,146084.44999999998,Feasible,N/A
0.89,0.99,1.0,0.0,0.0,0.0,0.0,0.0,0,131,0.0,0.0,146084.44999999998,146084.44999999998,Feasible,N/A
0.9,0.91,1.0,0.0,0.0,0.0,0.0,0.0,0,131,0.0,0.0,146084.44999999998,146084.44999999998,Feasible,N/A
0.9,0.92,1.0,0.0,0.0,0.0,0.0,0.0,0,131,0.0,0.0,146084.44999999998,146084.44999999998,Feasible,N/A
0.9,0.93,1.0,0.0,0.0,0.0,0.0,0.0,0,131,0.0,0.0,146084.44999999998,146084.44999999998,Feasible,N/A
0.9,0.94,1.0,0.0,0.0,0.0,0.0,0.0,0,131,0.0,0.0,146084.44999999998,146084.44999999998,Feasible,N/A
0.9,0.95,1.0,0.0,0.0,0.0,0.0,0.0,0,131,0.0,0.0,146084.44999999998,146084.44999999998,Feasible,N/A
0.9,0.96,1.0,0.0,0.0,0.0,0.0,0.0,0,131,0.0,0.0,146084.44999999998,146084.44999999998,Feasible,N/A
0.9,0.97,1.0,0.0,0.0,0.0,0.0,0.0,0,131,0.0,0.0,146084.44999999998,146084.44999999998,Feasible,N/A
0.9,0.98,1.0,0.0,0.0,0.0,0.0,0.0,0,131,0.0,0.0,146084.44999999998,146084.44999999998,Feasible,N/A
0.9,0.99,1.0,0.0,0.0,0.0,0.0,0.0,0,131,0.0,0.0,146084.44999999998,146084.44999999998,Feasible,N/A
0.91,0.92,1.0,0.0,0.0,0.0,0.0,0.0,0,131,0.0,0.0,146084.44999999998,146084.44999999998,Feasible,N/A
0.91,0.93,1.0,0.0,0.0,0.0,0.0,0.0,0,131,0.0,0.0,146084.44999999998,146084.44999999998,Feasible,N/A
0.91,0.94,1.0,0.0,0.0,0.0,0.0,0.0,0,131,0.0,0.0,146084.44999999998,146084.44999999998,Feasible,N/A
0.91,0.95,1.0,0.0,0.0,0.0,0.0,0.0,0,131,0.0,0.0,146084.44999999998,146084.44999999998,Feasible,N/A
0.91,0.96,1.0,0.0,0.0,0.0,0.0,0.0,0,131,0.0,0.0,146084.44999999998,146084.44999999998,Feasible,N/A
0.91,0.97,1.0,0.0,0.0,0.0,0.0,0.0,0,131,0.0,0.0,146084.44999999998,146084.44999999998,Feasible,N/A
0.91,0.98,1.0,0.0,0.0,0.0,0.0,0.0,0,131,0.0,0.0,146084.44999999998,146084.44999999998,Feasible,N/A
0.91,0.99,1.0,0.0,0.0,0.0,0.0,0.0,0,131,0.0,0.0,146084.44999999998,146084.44999999998,Feasible,N/A
0.92,0.93,1.0,0.0,0.0,0.0,0.0,0.0,0,131,0.0,0.0,146084.44999999998,146084.44999999998,Feasible,N/A
0.92,0.94,1.0,0.0,0.0,0.0,0.0,0.0,0,131,0.0,0.0,146084.44999999998,146084.44999999998,Feasible,N/A
0.92,0.95,1.0,0.0,0.0,0.0,0.0,0.0,0,131,0.0,0.0,146084.44999999998,146084.44999999998,Feasible,N/A
0.92,0.96,1.0,0.0,0.0,0.0,0.0,0.0,0,131,0.0,0.0,146084.44999999998,146084.44999999998,Feasible,N/A
0.92,0.97,1.0,0.0,0.0,0.0,0.0,0.0,0,131,0.0,0.0,146084.44999999998,146084.44999999998,Feasible,N/A
0.92,0.98,1.0,0.0,0.0,0.0,0.0,0.0,0,131,0.0,0.0,146084.44999999998,146084.44999999998,Feasible,N/A
0.92,0.99,1.0,0.0,0.0,0.0,0.0,0.0,0,131,0.0,0.0,146084.44999999998,146084.44999999998,Feasible,N/A
0.93,0.94,1.0,0.0,0.0,0.0,0.0,0.0,0,131,0.0,0.0,146084.44999999998,146084.44999999998,Feasible,N/A
0.93,0.95,1.0,0.0,0.0,0.0,0.0,0.0,0,131,0.0,0.0,146084.44999999998,146084.44999999998,Feasible,N/A
0.93,0.96,1.0,0.0,0.0,0.0,0.0,0.0,0,131,0.0,0.0,146084.44999999998,146084.44999999998,Feasible,N/A
0.93,0.97,1.0,0.0,0.0,0.0,0.0,0.0,0,131,0.0,0.0,146084.44999999998,146084.44999999998,Feasible,N/A
0.93,0.98,1.0,0.0,0.0,0.0,0.0,0.0,0,131,0.0,0.0,146084.44999999998,146084.44999999998,Feasible,N/A
0.93,0.99,1.0,0.0,0.0,0.0,0.0,0.0,0,131,0.0,0.0,146084.44999999998,146084.44999999998,Feasible,N/A
0.94,0.95,1.0,0.0,0.0,0.0,0.0,0.0,0,131,0.0,0.0,146084.44999999998,146084.44999999998,Feasible,N/A
0.94,0.96,1.0,0.0,0.0,0.0,0.0,0.0,0,131,0.0,0.0,146084.44999999998,146084.44999999998,Feasible,N/A
0.94,0.97,1.0,0.0,0.0,0.0,0.0,0.0,0,131,0.0,0.0,146084.44999999998,146084.44999999998,Feasible,N/A
0.94,0.98,1.0,0.0,0.0,0.0,0.0,0.0,0,131,0.0,0.0,146084.44999999998,146084.44999999998,Feasible,N/A
0.94,0.99,1.0,0.0,0.0,0.0,0.0,0.0,0,131,0.0,0.0,146084.44999999998,146084.44999999998,Feasible,N/A
0.95,0.96,1.0,0.0,0.0,0.0,0.0,0.0,0,131,0.0,0.0,146084.44999999998,146084.44999999998,Feasible,N/A
0.95,0.97,1.0,0.0,0.0,0.0,0.0,0.0,0,131,0.0,0.0,146084.44999999998,146084.44999999998,Feasible,N/A
0.95,0.98,1.0,0.0,0.0,0.0,0.0,0.0,0,131,0.0,0.0,146084.44999999998,146084.44999999998,Feasible,N/A
0.95,0.99,1.0,0.0,0.0,0.0,0.0,0.0,0,131,0.0,0.0,146084.44999999998,146084.44999999998,Feasible,N/A
0.96,0.97,1.0,0.0,0.0,0.0,0.0,0.0,0,131,0.0,0.0,146084.44999999998,146084.44999999998,Feasible,N/A
0.96,0.98,1.0,0.0,0.0,0.0,0.0,0.0,0,131,0.0,0.0,146084.44999999998,146084.44999999998,Feasible,N/A
0.96,0.99,1.0,0.0,0.0,0.0,0.0,0.0,0,131,0.0,0.0,146084.44999999998,146084.44999999998,Feasible,N/A
0.97,0.98,1.0,0.0,0.0,0.0,0.0,0.0,0,131,0.0,0.0,146084.44999999998,146084.44999999998,Feasible,N/A
0.97,0.99,1.0,0.0,0.0,0.0,0.0,0.0,0,131,0.0,0.0,146084.44999999998,146084.44999999998,Feasible,N/A
0.98,0.99,1.0,0.0,0.0,0.0,0.0,0.0,0,131,0.0,0.0,146084.44999999998,146084.44999999998,Feasible,N/A
